source_id,target_id,edge_type,timestamp,weight
PH_0212,PH_0271,CALLED,2023-06-19T05:28:24Z,2678
PER_0250,PH_1026,OWNS,,
PH_1280,PH_0056,CALLED,2026-02-27T02:21:46Z,2331
ACC_0450,ACC_0322,TRANSACTED_WITH,2023-11-12T14:56:09Z,1447387.64
PH_0412,PH_0847,CALLED,2024-04-07T07:00:12Z,689
PER_0819,ACC_1104,OWNS,,
PH_0798,PH_0302,CALLED,2024-04-28T13:25:31Z,589
ACC_0125,ACC_0282,TRANSACTED_WITH,2023-06-03T21:24:57Z,412227.93
PER_0159,ACC_0828,OWNS,,
PER_0292,PH_1144,OWNS,,
PER_0213,LOC_0083,ASSOCIATED_WITH,,
ACC_0865,ACC_1038,TRANSACTED_WITH,2024-02-10T04:22:05Z,255115.1
ACC_0122,ACC_0056,TRANSACTED_WITH,2024-06-13T21:05:55Z,20561.29
ACC_1068,ACC_0997,TRANSACTED_WITH,2023-01-08T00:57:40Z,1526394.46
ACC_0050,ACC_0515,TRANSACTED_WITH,2023-09-27T04:31:27Z,2323653.09
PH_0991,PH_0357,CALLED,2025-06-07T02:56:46Z,1885
CASE_0141,PER_0983,PARTICIPATED_IN,,
PH_0351,PH_1332,CALLED,2024-05-01T08:55:41Z,3507
CASE_0121,PER_0735,PARTICIPATED_IN,,
ACC_0072,ACC_0841,TRANSACTED_WITH,2023-10-19T15:07:52Z,353096.62
PER_0327,PH_0032,OWNS,,
PER_0750,ACC_0858,OWNS,,
PH_0567,PH_0605,CALLED,2023-11-07T12:51:44Z,3422
PER_0185,ACC_0792,OWNS,,
PER_0384,VEH_0452,OWNS,,
ACC_0162,ACC_0706,TRANSACTED_WITH,2026-03-29T01:25:49Z,2145776.58
ACC_0559,ACC_0322,TRANSACTED_WITH,2026-07-08T11:16:19Z,1340922.69
ACC_0675,ACC_0508,TRANSACTED_WITH,2026-01-02T23:31:48Z,2473242.6
PER_0127,ACC_0293,OWNS,,
PER_0746,ACC_0743,OWNS,,
PER_0763,PH_0489,OWNS,,
CASE_0137,PER_0563,PARTICIPATED_IN,,
PER_0951,VEH_0495,OWNS,,
ACC_0391,ACC_0749,TRANSACTED_WITH,2023-10-27T15:21:14Z,1284739.15
ACC_0965,ACC_1035,TRANSACTED_WITH,2023-11-15T20:10:55Z,2057054.75
PH_0316,PH_0837,CALLED,2025-10-26T09:59:01Z,2590
CASE_0230,PER_0389,PARTICIPATED_IN,,
PER_0815,VEH_0552,OWNS,,
ACC_0764,ACC_0238,TRANSACTED_WITH,2024-04-20T01:07:58Z,407142.96
PH_1376,PH_0463,CALLED,2025-07-14T19:18:45Z,3069
PH_0605,PH_0452,CALLED,2024-04-08T12:05:51Z,3562
PER_0708,LOC_0125,ASSOCIATED_WITH,,
ACC_0269,ACC_0106,TRANSACTED_WITH,2023-09-11T21:51:34Z,518813.55
PER_0239,ACC_0343,OWNS,,
PER_0597,VEH_0249,OWNS,,
PER_0325,VEH_0726,OWNS,,
ACC_0152,ACC_1088,TRANSACTED_WITH,2024-07-06T02:19:38Z,237738.3
PER_0805,LOC_0076,ASSOCIATED_WITH,,
PER_0797,LOC_0131,ASSOCIATED_WITH,,
PER_0201,PH_0885,OWNS,,
ACC_0973,ACC_0237,TRANSACTED_WITH,2024-06-04T05:51:31Z,1014543.69
PER_0105,VEH_0458,OWNS,,
ACC_0524,ACC_0357,TRANSACTED_WITH,2023-08-02T11:45:17Z,472636.96
PH_1265,PH_1384,CALLED,2024-07-12T06:26:27Z,281
PER_0399,ACC_1061,OWNS,,
PER_0021,PH_1199,OWNS,,
PER_0843,LOC_0008,ASSOCIATED_WITH,,
PER_0552,VEH_0314,OWNS,,
PH_0195,PH_0271,CALLED,2023-11-15T08:35:05Z,916
ACC_0206,ACC_1015,TRANSACTED_WITH,2025-03-07T02:20:38Z,1199530.55
PER_0923,ACC_0192,OWNS,,
ACC_0061,ACC_0785,TRANSACTED_WITH,2025-04-12T16:13:33Z,380487.44
PER_0597,LOC_0038,ASSOCIATED_WITH,,
PER_0443,LOC_0020,ASSOCIATED_WITH,,
PER_0403,ACC_1044,OWNS,,
PH_0097,PH_0614,CALLED,2025-12-05T18:25:28Z,1632
ACC_1140,ACC_0533,TRANSACTED_WITH,2025-07-09T04:11:28Z,986506.01
ACC_0546,ACC_0998,TRANSACTED_WITH,2024-09-15T14:46:09Z,1084318.76
PH_0789,PH_0256,CALLED,2025-02-26T06:20:34Z,999
ACC_0665,ACC_0848,TRANSACTED_WITH,2026-01-05T17:58:29Z,44502.64
ACC_1150,ACC_0749,TRANSACTED_WITH,2023-09-06T16:08:28Z,1466352.22
PH_1287,PH_0447,CALLED,2023-02-05T12:57:58Z,2014
PER_0553,ORG_0115,ASSOCIATED_WITH,,
PER_0920,PH_0781,OWNS,,
ACC_0759,ACC_0361,TRANSACTED_WITH,2023-04-29T16:38:43Z,1851405.39
PH_0197,PH_0074,CALLED,2023-07-09T08:33:45Z,3413
PH_1101,PH_0701,CALLED,2023-09-01T23:59:15Z,3474
PH_0810,PH_1176,CALLED,2025-03-04T10:30:33Z,882
ACC_0410,ACC_0416,TRANSACTED_WITH,2026-06-01T09:00:50Z,1223621.37
PER_0747,ORG_0108,ASSOCIATED_WITH,,
PH_0476,PH_0532,CALLED,2025-12-08T21:56:31Z,2654
PER_0259,VEH_0519,OWNS,,
ACC_0334,ACC_0387,TRANSACTED_WITH,2023-07-31T04:05:14Z,395404.31
PER_0868,ACC_0843,OWNS,,
PER_0143,VEH_0297,OWNS,,
PH_0201,PH_0064,CALLED,2024-09-13T05:57:54Z,2595
PER_0984,VEH_0674,OWNS,,
ACC_1061,ACC_0718,TRANSACTED_WITH,2026-06-27T23:54:17Z,573331.0
PH_1278,PH_0496,CALLED,2024-05-30T19:06:29Z,1795
PER_0393,PH_0234,OWNS,,
PER_0962,PH_0131,OWNS,,
PER_0770,ACC_0115,OWNS,,
CASE_0098,PER_0882,PARTICIPATED_IN,,
ACC_0888,ACC_0163,TRANSACTED_WITH,2026-05-11T16:36:23Z,2015132.27
PER_0261,LOC_0113,ASSOCIATED_WITH,,
PER_0374,VEH_0398,OWNS,,
PER_0622,PH_0530,OWNS,,
ACC_0551,ACC_0476,TRANSACTED_WITH,2023-01-27T04:35:50Z,1271396.01
ACC_1158,ACC_0808,TRANSACTED_WITH,2023-06-10T03:55:18Z,301885.89
PER_0611,ORG_0077,ASSOCIATED_WITH,,
PER_0126,VEH_0651,OWNS,,
ACC_0839,ACC_0001,TRANSACTED_WITH,2026-03-05T04:15:33Z,810654.81
PH_0276,PH_0648,CALLED,2024-11-19T22:14:58Z,1733
PER_0095,ACC_0562,OWNS,,
PER_0810,LOC_0021,ASSOCIATED_WITH,,
PER_0546,VEH_0037,OWNS,,
PH_0886,PH_0479,CALLED,2025-10-10T19:00:34Z,1828
ACC_0194,ACC_0862,TRANSACTED_WITH,2024-11-20T11:15:11Z,798016.12
PER_0604,PH_0824,OWNS,,
PER_0739,LOC_0111,ASSOCIATED_WITH,,
PER_0885,PH_0414,OWNS,,
PH_0112,PH_0257,CALLED,2023-05-31T15:32:44Z,1290
CASE_0164,PER_0957,PARTICIPATED_IN,,
PER_0211,LOC_0131,ASSOCIATED_WITH,,
PH_1125,PH_0513,CALLED,2024-09-28T13:01:34Z,146
ACC_0717,ACC_0792,TRANSACTED_WITH,2024-06-06T02:54:11Z,921963.33
ACC_0557,ACC_0115,TRANSACTED_WITH,2023-09-26T10:48:48Z,203666.36
ACC_0026,ACC_0453,TRANSACTED_WITH,2024-06-28T19:38:16Z,1581847.33
PH_0670,PH_0031,CALLED,2025-02-25T05:23:55Z,3017
PH_0426,PH_1350,CALLED,2025-06-19T10:31:31Z,764
PER_0825,ACC_0039,OWNS,,
ACC_0614,ACC_0146,TRANSACTED_WITH,2023-04-25T23:11:26Z,445692.66
PER_0513,PH_1326,OWNS,,
CASE_0084,PER_0228,PARTICIPATED_IN,,
PH_0399,PH_1233,CALLED,2023-01-07T23:34:33Z,3417
ACC_1023,ACC_0160,TRANSACTED_WITH,2024-03-18T11:08:50Z,338434.51
ACC_0667,ACC_1108,TRANSACTED_WITH,2025-06-21T18:19:14Z,1472599.57
PER_0538,PH_0951,OWNS,,
ACC_0654,ACC_0911,TRANSACTED_WITH,2025-03-24T01:11:13Z,2337494.21
ACC_0508,ACC_0248,TRANSACTED_WITH,2025-02-22T12:20:47Z,77681.06
ACC_1131,ACC_1160,TRANSACTED_WITH,2023-04-22T00:17:00Z,325845.76
PH_1143,PH_0084,CALLED,2025-09-23T11:27:54Z,879
ACC_0406,ACC_0161,TRANSACTED_WITH,2024-12-13T08:04:25Z,2489914.32
PH_0143,PH_0212,CALLED,2023-12-25T03:49:05Z,3444
PH_0658,PH_1307,CALLED,2024-05-27T19:22:45Z,1368
PER_0494,LOC_0005,ASSOCIATED_WITH,,
PH_1075,PH_0152,CALLED,2024-12-23T21:44:56Z,3023
PER_0961,LOC_0016,ASSOCIATED_WITH,,
ACC_0519,ACC_0975,TRANSACTED_WITH,2025-12-03T02:28:34Z,397521.51
PER_0531,ACC_0953,OWNS,,
ACC_1037,ACC_0319,TRANSACTED_WITH,2024-09-17T21:29:44Z,1528176.37
PER_0391,PH_0118,OWNS,,
PH_0302,PH_0546,CALLED,2024-03-24T07:21:01Z,1028
PER_0767,PH_0323,OWNS,,
PH_0670,PH_0732,CALLED,2023-06-27T18:01:33Z,642
PER_0892,LOC_0114,ASSOCIATED_WITH,,
PER_0986,ACC_0637,OWNS,,
CASE_0043,PER_0669,PARTICIPATED_IN,,
ACC_0873,ACC_0888,TRANSACTED_WITH,2023-04-21T18:55:28Z,2273936.44
PER_0938,PH_1056,OWNS,,
ACC_0100,ACC_0084,TRANSACTED_WITH,2025-04-17T23:54:18Z,175848.22
PER_0584,VEH_0187,OWNS,,
PER_0495,ORG_0017,ASSOCIATED_WITH,,
PH_0835,PH_0512,CALLED,2024-05-14T19:01:26Z,1787
PER_0830,VEH_0036,OWNS,,
CASE_0080,PER_0366,PARTICIPATED_IN,,
PER_0255,LOC_0139,ASSOCIATED_WITH,,
PER_0288,ORG_0021,ASSOCIATED_WITH,,
PER_0851,ACC_0426,OWNS,,
PER_0844,PH_0711,OWNS,,
PER_0877,VEH_0791,OWNS,,
PER_0493,ACC_0782,OWNS,,
PER_0856,LOC_0119,ASSOCIATED_WITH,,
PH_0257,PH_0204,CALLED,2025-03-15T12:36:59Z,174
PER_0036,ORG_0116,ASSOCIATED_WITH,,
PER_0226,LOC_0108,ASSOCIATED_WITH,,
ACC_0436,ACC_1152,TRANSACTED_WITH,2023-12-11T07:51:50Z,1296790.71
CASE_0016,PER_0035,PARTICIPATED_IN,,
ACC_1140,ACC_0300,TRANSACTED_WITH,2025-07-21T08:31:24Z,2000887.07
PER_0531,LOC_0141,ASSOCIATED_WITH,,
PER_0144,ACC_0155,OWNS,,
CASE_0249,PER_0849,PARTICIPATED_IN,,
PH_1313,PH_0974,CALLED,2026-05-31T13:18:27Z,741
CASE_0184,PER_0914,PARTICIPATED_IN,,
PH_0066,PH_0392,CALLED,2023-04-28T12:08:59Z,1630
PH_0067,PH_0005,CALLED,2023-02-06T10:28:20Z,635
PER_0850,ORG_0037,ASSOCIATED_WITH,,
PER_0092,PH_1342,OWNS,,
PER_0809,PH_1214,OWNS,,
PER_0517,VEH_0532,OWNS,,
PER_0220,PH_0449,OWNS,,
PER_0001,VEH_0118,OWNS,,
ACC_0998,ACC_0646,TRANSACTED_WITH,2023-10-24T21:15:11Z,946996.24
ACC_0817,ACC_0234,TRANSACTED_WITH,2023-12-21T20:16:50Z,1158816.47
PER_0384,PH_0267,OWNS,,
PER_0623,PH_0476,OWNS,,
PER_0995,PH_1054,OWNS,,
PH_0783,PH_0914,CALLED,2026-04-02T22:44:20Z,3002
PER_0738,ACC_0368,OWNS,,
PER_0867,PH_0660,OWNS,,
PER_0690,VEH_0045,OWNS,,
PH_0217,PH_0272,CALLED,2024-02-21T01:21:19Z,45
CASE_0175,PER_0772,PARTICIPATED_IN,,
PH_0034,PH_0670,CALLED,2023-04-11T15:46:14Z,3573
ACC_0832,ACC_0201,TRANSACTED_WITH,2024-09-09T07:06:44Z,507017.16
PER_0164,ACC_0511,OWNS,,
PER_0533,LOC_0049,ASSOCIATED_WITH,,
PER_0619,PH_0780,OWNS,,
PER_0858,LOC_0015,ASSOCIATED_WITH,,
PER_0314,LOC_0028,ASSOCIATED_WITH,,
PH_0121,PH_0053,CALLED,2026-06-14T08:51:04Z,2442
ACC_0827,ACC_0484,TRANSACTED_WITH,2025-11-26T10:57:44Z,2137714.83
PER_0800,PH_0013,OWNS,,
PER_0198,LOC_0150,ASSOCIATED_WITH,,
ACC_1075,ACC_1062,TRANSACTED_WITH,2025-11-10T12:02:55Z,2131606.5
PH_1351,PH_0563,CALLED,2026-05-25T13:27:32Z,2427
PER_0799,ACC_0562,OWNS,,
PER_0809,ACC_0041,OWNS,,
PH_0605,PH_0556,CALLED,2024-10-26T09:17:04Z,1669
ACC_0224,ACC_1028,TRANSACTED_WITH,2026-02-13T18:36:11Z,2396760.26
PER_0987,ACC_0487,OWNS,,
PER_0387,PH_0988,OWNS,,
PER_0809,ACC_0197,OWNS,,
ACC_0734,ACC_0074,TRANSACTED_WITH,2024-05-30T14:11:12Z,2421521.1
ACC_0039,ACC_0431,TRANSACTED_WITH,2025-10-08T02:20:42Z,1417718.23
ACC_0421,ACC_1012,TRANSACTED_WITH,2024-08-31T23:23:57Z,677442.52
PER_0762,PH_0807,OWNS,,
PH_1150,PH_0956,CALLED,2024-01-30T06:16:25Z,2535
PER_0143,LOC_0084,ASSOCIATED_WITH,,
PH_0643,PH_1144,CALLED,2024-08-21T06:33:52Z,2832
CASE_0016,PER_0992,PARTICIPATED_IN,,
PH_0189,PH_0682,CALLED,2023-03-26T19:20:42Z,2939
PH_0315,PH_0318,CALLED,2025-12-31T02:33:22Z,880
ACC_0145,ACC_1152,TRANSACTED_WITH,2023-07-18T09:34:36Z,933391.66
PER_0538,LOC_0105,ASSOCIATED_WITH,,
CASE_0200,PER_0900,PARTICIPATED_IN,,
PER_0754,LOC_0135,ASSOCIATED_WITH,,
ACC_0133,ACC_1114,TRANSACTED_WITH,2024-11-21T04:00:16Z,2134251.62
PER_0738,PH_0587,OWNS,,
PH_0960,PH_0774,CALLED,2024-10-24T03:44:57Z,1317
PER_0749,LOC_0150,ASSOCIATED_WITH,,
ACC_0931,ACC_0227,TRANSACTED_WITH,2026-03-06T16:18:20Z,2486409.6
ACC_0677,ACC_1158,TRANSACTED_WITH,2025-07-12T07:59:39Z,263849.02
ACC_0723,ACC_0762,TRANSACTED_WITH,2025-09-17T23:00:03Z,2472678.17
ACC_0614,ACC_0760,TRANSACTED_WITH,2023-01-01T16:31:22Z,1735865.31
ACC_0135,ACC_0386,TRANSACTED_WITH,2024-04-24T00:08:59Z,2288828.07
PER_0795,PH_0836,OWNS,,
PER_0261,LOC_0110,ASSOCIATED_WITH,,
PER_0085,VEH_0358,OWNS,,
PH_0747,PH_0583,CALLED,2023-02-20T08:35:40Z,1326
PH_0867,PH_1335,CALLED,2025-10-23T18:20:31Z,1454
PER_0325,PH_0049,OWNS,,
PER_0566,ACC_0853,OWNS,,
PER_0711,ORG_0053,ASSOCIATED_WITH,,
PER_0872,VEH_0424,OWNS,,
PH_0260,PH_0384,CALLED,2026-06-18T11:12:52Z,2440
ACC_0780,ACC_0904,TRANSACTED_WITH,2025-07-17T06:12:22Z,1101453.32
PH_0403,PH_0549,CALLED,2023-03-22T00:11:47Z,2079
PER_0695,ACC_0997,OWNS,,
PER_0989,VEH_0158,OWNS,,
ACC_1162,ACC_0998,TRANSACTED_WITH,2025-07-19T20:12:09Z,1841272.93
PER_0478,LOC_0138,ASSOCIATED_WITH,,
ACC_0109,ACC_0255,TRANSACTED_WITH,2025-07-04T17:21:06Z,2279887.55
PER_0810,ACC_1153,OWNS,,
ACC_0521,ACC_0122,TRANSACTED_WITH,2026-05-10T10:36:53Z,1587776.96
PER_0355,VEH_0509,OWNS,,
ACC_0230,ACC_0348,TRANSACTED_WITH,2026-06-16T07:30:20Z,5198.22
ACC_1140,ACC_0372,TRANSACTED_WITH,2025-01-06T08:05:12Z,1961460.52
PER_0589,VEH_0429,OWNS,,
PER_0688,ACC_0199,OWNS,,
PER_0656,LOC_0099,ASSOCIATED_WITH,,
PER_0131,ACC_0109,OWNS,,
CASE_0132,PER_0514,PARTICIPATED_IN,,
PER_0507,LOC_0072,ASSOCIATED_WITH,,
PER_0349,VEH_0223,OWNS,,
ACC_0954,ACC_0804,TRANSACTED_WITH,2024-03-03T02:54:51Z,2368844.39
PH_0935,PH_0672,CALLED,2025-06-28T12:41:07Z,645
ACC_1170,ACC_0683,TRANSACTED_WITH,2026-05-17T09:25:16Z,1121262.88
PER_0855,PH_1135,OWNS,,
PH_1019,PH_0984,CALLED,2026-03-14T00:06:46Z,795
ACC_0710,ACC_0781,TRANSACTED_WITH,2024-08-10T11:52:48Z,1738253.12
ACC_0181,ACC_0785,TRANSACTED_WITH,2023-03-09T21:30:46Z,1391163.08
PER_0083,VEH_0047,OWNS,,
PH_0095,PH_0956,CALLED,2023-01-05T20:28:28Z,396
PER_0678,PH_0079,OWNS,,
PH_1294,PH_0643,CALLED,2023-11-11T14:53:25Z,24
PH_0278,PH_0941,CALLED,2026-04-15T01:35:29Z,2896
PER_0196,PH_0025,OWNS,,
ACC_1051,ACC_0461,TRANSACTED_WITH,2026-02-12T08:30:38Z,835535.42
PH_1217,PH_0230,CALLED,2025-01-25T21:54:34Z,3141
PH_0788,PH_0548,CALLED,2025-02-17T05:17:22Z,1958
PER_0613,PH_0538,OWNS,,
ACC_1140,ACC_0814,TRANSACTED_WITH,2025-01-03T17:51:01Z,564255.88
ACC_0295,ACC_0284,TRANSACTED_WITH,2023-04-12T08:01:05Z,2107212.11
ACC_0352,ACC_0911,TRANSACTED_WITH,2024-02-02T20:51:06Z,2006517.44
PER_0442,VEH_0075,OWNS,,
ACC_0133,ACC_0622,TRANSACTED_WITH,2024-01-01T23:04:08Z,302671.28
PER_0173,VEH_0351,OWNS,,
CASE_0055,PER_0685,PARTICIPATED_IN,,
PH_0364,PH_1316,CALLED,2025-06-25T03:14:55Z,550
PER_0747,ACC_1152,OWNS,,
PER_0868,PH_0809,OWNS,,
ACC_0700,ACC_1178,TRANSACTED_WITH,2024-07-16T10:36:28Z,1765644.19
ACC_0007,ACC_0785,TRANSACTED_WITH,2024-07-28T20:53:11Z,771892.01
PH_0687,PH_0288,CALLED,2023-09-10T16:12:45Z,752
ACC_0268,ACC_0789,TRANSACTED_WITH,2025-11-07T12:43:32Z,310886.64
PER_0206,ACC_0421,OWNS,,
ACC_0026,ACC_0785,TRANSACTED_WITH,2024-08-31T15:09:09Z,1466748.5
ACC_0737,ACC_1015,TRANSACTED_WITH,2023-09-18T23:53:49Z,1450412.86
ACC_0343,ACC_0918,TRANSACTED_WITH,2023-01-08T01:58:17Z,1504330.3
PH_0102,PH_0316,CALLED,2025-04-30T15:31:28Z,1634
PER_0505,PH_0589,OWNS,,
ACC_0612,ACC_0115,TRANSACTED_WITH,2025-04-20T05:26:23Z,647157.23
ACC_0026,ACC_0028,TRANSACTED_WITH,2023-03-03T06:31:08Z,1041788.31
PER_0184,LOC_0114,ASSOCIATED_WITH,,
PH_1185,PH_0678,CALLED,2025-05-01T07:07:37Z,1573
PH_0125,PH_0710,CALLED,2023-03-09T18:32:12Z,270
CASE_0096,PER_0938,PARTICIPATED_IN,,
PH_1327,PH_0121,CALLED,2023-10-21T18:20:08Z,2993
PER_0979,ACC_0563,OWNS,,
ACC_1004,ACC_0230,TRANSACTED_WITH,2025-09-15T00:31:11Z,879375.27
PER_0597,PH_1374,OWNS,,
PER_0653,LOC_0145,ASSOCIATED_WITH,,
PH_1185,PH_1150,CALLED,2023-04-03T10:39:39Z,1829
PER_0711,ACC_1119,OWNS,,
PER_0817,PH_0804,OWNS,,
PER_0967,ACC_0326,OWNS,,
ACC_0746,ACC_0281,TRANSACTED_WITH,2026-05-13T13:16:05Z,893375.37
PER_0794,ORG_0101,ASSOCIATED_WITH,,
ACC_0118,ACC_0794,TRANSACTED_WITH,2025-07-09T12:48:23Z,1167040.9
PH_0126,PH_0881,CALLED,2024-12-06T14:35:39Z,2642
PER_0407,PH_0940,OWNS,,
PER_0919,VEH_0183,OWNS,,
PER_0185,ORG_0032,ASSOCIATED_WITH,,
ACC_0311,ACC_0389,TRANSACTED_WITH,2024-04-17T03:12:21Z,1495755.8
ACC_0092,ACC_0556,TRANSACTED_WITH,2025-08-04T17:10:54Z,2317618.45
ACC_0772,ACC_0188,TRANSACTED_WITH,2026-05-14T07:10:53Z,755662.25
ACC_0727,ACC_0155,TRANSACTED_WITH,2025-05-15T04:41:34Z,398417.02
CASE_0044,PER_0882,PARTICIPATED_IN,,
PH_0847,PH_0345,CALLED,2024-01-05T04:44:25Z,1852
ACC_0980,ACC_1101,TRANSACTED_WITH,2024-11-21T23:38:41Z,2097083.29
PER_0121,PH_0280,OWNS,,
PH_0305,PH_0284,CALLED,2024-02-26T15:50:33Z,848
PH_1173,PH_0917,CALLED,2024-02-22T08:34:50Z,2643
CASE_0082,PER_0223,PARTICIPATED_IN,,
PER_0733,ACC_0314,OWNS,,
PER_0509,PH_0082,OWNS,,
PER_0547,LOC_0066,ASSOCIATED_WITH,,
PER_0652,LOC_0091,ASSOCIATED_WITH,,
PER_0717,ORG_0064,ASSOCIATED_WITH,,
PER_0707,PH_0068,OWNS,,
PER_0617,LOC_0131,ASSOCIATED_WITH,,
CASE_0088,PER_0614,PARTICIPATED_IN,,
PER_0601,PH_1117,OWNS,,
ACC_0640,ACC_1050,TRANSACTED_WITH,2023-12-14T17:01:30Z,805473.9
PER_0936,PH_1178,OWNS,,
PER_0381,PH_1202,OWNS,,
ACC_1044,ACC_1023,TRANSACTED_WITH,2023-08-17T17:13:11Z,1095664.81
PH_0580,PH_0988,CALLED,2023-09-07T00:33:15Z,1822
PER_0428,ACC_0866,OWNS,,
PER_0585,ACC_0162,OWNS,,
ACC_1186,ACC_1182,TRANSACTED_WITH,2024-01-25T12:42:34Z,1239632.18
PER_0196,PH_1362,OWNS,,
PER_0754,ACC_0602,OWNS,,
ACC_0550,ACC_0905,TRANSACTED_WITH,2024-08-19T06:24:36Z,1106687.38
ACC_0846,ACC_0115,TRANSACTED_WITH,2025-09-05T14:34:08Z,327965.68
PER_0408,ACC_0385,OWNS,,
PER_0164,PH_0090,OWNS,,
PER_0399,VEH_0135,OWNS,,
ACC_0095,ACC_0361,TRANSACTED_WITH,2023-08-29T05:21:26Z,2368971.05
PER_0531,LOC_0053,ASSOCIATED_WITH,,
PER_0047,ACC_0313,OWNS,,
PH_0584,PH_0248,CALLED,2026-06-26T23:58:43Z,879
PER_0993,VEH_0237,OWNS,,
PER_0453,VEH_0661,OWNS,,
PER_0290,VEH_0013,OWNS,,
PER_0790,VEH_0738,OWNS,,
ACC_0068,ACC_0181,TRANSACTED_WITH,2025-01-20T12:25:42Z,469821.59
ACC_0706,ACC_1178,TRANSACTED_WITH,2024-02-27T05:08:41Z,1326463.61
PER_0035,LOC_0040,ASSOCIATED_WITH,,
PER_0554,PH_0339,OWNS,,
PER_0219,LOC_0036,ASSOCIATED_WITH,,
PH_0445,PH_0181,CALLED,2024-07-20T03:01:20Z,2986
ACC_1136,ACC_0917,TRANSACTED_WITH,2025-12-05T13:06:11Z,1576881.08
ACC_0972,ACC_0548,TRANSACTED_WITH,2024-05-14T23:31:56Z,1785104.45
PER_0480,LOC_0023,ASSOCIATED_WITH,,
PH_0633,PH_0029,CALLED,2024-11-15T08:11:28Z,2138
CASE_0154,PER_0850,PARTICIPATED_IN,,
ACC_1050,ACC_0721,TRANSACTED_WITH,2026-03-01T11:02:15Z,181638.98
PER_0104,ACC_0190,OWNS,,
PER_0271,PH_0382,OWNS,,
PH_0197,PH_0992,CALLED,2023-11-04T23:14:42Z,530
PH_0593,PH_0550,CALLED,2025-08-01T02:13:02Z,2505
PER_0862,ACC_0160,OWNS,,
PER_0355,LOC_0150,ASSOCIATED_WITH,,
PER_0658,PH_1069,OWNS,,
PER_0996,VEH_0690,OWNS,,
PER_0479,ACC_0581,OWNS,,
ACC_0365,ACC_0556,TRANSACTED_WITH,2023-02-12T12:42:01Z,640730.2
ACC_0414,ACC_0842,TRANSACTED_WITH,2023-10-24T21:25:02Z,587363.24
PER_0186,VEH_0202,OWNS,,
ACC_0152,ACC_0080,TRANSACTED_WITH,2023-11-07T02:49:37Z,2429534.18
PER_0334,PH_0007,OWNS,,
CASE_0158,PER_0827,PARTICIPATED_IN,,
ACC_0862,ACC_0794,TRANSACTED_WITH,2025-12-29T19:33:36Z,229692.84
PER_0062,ACC_0679,OWNS,,
PH_0452,PH_1145,CALLED,2026-07-30T11:04:35Z,3511
PH_1233,PH_0126,CALLED,2024-08-12T16:35:19Z,1640
ACC_0116,ACC_0022,TRANSACTED_WITH,2025-11-27T19:17:31Z,719069.76
PER_0105,LOC_0038,ASSOCIATED_WITH,,
PER_0362,LOC_0076,ASSOCIATED_WITH,,
PER_0894,PH_0058,OWNS,,
ACC_1024,ACC_0496,TRANSACTED_WITH,2026-04-08T01:50:04Z,1414928.6
ACC_0713,ACC_0136,TRANSACTED_WITH,2025-03-07T10:41:42Z,1497115.26
PER_0966,PH_0125,OWNS,,
ACC_0839,ACC_0109,TRANSACTED_WITH,2026-02-23T18:47:13Z,1143473.26
ACC_0186,ACC_0525,TRANSACTED_WITH,2023-09-14T07:09:15Z,1670905.05
PER_0620,ACC_0966,OWNS,,
ACC_0704,ACC_0364,TRANSACTED_WITH,2024-12-08T00:32:29Z,1542893.25
PER_0623,ACC_0050,OWNS,,
ACC_0059,ACC_0262,TRANSACTED_WITH,2026-02-16T18:11:10Z,1335277.48
PH_0031,PH_0701,CALLED,2025-11-29T09:30:48Z,778
PER_0596,VEH_0229,OWNS,,
PER_0035,PH_0278,OWNS,,
PH_0610,PH_0641,CALLED,2024-01-14T17:06:03Z,2272
PER_0647,ACC_0927,OWNS,,
PH_0001,PH_1315,CALLED,2024-12-23T06:04:19Z,167
PER_0052,ORG_0073,ASSOCIATED_WITH,,
PER_0494,LOC_0062,ASSOCIATED_WITH,,
PH_1269,PH_0219,CALLED,2026-05-26T08:49:03Z,1160
PER_0072,LOC_0117,ASSOCIATED_WITH,,
PH_0278,PH_0137,CALLED,2024-01-22T02:25:14Z,897
CASE_0027,PER_0008,PARTICIPATED_IN,,
PER_0085,PH_0921,OWNS,,
CASE_0045,PER_0351,PARTICIPATED_IN,,
PER_0428,PH_0846,OWNS,,
ACC_0930,ACC_0680,TRANSACTED_WITH,2024-02-06T21:07:02Z,1232220.52
CASE_0098,PER_0435,PARTICIPATED_IN,,
ACC_0733,ACC_0280,TRANSACTED_WITH,2025-01-02T18:57:26Z,2183988.54
PER_0790,ORG_0023,ASSOCIATED_WITH,,
PER_0826,ORG_0089,ASSOCIATED_WITH,,
ACC_0242,ACC_0949,TRANSACTED_WITH,2023-03-14T05:23:41Z,1821888.99
PER_0374,PH_1075,OWNS,,
PH_0178,PH_0047,CALLED,2023-01-25T00:21:13Z,3262
PH_0368,PH_0851,CALLED,2023-12-18T15:32:11Z,656
PH_0163,PH_0866,CALLED,2025-03-05T03:24:50Z,1076
PH_0892,PH_0778,CALLED,2024-10-28T00:38:13Z,2114
ACC_0851,ACC_1105,TRANSACTED_WITH,2023-11-02T02:17:32Z,2221167.15
PER_0336,LOC_0117,ASSOCIATED_WITH,,
PER_0866,PH_0593,OWNS,,
PER_0205,LOC_0146,ASSOCIATED_WITH,,
PER_0594,LOC_0074,ASSOCIATED_WITH,,
PH_0094,PH_0713,CALLED,2023-05-18T19:42:35Z,56
PER_0434,PH_1173,OWNS,,
PER_0172,PH_0341,OWNS,,
CASE_0168,PER_0029,PARTICIPATED_IN,,
PER_0343,PH_0742,OWNS,,
PH_1251,PH_0737,CALLED,2024-08-19T20:51:39Z,1655
PH_1234,PH_0397,CALLED,2025-12-21T12:18:02Z,735
ACC_0404,ACC_0989,TRANSACTED_WITH,2026-05-04T04:23:02Z,97870.86
PH_0123,PH_1336,CALLED,2023-12-08T16:11:19Z,1612
PH_0521,PH_1378,CALLED,2023-01-27T04:46:19Z,255
ACC_0358,ACC_1192,TRANSACTED_WITH,2024-06-19T20:39:48Z,2392862.76
PER_0371,PH_1392,OWNS,,
PH_1251,PH_1095,CALLED,2025-01-12T08:27:46Z,3590
ACC_0969,ACC_0163,TRANSACTED_WITH,2026-04-19T19:09:39Z,650064.73
PER_0901,LOC_0073,ASSOCIATED_WITH,,
PER_0858,LOC_0003,ASSOCIATED_WITH,,
ACC_1061,ACC_0949,TRANSACTED_WITH,2024-07-24T06:51:21Z,42234.84
PER_0435,VEH_0610,OWNS,,
PER_0447,ACC_0391,OWNS,,
PER_0431,VEH_0550,OWNS,,
ACC_0995,ACC_0598,TRANSACTED_WITH,2026-03-23T14:59:56Z,350960.87
PER_0904,LOC_0031,ASSOCIATED_WITH,,
ACC_0895,ACC_1200,TRANSACTED_WITH,2024-08-18T12:15:09Z,467049.35
PH_0795,PH_0476,CALLED,2026-07-14T00:07:45Z,1220
PER_0227,LOC_0093,ASSOCIATED_WITH,,
PER_0387,LOC_0072,ASSOCIATED_WITH,,
PER_0982,LOC_0103,ASSOCIATED_WITH,,
CASE_0225,PER_0999,PARTICIPATED_IN,,
PER_0253,PH_0775,OWNS,,
PH_1333,PH_0952,CALLED,2024-01-17T17:44:58Z,769
PER_0842,VEH_0407,OWNS,,
PER_0310,VEH_0600,OWNS,,
PH_0686,PH_0316,CALLED,2025-12-05T04:55:00Z,2700
PER_0749,PH_1144,OWNS,,
PER_0003,ACC_0178,OWNS,,
ACC_0750,ACC_0483,TRANSACTED_WITH,2026-03-05T10:48:26Z,1142593.07
CASE_0100,PER_0297,PARTICIPATED_IN,,
ACC_0822,ACC_0453,TRANSACTED_WITH,2025-07-04T18:26:19Z,101288.48
ACC_0267,ACC_0020,TRANSACTED_WITH,2026-03-30T19:57:30Z,906379.15
PER_0769,ACC_0638,OWNS,,
ACC_1087,ACC_0355,TRANSACTED_WITH,2025-09-20T12:02:16Z,523447.11
PER_0475,ACC_1140,OWNS,,
ACC_1143,ACC_0577,TRANSACTED_WITH,2024-08-01T07:25:46Z,648177.9
PER_0214,ACC_0149,OWNS,,
ACC_0558,ACC_1149,TRANSACTED_WITH,2024-04-19T04:47:09Z,1892789.47
PH_0492,PH_1318,CALLED,2023-12-19T06:49:54Z,1832
PER_0515,ACC_0865,OWNS,,
PER_0111,VEH_0157,OWNS,,
CASE_0221,PER_0772,PARTICIPATED_IN,,
PH_0856,PH_1174,CALLED,2025-12-02T17:42:20Z,414
PH_1326,PH_1167,CALLED,2026-07-09T07:51:34Z,1091
PER_0890,ORG_0089,ASSOCIATED_WITH,,
PER_0483,ACC_1104,OWNS,,
PH_0361,PH_0303,CALLED,2024-12-13T01:43:46Z,1727
PH_0609,PH_1086,CALLED,2026-05-12T13:04:20Z,1600
PER_0429,VEH_0018,OWNS,,
PER_0176,PH_0038,OWNS,,
CASE_0131,PER_0164,PARTICIPATED_IN,,
PH_0212,PH_1144,CALLED,2023-04-27T19:23:16Z,1495
ACC_0996,ACC_0114,TRANSACTED_WITH,2026-07-05T20:33:29Z,2466311.73
CASE_0161,PER_0561,PARTICIPATED_IN,,
PH_0315,PH_0574,CALLED,2025-11-19T18:25:07Z,52
PER_0577,ACC_0645,OWNS,,
CASE_0005,PER_0241,PARTICIPATED_IN,,
ACC_0734,ACC_0321,TRANSACTED_WITH,2023-04-14T15:33:44Z,391944.49
PH_0919,PH_0814,CALLED,2025-03-16T05:59:13Z,2675
PER_0914,VEH_0005,OWNS,,
ACC_0293,ACC_0288,TRANSACTED_WITH,2023-04-01T06:47:05Z,2211935.0
PER_0221,ACC_0421,OWNS,,
PH_0545,PH_0444,CALLED,2024-05-27T06:00:52Z,1260
PER_0944,PH_0787,OWNS,,
PER_0782,ACC_0626,OWNS,,
ACC_0299,ACC_0992,TRANSACTED_WITH,2026-03-19T10:37:44Z,1859998.03
PER_0807,VEH_0080,OWNS,,
PH_1339,PH_1252,CALLED,2023-04-08T10:55:05Z,1498
PER_0358,LOC_0063,ASSOCIATED_WITH,,
PH_0881,PH_1354,CALLED,2025-03-01T17:03:08Z,1754
ACC_0407,ACC_0234,TRANSACTED_WITH,2023-12-07T11:07:17Z,1369756.92
PER_0505,ACC_0497,OWNS,,
PER_0191,ACC_0796,OWNS,,
PER_0649,PH_1229,OWNS,,
PER_0046,VEH_0633,OWNS,,
PER_0687,PH_0388,OWNS,,
PH_0115,PH_0958,CALLED,2025-12-10T15:18:29Z,114
PER_0223,LOC_0095,ASSOCIATED_WITH,,
PER_0832,PH_0025,OWNS,,
PER_0290,ACC_1065,OWNS,,
PER_0748,ORG_0037,ASSOCIATED_WITH,,
PER_0634,VEH_0641,OWNS,,
ACC_0309,ACC_1116,TRANSACTED_WITH,2026-03-01T14:27:56Z,1476302.76
PER_0458,ACC_0247,OWNS,,
ACC_0399,ACC_0297,TRANSACTED_WITH,2024-09-08T13:41:37Z,2367473.26
PER_0144,ORG_0094,ASSOCIATED_WITH,,
ACC_1199,ACC_0234,TRANSACTED_WITH,2026-01-31T19:21:24Z,38484.75
PER_0785,ORG_0063,ASSOCIATED_WITH,,
ACC_1110,ACC_0206,TRANSACTED_WITH,2024-11-02T03:44:11Z,2386521.28
ACC_1165,ACC_0788,TRANSACTED_WITH,2025-12-26T08:49:17Z,2217212.33
PH_0634,PH_0061,CALLED,2025-11-20T20:41:03Z,1935
PER_0781,PH_1134,OWNS,,
ACC_0935,ACC_0833,TRANSACTED_WITH,2023-07-31T14:23:31Z,1300286.1
PER_0872,ACC_0477,OWNS,,
ACC_0764,ACC_1075,TRANSACTED_WITH,2024-05-09T07:52:27Z,965457.11
PH_1389,PH_0400,CALLED,2023-05-11T13:10:00Z,2699
PH_1140,PH_0549,CALLED,2024-10-04T18:11:29Z,1278
ACC_0103,ACC_0109,TRANSACTED_WITH,2026-06-22T16:16:42Z,586943.95
PH_0199,PH_0636,CALLED,2025-10-08T07:18:14Z,1232
PER_0951,ACC_0048,OWNS,,
PER_0457,LOC_0008,ASSOCIATED_WITH,,
ACC_0661,ACC_0999,TRANSACTED_WITH,2026-06-28T00:32:05Z,778688.78
PH_0411,PH_1151,CALLED,2025-12-12T17:54:09Z,525
PER_0561,PH_0987,OWNS,,
PER_0349,ACC_0234,OWNS,,
PER_0501,PH_0353,OWNS,,
PH_0479,PH_0202,CALLED,2024-11-03T21:11:32Z,3085
CASE_0025,PER_0005,PARTICIPATED_IN,,
PER_0775,PH_1222,OWNS,,
PER_0189,ACC_0377,OWNS,,
PH_0272,PH_0240,CALLED,2023-09-20T22:59:38Z,2881
ACC_1140,ACC_1052,TRANSACTED_WITH,2025-06-02T13:11:54Z,115458.66
PER_0362,PH_0094,OWNS,,
PER_0307,VEH_0354,OWNS,,
PER_0404,ACC_0176,OWNS,,
PER_0219,VEH_0276,OWNS,,
ACC_0602,ACC_0952,TRANSACTED_WITH,2025-04-10T03:20:27Z,2442126.02
PER_0059,LOC_0007,ASSOCIATED_WITH,,
PER_0776,LOC_0148,ASSOCIATED_WITH,,
PER_0850,VEH_0501,OWNS,,
PH_1270,PH_0444,CALLED,2025-12-20T07:01:54Z,3558
ACC_0321,ACC_0839,TRANSACTED_WITH,2024-01-31T14:58:00Z,557993.63
PH_0757,PH_0198,CALLED,2023-10-30T12:23:15Z,2778
PH_0186,PH_1223,CALLED,2024-06-22T00:05:35Z,3535
PER_0572,VEH_0668,OWNS,,
PER_0555,VEH_0168,OWNS,,
ACC_0395,ACC_0285,TRANSACTED_WITH,2023-07-25T12:25:01Z,63950.31
PH_0983,PH_0771,CALLED,2024-02-08T10:49:14Z,1903
ACC_0593,ACC_0449,TRANSACTED_WITH,2025-05-12T13:25:22Z,629119.34
PER_0798,VEH_0692,OWNS,,
PER_0985,LOC_0063,ASSOCIATED_WITH,,
PH_0630,PH_0379,CALLED,2023-05-10T22:40:52Z,1160
PH_0315,PH_1074,CALLED,2025-07-07T17:40:06Z,1095
PER_0398,VEH_0169,OWNS,,
PER_0095,PH_0275,OWNS,,
ACC_0642,ACC_0200,TRANSACTED_WITH,2024-05-11T07:45:58Z,1114389.52
PH_0263,PH_0584,CALLED,2025-05-02T01:31:24Z,1833
PER_0130,ACC_0402,OWNS,,
ACC_0258,ACC_0102,TRANSACTED_WITH,2023-11-24T06:55:17Z,1900447.77
ACC_0317,ACC_0770,TRANSACTED_WITH,2024-07-27T22:20:35Z,2194572.26
PER_0059,PH_0544,OWNS,,
PER_0244,LOC_0119,ASSOCIATED_WITH,,
ACC_0711,ACC_0811,TRANSACTED_WITH,2025-11-10T22:33:19Z,166124.47
PER_0394,LOC_0094,ASSOCIATED_WITH,,
ACC_0660,ACC_0615,TRANSACTED_WITH,2026-03-15T07:19:10Z,1173838.82
PER_0640,ACC_0765,OWNS,,
CASE_0139,PER_0869,PARTICIPATED_IN,,
PH_0637,PH_0655,CALLED,2024-12-07T19:46:16Z,3105
PER_0119,LOC_0046,ASSOCIATED_WITH,,
PER_0492,LOC_0147,ASSOCIATED_WITH,,
PER_0058,LOC_0010,ASSOCIATED_WITH,,
PER_0387,ACC_1162,OWNS,,
PER_0127,VEH_0241,OWNS,,
PER_0817,VEH_0717,OWNS,,
CASE_0089,PER_0809,PARTICIPATED_IN,,
PER_0503,ORG_0021,ASSOCIATED_WITH,,
PER_0827,ACC_0683,OWNS,,
PER_0256,ACC_0996,OWNS,,
PER_0018,PH_0216,OWNS,,
PER_0472,ACC_0859,OWNS,,
ACC_0109,ACC_0233,TRANSACTED_WITH,2024-04-17T06:16:58Z,1203022.99
PER_0391,ACC_0928,OWNS,,
PH_0976,PH_0906,CALLED,2025-09-24T05:05:35Z,231
PER_0868,VEH_0078,OWNS,,
PER_0559,ACC_1016,OWNS,,
PH_0009,PH_0083,CALLED,2025-04-15T02:31:19Z,3576
PH_1177,PH_1128,CALLED,2024-09-12T10:46:26Z,798
ACC_0547,ACC_0255,TRANSACTED_WITH,2023-10-08T11:37:47Z,268500.61
PER_0452,LOC_0036,ASSOCIATED_WITH,,
PER_0368,PH_0447,OWNS,,
PER_0488,VEH_0409,OWNS,,
PER_0845,PH_1172,OWNS,,
PH_0605,PH_0185,CALLED,2025-01-19T11:58:15Z,2899
ACC_1144,ACC_0783,TRANSACTED_WITH,2025-08-10T04:23:15Z,262842.4
PER_0201,VEH_0333,OWNS,,
CASE_0186,PER_0694,PARTICIPATED_IN,,
PER_0761,VEH_0437,OWNS,,
ACC_0096,ACC_0902,TRANSACTED_WITH,2025-04-17T07:02:41Z,1234730.45
PH_0851,PH_1357,CALLED,2024-10-14T21:45:57Z,1129
PH_1331,PH_0111,CALLED,2025-03-12T08:49:06Z,31
PH_1228,PH_0990,CALLED,2024-06-20T18:34:05Z,891
PER_0610,ACC_0293,OWNS,,
PER_0167,ACC_1150,OWNS,,
PER_0800,ACC_0563,OWNS,,
PER_0594,VEH_0523,OWNS,,
PER_0323,ACC_0973,OWNS,,
PER_0254,LOC_0074,ASSOCIATED_WITH,,
PH_0816,PH_1136,CALLED,2025-03-24T05:26:32Z,1159
PER_0527,LOC_0038,ASSOCIATED_WITH,,
PER_0593,LOC_0087,ASSOCIATED_WITH,,
PER_0037,ORG_0052,ASSOCIATED_WITH,,
PER_0653,ACC_1126,OWNS,,
PER_0413,ACC_1073,OWNS,,
PER_0748,PH_0524,OWNS,,
PER_0947,PH_0569,OWNS,,
CASE_0214,PER_0572,PARTICIPATED_IN,,
PH_0172,PH_1062,CALLED,2025-10-27T12:25:57Z,3252
PER_0780,VEH_0154,OWNS,,
PER_0679,LOC_0125,ASSOCIATED_WITH,,
PH_0055,PH_0975,CALLED,2024-01-11T19:26:40Z,1180
PER_0274,VEH_0723,OWNS,,
PER_0013,VEH_0648,OWNS,,
PH_0260,PH_0688,CALLED,2023-10-02T17:02:43Z,1842
PER_0687,PH_0363,OWNS,,
PER_0059,ORG_0013,ASSOCIATED_WITH,,
ACC_0634,ACC_0020,TRANSACTED_WITH,2025-02-10T21:38:44Z,912324.31
ACC_0123,ACC_0602,TRANSACTED_WITH,2025-08-30T16:13:53Z,2087599.93
ACC_0565,ACC_0117,TRANSACTED_WITH,2026-01-15T00:05:34Z,615883.01
PH_1278,PH_0315,CALLED,2023-01-05T10:47:15Z,2088
PH_0481,PH_0840,CALLED,2024-10-20T03:31:44Z,3326
ACC_0908,ACC_0865,TRANSACTED_WITH,2023-11-09T19:13:27Z,689756.97
ACC_0911,ACC_0678,TRANSACTED_WITH,2025-09-11T20:51:46Z,211992.88
PH_1238,PH_0852,CALLED,2024-07-20T20:06:07Z,660
PH_0660,PH_0119,CALLED,2026-06-06T00:49:03Z,563
PER_0494,LOC_0067,ASSOCIATED_WITH,,
ACC_0955,ACC_0502,TRANSACTED_WITH,2024-11-27T09:30:41Z,1062416.34
ACC_0351,ACC_0432,TRANSACTED_WITH,2023-09-26T20:13:22Z,439450.46
PH_0315,PH_0626,CALLED,2024-06-12T14:13:01Z,68
PH_0864,PH_0784,CALLED,2024-07-23T14:59:13Z,1732
PER_0303,ORG_0080,ASSOCIATED_WITH,,
CASE_0215,PER_0401,PARTICIPATED_IN,,
PH_0743,PH_0938,CALLED,2023-10-27T03:55:00Z,2975
CASE_0171,PER_0066,PARTICIPATED_IN,,
PH_0246,PH_0494,CALLED,2025-08-31T04:41:00Z,3136
CASE_0067,PER_0921,PARTICIPATED_IN,,
PER_0438,ACC_1146,OWNS,,
PER_0512,PH_0380,OWNS,,
ACC_0243,ACC_0384,TRANSACTED_WITH,2023-05-01T16:16:18Z,1937141.29
ACC_0588,ACC_0186,TRANSACTED_WITH,2025-12-23T09:21:46Z,1013304.83
PER_0147,PH_0162,OWNS,,
CASE_0047,PER_0639,PARTICIPATED_IN,,
PH_0988,PH_0171,CALLED,2025-08-17T01:47:28Z,3453
PH_0260,PH_1103,CALLED,2025-06-07T00:38:59Z,1833
ACC_0302,ACC_0881,TRANSACTED_WITH,2025-01-07T14:53:51Z,433212.73
ACC_0060,ACC_0987,TRANSACTED_WITH,2024-05-15T01:39:14Z,772098.87
PER_0990,ACC_0078,OWNS,,
CASE_0030,PER_0029,PARTICIPATED_IN,,
PH_0677,PH_0928,CALLED,2025-12-04T15:59:32Z,3067
PER_0229,VEH_0666,OWNS,,
ACC_0194,ACC_0988,TRANSACTED_WITH,2024-02-06T00:50:09Z,1382064.32
PH_0568,PH_0159,CALLED,2023-08-22T15:54:25Z,2304
PER_0232,ACC_0147,OWNS,,
ACC_0833,ACC_0595,TRANSACTED_WITH,2025-03-04T15:32:58Z,1829140.39
PER_0236,ACC_0099,OWNS,,
PER_0848,PH_0906,OWNS,,
PER_0869,LOC_0031,ASSOCIATED_WITH,,
PER_0286,PH_1192,OWNS,,
PER_0779,VEH_0604,OWNS,,
PER_0907,ACC_0968,OWNS,,
PER_0278,ORG_0039,ASSOCIATED_WITH,,
ACC_0774,ACC_0412,TRANSACTED_WITH,2025-04-09T16:22:38Z,732249.66
ACC_0859,ACC_0284,TRANSACTED_WITH,2024-10-01T20:42:16Z,743144.36
ACC_0770,ACC_0416,TRANSACTED_WITH,2023-07-22T09:01:57Z,1654766.12
ACC_1134,ACC_0062,TRANSACTED_WITH,2025-01-30T04:22:59Z,188237.32
PER_0896,PH_0488,OWNS,,
ACC_0557,ACC_0159,TRANSACTED_WITH,2026-06-06T02:37:28Z,1446273.75
PER_0146,PH_0194,OWNS,,
PER_0380,LOC_0123,ASSOCIATED_WITH,,
PER_0948,VEH_0505,OWNS,,
PH_1164,PH_1313,CALLED,2025-10-22T23:35:37Z,2792
PH_1391,PH_1109,CALLED,2023-09-05T08:44:53Z,2132
PER_0968,ACC_1099,OWNS,,
PER_0059,VEH_0520,OWNS,,
ACC_0637,ACC_0208,TRANSACTED_WITH,2024-06-06T05:55:43Z,417158.48
ACC_0843,ACC_0928,TRANSACTED_WITH,2025-12-16T22:18:15Z,939396.08
ACC_0313,ACC_0787,TRANSACTED_WITH,2025-12-04T13:00:33Z,2183229.99
PH_0597,PH_1056,CALLED,2024-12-17T17:42:44Z,3044
CASE_0086,PER_0221,PARTICIPATED_IN,,
PER_0124,ACC_0831,OWNS,,
PER_0945,LOC_0108,ASSOCIATED_WITH,,
PH_0397,PH_0542,CALLED,2023-11-26T09:10:52Z,106
ACC_0602,ACC_0052,TRANSACTED_WITH,2023-02-09T19:23:11Z,1574132.86
ACC_0495,ACC_0633,TRANSACTED_WITH,2024-10-30T15:00:34Z,2081752.04
PER_0643,LOC_0139,ASSOCIATED_WITH,,
PER_0719,LOC_0076,ASSOCIATED_WITH,,
ACC_0897,ACC_1190,TRANSACTED_WITH,2023-09-02T21:23:50Z,1905107.59
PER_0027,LOC_0088,ASSOCIATED_WITH,,
PH_0899,PH_0219,CALLED,2023-07-16T20:34:56Z,1718
PER_0800,VEH_0449,OWNS,,
PER_0181,ACC_0971,OWNS,,
PER_0556,ACC_0962,OWNS,,
ACC_1175,ACC_0859,TRANSACTED_WITH,2024-03-27T15:45:54Z,224933.15
PH_0975,PH_0761,CALLED,2024-10-08T23:42:53Z,3204
PER_0265,ACC_0927,OWNS,,
CASE_0174,PER_0756,PARTICIPATED_IN,,
PER_0999,ORG_0053,ASSOCIATED_WITH,,
PER_0390,LOC_0013,ASSOCIATED_WITH,,
PER_0393,PH_0592,OWNS,,
PER_0198,ORG_0065,ASSOCIATED_WITH,,
PER_0598,LOC_0098,ASSOCIATED_WITH,,
PH_0667,PH_1376,CALLED,2025-06-21T00:30:24Z,1380
ACC_0766,ACC_0888,TRANSACTED_WITH,2023-11-30T05:54:33Z,592767.22
PER_0257,VEH_0428,OWNS,,
ACC_0554,ACC_0414,TRANSACTED_WITH,2024-03-30T13:14:06Z,196354.5
PER_0388,ACC_1065,OWNS,,
ACC_0749,ACC_0216,TRANSACTED_WITH,2025-07-10T20:31:24Z,1598936.04
PH_0251,PH_1397,CALLED,2026-01-16T04:18:10Z,2352
PH_1165,PH_0315,CALLED,2025-03-30T03:27:45Z,683
PER_0576,LOC_0038,ASSOCIATED_WITH,,
ACC_0409,ACC_0269,TRANSACTED_WITH,2025-04-06T06:29:31Z,13103.54
ACC_0690,ACC_0332,TRANSACTED_WITH,2024-01-24T18:35:07Z,1391445.41
PER_0081,ORG_0020,ASSOCIATED_WITH,,
ACC_0736,ACC_0333,TRANSACTED_WITH,2024-12-24T13:26:07Z,1236037.08
PH_0655,PH_0417,CALLED,2025-06-26T07:05:58Z,2262
PER_0711,VEH_0553,OWNS,,
PH_0411,PH_1146,CALLED,2025-06-24T01:52:05Z,3164
PER_0594,PH_0624,OWNS,,
PH_0516,PH_1243,CALLED,2023-07-02T05:24:10Z,1251
PER_0407,ACC_0859,OWNS,,
ACC_0006,ACC_0865,TRANSACTED_WITH,2024-04-22T09:55:50Z,1809993.85
CASE_0204,PER_0981,PARTICIPATED_IN,,
PH_0544,PH_0407,CALLED,2025-01-30T01:44:28Z,1909
ACC_1126,ACC_0109,TRANSACTED_WITH,2026-04-16T07:24:58Z,2330278.75
PER_0079,VEH_0511,OWNS,,
PER_0713,ACC_0020,OWNS,,
PH_1192,PH_1325,CALLED,2023-07-11T02:29:04Z,3013
PER_0030,PH_0276,OWNS,,
PH_1113,PH_1323,CALLED,2024-11-05T00:35:10Z,1727
PH_1239,PH_0457,CALLED,2025-08-15T06:37:07Z,1049
PER_0499,VEH_0795,OWNS,,
PER_0017,ACC_0862,OWNS,,
PER_0697,ACC_0706,OWNS,,
PER_0322,ACC_0361,OWNS,,
CASE_0138,PER_0116,PARTICIPATED_IN,,
ACC_0889,ACC_1015,TRANSACTED_WITH,2026-04-10T23:40:05Z,431906.47
PH_0534,PH_0302,CALLED,2024-07-22T21:42:15Z,1188
ACC_0863,ACC_0026,TRANSACTED_WITH,2023-06-17T19:40:07Z,1821346.59
PER_0711,PH_1272,OWNS,,
PER_0540,VEH_0504,OWNS,,
PH_0081,PH_0123,CALLED,2024-12-14T05:40:10Z,664
PER_0293,PH_1071,OWNS,,
ACC_0277,ACC_1104,TRANSACTED_WITH,2023-09-19T15:15:55Z,600610.39
PER_0631,VEH_0531,OWNS,,
PER_0672,VEH_0737,OWNS,,
ACC_0355,ACC_1000,TRANSACTED_WITH,2024-10-17T19:11:22Z,1860128.44
PER_0947,ACC_1088,OWNS,,
PER_0795,ACC_1166,OWNS,,
PER_0927,VEH_0121,OWNS,,
ACC_0665,ACC_0371,TRANSACTED_WITH,2024-09-13T22:33:10Z,637495.58
PER_0350,ORG_0117,ASSOCIATED_WITH,,
PER_0036,ACC_0862,OWNS,,
ACC_0957,ACC_0756,TRANSACTED_WITH,2023-05-19T18:46:48Z,944670.17
ACC_0543,ACC_0414,TRANSACTED_WITH,2025-08-04T07:01:39Z,1617412.18
PER_0707,ACC_0984,OWNS,,
ACC_0508,ACC_0057,TRANSACTED_WITH,2023-04-26T06:14:39Z,2032654.66
PER_0491,LOC_0084,ASSOCIATED_WITH,,
PER_0714,ACC_0433,OWNS,,
PER_0371,ACC_0708,OWNS,,
PER_0931,ACC_0285,OWNS,,
PER_0654,VEH_0147,OWNS,,
PER_0864,PH_0295,OWNS,,
PER_0495,LOC_0122,ASSOCIATED_WITH,,
PER_0537,LOC_0040,ASSOCIATED_WITH,,
PER_0857,LOC_0075,ASSOCIATED_WITH,,
PER_0912,PH_1203,OWNS,,
PER_0383,LOC_0068,ASSOCIATED_WITH,,
PH_0031,PH_1391,CALLED,2025-05-29T01:00:28Z,1398
PER_0623,VEH_0255,OWNS,,
PER_0044,PH_0923,OWNS,,
PH_0452,PH_1133,CALLED,2025-02-08T16:32:01Z,2248
PER_0890,LOC_0131,ASSOCIATED_WITH,,
CASE_0090,PER_0949,PARTICIPATED_IN,,
PH_0342,PH_1266,CALLED,2025-10-22T15:20:19Z,1702
ACC_1035,ACC_0151,TRANSACTED_WITH,2024-09-24T08:02:43Z,1459156.7
PH_0663,PH_1323,CALLED,2026-06-30T04:45:50Z,1184
PH_0094,PH_1393,CALLED,2024-09-19T08:53:56Z,3571
PER_0960,VEH_0309,OWNS,,
ACC_0243,ACC_1011,TRANSACTED_WITH,2023-09-26T18:09:53Z,590186.49
ACC_0645,ACC_0150,TRANSACTED_WITH,2024-10-08T18:14:52Z,728808.73
CASE_0244,PER_0023,PARTICIPATED_IN,,
PER_0350,ACC_0050,OWNS,,
PER_0766,ACC_0134,OWNS,,
ACC_0449,ACC_1009,TRANSACTED_WITH,2023-12-27T04:25:00Z,1355727.09
ACC_0513,ACC_0067,TRANSACTED_WITH,2023-05-11T07:05:50Z,712237.61
PH_0161,PH_0344,CALLED,2023-07-18T06:01:40Z,2574
PH_0996,PH_1150,CALLED,2024-12-03T16:22:04Z,3256
PER_0755,LOC_0066,ASSOCIATED_WITH,,
PH_0161,PH_1057,CALLED,2025-08-02T20:53:13Z,2259
PER_0163,ACC_0546,OWNS,,
PER_0057,VEH_0052,OWNS,,
ACC_0199,ACC_0746,TRANSACTED_WITH,2025-03-01T23:44:52Z,2132604.46
PH_0123,PH_1144,CALLED,2024-06-25T14:54:07Z,63
PH_0593,PH_0039,CALLED,2023-06-12T11:53:58Z,3026
PER_0258,VEH_0217,OWNS,,
PER_0811,LOC_0065,ASSOCIATED_WITH,,
PH_0525,PH_0444,CALLED,2024-12-08T05:40:12Z,1431
ACC_0390,ACC_0757,TRANSACTED_WITH,2026-07-08T17:30:34Z,1335810.78
CASE_0223,PER_0481,PARTICIPATED_IN,,
PH_1238,PH_0327,CALLED,2026-05-25T05:47:14Z,3394
PER_0223,ACC_1015,OWNS,,
PH_0042,PH_0849,CALLED,2025-10-10T07:58:54Z,891
PER_0908,VEH_0046,OWNS,,
PER_0238,LOC_0060,ASSOCIATED_WITH,,
PER_0902,VEH_0204,OWNS,,
PER_0996,ACC_0563,OWNS,,
ACC_0501,ACC_1032,TRANSACTED_WITH,2024-04-17T07:30:08Z,1472205.39
PER_0483,VEH_0492,OWNS,,
PH_0325,PH_1258,CALLED,2023-07-15T11:10:51Z,2318
ACC_1193,ACC_0368,TRANSACTED_WITH,2025-08-19T04:29:13Z,1159922.4
PER_0509,ORG_0009,ASSOCIATED_WITH,,
PER_0441,VEH_0382,OWNS,,
ACC_0560,ACC_0109,TRANSACTED_WITH,2025-04-18T23:51:05Z,2495795.07
PER_0578,PH_0084,OWNS,,
PER_0811,PH_1309,OWNS,,
PER_0622,VEH_0111,OWNS,,
PER_0064,PH_0865,OWNS,,
PH_0005,PH_0439,CALLED,2025-03-17T09:34:20Z,3491
ACC_1166,ACC_0924,TRANSACTED_WITH,2024-04-16T08:42:05Z,1553178.14
PER_0297,ORG_0063,ASSOCIATED_WITH,,
PER_0105,PH_1016,OWNS,,
PER_0150,VEH_0549,OWNS,,
ACC_0389,ACC_0906,TRANSACTED_WITH,2025-01-08T17:18:01Z,1416329.0
PH_0046,PH_0982,CALLED,2023-01-26T20:55:23Z,1914
ACC_1200,ACC_0749,TRANSACTED_WITH,2024-08-06T17:26:33Z,481707.94
PER_0238,PH_1144,OWNS,,
PER_0012,VEH_0267,OWNS,,
PER_0947,PH_0677,OWNS,,
ACC_0646,ACC_0532,TRANSACTED_WITH,2023-12-06T20:10:00Z,1159196.15
PER_0603,PH_0126,OWNS,,
PH_1238,PH_1272,CALLED,2024-07-01T02:47:30Z,2537
PER_0066,LOC_0150,ASSOCIATED_WITH,,
PH_1096,PH_0123,CALLED,2025-10-27T04:11:40Z,668
PER_0520,ACC_1078,OWNS,,
PER_0900,ACC_0114,OWNS,,
PER_0413,VEH_0049,OWNS,,
PER_0116,PH_0144,OWNS,,
ACC_1179,ACC_0322,TRANSACTED_WITH,2026-01-05T11:05:07Z,1505378.93
PH_0555,PH_0406,CALLED,2023-02-06T17:17:53Z,1655
PH_0614,PH_0334,CALLED,2023-01-26T22:27:19Z,2773
PER_0685,LOC_0127,ASSOCIATED_WITH,,
PER_0973,LOC_0020,ASSOCIATED_WITH,,
PH_0630,PH_0577,CALLED,2024-09-02T15:08:30Z,700
PER_0202,ACC_1163,OWNS,,
PH_0626,PH_0578,CALLED,2025-03-17T07:55:51Z,1208
PH_1051,PH_1372,CALLED,2026-03-12T13:47:29Z,2012
PER_0266,LOC_0120,ASSOCIATED_WITH,,
CASE_0247,PER_0978,PARTICIPATED_IN,,
ACC_0891,ACC_0059,TRANSACTED_WITH,2023-08-28T19:00:11Z,2384022.79
PH_0538,PH_0541,CALLED,2026-05-16T07:58:54Z,2965
PER_0412,PH_0533,OWNS,,
PH_0830,PH_1313,CALLED,2024-02-16T16:38:04Z,1399
ACC_0337,ACC_0416,TRANSACTED_WITH,2024-09-25T19:09:07Z,1344607.94
PH_0754,PH_0710,CALLED,2026-01-30T23:28:14Z,1572
PER_0483,LOC_0130,ASSOCIATED_WITH,,
ACC_0134,ACC_0640,TRANSACTED_WITH,2025-02-08T19:53:58Z,1975223.55
ACC_0781,ACC_0800,TRANSACTED_WITH,2024-12-03T03:34:07Z,1961320.0
CASE_0212,PER_0111,PARTICIPATED_IN,,
PER_0771,ACC_0790,OWNS,,
ACC_1106,ACC_0200,TRANSACTED_WITH,2025-01-04T10:19:38Z,1739207.39
ACC_0640,ACC_0271,TRANSACTED_WITH,2025-02-07T08:34:54Z,2065584.16
PH_0244,PH_0709,CALLED,2023-05-26T21:43:12Z,2809
PER_0257,ACC_0016,OWNS,,
CASE_0109,PER_0407,PARTICIPATED_IN,,
PER_0585,VEH_0697,OWNS,,
PER_0857,LOC_0002,ASSOCIATED_WITH,,
PH_0758,PH_0545,CALLED,2025-11-20T17:44:16Z,134
PH_1326,PH_1077,CALLED,2023-09-25T01:45:19Z,2860
PER_0193,LOC_0055,ASSOCIATED_WITH,,
PER_0256,PH_0336,OWNS,,
ACC_0026,ACC_0488,TRANSACTED_WITH,2023-08-03T14:01:42Z,122747.82
PH_1376,PH_0848,CALLED,2024-06-09T17:38:34Z,579
ACC_1086,ACC_0151,TRANSACTED_WITH,2025-02-27T16:36:28Z,2402907.72
ACC_0868,ACC_1101,TRANSACTED_WITH,2025-10-09T06:37:58Z,1873696.89
ACC_0140,ACC_0416,TRANSACTED_WITH,2026-02-19T13:01:36Z,713612.49
PH_1366,PH_0083,CALLED,2024-05-22T03:29:22Z,1680
CASE_0057,PER_0422,PARTICIPATED_IN,,
PER_0005,ACC_0604,OWNS,,
ACC_1059,ACC_0826,TRANSACTED_WITH,2024-09-19T21:36:34Z,1714541.68
PER_0150,PH_0783,OWNS,,
PER_0043,VEH_0669,OWNS,,
ACC_1108,ACC_0464,TRANSACTED_WITH,2025-03-28T18:48:12Z,539491.36
ACC_1039,ACC_1047,TRANSACTED_WITH,2023-12-12T02:12:36Z,1013066.89
ACC_0819,ACC_0150,TRANSACTED_WITH,2025-02-02T05:56:57Z,601016.46
ACC_0555,ACC_0128,TRANSACTED_WITH,2026-03-27T00:14:22Z,439496.22
PH_1341,PH_0742,CALLED,2024-12-04T05:15:25Z,482
PH_1376,PH_0817,CALLED,2026-01-19T15:09:20Z,311
PER_0870,LOC_0119,ASSOCIATED_WITH,,
PER_0253,PH_0859,OWNS,,
PER_0552,ACC_0086,OWNS,,
ACC_0416,ACC_0359,TRANSACTED_WITH,2023-12-11T04:04:33Z,242852.45
ACC_0560,ACC_0327,TRANSACTED_WITH,2026-03-28T01:37:20Z,52425.86
PER_0132,VEH_0338,OWNS,,
ACC_0138,ACC_0511,TRANSACTED_WITH,2023-07-08T03:22:05Z,298896.0
PER_0651,LOC_0020,ASSOCIATED_WITH,,
ACC_0874,ACC_0535,TRANSACTED_WITH,2025-05-07T22:03:57Z,105134.4
PER_0303,PH_0031,OWNS,,
ACC_0266,ACC_0546,TRANSACTED_WITH,2025-04-16T00:09:04Z,1999004.49
CASE_0178,PER_0433,PARTICIPATED_IN,,
PH_1253,PH_0964,CALLED,2026-04-01T19:24:28Z,2843
ACC_0767,ACC_0718,TRANSACTED_WITH,2025-05-18T16:16:19Z,2490824.69
ACC_0449,ACC_0248,TRANSACTED_WITH,2025-12-20T01:37:34Z,395323.79
CASE_0162,PER_0509,PARTICIPATED_IN,,
PER_0036,PH_0424,OWNS,,
PER_0666,PH_0925,OWNS,,
PH_0125,PH_0707,CALLED,2026-04-07T02:35:29Z,1605
PER_0607,ACC_0884,OWNS,,
PER_0804,ACC_0535,OWNS,,
PER_0290,PH_0458,OWNS,,
ACC_0888,ACC_1118,TRANSACTED_WITH,2025-06-20T21:36:08Z,438448.44
ACC_1007,ACC_0457,TRANSACTED_WITH,2023-12-30T00:58:55Z,1324616.94
PER_0914,ACC_0098,OWNS,,
PH_1330,PH_0437,CALLED,2024-01-02T04:48:02Z,485
ACC_1162,ACC_0674,TRANSACTED_WITH,2023-08-07T03:09:31Z,134394.52
PH_1213,PH_0931,CALLED,2023-12-06T11:11:46Z,2623
PER_0601,VEH_0349,OWNS,,
PER_0165,PH_0805,OWNS,,
ACC_0830,ACC_0856,TRANSACTED_WITH,2024-06-12T06:03:43Z,370166.76
PER_0381,LOC_0074,ASSOCIATED_WITH,,
PER_0489,ORG_0085,ASSOCIATED_WITH,,
ACC_0494,ACC_0414,TRANSACTED_WITH,2023-06-10T11:34:32Z,1802912.06
PH_0882,PH_1362,CALLED,2024-04-06T13:43:02Z,1815
PER_0357,LOC_0137,ASSOCIATED_WITH,,
PER_0937,LOC_0112,ASSOCIATED_WITH,,
ACC_0961,ACC_0876,TRANSACTED_WITH,2025-12-26T09:21:59Z,1586189.64
PER_0636,LOC_0134,ASSOCIATED_WITH,,
PH_0345,PH_0998,CALLED,2026-04-24T11:29:35Z,2993
PH_1226,PH_1329,CALLED,2024-09-28T19:41:53Z,1235
ACC_0918,ACC_0444,TRANSACTED_WITH,2023-03-23T02:07:28Z,253735.56
CASE_0059,PER_0633,PARTICIPATED_IN,,
PER_0307,ACC_0671,OWNS,,
PER_0866,PH_0531,OWNS,,
ACC_0600,ACC_0791,TRANSACTED_WITH,2024-04-06T23:42:50Z,1708751.13
PER_0788,LOC_0041,ASSOCIATED_WITH,,
PER_0565,ACC_0724,OWNS,,
PER_0298,ACC_0330,OWNS,,
ACC_0839,ACC_0550,TRANSACTED_WITH,2025-03-04T09:18:10Z,815982.54
PH_1317,PH_0884,CALLED,2025-01-14T21:45:03Z,1615
PER_0215,ACC_0505,OWNS,,
PH_0116,PH_0219,CALLED,2025-04-10T21:09:29Z,202
ACC_0312,ACC_0239,TRANSACTED_WITH,2023-12-12T08:54:10Z,1731561.59
PH_0978,PH_0175,CALLED,2023-06-03T17:15:27Z,1202
PH_1115,PH_0125,CALLED,2023-08-28T14:54:38Z,3568
PER_0707,LOC_0028,ASSOCIATED_WITH,,
PER_0801,ACC_1058,OWNS,,
ACC_1129,ACC_0895,TRANSACTED_WITH,2023-10-12T04:08:36Z,2069510.84
PH_0047,PH_0432,CALLED,2025-09-05T09:56:38Z,358
PER_0101,LOC_0008,ASSOCIATED_WITH,,
PER_0282,VEH_0058,OWNS,,
ACC_0557,ACC_0635,TRANSACTED_WITH,2026-03-15T02:46:31Z,1619271.86
PER_0118,PH_0021,OWNS,,
ACC_0555,ACC_0039,TRANSACTED_WITH,2026-07-26T06:39:30Z,2308865.03
PER_0324,PH_1110,OWNS,,
PER_0908,PH_0827,OWNS,,
ACC_1117,ACC_0125,TRANSACTED_WITH,2023-10-20T03:54:03Z,596756.27
ACC_0507,ACC_0967,TRANSACTED_WITH,2024-05-15T07:51:30Z,151743.84
ACC_0511,ACC_0499,TRANSACTED_WITH,2024-01-18T12:01:36Z,893487.63
PER_0306,PH_0601,OWNS,,
PER_0653,VEH_0657,OWNS,,
PH_1012,PH_1128,CALLED,2025-02-15T18:53:42Z,3321
PER_0866,ACC_0919,OWNS,,
ACC_1063,ACC_0733,TRANSACTED_WITH,2025-08-26T18:09:40Z,1087448.52
PH_1375,PH_0266,CALLED,2024-03-12T23:41:12Z,1169
PER_0958,PH_0607,OWNS,,
PER_0400,PH_1390,OWNS,,
PER_0471,ORG_0030,ASSOCIATED_WITH,,
PER_0614,PH_0062,OWNS,,
ACC_0718,ACC_0419,TRANSACTED_WITH,2026-01-01T19:32:10Z,1894225.32
PER_0383,PH_0371,OWNS,,
ACC_1132,ACC_0355,TRANSACTED_WITH,2024-07-31T00:10:52Z,584331.54
PH_1289,PH_0657,CALLED,2024-03-22T14:07:45Z,2066
ACC_0258,ACC_0611,TRANSACTED_WITH,2025-12-05T10:23:54Z,442270.06
PH_0714,PH_0506,CALLED,2025-04-28T14:50:00Z,1058
PER_0442,PH_1399,OWNS,,
PH_0703,PH_1293,CALLED,2023-07-14T12:21:21Z,1299
ACC_1031,ACC_0416,TRANSACTED_WITH,2025-06-17T01:50:05Z,2350211.82
PER_0852,LOC_0008,ASSOCIATED_WITH,,
ACC_0017,ACC_1143,TRANSACTED_WITH,2025-03-07T05:48:19Z,200668.23
ACC_0758,ACC_0440,TRANSACTED_WITH,2024-11-16T08:59:16Z,273178.16
PER_0368,LOC_0138,ASSOCIATED_WITH,,
PER_0249,LOC_0001,ASSOCIATED_WITH,,
PH_0159,PH_1272,CALLED,2024-10-18T20:08:27Z,3050
PER_0808,ORG_0011,ASSOCIATED_WITH,,
ACC_0463,ACC_0294,TRANSACTED_WITH,2024-04-22T19:09:18Z,2274235.6
CASE_0173,PER_0168,PARTICIPATED_IN,,
PER_0969,ACC_1080,OWNS,,
PH_0444,PH_0069,CALLED,2024-11-24T05:20:18Z,3166
PER_0012,ORG_0053,ASSOCIATED_WITH,,
PER_0200,PH_1192,OWNS,,
PH_0164,PH_1302,CALLED,2025-03-26T09:22:16Z,911
PER_0066,ACC_0956,OWNS,,
ACC_0325,ACC_0155,TRANSACTED_WITH,2024-10-21T19:39:03Z,1115178.38
ACC_0079,ACC_1142,TRANSACTED_WITH,2023-06-16T00:34:35Z,1261433.02
ACC_0327,ACC_0795,TRANSACTED_WITH,2023-03-22T19:38:10Z,509501.47
PER_0760,ACC_0632,OWNS,,
PER_0692,ORG_0115,ASSOCIATED_WITH,,
ACC_0178,ACC_0016,TRANSACTED_WITH,2026-02-02T11:44:54Z,1422821.7
PER_0584,LOC_0104,ASSOCIATED_WITH,,
PER_0357,LOC_0074,ASSOCIATED_WITH,,
PER_0286,ORG_0043,ASSOCIATED_WITH,,
PER_0882,PH_0658,OWNS,,
PER_0103,LOC_0130,ASSOCIATED_WITH,,
CASE_0115,PER_0056,PARTICIPATED_IN,,
PH_1345,PH_0774,CALLED,2024-11-03T04:30:44Z,1170
PER_0166,VEH_0039,OWNS,,
ACC_0178,ACC_0088,TRANSACTED_WITH,2023-06-04T21:58:33Z,975938.13
PER_0035,ACC_0931,OWNS,,
PER_0869,ACC_1122,OWNS,,
ACC_0066,ACC_0932,TRANSACTED_WITH,2025-02-21T07:00:47Z,1229480.44
PER_0479,PH_0269,OWNS,,
PER_0964,PH_1275,OWNS,,
PER_0428,VEH_0139,OWNS,,
ACC_1160,ACC_0895,TRANSACTED_WITH,2025-06-17T09:12:55Z,329648.49
ACC_0419,ACC_0872,TRANSACTED_WITH,2023-10-19T00:37:26Z,211633.89
PH_1205,PH_0247,CALLED,2025-07-23T05:22:48Z,782
PER_0361,PH_0924,OWNS,,
ACC_0297,ACC_0804,TRANSACTED_WITH,2024-01-17T02:24:30Z,574029.75
PH_1391,PH_0901,CALLED,2026-05-21T13:50:35Z,2651
ACC_1138,ACC_1167,TRANSACTED_WITH,2023-03-15T21:58:25Z,1229578.89
ACC_0526,ACC_0828,TRANSACTED_WITH,2026-01-22T04:19:09Z,745753.69
ACC_0371,ACC_0436,TRANSACTED_WITH,2023-06-07T16:30:48Z,234912.44
PER_0702,PH_0625,OWNS,,
PER_0924,ACC_0328,OWNS,,
PER_0025,PH_1379,OWNS,,
ACC_0096,ACC_0805,TRANSACTED_WITH,2025-02-05T13:12:27Z,390658.45
ACC_0940,ACC_0875,TRANSACTED_WITH,2024-12-10T12:40:56Z,707893.39
ACC_0077,ACC_0032,TRANSACTED_WITH,2026-06-05T01:16:13Z,710441.22
PER_0628,VEH_0252,OWNS,,
PER_0498,ORG_0117,ASSOCIATED_WITH,,
PH_0959,PH_0643,CALLED,2024-10-11T23:06:13Z,3483
PER_0175,VEH_0732,OWNS,,
ACC_0712,ACC_0166,TRANSACTED_WITH,2025-08-26T22:11:59Z,2379474.99
PER_0075,ACC_0561,OWNS,,
ACC_1063,ACC_0040,TRANSACTED_WITH,2023-02-20T12:28:03Z,2460771.13
PER_0515,PH_0173,OWNS,,
PER_0811,VEH_0085,OWNS,,
PH_0126,PH_1111,CALLED,2023-04-08T02:57:29Z,3132
PER_0423,ACC_0538,OWNS,,
PER_0959,ORG_0024,ASSOCIATED_WITH,,
PH_1319,PH_1286,CALLED,2023-03-31T06:07:02Z,216
PER_0995,LOC_0125,ASSOCIATED_WITH,,
PH_1395,PH_1198,CALLED,2023-05-11T05:13:11Z,236
PER_0155,LOC_0064,ASSOCIATED_WITH,,
PER_0119,PH_1239,OWNS,,
PH_0461,PH_0373,CALLED,2026-02-25T04:37:59Z,2864
ACC_0683,ACC_0913,TRANSACTED_WITH,2025-08-21T02:09:54Z,2221139.91
ACC_0270,ACC_0640,TRANSACTED_WITH,2024-03-14T23:07:10Z,437177.05
ACC_0396,ACC_0631,TRANSACTED_WITH,2026-06-04T15:35:43Z,1193801.75
CASE_0076,PER_0310,PARTICIPATED_IN,,
PER_0781,ACC_0034,OWNS,,
PH_0767,PH_1200,CALLED,2025-09-23T00:16:19Z,26
PER_0050,VEH_0597,OWNS,,
ACC_0476,ACC_1128,TRANSACTED_WITH,2023-09-18T21:39:23Z,765666.94
ACC_0455,ACC_1032,TRANSACTED_WITH,2024-04-18T05:03:41Z,1447122.94
PH_0468,PH_0575,CALLED,2026-06-04T03:06:14Z,1676
PER_0041,ACC_0088,OWNS,,
PER_0750,ORG_0016,ASSOCIATED_WITH,,
PH_1017,PH_0884,CALLED,2023-06-20T05:47:59Z,458
PER_0374,LOC_0150,ASSOCIATED_WITH,,
ACC_0107,ACC_0524,TRANSACTED_WITH,2025-06-17T20:40:36Z,2210406.73
PER_0649,VEH_0155,OWNS,,
PER_0792,LOC_0147,ASSOCIATED_WITH,,
CASE_0197,PER_0490,PARTICIPATED_IN,,
ACC_0071,ACC_0050,TRANSACTED_WITH,2024-01-17T14:30:17Z,2261413.21
PER_0145,PH_0862,OWNS,,
CASE_0181,PER_0981,PARTICIPATED_IN,,
ACC_0001,ACC_0766,TRANSACTED_WITH,2023-09-26T02:16:45Z,2164740.58
PER_0783,LOC_0104,ASSOCIATED_WITH,,
PER_0827,PH_0581,OWNS,,
ACC_1118,ACC_0493,TRANSACTED_WITH,2025-09-16T05:29:37Z,722421.14
CASE_0227,PER_0734,PARTICIPATED_IN,,
ACC_0905,ACC_0639,TRANSACTED_WITH,2024-06-14T16:37:57Z,1442626.27
PH_1313,PH_0028,CALLED,2024-06-16T10:14:16Z,2995
PER_0114,ORG_0018,ASSOCIATED_WITH,,
PER_0442,ORG_0060,ASSOCIATED_WITH,,
PH_0237,PH_0816,CALLED,2024-09-23T03:24:58Z,2189
ACC_0662,ACC_1010,TRANSACTED_WITH,2026-01-25T18:35:47Z,1126813.98
ACC_1192,ACC_0222,TRANSACTED_WITH,2026-07-10T10:26:08Z,2211227.58
CASE_0098,PER_0488,PARTICIPATED_IN,,
CASE_0208,PER_0436,PARTICIPATED_IN,,
PH_0523,PH_1006,CALLED,2023-03-04T06:46:34Z,1976
PH_1236,PH_0061,CALLED,2025-08-17T23:41:10Z,392
PER_0356,ACC_0639,OWNS,,
PER_0829,PH_1223,OWNS,,
PER_0531,ACC_0984,OWNS,,
ACC_0497,ACC_0404,TRANSACTED_WITH,2025-05-19T17:54:15Z,1886696.22
ACC_0101,ACC_0289,TRANSACTED_WITH,2024-04-12T11:53:02Z,546816.47
PH_0277,PH_0316,CALLED,2023-02-06T18:31:07Z,762
ACC_0435,ACC_1119,TRANSACTED_WITH,2023-03-12T02:00:43Z,1139383.71
PH_0955,PH_0005,CALLED,2026-07-22T18:55:03Z,3506
ACC_0960,ACC_0564,TRANSACTED_WITH,2023-12-01T01:06:17Z,1062321.26
ACC_0992,ACC_0964,TRANSACTED_WITH,2026-02-09T19:58:28Z,517830.89
PER_0953,ACC_0573,OWNS,,
ACC_0869,ACC_0797,TRANSACTED_WITH,2025-06-28T05:53:45Z,936031.1
ACC_0894,ACC_0128,TRANSACTED_WITH,2026-01-14T23:50:34Z,227869.37
PER_0491,VEH_0568,OWNS,,
PER_0436,VEH_0313,OWNS,,
PER_0016,LOC_0098,ASSOCIATED_WITH,,
PER_0362,ACC_0706,OWNS,,
PER_0387,LOC_0108,ASSOCIATED_WITH,,
PER_0929,ACC_0300,OWNS,,
PER_0898,ACC_0452,OWNS,,
ACC_0549,ACC_0967,TRANSACTED_WITH,2024-02-29T21:01:37Z,1150758.24
PER_0369,ORG_0083,ASSOCIATED_WITH,,
PER_0197,PH_0664,OWNS,,
PER_0306,VEH_0796,OWNS,,
ACC_0373,ACC_0560,TRANSACTED_WITH,2023-05-26T23:19:20Z,1309342.85
CASE_0213,PER_0261,PARTICIPATED_IN,,
PER_0642,PH_1127,OWNS,,
PH_0409,PH_0209,CALLED,2025-10-13T05:47:23Z,1311
PH_1203,PH_0283,CALLED,2023-07-22T03:20:23Z,2569
PER_0267,VEH_0489,OWNS,,
ACC_0858,ACC_1141,TRANSACTED_WITH,2023-10-17T12:56:09Z,285511.9
PER_0407,PH_0376,OWNS,,
ACC_0476,ACC_0542,TRANSACTED_WITH,2023-11-10T17:50:43Z,104795.47
PH_0788,PH_1121,CALLED,2023-05-14T08:42:16Z,2630
PER_0551,ACC_0432,OWNS,,
ACC_0629,ACC_0741,TRANSACTED_WITH,2025-11-27T01:30:05Z,1049116.01
PER_0978,VEH_0020,OWNS,,
ACC_1050,ACC_0972,TRANSACTED_WITH,2023-12-14T04:25:52Z,2365542.18
PER_0495,ACC_0117,OWNS,,
PER_0350,LOC_0139,ASSOCIATED_WITH,,
PER_0925,ACC_0253,OWNS,,
PER_0685,LOC_0074,ASSOCIATED_WITH,,
PER_0187,VEH_0369,OWNS,,
PER_0845,PH_0127,OWNS,,
PER_0632,ORG_0083,ASSOCIATED_WITH,,
ACC_1155,ACC_0330,TRANSACTED_WITH,2023-06-12T15:38:29Z,872610.77
PER_0884,VEH_0008,OWNS,,
PER_0743,VEH_0799,OWNS,,
PH_0056,PH_0078,CALLED,2024-01-08T15:54:29Z,3113
PER_0666,ACC_0996,OWNS,,
PER_0008,LOC_0009,ASSOCIATED_WITH,,
PER_0163,VEH_0466,OWNS,,
ACC_1179,ACC_0708,TRANSACTED_WITH,2024-02-02T05:21:30Z,506792.21
PER_0758,LOC_0116,ASSOCIATED_WITH,,
ACC_0674,ACC_0931,TRANSACTED_WITH,2024-02-12T08:42:31Z,2144635.51
ACC_0267,ACC_0686,TRANSACTED_WITH,2025-04-20T03:49:19Z,1071211.21
PH_0879,PH_0253,CALLED,2024-10-21T14:55:06Z,721
PH_0903,PH_0051,CALLED,2024-07-17T18:57:56Z,156
CASE_0224,PER_0280,PARTICIPATED_IN,,
ACC_0990,ACC_1192,TRANSACTED_WITH,2024-02-05T03:28:04Z,1730422.24
ACC_0648,ACC_1095,TRANSACTED_WITH,2025-07-04T07:13:02Z,2142469.49
PER_0965,VEH_0556,OWNS,,
PH_0880,PH_0630,CALLED,2024-08-11T13:01:00Z,2996
PH_0724,PH_0746,CALLED,2026-06-01T18:52:27Z,401
PER_0168,ACC_0261,OWNS,,
ACC_0122,ACC_0458,TRANSACTED_WITH,2026-04-05T14:39:51Z,1079859.55
PH_0106,PH_0869,CALLED,2024-05-06T12:46:03Z,2831
PER_0019,ACC_0927,OWNS,,
PER_0288,ACC_0859,OWNS,,
PER_0698,ACC_0297,OWNS,,
PH_0252,PH_1128,CALLED,2024-07-03T00:33:26Z,2978
PH_1125,PH_0950,CALLED,2023-04-06T21:46:21Z,1786
PER_0978,ACC_0706,OWNS,,
PER_0922,LOC_0108,ASSOCIATED_WITH,,
ACC_0794,ACC_0690,TRANSACTED_WITH,2024-12-10T23:57:11Z,2449808.89
PER_0698,PH_0061,OWNS,,
PER_0548,VEH_0681,OWNS,,
PH_0094,PH_0270,CALLED,2023-10-25T04:56:42Z,3142
PER_0349,PH_0133,OWNS,,
ACC_0244,ACC_0270,TRANSACTED_WITH,2023-02-22T09:35:31Z,76885.92
ACC_0835,ACC_0150,TRANSACTED_WITH,2024-08-27T02:14:10Z,50650.08
CASE_0105,PER_0721,PARTICIPATED_IN,,
ACC_0267,ACC_0378,TRANSACTED_WITH,2023-01-26T06:02:36Z,1512610.2
PH_0269,PH_0650,CALLED,2026-01-24T07:32:29Z,2483
CASE_0075,PER_0253,PARTICIPATED_IN,,
PER_0225,ACC_0034,OWNS,,
ACC_0248,ACC_1050,TRANSACTED_WITH,2025-07-01T04:00:36Z,1963868.71
CASE_0012,PER_0637,PARTICIPATED_IN,,
PH_0997,PH_0904,CALLED,2024-07-11T16:33:50Z,1955
PER_0066,PH_1386,OWNS,,
PER_0998,ACC_0148,OWNS,,
PER_0586,LOC_0146,ASSOCIATED_WITH,,
PER_0088,VEH_0734,OWNS,,
PER_0646,PH_0377,OWNS,,
PER_0858,LOC_0049,ASSOCIATED_WITH,,
CASE_0029,PER_0603,PARTICIPATED_IN,,
PH_0733,PH_0069,CALLED,2023-02-04T20:53:02Z,1672
ACC_1195,ACC_0381,TRANSACTED_WITH,2023-09-14T17:07:34Z,558027.99
ACC_0241,ACC_0157,TRANSACTED_WITH,2023-02-16T13:08:52Z,264086.2
ACC_0117,ACC_0336,TRANSACTED_WITH,2025-08-23T09:00:34Z,1193553.0
PER_0116,VEH_0164,OWNS,,
PH_1144,PH_1313,CALLED,2025-06-14T09:03:29Z,3559
PER_0837,ACC_0919,OWNS,,
PER_0744,VEH_0126,OWNS,,
PH_0712,PH_0047,CALLED,2025-11-17T01:10:22Z,3041
PER_0511,ORG_0027,ASSOCIATED_WITH,,
PER_0198,LOC_0077,ASSOCIATED_WITH,,
PER_0191,PH_0501,OWNS,,
PER_0026,ORG_0100,ASSOCIATED_WITH,,
PER_0606,ACC_0869,OWNS,,
PH_0104,PH_1040,CALLED,2023-08-09T03:30:47Z,746
CASE_0093,PER_0707,PARTICIPATED_IN,,
PH_0800,PH_0816,CALLED,2025-02-23T23:56:11Z,208
PER_0631,PH_0211,OWNS,,
ACC_0261,ACC_0401,TRANSACTED_WITH,2026-01-01T00:03:09Z,642220.14
PER_0217,ACC_0620,OWNS,,
PER_0851,VEH_0265,OWNS,,
PER_0865,ACC_0874,OWNS,,
PER_0412,ORG_0031,ASSOCIATED_WITH,,
ACC_0997,ACC_0456,TRANSACTED_WITH,2023-05-09T18:10:22Z,1698963.46
PH_0601,PH_0652,CALLED,2024-12-17T17:23:58Z,1173
PER_0177,PH_0510,OWNS,,
CASE_0048,PER_0171,PARTICIPATED_IN,,
PER_0776,PH_1228,OWNS,,
PH_0220,PH_0819,CALLED,2023-11-02T18:11:50Z,585
ACC_1022,ACC_0743,TRANSACTED_WITH,2024-04-26T16:49:01Z,1940172.37
PER_0269,ACC_0016,OWNS,,
PER_0676,LOC_0008,ASSOCIATED_WITH,,
PER_0252,PH_0557,OWNS,,
PER_0645,ORG_0088,ASSOCIATED_WITH,,
PH_0428,PH_0409,CALLED,2026-04-24T17:30:59Z,2037
PH_0279,PH_1394,CALLED,2025-10-30T12:18:11Z,332
PH_1239,PH_0627,CALLED,2024-06-03T14:25:28Z,1086
PER_0092,VEH_0496,OWNS,,
PER_0107,VEH_0478,OWNS,,
PH_0565,PH_0167,CALLED,2025-09-04T21:25:14Z,1816
ACC_0972,ACC_0024,TRANSACTED_WITH,2023-07-30T19:56:45Z,2278089.29
PER_0718,VEH_0251,OWNS,,
PER_0833,ACC_0433,OWNS,,
PH_0317,PH_1357,CALLED,2025-05-17T18:20:41Z,1679
PER_0701,ORG_0009,ASSOCIATED_WITH,,
PER_0622,LOC_0136,ASSOCIATED_WITH,,
PER_0350,PH_0126,OWNS,,
ACC_0833,ACC_0232,TRANSACTED_WITH,2025-10-07T05:01:17Z,2350871.48
PH_1322,PH_0874,CALLED,2026-06-23T00:29:02Z,1656
PH_1148,PH_1251,CALLED,2023-12-23T06:19:15Z,106
PH_0959,PH_0962,CALLED,2026-04-01T18:07:31Z,1117
PH_1349,PH_1342,CALLED,2025-11-09T07:24:43Z,1960
PER_0004,ACC_0960,OWNS,,
ACC_0380,ACC_0841,TRANSACTED_WITH,2024-09-07T23:30:44Z,164191.93
ACC_1042,ACC_0673,TRANSACTED_WITH,2023-10-09T21:34:42Z,60592.26
PH_0762,PH_0428,CALLED,2025-05-29T01:11:48Z,3031
PER_0036,PH_0821,OWNS,,
ACC_1025,ACC_0075,TRANSACTED_WITH,2025-02-07T20:31:35Z,1145907.57
PER_0513,VEH_0675,OWNS,,
PH_0371,PH_0136,CALLED,2025-05-15T20:19:08Z,468
ACC_0563,ACC_0658,TRANSACTED_WITH,2026-06-01T09:49:27Z,516192.64
ACC_1046,ACC_0419,TRANSACTED_WITH,2025-02-23T14:55:07Z,276094.23
ACC_0301,ACC_0726,TRANSACTED_WITH,2025-02-09T21:33:09Z,1734617.72
PER_0844,ORG_0061,ASSOCIATED_WITH,,
PH_1159,PH_1067,CALLED,2023-09-05T18:05:01Z,1074
ACC_0765,ACC_0526,TRANSACTED_WITH,2026-03-23T15:11:02Z,348148.05
PER_0435,PH_0356,OWNS,,
PER_0361,VEH_0408,OWNS,,
ACC_0219,ACC_0632,TRANSACTED_WITH,2023-09-15T04:37:48Z,603703.78
PER_0344,ACC_0965,OWNS,,
PH_1330,PH_0774,CALLED,2023-06-23T02:29:45Z,1445
ACC_0957,ACC_0947,TRANSACTED_WITH,2026-03-31T08:16:25Z,904589.73
PER_0211,VEH_0612,OWNS,,
ACC_0455,ACC_1027,TRANSACTED_WITH,2024-11-07T02:47:19Z,405336.02
ACC_1065,ACC_0098,TRANSACTED_WITH,2025-05-08T12:23:23Z,262997.1
PER_0006,VEH_0040,OWNS,,
PER_0291,VEH_0445,OWNS,,
PH_0126,PH_1205,CALLED,2023-08-29T21:57:34Z,1346
PER_0705,VEH_0148,OWNS,,
PER_0047,VEH_0650,OWNS,,
PH_0781,PH_0842,CALLED,2024-10-08T09:03:42Z,2794
PH_0203,PH_0212,CALLED,2025-09-28T13:15:57Z,3141
PER_0741,PH_0264,OWNS,,
PER_0390,PH_1008,OWNS,,
PER_0397,ACC_0009,OWNS,,
ACC_1173,ACC_1125,TRANSACTED_WITH,2025-02-27T04:11:53Z,544022.81
ACC_0496,ACC_0968,TRANSACTED_WITH,2026-05-09T16:48:53Z,1939331.11
PER_0271,VEH_0284,OWNS,,
PH_0094,PH_0410,CALLED,2025-07-13T00:58:48Z,1461
PER_0474,ACC_0536,OWNS,,
CASE_0229,PER_0059,PARTICIPATED_IN,,
ACC_0602,ACC_0287,TRANSACTED_WITH,2023-08-09T19:18:59Z,10580.84
ACC_0657,ACC_0695,TRANSACTED_WITH,2024-03-20T06:52:21Z,2356488.85
PER_0675,VEH_0227,OWNS,,
PER_0333,ACC_0882,OWNS,,
PER_0068,ACC_0251,OWNS,,
CASE_0151,PER_0479,PARTICIPATED_IN,,
PER_0560,VEH_0270,OWNS,,
PER_0295,PH_0230,OWNS,,
ACC_0746,ACC_0805,TRANSACTED_WITH,2025-08-10T19:48:21Z,200968.41
ACC_0058,ACC_0574,TRANSACTED_WITH,2024-07-13T07:34:19Z,2126430.68
PER_0439,VEH_0112,OWNS,,
PER_0709,ORG_0003,ASSOCIATED_WITH,,
ACC_0867,ACC_0421,TRANSACTED_WITH,2023-08-09T04:03:40Z,1474730.69
CASE_0134,PER_0222,PARTICIPATED_IN,,
PH_0250,PH_0742,CALLED,2024-01-26T11:21:01Z,3428
CASE_0202,PER_0063,PARTICIPATED_IN,,
ACC_0189,ACC_0341,TRANSACTED_WITH,2026-01-20T06:53:27Z,149379.07
ACC_0345,ACC_0615,TRANSACTED_WITH,2024-03-16T15:00:19Z,1716870.55
PH_0716,PH_0159,CALLED,2024-05-17T04:20:09Z,2864
CASE_0165,PER_0008,PARTICIPATED_IN,,
PER_0509,LOC_0073,ASSOCIATED_WITH,,
ACC_0371,ACC_0420,TRANSACTED_WITH,2023-02-19T05:29:27Z,2241155.18
PH_0994,PH_0878,CALLED,2023-07-29T18:32:36Z,90
PER_0697,LOC_0083,ASSOCIATED_WITH,,
PER_0822,LOC_0091,ASSOCIATED_WITH,,
PER_0371,VEH_0544,OWNS,,
PER_0353,VEH_0545,OWNS,,
PER_0084,PH_0440,OWNS,,
PER_0939,ACC_0033,OWNS,,
CASE_0242,PER_0557,PARTICIPATED_IN,,
PER_0113,VEH_0438,OWNS,,
PER_0243,PH_0720,OWNS,,
ACC_1121,ACC_0599,TRANSACTED_WITH,2023-09-19T12:51:11Z,872366.17
ACC_0972,ACC_0971,TRANSACTED_WITH,2025-12-28T23:43:03Z,299964.88
PER_0835,ACC_0402,OWNS,,
PER_0444,LOC_0015,ASSOCIATED_WITH,,
PER_0513,LOC_0124,ASSOCIATED_WITH,,
ACC_0801,ACC_0403,TRANSACTED_WITH,2025-01-13T04:05:43Z,1166551.67
PER_0314,VEH_0007,OWNS,,
PER_0732,ORG_0085,ASSOCIATED_WITH,,
ACC_0827,ACC_0202,TRANSACTED_WITH,2026-01-05T15:08:53Z,239921.36
PER_0175,ACC_0208,OWNS,,
PER_0034,VEH_0730,OWNS,,
PER_0916,PH_0030,OWNS,,
PER_0582,LOC_0008,ASSOCIATED_WITH,,
ACC_0426,ACC_1008,TRANSACTED_WITH,2024-10-03T15:33:08Z,502628.39
PH_1360,PH_1285,CALLED,2025-05-12T23:45:48Z,2010
PH_0441,PH_0300,CALLED,2026-05-01T07:59:03Z,3186
ACC_0353,ACC_1027,TRANSACTED_WITH,2025-07-08T23:01:55Z,604792.25
PER_0364,ACC_0212,OWNS,,
PER_0059,PH_0839,OWNS,,
ACC_1151,ACC_0279,TRANSACTED_WITH,2024-04-26T11:34:43Z,1877204.83
PH_0476,PH_0365,CALLED,2026-07-30T01:02:23Z,704
PER_0148,PH_1142,OWNS,,
CASE_0059,PER_0936,PARTICIPATED_IN,,
PER_0827,VEH_0488,OWNS,,
PER_0178,ACC_0208,OWNS,,
PER_0580,ACC_0079,OWNS,,
PER_0483,ACC_0805,OWNS,,
CASE_0077,PER_0930,PARTICIPATED_IN,,
PER_0263,VEH_0077,OWNS,,
PH_0997,PH_0857,CALLED,2025-03-02T17:53:01Z,2658
PER_0354,ACC_1050,OWNS,,
PER_0246,VEH_0189,OWNS,,
CASE_0101,PER_0226,PARTICIPATED_IN,,
PER_0032,ORG_0039,ASSOCIATED_WITH,,
PH_1126,PH_0197,CALLED,2024-07-20T18:00:44Z,228
ACC_1195,ACC_0837,TRANSACTED_WITH,2023-06-19T21:31:32Z,742248.55
ACC_0965,ACC_1115,TRANSACTED_WITH,2023-06-22T17:06:26Z,1183502.11
PER_0349,PH_0905,OWNS,,
PH_1195,PH_1161,CALLED,2024-04-17T03:54:35Z,3588
PER_0512,ORG_0046,ASSOCIATED_WITH,,
PER_0155,VEH_0686,OWNS,,
PER_0706,PH_0659,OWNS,,
PER_0889,VEH_0034,OWNS,,
PER_0755,VEH_0477,OWNS,,
ACC_0042,ACC_0733,TRANSACTED_WITH,2024-11-26T15:20:10Z,993432.41
PH_0551,PH_1389,CALLED,2025-09-20T22:32:53Z,2984
PER_0354,VEH_0775,OWNS,,
ACC_0455,ACC_0794,TRANSACTED_WITH,2026-06-09T00:20:45Z,752647.98
PER_0379,PH_1025,OWNS,,
PER_0477,LOC_0029,ASSOCIATED_WITH,,
ACC_0893,ACC_0608,TRANSACTED_WITH,2025-05-04T12:57:11Z,1610390.09
CASE_0159,PER_0535,PARTICIPATED_IN,,
PER_0178,PH_0929,OWNS,,
PER_0106,ACC_0686,OWNS,,
PER_0087,LOC_0029,ASSOCIATED_WITH,,
PER_0753,PH_0750,OWNS,,
PER_0178,PH_0491,OWNS,,
PH_0445,PH_0362,CALLED,2025-06-18T11:40:42Z,1015
PH_0747,PH_1182,CALLED,2026-01-18T21:00:02Z,1428
PER_0915,LOC_0096,ASSOCIATED_WITH,,
PER_0694,PH_0506,OWNS,,
PER_0125,LOC_0038,ASSOCIATED_WITH,,
ACC_0827,ACC_1162,TRANSACTED_WITH,2024-02-16T02:22:53Z,717857.86
PER_0541,VEH_0061,OWNS,,
PER_0137,ACC_0212,OWNS,,
ACC_1107,ACC_0186,TRANSACTED_WITH,2023-08-29T03:08:57Z,2243921.66
ACC_0892,ACC_0746,TRANSACTED_WITH,2023-08-13T19:33:20Z,1145915.06
ACC_1016,ACC_0529,TRANSACTED_WITH,2025-12-01T16:28:55Z,1570894.32
ACC_0114,ACC_0805,TRANSACTED_WITH,2024-08-16T12:52:21Z,277199.04
ACC_0820,ACC_0885,TRANSACTED_WITH,2024-06-20T20:51:09Z,2316205.47
ACC_0150,ACC_0436,TRANSACTED_WITH,2023-08-23T09:10:29Z,1907198.81
PH_0126,PH_1070,CALLED,2025-02-13T19:39:28Z,1819
PER_0883,ACC_0006,OWNS,,
PH_0161,PH_0087,CALLED,2025-12-20T19:01:16Z,2673
PER_0955,LOC_0014,ASSOCIATED_WITH,,
ACC_1192,ACC_0050,TRANSACTED_WITH,2023-12-24T11:25:45Z,965170.0
PER_0592,ACC_0600,OWNS,,
PER_0966,VEH_0747,OWNS,,
ACC_0797,ACC_0718,TRANSACTED_WITH,2026-05-08T16:15:12Z,173480.76
ACC_0970,ACC_0203,TRANSACTED_WITH,2023-01-17T13:46:59Z,812061.54
ACC_0418,ACC_1064,TRANSACTED_WITH,2025-02-01T21:48:03Z,1596324.62
ACC_0741,ACC_0803,TRANSACTED_WITH,2023-07-27T01:45:40Z,2442067.65
PH_0252,PH_1152,CALLED,2025-03-20T15:25:55Z,1649
PER_0579,LOC_0056,ASSOCIATED_WITH,,
PER_0456,VEH_0459,OWNS,,
PER_0886,VEH_0104,OWNS,,
ACC_1096,ACC_1173,TRANSACTED_WITH,2024-04-15T14:51:38Z,1211313.45
PER_0235,VEH_0081,OWNS,,
PER_0273,ACC_0150,OWNS,,
PER_0687,VEH_0368,OWNS,,
PER_0099,ACC_0226,OWNS,,
PER_0194,ACC_0024,OWNS,,
PH_0069,PH_1388,CALLED,2023-09-23T01:53:22Z,140
PER_0141,LOC_0112,ASSOCIATED_WITH,,
ACC_0928,ACC_0740,TRANSACTED_WITH,2023-01-15T01:23:39Z,922625.06
ACC_0794,ACC_0674,TRANSACTED_WITH,2023-10-08T01:47:07Z,659052.68
PH_1376,PH_0187,CALLED,2024-04-12T22:21:52Z,2948
PER_0936,LOC_0066,ASSOCIATED_WITH,,
PER_0152,LOC_0147,ASSOCIATED_WITH,,
PER_0829,LOC_0010,ASSOCIATED_WITH,,
PER_0591,ACC_1016,OWNS,,
ACC_0249,ACC_1197,TRANSACTED_WITH,2025-06-18T12:10:50Z,446031.25
PER_0024,ACC_0319,OWNS,,
PER_0330,ACC_1003,OWNS,,
PER_0097,VEH_0751,OWNS,,
PER_0960,LOC_0065,ASSOCIATED_WITH,,
PH_0239,PH_0741,CALLED,2023-11-09T17:59:56Z,1514
PH_1206,PH_0575,CALLED,2026-02-18T03:15:01Z,2857
PER_0709,PH_0328,OWNS,,
PER_0784,PH_0067,OWNS,,
PH_0228,PH_1245,CALLED,2023-09-20T06:30:51Z,2906
PER_0304,ACC_0561,OWNS,,
ACC_1097,ACC_0069,TRANSACTED_WITH,2026-06-02T16:27:57Z,1835623.92
PER_0142,ACC_0476,OWNS,,
PER_0842,ACC_1016,OWNS,,
PH_0890,PH_0230,CALLED,2024-04-03T04:54:36Z,2896
PER_0114,PH_0066,OWNS,,
CASE_0060,PER_0476,PARTICIPATED_IN,,
PER_0848,ACC_0984,OWNS,,
PER_0946,PH_0653,OWNS,,
PER_0069,ACC_0581,OWNS,,
PH_0859,PH_1066,CALLED,2025-08-19T02:16:02Z,2092
ACC_0291,ACC_0255,TRANSACTED_WITH,2025-01-20T22:52:12Z,206022.83
PER_0410,VEH_0529,OWNS,,
CASE_0072,PER_0689,PARTICIPATED_IN,,
PER_0927,LOC_0013,ASSOCIATED_WITH,,
PER_0996,PH_0326,OWNS,,
ACC_0775,ACC_0587,TRANSACTED_WITH,2024-09-01T02:58:17Z,2345832.64
ACC_0245,ACC_1083,TRANSACTED_WITH,2023-08-04T22:31:00Z,1578259.79
PER_0134,ORG_0041,ASSOCIATED_WITH,,
PER_0375,LOC_0033,ASSOCIATED_WITH,,
PER_0169,VEH_0413,OWNS,,
PER_0624,ACC_1068,OWNS,,
PER_0857,ACC_0749,OWNS,,
PER_0089,ACC_0551,OWNS,,
PH_0926,PH_0437,CALLED,2025-04-06T20:00:33Z,912
PER_0784,PH_0605,OWNS,,
PH_0574,PH_0977,CALLED,2024-06-23T07:28:16Z,2507
PER_0600,VEH_0699,OWNS,,
PH_0422,PH_0908,CALLED,2023-06-07T09:50:00Z,1552
PER_0921,ORG_0086,ASSOCIATED_WITH,,
ACC_0801,ACC_1158,TRANSACTED_WITH,2026-06-12T07:23:01Z,2092022.47
ACC_0439,ACC_0696,TRANSACTED_WITH,2024-10-11T00:29:57Z,2236346.18
ACC_0090,ACC_0820,TRANSACTED_WITH,2024-06-17T11:41:24Z,368778.12
PER_0476,VEH_0603,OWNS,,
PH_0919,PH_0973,CALLED,2026-05-12T18:05:33Z,564
PER_0974,LOC_0033,ASSOCIATED_WITH,,
PH_1376,PH_0646,CALLED,2026-04-09T08:31:23Z,1108
PER_0196,LOC_0063,ASSOCIATED_WITH,,
ACC_0078,ACC_0857,TRANSACTED_WITH,2024-02-25T12:19:42Z,201164.95
CASE_0020,PER_0687,PARTICIPATED_IN,,
CASE_0024,PER_0399,PARTICIPATED_IN,,
ACC_0578,ACC_0918,TRANSACTED_WITH,2024-08-01T23:46:10Z,53797.49
ACC_1139,ACC_0024,TRANSACTED_WITH,2025-06-17T01:57:16Z,1881314.18
PH_0681,PH_1309,CALLED,2023-05-22T04:17:27Z,2044
ACC_0517,ACC_0060,TRANSACTED_WITH,2024-07-16T08:59:49Z,817375.1
PER_0599,LOC_0043,ASSOCIATED_WITH,,
PER_0267,ACC_0061,OWNS,,
PH_0958,PH_0043,CALLED,2025-10-26T21:42:20Z,1694
PER_0287,LOC_0149,ASSOCIATED_WITH,,
PER_0918,LOC_0076,ASSOCIATED_WITH,,
ACC_0992,ACC_0526,TRANSACTED_WITH,2025-03-04T06:12:51Z,1389078.31
ACC_0745,ACC_0051,TRANSACTED_WITH,2026-07-13T21:37:38Z,2184411.48
PH_0244,PH_1194,CALLED,2026-01-07T16:06:01Z,362
ACC_0931,ACC_0844,TRANSACTED_WITH,2024-03-27T14:56:15Z,1771828.7
ACC_0230,ACC_0371,TRANSACTED_WITH,2024-01-14T23:43:22Z,249743.09
PER_0297,PH_1261,OWNS,,
PER_0784,LOC_0020,ASSOCIATED_WITH,,
PER_0363,ACC_0260,OWNS,,
PER_0131,PH_0230,OWNS,,
PER_0525,PH_0971,OWNS,,
PER_0933,LOC_0140,ASSOCIATED_WITH,,
PER_0896,PH_0108,OWNS,,
PH_1283,PH_0670,CALLED,2023-01-12T00:53:55Z,2567
PER_0578,VEH_0044,OWNS,,
PER_0620,VEH_0243,OWNS,,
PH_0364,PH_1000,CALLED,2025-03-07T14:33:13Z,2651
PER_0965,ACC_1083,OWNS,,
ACC_0747,ACC_1181,TRANSACTED_WITH,2024-01-18T06:42:23Z,2217657.24
PER_0683,ORG_0109,ASSOCIATED_WITH,,
PH_1321,PH_1213,CALLED,2026-02-01T12:59:20Z,1048
CASE_0097,PER_0015,PARTICIPATED_IN,,
PER_0808,VEH_0114,OWNS,,
ACC_0683,ACC_0550,TRANSACTED_WITH,2025-03-17T06:31:17Z,2140007.79
PER_0383,LOC_0111,ASSOCIATED_WITH,,
PER_0531,LOC_0056,ASSOCIATED_WITH,,
PH_0677,PH_0471,CALLED,2024-09-20T02:48:07Z,2663
PER_0354,PH_0444,OWNS,,
PER_0928,PH_0699,OWNS,,
CASE_0037,PER_0371,PARTICIPATED_IN,,
PH_0605,PH_0741,CALLED,2025-08-20T04:51:12Z,781
PH_1150,PH_0246,CALLED,2025-02-10T22:22:40Z,3355
ACC_1046,ACC_0454,TRANSACTED_WITH,2023-06-12T00:09:40Z,28878.95
PER_0488,PH_1112,OWNS,,
ACC_0884,ACC_0555,TRANSACTED_WITH,2025-07-09T14:47:30Z,2440250.49
PER_0108,PH_0221,OWNS,,
ACC_1124,ACC_0029,TRANSACTED_WITH,2024-01-23T23:04:46Z,1720831.31
PH_0708,PH_1128,CALLED,2024-12-16T18:20:06Z,742
PER_0045,ACC_0215,OWNS,,
PER_0047,PH_0208,OWNS,,
PER_0994,VEH_0259,OWNS,,
ACC_1138,ACC_1192,TRANSACTED_WITH,2025-02-15T21:39:10Z,2188966.78
PER_0919,ACC_0290,OWNS,,
ACC_0467,ACC_0984,TRANSACTED_WITH,2026-01-29T15:45:27Z,132730.18
PER_0171,PH_0020,OWNS,,
PER_0427,LOC_0062,ASSOCIATED_WITH,,
PER_0787,VEH_0334,OWNS,,
PH_0023,PH_0744,CALLED,2023-02-27T04:15:08Z,1607
PH_0742,PH_0060,CALLED,2025-05-10T17:35:08Z,306
PER_0054,PH_0511,OWNS,,
PER_0238,ORG_0058,ASSOCIATED_WITH,,
PER_0012,PH_1308,OWNS,,
PER_0788,ACC_0522,OWNS,,
PER_0337,ACC_0280,OWNS,,
PER_0293,VEH_0797,OWNS,,
PH_0304,PH_0556,CALLED,2023-10-21T15:23:24Z,83
CASE_0166,PER_0249,PARTICIPATED_IN,,
PER_0342,VEH_0779,OWNS,,
CASE_0049,PER_0912,PARTICIPATED_IN,,
ACC_0911,ACC_0397,TRANSACTED_WITH,2023-10-05T11:33:42Z,2238707.05
PH_0710,PH_0944,CALLED,2023-07-04T01:52:03Z,2766
PER_0911,PH_0214,OWNS,,
PER_0031,LOC_0147,ASSOCIATED_WITH,,
PER_0334,ACC_0772,OWNS,,
PER_0914,ORG_0019,ASSOCIATED_WITH,,
PER_0157,VEH_0096,OWNS,,
PER_0362,LOC_0112,ASSOCIATED_WITH,,
CASE_0098,PER_0749,PARTICIPATED_IN,,
PH_0321,PH_0507,CALLED,2023-07-08T23:03:26Z,2396
PH_0450,PH_0175,CALLED,2024-04-30T00:50:43Z,2323
PER_0116,ORG_0068,ASSOCIATED_WITH,,
ACC_0245,ACC_0805,TRANSACTED_WITH,2023-04-20T14:56:20Z,2134888.02
PER_0911,LOC_0013,ASSOCIATED_WITH,,
ACC_0254,ACC_0489,TRANSACTED_WITH,2024-01-07T17:42:06Z,658398.17
PER_0321,VEH_0490,OWNS,,
ACC_0767,ACC_1189,TRANSACTED_WITH,2023-02-09T23:29:47Z,471062.63
PER_0791,LOC_0058,ASSOCIATED_WITH,,
PH_0017,PH_1007,CALLED,2025-08-21T09:36:44Z,3321
PH_0554,PH_0985,CALLED,2025-07-12T01:23:51Z,2471
CASE_0150,PER_0672,PARTICIPATED_IN,,
PER_0921,PH_1123,OWNS,,
ACC_0096,ACC_0130,TRANSACTED_WITH,2023-05-09T02:15:55Z,474667.17
ACC_1027,ACC_1159,TRANSACTED_WITH,2025-10-06T08:24:01Z,1610598.15
PH_0061,PH_0192,CALLED,2025-08-03T14:11:51Z,3270
PER_0173,LOC_0084,ASSOCIATED_WITH,,
PER_0741,ACC_0734,OWNS,,
PH_1284,PH_0328,CALLED,2023-04-12T15:44:17Z,275
PER_0973,PH_0559,OWNS,,
PER_0828,ORG_0081,ASSOCIATED_WITH,,
PER_0455,LOC_0013,ASSOCIATED_WITH,,
PER_0655,PH_0863,OWNS,,
CASE_0155,PER_0342,PARTICIPATED_IN,,
PH_0874,PH_0415,CALLED,2024-10-04T01:55:10Z,2067
CASE_0153,PER_0776,PARTICIPATED_IN,,
PER_0042,ACC_0192,OWNS,,
ACC_0125,ACC_0640,TRANSACTED_WITH,2023-08-07T10:13:24Z,1525938.99
PH_0975,PH_0421,CALLED,2023-12-28T14:32:06Z,1618
PH_0104,PH_1357,CALLED,2024-05-26T12:41:14Z,2325
PER_0196,VEH_0638,OWNS,,
PER_0750,PH_0003,OWNS,,
ACC_0986,ACC_0261,TRANSACTED_WITH,2024-05-02T09:46:43Z,1416225.93
PH_0381,PH_1027,CALLED,2024-04-14T02:35:03Z,572
ACC_0001,ACC_0050,TRANSACTED_WITH,2026-05-18T09:32:03Z,2371039.33
PER_0246,PH_0601,OWNS,,
CASE_0156,PER_0443,PARTICIPATED_IN,,
PER_0374,ORG_0070,ASSOCIATED_WITH,,
PH_0539,PH_0819,CALLED,2024-05-27T00:59:04Z,1499
PER_0526,VEH_0454,OWNS,,
PER_0775,PH_0088,OWNS,,
PH_0568,PH_0675,CALLED,2025-04-12T04:00:33Z,1239
ACC_0918,ACC_1074,TRANSACTED_WITH,2024-11-30T16:10:06Z,2467303.54
PER_0512,VEH_0778,OWNS,,
ACC_0117,ACC_0666,TRANSACTED_WITH,2025-07-29T22:59:20Z,2326371.27
PER_0747,LOC_0117,ASSOCIATED_WITH,,
ACC_0653,ACC_0835,TRANSACTED_WITH,2024-12-23T05:17:15Z,1507180.61
ACC_0976,ACC_0361,TRANSACTED_WITH,2023-07-02T09:31:30Z,822097.6
PER_0629,ORG_0078,ASSOCIATED_WITH,,
PER_0546,ORG_0110,ASSOCIATED_WITH,,
PH_1311,PH_0442,CALLED,2023-04-28T01:57:12Z,2336
PER_0890,VEH_0431,OWNS,,
ACC_0859,ACC_0780,TRANSACTED_WITH,2024-06-11T11:06:30Z,1203820.77
PER_0171,LOC_0079,ASSOCIATED_WITH,,
PER_0826,VEH_0374,OWNS,,
PER_0312,VEH_0705,OWNS,,
PH_0906,PH_0226,CALLED,2024-08-02T20:53:59Z,2391
CASE_0248,PER_0906,PARTICIPATED_IN,,
ACC_1185,ACC_1184,TRANSACTED_WITH,2024-04-18T01:30:02Z,725010.01
PER_0510,VEH_0311,OWNS,,
PER_0512,LOC_0074,ASSOCIATED_WITH,,
PER_0845,ORG_0062,ASSOCIATED_WITH,,
PH_0670,PH_1090,CALLED,2026-04-18T14:43:57Z,780
CASE_0140,PER_0707,PARTICIPATED_IN,,
ACC_0818,ACC_1088,TRANSACTED_WITH,2023-03-26T14:18:59Z,326121.0
PER_0036,VEH_0647,OWNS,,
PH_0126,PH_0521,CALLED,2025-10-19T20:55:03Z,574
ACC_0990,ACC_0443,TRANSACTED_WITH,2024-06-19T18:42:59Z,454228.42
PER_0411,ACC_0598,OWNS,,
ACC_0079,ACC_0550,TRANSACTED_WITH,2026-05-13T12:46:52Z,481225.05
PER_0311,ACC_0927,OWNS,,
CASE_0159,PER_0623,PARTICIPATED_IN,,
PH_0364,PH_1272,CALLED,2024-05-15T14:03:15Z,219
ACC_0274,ACC_0888,TRANSACTED_WITH,2025-12-04T12:49:32Z,673356.84
PER_0538,ACC_0234,OWNS,,
PER_0456,PH_0031,OWNS,,
PH_1385,PH_1141,CALLED,2025-09-14T22:27:09Z,1228
PER_0288,VEH_0397,OWNS,,
PER_0350,VEH_0493,OWNS,,
ACC_0151,ACC_1070,TRANSACTED_WITH,2023-07-23T01:21:59Z,1426649.8
PER_0869,ACC_0302,OWNS,,
PER_0703,ACC_0168,OWNS,,
CASE_0167,PER_0111,PARTICIPATED_IN,,
ACC_0098,ACC_1064,TRANSACTED_WITH,2026-03-27T11:08:56Z,2336271.29
PER_0699,ORG_0099,ASSOCIATED_WITH,,
ACC_1112,ACC_0817,TRANSACTED_WITH,2025-09-14T06:37:12Z,685335.97
PER_0315,PH_0291,OWNS,,
PER_0821,PH_1291,OWNS,,
PER_0463,LOC_0055,ASSOCIATED_WITH,,
PER_0415,VEH_0678,OWNS,,
ACC_1057,ACC_0892,TRANSACTED_WITH,2025-11-29T18:52:25Z,1770259.16
ACC_0599,ACC_0492,TRANSACTED_WITH,2026-04-10T00:17:29Z,1848673.21
PH_0968,PH_0374,CALLED,2024-02-15T17:52:11Z,1918
PER_0548,LOC_0062,ASSOCIATED_WITH,,
PER_0849,VEH_0142,OWNS,,
PER_0176,VEH_0090,OWNS,,
ACC_0461,ACC_0865,TRANSACTED_WITH,2023-09-17T13:34:44Z,1997313.09
PH_0786,PH_0064,CALLED,2025-03-27T00:02:22Z,285
PER_0338,LOC_0029,ASSOCIATED_WITH,,
ACC_0750,ACC_0630,TRANSACTED_WITH,2023-06-13T13:25:36Z,125933.06
PER_0794,VEH_0117,OWNS,,
PER_0539,ORG_0057,ASSOCIATED_WITH,,
PER_0209,ORG_0059,ASSOCIATED_WITH,,
ACC_1061,ACC_0154,TRANSACTED_WITH,2023-09-03T22:13:04Z,2296791.34
PER_0643,PH_0613,OWNS,,
ACC_0572,ACC_0561,TRANSACTED_WITH,2026-06-26T05:05:24Z,2263201.48
PER_0515,VEH_0359,OWNS,,
PH_0461,PH_0051,CALLED,2023-07-24T04:57:06Z,3375
PH_0601,PH_0374,CALLED,2023-07-22T07:34:17Z,2434
PER_0822,PH_0586,OWNS,,
PH_0601,PH_0293,CALLED,2024-01-31T19:07:56Z,262
PER_0839,ACC_0945,OWNS,,
PER_0177,PH_0598,OWNS,,
PH_0111,PH_0605,CALLED,2025-01-03T22:08:03Z,1866
ACC_0689,ACC_0476,TRANSACTED_WITH,2025-03-20T15:57:18Z,1667051.04
PER_0639,VEH_0535,OWNS,,
CASE_0232,PER_0383,PARTICIPATED_IN,,
ACC_0122,ACC_0870,TRANSACTED_WITH,2024-01-23T20:01:09Z,1915957.0
ACC_1195,ACC_0476,TRANSACTED_WITH,2024-07-09T14:39:37Z,679357.0
PER_0829,LOC_0101,ASSOCIATED_WITH,,
PER_0532,ACC_0779,OWNS,,
ACC_0258,ACC_0114,TRANSACTED_WITH,2024-01-12T17:21:23Z,1743553.2
PER_0882,PH_0679,OWNS,,
PER_0958,ACC_0151,OWNS,,
PER_0770,LOC_0061,ASSOCIATED_WITH,,
PH_0175,PH_0553,CALLED,2023-12-30T23:35:41Z,2196
PER_0735,VEH_0162,OWNS,,
PER_0711,PH_1330,OWNS,,
PER_0153,ORG_0104,ASSOCIATED_WITH,,
ACC_1015,ACC_0796,TRANSACTED_WITH,2024-11-04T09:16:49Z,2315511.25
ACC_0616,ACC_0939,TRANSACTED_WITH,2024-08-24T04:38:38Z,1908571.84
PER_0621,VEH_0343,OWNS,,
PER_0877,PH_0467,OWNS,,
ACC_0856,ACC_1076,TRANSACTED_WITH,2025-11-04T05:59:08Z,2433481.14
PER_0985,VEH_0682,OWNS,,
PH_0175,PH_0700,CALLED,2024-09-23T16:30:19Z,507
CASE_0127,PER_0981,PARTICIPATED_IN,,
PH_0841,PH_1116,CALLED,2025-06-06T16:58:30Z,581
ACC_0696,ACC_0043,TRANSACTED_WITH,2024-10-26T14:05:57Z,604521.3
CASE_0135,PER_0299,PARTICIPATED_IN,,
ACC_1158,ACC_0766,TRANSACTED_WITH,2025-05-28T01:28:22Z,519099.27
ACC_0789,ACC_1200,TRANSACTED_WITH,2024-02-27T01:14:42Z,1477049.56
PER_0547,VEH_0057,OWNS,,
PH_0425,PH_1009,CALLED,2025-04-18T12:12:33Z,369
PER_0418,VEH_0014,OWNS,,
PH_0139,PH_0260,CALLED,2024-02-10T20:04:46Z,870
ACC_1088,ACC_0940,TRANSACTED_WITH,2023-01-15T23:39:25Z,398880.43
ACC_0561,ACC_0767,TRANSACTED_WITH,2024-11-16T23:43:39Z,2158899.07
ACC_0247,ACC_0335,TRANSACTED_WITH,2025-07-07T23:38:55Z,2293967.9
PER_0090,ACC_0149,OWNS,,
ACC_0377,ACC_0866,TRANSACTED_WITH,2025-09-15T11:54:25Z,245430.53
PH_0325,PH_0328,CALLED,2024-02-12T06:51:17Z,2696
PER_0119,PH_0975,OWNS,,
ACC_0251,ACC_0965,TRANSACTED_WITH,2025-03-06T22:34:15Z,1064275.24
PH_0445,PH_0153,CALLED,2025-11-11T03:36:44Z,840
ACC_0839,ACC_0297,TRANSACTED_WITH,2025-08-28T18:09:36Z,1209028.58
PER_0020,ACC_1054,OWNS,,
CASE_0123,PER_0362,PARTICIPATED_IN,,
PER_0035,ACC_0623,OWNS,,
PER_0642,ACC_0022,OWNS,,
ACC_1120,ACC_1134,TRANSACTED_WITH,2023-04-05T00:34:14Z,1521673.6
ACC_0747,ACC_0162,TRANSACTED_WITH,2026-03-06T06:03:11Z,1461903.47
PH_0155,PH_0188,CALLED,2024-07-15T09:53:38Z,2620
PER_0807,LOC_0126,ASSOCIATED_WITH,,
PER_0816,VEH_0773,OWNS,,
PER_0590,LOC_0040,ASSOCIATED_WITH,,
ACC_0338,ACC_1079,TRANSACTED_WITH,2023-12-14T07:01:55Z,785326.19
PH_0835,PH_1031,CALLED,2025-08-24T09:37:49Z,1145
PER_0049,VEH_0308,OWNS,,
ACC_0349,ACC_1049,TRANSACTED_WITH,2026-05-19T19:51:56Z,2067463.55
PER_0574,PH_1064,OWNS,,
PER_0409,ACC_0192,OWNS,,
PER_0233,LOC_0099,ASSOCIATED_WITH,,
PER_0015,ACC_0114,OWNS,,
PH_0321,PH_1032,CALLED,2023-10-16T19:01:18Z,2996
ACC_0155,ACC_1179,TRANSACTED_WITH,2024-05-25T00:02:44Z,650087.15
PH_0697,PH_1363,CALLED,2025-11-14T05:43:14Z,2257
PER_0972,PH_0993,OWNS,,
ACC_1146,ACC_0750,TRANSACTED_WITH,2026-01-27T13:51:03Z,1033908.47
PER_0793,LOC_0116,ASSOCIATED_WITH,,
PER_0377,ACC_0645,OWNS,,
PER_0115,ORG_0052,ASSOCIATED_WITH,,
PER_0713,VEH_0172,OWNS,,
ACC_0847,ACC_0712,TRANSACTED_WITH,2025-06-19T12:21:35Z,533990.12
PH_0377,PH_0918,CALLED,2025-09-30T21:52:15Z,2122
ACC_1077,ACC_0486,TRANSACTED_WITH,2023-10-11T03:02:24Z,694742.65
PER_0629,ACC_0302,OWNS,,
PER_0240,VEH_0361,OWNS,,
ACC_1196,ACC_0602,TRANSACTED_WITH,2023-10-13T10:28:18Z,2259701.54
ACC_0977,ACC_0881,TRANSACTED_WITH,2024-08-04T06:52:18Z,476360.99
PER_0220,ACC_0197,OWNS,,
PER_0106,ORG_0114,ASSOCIATED_WITH,,
ACC_0837,ACC_0448,TRANSACTED_WITH,2025-11-19T19:20:43Z,2163220.78
PER_0039,VEH_0472,OWNS,,
ACC_0167,ACC_1099,TRANSACTED_WITH,2023-11-09T03:19:40Z,1193444.01
ACC_0906,ACC_1156,TRANSACTED_WITH,2024-12-25T00:41:23Z,787687.15
PER_0810,VEH_0602,OWNS,,
PER_0860,LOC_0084,ASSOCIATED_WITH,,
PER_0445,VEH_0551,OWNS,,
PER_0522,PH_0945,OWNS,,
PER_0952,ACC_0397,OWNS,,
PER_0683,ACC_0096,OWNS,,
PER_0545,ACC_0253,OWNS,,
PH_0715,PH_1344,CALLED,2024-09-29T22:38:23Z,1668
PH_0838,PH_1034,CALLED,2024-02-09T21:09:07Z,2910
PER_0483,PH_0085,OWNS,,
PER_0303,ACC_0436,OWNS,,
PER_0501,PH_0916,OWNS,,
PER_0852,VEH_0594,OWNS,,
ACC_0360,ACC_0151,TRANSACTED_WITH,2025-01-21T11:54:06Z,1621612.21
PH_0850,PH_0197,CALLED,2026-02-28T04:36:20Z,64
PER_0303,PH_1121,OWNS,,
PER_0768,LOC_0090,ASSOCIATED_WITH,,
PER_0192,LOC_0027,ASSOCIATED_WITH,,
PER_0460,ACC_0833,OWNS,,
CASE_0085,PER_0996,PARTICIPATED_IN,,
PER_0159,PH_0639,OWNS,,
PH_0085,PH_0241,CALLED,2024-10-17T22:12:43Z,3259
PER_0608,VEH_0318,OWNS,,
CASE_0104,PER_0747,PARTICIPATED_IN,,
ACC_0178,ACC_1092,TRANSACTED_WITH,2026-03-18T22:21:02Z,2154285.6
CASE_0220,PER_0434,PARTICIPATED_IN,,
ACC_0033,ACC_1017,TRANSACTED_WITH,2023-10-29T03:29:29Z,415095.97
ACC_0229,ACC_0959,TRANSACTED_WITH,2023-04-09T06:55:14Z,280003.68
CASE_0133,PER_0157,PARTICIPATED_IN,,
PER_0916,PH_0643,OWNS,,
PH_0067,PH_0935,CALLED,2024-06-17T16:18:41Z,496
PER_0611,PH_0418,OWNS,,
ACC_1108,ACC_1091,TRANSACTED_WITH,2024-10-23T05:08:47Z,185299.11
PER_0047,ORG_0112,ASSOCIATED_WITH,,
ACC_0071,ACC_0192,TRANSACTED_WITH,2023-03-20T06:41:24Z,281650.4
PER_0661,LOC_0017,ASSOCIATED_WITH,,
PH_0666,PH_0154,CALLED,2024-05-05T01:52:40Z,1022
PH_0726,PH_1004,CALLED,2023-03-07T07:18:44Z,2285
ACC_0674,ACC_1035,TRANSACTED_WITH,2025-05-04T04:06:33Z,1904451.73
PER_0890,PH_0263,OWNS,,
PER_0990,PH_0943,OWNS,,
ACC_0749,ACC_0918,TRANSACTED_WITH,2023-09-18T04:11:18Z,1113789.41
PER_0290,PH_0692,OWNS,,
PER_0487,VEH_0216,OWNS,,
CASE_0017,PER_0981,PARTICIPATED_IN,,
PER_0365,LOC_0008,ASSOCIATED_WITH,,
ACC_0706,ACC_0518,TRANSACTED_WITH,2026-06-19T13:54:30Z,184429.14
PER_0669,ORG_0054,ASSOCIATED_WITH,,
PER_0431,ACC_0976,OWNS,,
PER_0765,VEH_0626,OWNS,,
ACC_0181,ACC_0771,TRANSACTED_WITH,2025-02-18T16:27:45Z,2398337.26
PER_0244,PH_0313,OWNS,,
CASE_0159,PER_0080,PARTICIPATED_IN,,
CASE_0160,PER_0029,PARTICIPATED_IN,,
PER_0723,ACC_0027,OWNS,,
ACC_0224,ACC_0050,TRANSACTED_WITH,2026-03-28T05:06:52Z,2024698.17
ACC_1152,ACC_0405,TRANSACTED_WITH,2026-03-10T09:27:46Z,2077337.01
PER_0415,ACC_0126,OWNS,,
PER_0228,PH_0024,OWNS,,
PER_0142,VEH_0089,OWNS,,
PER_0053,VEH_0683,OWNS,,
ACC_0836,ACC_0614,TRANSACTED_WITH,2025-10-01T17:57:14Z,2058129.98
PER_0663,LOC_0150,ASSOCIATED_WITH,,
ACC_0955,ACC_0823,TRANSACTED_WITH,2024-06-14T08:57:11Z,622909.9
PER_0811,ACC_1179,OWNS,,
PH_0961,PH_0126,CALLED,2024-06-03T20:15:01Z,1481
PER_0516,PH_0504,OWNS,,
PER_0392,ACC_0498,OWNS,,
ACC_0339,ACC_0371,TRANSACTED_WITH,2025-11-20T03:41:08Z,1119143.73
PER_0594,LOC_0107,ASSOCIATED_WITH,,
PER_0051,ORG_0117,ASSOCIATED_WITH,,
PH_1114,PH_0253,CALLED,2023-05-29T16:37:27Z,919
ACC_0042,ACC_0567,TRANSACTED_WITH,2023-08-25T15:35:22Z,1117030.48
PH_0795,PH_1036,CALLED,2025-06-17T15:54:54Z,2169
ACC_0606,ACC_0298,TRANSACTED_WITH,2024-06-03T19:47:09Z,295223.02
PH_0106,PH_0564,CALLED,2023-04-24T03:49:44Z,19
ACC_0527,ACC_0500,TRANSACTED_WITH,2023-02-23T23:01:07Z,1941766.12
ACC_0785,ACC_0733,TRANSACTED_WITH,2023-06-27T23:08:48Z,854071.41
PH_0909,PH_0288,CALLED,2025-07-22T00:02:35Z,1642
CASE_0147,PER_0956,PARTICIPATED_IN,,
PER_0561,ACC_0449,OWNS,,
ACC_0141,ACC_1027,TRANSACTED_WITH,2025-06-16T16:50:04Z,1114370.57
PER_0639,PH_1061,OWNS,,
PER_0483,PH_1009,OWNS,,
PH_1220,PH_0774,CALLED,2024-04-21T05:54:24Z,110
PER_0273,PH_1252,OWNS,,
PER_0113,PH_1337,OWNS,,
ACC_0382,ACC_1165,TRANSACTED_WITH,2023-01-18T13:10:34Z,596511.6
PER_0021,VEH_0288,OWNS,,
PER_0247,VEH_0580,OWNS,,
PH_1171,PH_0528,CALLED,2025-04-27T03:14:53Z,1614
ACC_0702,ACC_0059,TRANSACTED_WITH,2023-07-18T17:44:57Z,522111.22
PH_0966,PH_0643,CALLED,2024-05-25T04:58:36Z,3197
PER_0192,LOC_0120,ASSOCIATED_WITH,,
PH_0505,PH_0381,CALLED,2025-11-10T19:33:08Z,3564
CASE_0081,PER_0949,PARTICIPATED_IN,,
PH_1368,PH_0437,CALLED,2024-08-27T02:15:31Z,629
ACC_0307,ACC_1140,TRANSACTED_WITH,2023-04-29T11:02:20Z,1057691.5
PER_0322,VEH_0706,OWNS,,
CASE_0001,PER_0061,PARTICIPATED_IN,,
PER_0789,VEH_0436,OWNS,,
PER_0341,LOC_0103,ASSOCIATED_WITH,,
PER_0188,VEH_0133,OWNS,,
PER_0748,LOC_0132,ASSOCIATED_WITH,,
PER_0876,VEH_0291,OWNS,,
PER_0871,PH_0970,OWNS,,
PH_1254,PH_1116,CALLED,2023-09-28T10:48:58Z,111
PER_0732,VEH_0131,OWNS,,
PH_1313,PH_0989,CALLED,2024-03-08T23:49:33Z,3557
PER_0902,LOC_0068,ASSOCIATED_WITH,,
ACC_1178,ACC_0793,TRANSACTED_WITH,2023-09-06T13:44:09Z,18129.79
CASE_0120,PER_0753,PARTICIPATED_IN,,
PER_0631,ACC_0926,OWNS,,
PER_0799,VEH_0093,OWNS,,
PH_0131,PH_1364,CALLED,2026-04-18T06:57:01Z,3495
ACC_0126,ACC_0734,TRANSACTED_WITH,2026-06-30T00:54:44Z,943369.18
PER_0315,VEH_0072,OWNS,,
PH_0654,PH_0222,CALLED,2024-01-27T16:36:21Z,1472
ACC_0569,ACC_0648,TRANSACTED_WITH,2026-02-12T04:05:38Z,1973379.66
PER_0194,PH_0676,OWNS,,
PH_0315,PH_0106,CALLED,2024-07-26T00:18:05Z,2265
ACC_0374,ACC_0985,TRANSACTED_WITH,2023-08-04T23:53:41Z,250574.83
PER_0786,PH_1231,OWNS,,
CASE_0180,PER_0906,PARTICIPATED_IN,,
PER_0823,VEH_0684,OWNS,,
PER_0531,VEH_0482,OWNS,,
ACC_0550,ACC_0496,TRANSACTED_WITH,2025-04-04T12:03:23Z,654494.7
PER_0577,PH_1059,OWNS,,
PH_1249,PH_0560,CALLED,2023-09-07T06:18:29Z,2252
PER_0806,LOC_0014,ASSOCIATED_WITH,,
PER_0702,ACC_0103,OWNS,,
CASE_0033,PER_0914,PARTICIPATED_IN,,
PER_0665,PH_0019,OWNS,,
PER_0293,ACC_0761,OWNS,,
ACC_0249,ACC_1182,TRANSACTED_WITH,2025-10-28T13:53:47Z,67025.02
PH_0342,PH_0698,CALLED,2026-05-11T00:52:39Z,883
ACC_0318,ACC_0550,TRANSACTED_WITH,2023-07-23T00:31:13Z,2163299.1
PER_0720,ORG_0011,ASSOCIATED_WITH,,
CASE_0106,PER_0459,PARTICIPATED_IN,,
PER_0725,LOC_0122,ASSOCIATED_WITH,,
PER_0605,VEH_0188,OWNS,,
ACC_0297,ACC_0133,TRANSACTED_WITH,2023-09-06T14:27:25Z,2201944.65
PER_0222,LOC_0150,ASSOCIATED_WITH,,
PER_0109,PH_0073,OWNS,,
ACC_0518,ACC_0117,TRANSACTED_WITH,2026-06-06T21:28:39Z,635141.48
ACC_0614,ACC_1090,TRANSACTED_WITH,2024-01-27T02:18:36Z,1948465.73
ACC_0859,ACC_0545,TRANSACTED_WITH,2023-11-03T08:56:40Z,2376076.11
PER_0160,PH_0898,OWNS,,
PER_0111,ORG_0105,ASSOCIATED_WITH,,
ACC_1094,ACC_0626,TRANSACTED_WITH,2026-06-22T21:18:50Z,1089807.29
PER_0335,ACC_0634,OWNS,,
PER_0153,PH_0350,OWNS,,
PH_0567,PH_0965,CALLED,2023-05-10T15:37:46Z,267
ACC_0997,ACC_1195,TRANSACTED_WITH,2023-12-30T10:25:30Z,2025503.82
ACC_0093,ACC_0208,TRANSACTED_WITH,2024-08-06T04:57:51Z,1170025.13
PER_0354,LOC_0036,ASSOCIATED_WITH,,
ACC_0965,ACC_0466,TRANSACTED_WITH,2025-04-20T18:12:06Z,47535.55
PER_0080,VEH_0346,OWNS,,
ACC_0772,ACC_0526,TRANSACTED_WITH,2025-07-23T10:12:26Z,136083.08
ACC_0011,ACC_0871,TRANSACTED_WITH,2023-03-29T23:21:01Z,2348779.81
PER_0981,ACC_0791,OWNS,,
PER_0085,ACC_0004,OWNS,,
PH_0428,PH_1116,CALLED,2024-03-15T21:02:23Z,2393
PER_0328,PH_0096,OWNS,,
ACC_0191,ACC_0211,TRANSACTED_WITH,2025-11-16T13:32:13Z,1191555.47
PH_0157,PH_0454,CALLED,2025-11-28T13:31:54Z,2590
PH_0579,PH_0958,CALLED,2025-08-06T12:51:33Z,213
ACC_0078,ACC_0672,TRANSACTED_WITH,2025-06-28T09:57:25Z,1961685.31
PER_0724,VEH_0256,OWNS,,
PH_0988,PH_0083,CALLED,2024-10-25T22:35:53Z,2476
PER_0367,ACC_0063,OWNS,,
ACC_1087,ACC_1182,TRANSACTED_WITH,2025-07-16T16:33:49Z,2331773.06
PER_0287,VEH_0375,OWNS,,
PH_0253,PH_0417,CALLED,2025-01-11T06:37:17Z,845
ACC_1182,ACC_0925,TRANSACTED_WITH,2023-10-05T14:45:08Z,1085387.05
PER_0365,PH_0423,OWNS,,
PH_0110,PH_0538,CALLED,2025-12-26T01:03:14Z,2993
PER_0803,LOC_0142,ASSOCIATED_WITH,,
PER_0318,LOC_0117,ASSOCIATED_WITH,,
PER_0832,VEH_0760,OWNS,,
PER_0408,PH_0459,OWNS,,
PER_0984,LOC_0062,ASSOCIATED_WITH,,
PER_0359,LOC_0139,ASSOCIATED_WITH,,
PER_0458,ORG_0066,ASSOCIATED_WITH,,
PER_0093,ACC_0193,OWNS,,
PER_0976,ACC_0163,OWNS,,
PER_0623,ACC_0585,OWNS,,
PER_0273,LOC_0103,ASSOCIATED_WITH,,
PER_0491,LOC_0116,ASSOCIATED_WITH,,
ACC_0331,ACC_0562,TRANSACTED_WITH,2025-04-29T03:58:30Z,2103692.79
PH_0124,PH_0465,CALLED,2024-07-13T20:46:22Z,1649
PER_0456,ORG_0014,ASSOCIATED_WITH,,
PH_0967,PH_0328,CALLED,2024-10-04T13:30:58Z,2835
ACC_0294,ACC_0829,TRANSACTED_WITH,2023-03-16T13:52:58Z,2341451.29
ACC_0810,ACC_0520,TRANSACTED_WITH,2024-07-24T08:28:22Z,2488932.55
PER_0531,PH_1350,OWNS,,
ACC_1087,ACC_0781,TRANSACTED_WITH,2024-06-06T08:47:14Z,1854064.01
ACC_1152,ACC_0866,TRANSACTED_WITH,2023-09-09T05:27:03Z,2055725.14
PER_0111,PH_0103,OWNS,,
CASE_0152,PER_0542,PARTICIPATED_IN,,
PER_0838,ACC_0915,OWNS,,
PER_0621,PH_0900,OWNS,,
ACC_0233,ACC_0855,TRANSACTED_WITH,2026-06-21T05:12:50Z,963739.18
PH_0437,PH_0478,CALLED,2023-05-21T18:12:43Z,414
PER_0692,ACC_1158,OWNS,,
ACC_0302,ACC_1099,TRANSACTED_WITH,2023-04-15T05:54:01Z,1713254.79
PER_0035,VEH_0642,OWNS,,
ACC_0089,ACC_0330,TRANSACTED_WITH,2025-11-02T09:45:06Z,2045986.83
PER_0003,VEH_0156,OWNS,,
PH_1357,PH_1235,CALLED,2025-09-26T02:23:35Z,233
ACC_0538,ACC_0350,TRANSACTED_WITH,2025-09-19T20:20:00Z,2382174.19
ACC_1099,ACC_0692,TRANSACTED_WITH,2024-12-27T20:06:29Z,2221460.26
PER_0694,PH_1246,OWNS,,
ACC_0784,ACC_0801,TRANSACTED_WITH,2025-11-29T22:19:41Z,1182489.63
PH_0745,PH_0123,CALLED,2025-01-09T20:02:00Z,3455
PER_0465,VEH_0450,OWNS,,
PER_0432,ACC_0058,OWNS,,
PER_0505,VEH_0543,OWNS,,
PER_0304,PH_0721,OWNS,,
PER_0850,PH_0199,OWNS,,
PH_1048,PH_0061,CALLED,2025-02-27T12:27:14Z,2668
ACC_1179,ACC_0839,TRANSACTED_WITH,2026-03-16T04:22:41Z,1647993.14
PER_0694,ACC_0007,OWNS,,
PER_0332,VEH_0510,OWNS,,
PER_0650,LOC_0026,ASSOCIATED_WITH,,
PH_0554,PH_0444,CALLED,2023-12-05T08:44:32Z,151
PER_0958,PH_0011,OWNS,,
PER_0238,VEH_0031,OWNS,,
PER_0071,VEH_0384,OWNS,,
PER_0106,VEH_0632,OWNS,,
CASE_0143,PER_0292,PARTICIPATED_IN,,
PER_0588,ACC_0734,OWNS,,
PER_0700,ORG_0040,ASSOCIATED_WITH,,
ACC_0044,ACC_0020,TRANSACTED_WITH,2024-08-19T17:31:13Z,1804275.46
PER_0779,ACC_1165,OWNS,,
PER_0536,LOC_0147,ASSOCIATED_WITH,,
PH_1162,PH_0197,CALLED,2026-01-14T09:18:24Z,960
ACC_0794,ACC_0555,TRANSACTED_WITH,2023-09-04T14:34:24Z,378529.21
ACC_0785,ACC_0610,TRANSACTED_WITH,2024-04-20T23:36:19Z,695450.29
PH_1043,PH_0052,CALLED,2026-03-10T04:41:01Z,2045
PER_0513,ACC_0416,OWNS,,
PER_0324,ORG_0056,ASSOCIATED_WITH,,
PER_0479,VEH_0207,OWNS,,
ACC_0974,ACC_0741,TRANSACTED_WITH,2023-12-19T23:44:43Z,1516958.04
PH_0490,PH_1174,CALLED,2026-02-18T11:38:18Z,121
PH_0370,PH_0302,CALLED,2024-05-20T01:18:53Z,3474
PER_0913,VEH_0186,OWNS,,
PH_1047,PH_1357,CALLED,2024-05-06T20:07:48Z,3455
PER_0076,ACC_1152,OWNS,,
PH_0351,PH_0444,CALLED,2024-11-13T03:00:03Z,437
PH_0391,PH_0051,CALLED,2025-12-02T23:05:48Z,1544
PH_0015,PH_0549,CALLED,2026-05-06T01:31:28Z,1371
PER_0791,VEH_0702,OWNS,,
CASE_0222,PER_0490,PARTICIPATED_IN,,
ACC_1054,ACC_0560,TRANSACTED_WITH,2023-10-16T13:46:09Z,75495.46
PER_0022,ACC_0830,OWNS,,
PER_0573,ACC_1090,OWNS,,
PER_0925,VEH_0244,OWNS,,
CASE_0103,PER_0477,PARTICIPATED_IN,,
PH_1323,PH_0815,CALLED,2024-05-16T21:05:54Z,2195
PER_0628,PH_0792,OWNS,,
PER_0963,ACC_0259,OWNS,,
ACC_0145,ACC_0320,TRANSACTED_WITH,2023-03-15T01:53:16Z,1913313.04
PER_0698,ORG_0119,ASSOCIATED_WITH,,
PER_0639,ORG_0053,ASSOCIATED_WITH,,
PER_0171,VEH_0021,OWNS,,
PER_0695,VEH_0298,OWNS,,
PH_0630,PH_0297,CALLED,2024-06-27T19:06:48Z,101
CASE_0122,PER_0654,PARTICIPATED_IN,,
PER_0536,PH_0797,OWNS,,
PH_0065,PH_0878,CALLED,2024-07-30T17:02:23Z,2638
CASE_0238,PER_0215,PARTICIPATED_IN,,
PER_0692,LOC_0134,ASSOCIATED_WITH,,
PER_0176,ACC_1119,OWNS,,
ACC_0726,ACC_0253,TRANSACTED_WITH,2025-10-08T00:05:27Z,1933565.08
PER_0128,LOC_0091,ASSOCIATED_WITH,,
PER_0538,PH_0366,OWNS,,
ACC_0275,ACC_0274,TRANSACTED_WITH,2024-10-02T05:18:25Z,508191.67
ACC_0399,ACC_0596,TRANSACTED_WITH,2026-03-05T09:28:33Z,2161287.83
PH_1219,PH_0328,CALLED,2023-09-16T18:20:29Z,2324
PER_0889,ACC_0157,OWNS,,
PER_0133,LOC_0029,ASSOCIATED_WITH,,
ACC_0416,ACC_0794,TRANSACTED_WITH,2024-11-28T05:06:42Z,1994831.78
PH_0728,PH_0532,CALLED,2023-06-03T08:36:34Z,1077
PER_0223,LOC_0092,ASSOCIATED_WITH,,
PER_0854,LOC_0138,ASSOCIATED_WITH,,
PH_0476,PH_0244,CALLED,2024-05-05T06:11:48Z,2196
CASE_0007,PER_0015,PARTICIPATED_IN,,
PH_0018,PH_0301,CALLED,2026-02-05T04:47:02Z,3268
ACC_0928,ACC_0316,TRANSACTED_WITH,2023-08-04T16:59:16Z,1280253.13
PER_0321,ORG_0052,ASSOCIATED_WITH,,
ACC_0958,ACC_0025,TRANSACTED_WITH,2023-04-06T14:12:38Z,1644905.15
PER_0971,LOC_0033,ASSOCIATED_WITH,,
PER_0387,VEH_0434,OWNS,,
PER_0707,PH_0272,OWNS,,
PER_0139,ACC_0512,OWNS,,
ACC_0184,ACC_0361,TRANSACTED_WITH,2023-01-08T10:13:45Z,1185978.24
PER_0697,PH_0259,OWNS,,
CASE_0046,PER_0373,PARTICIPATED_IN,,
ACC_0129,ACC_0361,TRANSACTED_WITH,2023-07-24T04:00:10Z,2498192.26
PH_0575,PH_0125,CALLED,2023-08-31T02:02:22Z,2525
PER_0753,PH_1371,OWNS,,
PER_0972,ACC_0866,OWNS,,
PER_0271,ORG_0048,ASSOCIATED_WITH,,
PER_0097,PH_1212,OWNS,,
CASE_0056,PER_0158,PARTICIPATED_IN,,
ACC_0186,ACC_0890,TRANSACTED_WITH,2024-11-07T08:54:14Z,2087029.5
PER_0618,PH_1251,OWNS,,
PER_0859,LOC_0063,ASSOCIATED_WITH,,
PH_1243,PH_1160,CALLED,2023-12-04T14:27:21Z,2740
CASE_0011,PER_0849,PARTICIPATED_IN,,
PER_0203,ACC_0167,OWNS,,
ACC_0032,ACC_0915,TRANSACTED_WITH,2026-02-04T03:35:13Z,635964.79
ACC_0858,ACC_0718,TRANSACTED_WITH,2025-09-25T11:57:42Z,654687.61
PH_1166,PH_1011,CALLED,2023-03-07T00:31:12Z,1556
ACC_0888,ACC_0657,TRANSACTED_WITH,2023-11-29T03:11:52Z,86034.79
PER_0947,LOC_0144,ASSOCIATED_WITH,,
PER_0526,ACC_0810,OWNS,,
PER_0682,ORG_0037,ASSOCIATED_WITH,,
PER_0780,PH_0198,OWNS,,
ACC_0111,ACC_1018,TRANSACTED_WITH,2025-08-31T07:40:34Z,1264561.41
PER_0613,LOC_0034,ASSOCIATED_WITH,,
ACC_0122,ACC_0371,TRANSACTED_WITH,2023-02-17T02:58:21Z,2488641.77
ACC_0236,ACC_0683,TRANSACTED_WITH,2025-11-15T20:52:52Z,618147.95
CASE_0111,PER_0867,PARTICIPATED_IN,,
ACC_0059,ACC_0165,TRANSACTED_WITH,2023-10-18T08:52:08Z,1440573.61
ACC_0495,ACC_0106,TRANSACTED_WITH,2025-11-16T04:23:43Z,2337454.23
ACC_0984,ACC_0333,TRANSACTED_WITH,2026-05-09T08:48:40Z,1930764.46
PH_0992,PH_1053,CALLED,2026-05-13T09:57:09Z,823
PER_0734,PH_1210,OWNS,,
ACC_0850,ACC_0950,TRANSACTED_WITH,2026-06-01T16:36:50Z,2006680.61
PER_0736,ACC_0661,OWNS,,
PER_0886,PH_0255,OWNS,,
PER_0097,PH_0558,OWNS,,
PH_0743,PH_0936,CALLED,2024-11-09T13:06:57Z,425
PER_0764,LOC_0146,ASSOCIATED_WITH,,
PH_0029,PH_0480,CALLED,2026-04-25T06:15:20Z,1254
PH_1191,PH_0510,CALLED,2025-10-08T01:51:22Z,638
ACC_0845,ACC_0985,TRANSACTED_WITH,2024-02-27T18:58:33Z,272294.99
PER_0545,VEH_0101,OWNS,,
PER_0282,ORG_0053,ASSOCIATED_WITH,,
ACC_0628,ACC_1184,TRANSACTED_WITH,2026-04-20T10:31:18Z,943649.83
PER_0893,LOC_0091,ASSOCIATED_WITH,,
PER_0331,ACC_0127,OWNS,,
PER_0698,VEH_0781,OWNS,,
ACC_0764,ACC_0550,TRANSACTED_WITH,2023-10-12T21:33:45Z,494953.0
PER_0836,PH_0316,OWNS,,
PER_0148,PH_0050,OWNS,,
PH_1087,PH_0231,CALLED,2024-04-15T19:25:34Z,3022
PER_0352,VEH_0390,OWNS,,
PER_0077,ACC_0053,OWNS,,
PER_0481,ACC_1014,OWNS,,
ACC_0935,ACC_0110,TRANSACTED_WITH,2026-05-11T08:36:49Z,804579.08
PH_1288,PH_0742,CALLED,2026-04-15T09:31:28Z,584
PER_0779,PH_0799,OWNS,,
PER_0465,PH_1272,OWNS,,
PER_0685,VEH_0736,OWNS,,
PER_0604,VEH_0524,OWNS,,
PH_1056,PH_0182,CALLED,2025-08-28T02:46:38Z,819
PER_0564,ACC_1038,OWNS,,
ACC_1195,ACC_1016,TRANSACTED_WITH,2024-06-07T21:20:38Z,1187468.56
PER_0206,VEH_0516,OWNS,,
ACC_0550,ACC_0511,TRANSACTED_WITH,2026-05-20T23:14:50Z,39189.14
CASE_0177,PER_0756,PARTICIPATED_IN,,
PER_0722,VEH_0494,OWNS,,
ACC_0535,ACC_0834,TRANSACTED_WITH,2023-10-23T09:06:52Z,1902371.32
PH_1279,PH_1302,CALLED,2023-07-05T20:46:05Z,534
PER_0409,VEH_0054,OWNS,,
PER_0692,LOC_0070,ASSOCIATED_WITH,,
PER_0962,ACC_0441,OWNS,,
PH_1297,PH_0759,CALLED,2024-07-14T09:53:50Z,2097
ACC_0224,ACC_0254,TRANSACTED_WITH,2023-09-22T07:38:21Z,1275612.46
PER_0059,ACC_0928,OWNS,,
PH_0447,PH_0155,CALLED,2025-03-27T09:14:22Z,1081
PH_0310,PH_1213,CALLED,2025-08-13T15:53:56Z,2074
PH_0475,PH_0774,CALLED,2026-04-12T22:04:11Z,2643
PER_0119,VEH_0388,OWNS,,
ACC_1092,ACC_1030,TRANSACTED_WITH,2025-08-25T18:53:38Z,2276901.04
PER_0011,LOC_0040,ASSOCIATED_WITH,,
ACC_0083,ACC_1101,TRANSACTED_WITH,2025-04-18T18:25:55Z,1987577.24
CASE_0235,PER_0175,PARTICIPATED_IN,,
PH_1360,PH_1320,CALLED,2025-03-09T19:45:14Z,354
ACC_0528,ACC_0772,TRANSACTED_WITH,2025-11-06T01:01:35Z,763103.35
PH_0020,PH_0934,CALLED,2025-04-30T16:03:32Z,3114
PER_0648,LOC_0020,ASSOCIATED_WITH,,
PER_0979,ORG_0072,ASSOCIATED_WITH,,
ACC_0938,ACC_0743,TRANSACTED_WITH,2025-11-16T23:42:41Z,910153.76
PER_0849,PH_0769,OWNS,,
PH_0487,PH_0033,CALLED,2024-05-31T14:58:18Z,2549
PER_0660,PH_1348,OWNS,,
ACC_1001,ACC_0548,TRANSACTED_WITH,2023-01-12T15:05:01Z,424804.77
PER_0997,PH_0345,OWNS,,
PER_0214,VEH_0051,OWNS,,
PER_0717,ACC_0858,OWNS,,
ACC_0465,ACC_0973,TRANSACTED_WITH,2024-10-07T10:04:17Z,2080118.05
ACC_0022,ACC_0789,TRANSACTED_WITH,2023-03-03T12:04:11Z,193187.23
CASE_0244,PER_0278,PARTICIPATED_IN,,
PH_0871,PH_0212,CALLED,2024-01-31T11:39:17Z,3560
PH_0908,PH_0067,CALLED,2025-05-31T21:55:59Z,2552
ACC_0139,ACC_1195,TRANSACTED_WITH,2025-09-10T16:33:20Z,2495356.42
ACC_1130,ACC_0726,TRANSACTED_WITH,2023-08-03T07:02:32Z,2098123.96
CASE_0231,PER_0898,PARTICIPATED_IN,,
PER_0716,PH_0257,OWNS,,
PER_0650,ACC_0610,OWNS,,
PER_0528,VEH_0340,OWNS,,
CASE_0105,PER_0396,PARTICIPATED_IN,,
PER_0775,ACC_0496,OWNS,,
ACC_0267,ACC_0944,TRANSACTED_WITH,2026-02-12T21:58:37Z,1241194.07
PER_0445,LOC_0040,ASSOCIATED_WITH,,
PER_0864,ACC_1029,OWNS,,
PER_0747,VEH_0483,OWNS,,
PER_0829,ACC_0302,OWNS,,
ACC_0142,ACC_0449,TRANSACTED_WITH,2023-01-05T01:07:44Z,1601634.23
PER_0578,ACC_0495,OWNS,,
PER_0107,ACC_0556,OWNS,,
PH_0684,PH_0810,CALLED,2026-04-10T11:11:50Z,2604
PER_0496,ACC_1078,OWNS,,
ACC_0293,ACC_0797,TRANSACTED_WITH,2024-03-28T05:35:46Z,1293664.69
PER_0228,VEH_0254,OWNS,,
ACC_0030,ACC_0632,TRANSACTED_WITH,2024-05-14T23:13:10Z,204130.95
CASE_0198,PER_0921,PARTICIPATED_IN,,
PER_0357,PH_0618,OWNS,,
PH_0806,PH_0390,CALLED,2024-06-08T14:06:58Z,1460
PER_0514,LOC_0147,ASSOCIATED_WITH,,
CASE_0019,PER_0218,PARTICIPATED_IN,,
ACC_0515,ACC_0966,TRANSACTED_WITH,2026-07-30T08:22:45Z,281380.96
PH_1071,PH_0576,CALLED,2025-05-20T13:23:31Z,1236
ACC_1028,ACC_0413,TRANSACTED_WITH,2026-04-01T06:20:58Z,960088.45
PER_0829,ORG_0083,ASSOCIATED_WITH,,
PER_0668,PH_1330,OWNS,,
CASE_0078,PER_0242,PARTICIPATED_IN,,
ACC_1046,ACC_0180,TRANSACTED_WITH,2026-07-25T04:55:35Z,989663.93
PH_0071,PH_0658,CALLED,2023-10-23T07:49:26Z,3076
ACC_0490,ACC_0889,TRANSACTED_WITH,2025-05-15T02:21:06Z,1541222.11
ACC_0618,ACC_0176,TRANSACTED_WITH,2024-01-03T22:06:24Z,745798.16
ACC_0571,ACC_0404,TRANSACTED_WITH,2023-03-10T23:21:39Z,1221682.43
PER_0298,PH_0266,OWNS,,
ACC_0677,ACC_0205,TRANSACTED_WITH,2025-03-27T04:24:20Z,1573062.16
PER_0780,LOC_0019,ASSOCIATED_WITH,,
ACC_0200,ACC_0640,TRANSACTED_WITH,2024-08-20T05:40:47Z,957818.08
PH_0109,PH_0376,CALLED,2025-10-06T11:30:33Z,2546
ACC_0706,ACC_0592,TRANSACTED_WITH,2023-08-08T20:25:12Z,117526.43
ACC_0161,ACC_0903,TRANSACTED_WITH,2025-10-11T22:00:28Z,2178629.26
ACC_0339,ACC_0728,TRANSACTED_WITH,2023-01-15T07:13:09Z,2059041.31
PH_0385,PH_0381,CALLED,2025-05-30T08:02:31Z,1817
PER_0067,VEH_0420,OWNS,,
PER_0600,PH_1149,OWNS,,
ACC_0941,ACC_0007,TRANSACTED_WITH,2024-03-06T13:09:56Z,1274066.4
PH_0895,PH_0536,CALLED,2026-03-31T02:57:23Z,1111
PER_0774,LOC_0064,ASSOCIATED_WITH,,
CASE_0192,PER_0384,PARTICIPATED_IN,,
ACC_1087,ACC_0186,TRANSACTED_WITH,2026-02-18T08:52:24Z,2396229.59
CASE_0010,PER_0602,PARTICIPATED_IN,,
ACC_0305,ACC_0511,TRANSACTED_WITH,2025-07-07T16:17:04Z,1232728.72
PH_0561,PH_0222,CALLED,2025-08-23T21:34:12Z,1980
PH_0383,PH_0299,CALLED,2023-01-11T17:06:41Z,1801
ACC_1067,ACC_0451,TRANSACTED_WITH,2024-08-30T06:12:09Z,1680896.97
ACC_0524,ACC_0916,TRANSACTED_WITH,2025-05-14T15:13:19Z,1949541.31
PER_0619,VEH_0088,OWNS,,
ACC_0224,ACC_0393,TRANSACTED_WITH,2025-03-05T22:05:19Z,1228460.46
ACC_0054,ACC_0087,TRANSACTED_WITH,2023-02-08T06:10:00Z,778439.44
PH_0138,PH_0122,CALLED,2026-01-11T15:51:16Z,2754
PER_0845,VEH_0084,OWNS,,
PER_0134,PH_0932,OWNS,,
ACC_0565,ACC_0851,TRANSACTED_WITH,2024-07-06T23:27:55Z,1419563.36
ACC_0263,ACC_0614,TRANSACTED_WITH,2023-07-08T05:05:11Z,672075.41
PER_0273,ORG_0040,ASSOCIATED_WITH,,
ACC_1042,ACC_0109,TRANSACTED_WITH,2026-04-21T06:15:52Z,2227663.63
PER_0491,PH_0657,OWNS,,
ACC_0920,ACC_1140,TRANSACTED_WITH,2024-09-26T15:56:08Z,59661.32
PER_0600,ACC_0975,OWNS,,
PER_0948,ACC_0712,OWNS,,
ACC_0212,ACC_0416,TRANSACTED_WITH,2025-01-10T07:37:56Z,2317997.2
PH_1082,PH_0299,CALLED,2023-07-17T04:16:30Z,942
PH_1006,PH_1157,CALLED,2023-05-08T09:10:13Z,871
CASE_0061,PER_0710,PARTICIPATED_IN,,
ACC_0019,ACC_0151,TRANSACTED_WITH,2026-01-15T10:58:09Z,998596.53
PER_0475,VEH_0371,OWNS,,
PER_0404,VEH_0196,OWNS,,
PER_0531,ORG_0101,ASSOCIATED_WITH,,
ACC_0769,ACC_0318,TRANSACTED_WITH,2023-03-27T03:15:48Z,1058893.14
PER_0424,ORG_0117,ASSOCIATED_WITH,,
PER_0144,VEH_0470,OWNS,,
PER_0209,ACC_0078,OWNS,,
ACC_0192,ACC_0310,TRANSACTED_WITH,2023-02-07T03:02:40Z,2392816.53
ACC_0785,ACC_0783,TRANSACTED_WITH,2023-05-23T06:51:30Z,1114245.49
PER_0805,VEH_0233,OWNS,,
ACC_0485,ACC_0133,TRANSACTED_WITH,2025-06-10T04:23:58Z,1461881.33
PER_0389,VEH_0614,OWNS,,
PER_0936,ACC_0297,OWNS,,
ACC_0696,ACC_0888,TRANSACTED_WITH,2025-12-20T08:22:50Z,722108.31
PH_1096,PH_1014,CALLED,2025-01-16T03:12:30Z,1885
PER_0569,ACC_0326,OWNS,,
ACC_0442,ACC_0984,TRANSACTED_WITH,2023-02-13T15:29:38Z,1871770.7
PER_0076,VEH_0584,OWNS,,
PER_0820,VEH_0300,OWNS,,
CASE_0068,PER_0188,PARTICIPATED_IN,,
PER_0197,ACC_0053,OWNS,,
PER_0178,VEH_0279,OWNS,,
PER_0567,PH_0602,OWNS,,
PER_0496,LOC_0004,ASSOCIATED_WITH,,
PER_0637,VEH_0577,OWNS,,
PER_0744,LOC_0136,ASSOCIATED_WITH,,
PER_0735,ACC_0897,OWNS,,
PER_0917,ACC_0626,OWNS,,
PER_0679,VEH_0725,OWNS,,
PH_0365,PH_0312,CALLED,2025-12-02T01:36:41Z,1275
ACC_0878,ACC_1109,TRANSACTED_WITH,2023-10-30T03:10:50Z,1303339.24
ACC_0104,ACC_0460,TRANSACTED_WITH,2026-07-14T22:18:34Z,2346774.87
PH_0397,PH_1359,CALLED,2023-04-11T15:25:03Z,554
CASE_0236,PER_0866,PARTICIPATED_IN,,
PER_0812,VEH_0010,OWNS,,
PER_0083,LOC_0150,ASSOCIATED_WITH,,
PH_1168,PH_0431,CALLED,2023-09-11T04:27:44Z,2943
PH_0190,PH_0377,CALLED,2024-06-10T00:15:30Z,1056
PH_0338,PH_1210,CALLED,2025-01-12T07:40:03Z,225
CASE_0080,PER_0131,PARTICIPATED_IN,,
PH_1223,PH_0180,CALLED,2025-10-20T05:39:26Z,3129
PER_0493,PH_0037,OWNS,,
PER_0738,VEH_0050,OWNS,,
PER_0312,ACC_0296,OWNS,,
PER_0416,LOC_0074,ASSOCIATED_WITH,,
PH_0105,PH_0173,CALLED,2025-09-24T23:50:10Z,1415
ACC_0430,ACC_0061,TRANSACTED_WITH,2025-01-17T11:51:49Z,1756400.86
PER_0692,PH_0617,OWNS,,
PER_0272,LOC_0102,ASSOCIATED_WITH,,
PER_0401,PH_1015,OWNS,,
ACC_0432,ACC_0245,TRANSACTED_WITH,2023-06-21T00:37:47Z,1583368.2
PH_1272,PH_0167,CALLED,2025-05-01T17:31:53Z,3101
PER_0855,VEH_0481,OWNS,,
PH_0004,PH_0417,CALLED,2025-03-29T18:02:47Z,2779
PER_0534,LOC_0012,ASSOCIATED_WITH,,
ACC_0557,ACC_0945,TRANSACTED_WITH,2023-12-09T00:16:52Z,2338453.08
PER_0943,LOC_0040,ASSOCIATED_WITH,,
PER_0278,PH_1213,OWNS,,
PH_0948,PH_0655,CALLED,2023-09-17T04:04:02Z,3346
PH_0726,PH_0041,CALLED,2025-03-28T07:23:50Z,2649
ACC_0556,ACC_0265,TRANSACTED_WITH,2023-05-16T23:26:04Z,1950096.0
PER_0954,LOC_0116,ASSOCIATED_WITH,,
PER_0683,VEH_0427,OWNS,,
PH_0094,PH_0168,CALLED,2025-10-01T23:58:55Z,1861
PH_1264,PH_1006,CALLED,2024-07-24T03:39:36Z,3185
ACC_0109,ACC_1023,TRANSACTED_WITH,2025-08-02T02:53:30Z,154813.95
CASE_0034,PER_0896,PARTICIPATED_IN,,
PER_0645,ACC_0437,OWNS,,
PER_0409,PH_1154,OWNS,,
ACC_0061,ACC_0226,TRANSACTED_WITH,2023-11-17T22:35:21Z,1738896.49
PH_1189,PH_0538,CALLED,2025-08-26T20:27:41Z,2124
PER_0681,ORG_0087,ASSOCIATED_WITH,,
PER_0154,ACC_0396,OWNS,,
ACC_0071,ACC_0948,TRANSACTED_WITH,2023-08-20T17:49:46Z,1327033.29
CASE_0150,PER_0165,PARTICIPATED_IN,,
PER_0560,ACC_0742,OWNS,,
ACC_0783,ACC_1137,TRANSACTED_WITH,2025-06-10T14:57:12Z,875826.55
PH_0593,PH_1187,CALLED,2024-02-26T19:31:52Z,1454
PER_0940,ACC_0373,OWNS,,
PH_1100,PH_0251,CALLED,2026-07-27T16:09:03Z,2310
PH_0051,PH_0894,CALLED,2025-07-07T05:43:04Z,481
PH_0657,PH_1081,CALLED,2023-06-09T20:08:17Z,1104
PER_0803,PH_0889,OWNS,,
ACC_0518,ACC_0526,TRANSACTED_WITH,2024-02-01T03:08:37Z,2047696.67
CASE_0129,PER_0254,PARTICIPATED_IN,,
ACC_0935,ACC_1154,TRANSACTED_WITH,2026-05-27T05:06:49Z,1559382.39
PER_0017,VEH_0559,OWNS,,
ACC_0682,ACC_1108,TRANSACTED_WITH,2026-03-03T10:52:30Z,85026.27
PER_0344,VEH_0395,OWNS,,
PER_0183,VEH_0198,OWNS,,
PH_0748,PH_0655,CALLED,2025-01-07T13:01:09Z,1239
ACC_0297,ACC_0350,TRANSACTED_WITH,2025-11-21T11:01:38Z,2264971.63
PER_0521,LOC_0066,ASSOCIATED_WITH,,
ACC_0998,ACC_1041,TRANSACTED_WITH,2025-09-17T10:40:35Z,2092110.9
PER_0064,ACC_0764,OWNS,,
PER_0890,LOC_0147,ASSOCIATED_WITH,,
ACC_0852,ACC_0197,TRANSACTED_WITH,2025-09-14T05:47:02Z,1977704.33
ACC_0319,ACC_0153,TRANSACTED_WITH,2023-07-13T04:28:03Z,1797478.92
PER_0026,VEH_0753,OWNS,,
CASE_0190,PER_0107,PARTICIPATED_IN,,
ACC_0059,ACC_0169,TRANSACTED_WITH,2023-04-18T17:20:32Z,1011760.96
PH_0830,PH_0265,CALLED,2023-04-05T11:50:13Z,2184
PH_0919,PH_0843,CALLED,2025-02-01T14:35:53Z,1548
PH_0173,PH_1361,CALLED,2025-04-22T08:15:37Z,938
PH_0774,PH_0070,CALLED,2026-06-14T15:53:03Z,2237
PER_0895,ACC_0677,OWNS,,
ACC_0691,ACC_0745,TRANSACTED_WITH,2024-08-06T06:47:24Z,210523.57
PH_1216,PH_0086,CALLED,2025-12-31T02:07:52Z,786
PER_0530,ORG_0063,ASSOCIATED_WITH,,
PER_0033,LOC_0006,ASSOCIATED_WITH,,
ACC_0209,ACC_0835,TRANSACTED_WITH,2023-06-30T22:57:02Z,2056396.74
PH_0580,PH_0749,CALLED,2026-03-28T07:07:09Z,2641
PER_0151,LOC_0071,ASSOCIATED_WITH,,
ACC_0124,ACC_0389,TRANSACTED_WITH,2025-06-02T20:28:40Z,262353.04
ACC_0224,ACC_1133,TRANSACTED_WITH,2023-02-07T02:29:36Z,1033823.56
PER_0668,PH_0920,OWNS,,
PH_1313,PH_0157,CALLED,2024-05-17T11:38:13Z,1155
PER_0824,ACC_0790,OWNS,,
PH_1209,PH_0029,CALLED,2023-02-20T19:30:30Z,3252
PH_0724,PH_0123,CALLED,2024-03-26T00:56:19Z,1631
PER_0571,LOC_0096,ASSOCIATED_WITH,,
ACC_0375,ACC_0318,TRANSACTED_WITH,2023-08-05T08:44:23Z,913078.64
PH_0473,PH_0121,CALLED,2023-11-03T11:43:31Z,347
PH_0774,PH_0287,CALLED,2024-11-11T12:44:05Z,1957
PH_1309,PH_0813,CALLED,2023-04-24T18:01:41Z,3250
ACC_0340,ACC_0387,TRANSACTED_WITH,2025-11-29T17:51:08Z,478761.62
PER_0083,PH_0736,OWNS,,
CASE_0119,PER_0585,PARTICIPATED_IN,,
PER_0486,VEH_0322,OWNS,,
ACC_0086,ACC_0064,TRANSACTED_WITH,2023-10-13T23:05:24Z,678155.22
ACC_1171,ACC_0495,TRANSACTED_WITH,2026-04-25T04:56:17Z,150791.25
ACC_0240,ACC_0905,TRANSACTED_WITH,2025-04-14T03:41:17Z,1686478.72
PER_0804,VEH_0271,OWNS,,
PER_0509,ACC_0526,OWNS,,
PER_0884,ACC_0212,OWNS,,
CASE_0152,PER_0978,PARTICIPATED_IN,,
PER_0174,ORG_0090,ASSOCIATED_WITH,,
PH_0669,PH_0814,CALLED,2023-11-09T05:08:44Z,2646
PER_0574,PH_0179,OWNS,,
PER_0677,PH_0261,OWNS,,
ACC_0106,ACC_0839,TRANSACTED_WITH,2025-02-10T13:15:21Z,1615715.13
ACC_0111,ACC_0985,TRANSACTED_WITH,2023-06-03T16:00:58Z,474112.39
PER_0212,LOC_0049,ASSOCIATED_WITH,,
PER_0351,LOC_0089,ASSOCIATED_WITH,,
PER_0393,VEH_0663,OWNS,,
PER_0674,VEH_0435,OWNS,,
ACC_0557,ACC_0257,TRANSACTED_WITH,2024-01-11T00:08:12Z,2175827.67
ACC_0686,ACC_0108,TRANSACTED_WITH,2025-05-09T23:58:47Z,1282409.74
ACC_0284,ACC_0627,TRANSACTED_WITH,2023-04-22T17:19:27Z,2370707.05
PER_0587,ACC_0060,OWNS,,
PER_0031,VEH_0292,OWNS,,
PER_0669,PH_0497,OWNS,,
ACC_1035,ACC_0632,TRANSACTED_WITH,2025-08-09T12:54:26Z,1632060.31
PER_0180,ACC_0048,OWNS,,
PER_0880,ACC_0437,OWNS,,
PER_0759,VEH_0541,OWNS,,
CASE_0041,PER_0946,PARTICIPATED_IN,,
PER_0384,ACC_0761,OWNS,,
ACC_1069,ACC_1099,TRANSACTED_WITH,2025-03-26T05:25:38Z,2432126.86
PER_0230,ACC_0437,OWNS,,
ACC_0798,ACC_1023,TRANSACTED_WITH,2024-09-19T20:23:41Z,795824.0
PER_0419,LOC_0123,ASSOCIATED_WITH,,
ACC_0746,ACC_0887,TRANSACTED_WITH,2025-05-27T00:27:09Z,213969.42
PH_1252,PH_0888,CALLED,2025-01-13T17:39:44Z,2704
ACC_0563,ACC_0367,TRANSACTED_WITH,2025-10-26T17:13:06Z,2296040.08
PER_0482,LOC_0098,ASSOCIATED_WITH,,
CASE_0216,PER_0303,PARTICIPATED_IN,,
PER_0936,PH_0958,OWNS,,
PH_0525,PH_0343,CALLED,2024-05-30T06:03:01Z,1825
PER_0772,PH_0540,OWNS,,
ACC_1149,ACC_0556,TRANSACTED_WITH,2023-09-01T01:45:13Z,1175086.4
PER_0905,VEH_0392,OWNS,,
PH_0851,PH_1274,CALLED,2024-01-12T22:50:40Z,2218
PER_0278,ACC_0931,OWNS,,
CASE_0195,PER_0372,PARTICIPATED_IN,,
ACC_0891,ACC_0896,TRANSACTED_WITH,2024-02-22T04:26:26Z,1108685.8
PH_1299,PH_1192,CALLED,2023-11-29T14:25:48Z,2847
PH_1373,PH_0527,CALLED,2026-02-08T20:22:25Z,1567
PER_0149,VEH_0660,OWNS,,
PH_1358,PH_0260,CALLED,2023-03-12T21:47:41Z,1037
PER_0316,LOC_0020,ASSOCIATED_WITH,,
PH_0369,PH_0703,CALLED,2025-09-05T00:49:33Z,2933
PER_0946,PH_0730,OWNS,,
ACC_0097,ACC_0555,TRANSACTED_WITH,2023-06-30T04:29:06Z,2260075.6
PH_0068,PH_0135,CALLED,2026-06-13T10:23:38Z,2157
PER_0303,LOC_0062,ASSOCIATED_WITH,,
PER_0674,ACC_0741,OWNS,,
PER_0001,ACC_0909,OWNS,,
PH_0286,PH_1214,CALLED,2025-08-30T15:43:36Z,636
PH_1313,PH_0321,CALLED,2025-12-20T12:23:04Z,1482
PER_0602,VEH_0673,OWNS,,
PER_0238,LOC_0080,ASSOCIATED_WITH,,
PH_0996,PH_1049,CALLED,2023-12-02T20:00:33Z,3375
CASE_0074,PER_0287,PARTICIPATED_IN,,
PER_0346,PH_0315,OWNS,,
PER_0270,ACC_0593,OWNS,,
ACC_0922,ACC_0907,TRANSACTED_WITH,2024-02-12T04:18:14Z,533228.4
PER_0618,ACC_0297,OWNS,,
ACC_0289,ACC_0476,TRANSACTED_WITH,2025-12-30T11:14:34Z,1727314.64
PER_0934,VEH_0280,OWNS,,
PH_0605,PH_0819,CALLED,2026-01-30T09:16:44Z,2702
ACC_0077,ACC_1043,TRANSACTED_WITH,2026-05-06T13:23:23Z,1334283.15
PER_0502,LOC_0029,ASSOCIATED_WITH,,
PER_0384,PH_0933,OWNS,,
ACC_0746,ACC_0745,TRANSACTED_WITH,2023-05-28T19:43:48Z,888029.71
PER_0278,LOC_0096,ASSOCIATED_WITH,,
PER_0066,LOC_0047,ASSOCIATED_WITH,,
PER_0613,VEH_0103,OWNS,,
PER_0491,LOC_0006,ASSOCIATED_WITH,,
PER_0281,ACC_1146,OWNS,,
PER_0660,VEH_0029,OWNS,,
PER_0140,LOC_0140,ASSOCIATED_WITH,,
PER_0195,VEH_0442,OWNS,,
ACC_1034,ACC_1187,TRANSACTED_WITH,2026-01-13T21:35:19Z,1781485.35
PER_0160,LOC_0074,ASSOCIATED_WITH,,
CASE_0130,PER_0506,PARTICIPATED_IN,,
ACC_0911,ACC_0721,TRANSACTED_WITH,2024-07-04T10:42:31Z,2098963.4
PH_1013,PH_0278,CALLED,2024-06-08T05:32:32Z,2065
ACC_0972,ACC_0614,TRANSACTED_WITH,2026-01-13T22:54:43Z,801192.54
PER_0938,ACC_0302,OWNS,,
CASE_0087,PER_0942,PARTICIPATED_IN,,
ACC_0187,ACC_0560,TRANSACTED_WITH,2024-04-29T01:06:07Z,166224.02
PER_0605,ACC_0804,OWNS,,
PER_0448,VEH_0260,OWNS,,
PER_0531,PH_0301,OWNS,,
PER_0036,LOC_0121,ASSOCIATED_WITH,,
ACC_0548,ACC_0231,TRANSACTED_WITH,2024-12-24T17:03:23Z,1522639.73
PH_0666,PH_0444,CALLED,2026-07-14T11:33:24Z,1269
PH_0655,PH_0588,CALLED,2024-06-28T18:17:49Z,3033
PER_0277,ACC_0538,OWNS,,
PER_0964,ACC_1140,OWNS,,
PER_0628,ACC_0220,OWNS,,
PER_0881,LOC_0084,ASSOCIATED_WITH,,
PER_0908,LOC_0038,ASSOCIATED_WITH,,
PER_0241,ACC_0134,OWNS,,
PER_0786,ACC_0488,OWNS,,
PH_0611,PH_0777,CALLED,2024-05-08T23:58:09Z,3546
PH_1181,PH_0409,CALLED,2025-06-19T22:50:53Z,618
ACC_0541,ACC_0355,TRANSACTED_WITH,2024-03-22T23:34:44Z,2193596.13
PER_0944,ACC_0804,OWNS,,
PER_0273,PH_1082,OWNS,,
ACC_0071,ACC_0951,TRANSACTED_WITH,2025-03-16T13:15:40Z,608554.69
PER_0980,LOC_0123,ASSOCIATED_WITH,,
PER_0812,ACC_0664,OWNS,,
PH_0703,PH_0417,CALLED,2025-10-07T01:00:56Z,148
ACC_0815,ACC_0220,TRANSACTED_WITH,2023-02-27T22:30:14Z,1741666.52
PER_0406,ORG_0011,ASSOCIATED_WITH,,
CASE_0242,PER_0858,PARTICIPATED_IN,,
PH_1130,PH_0959,CALLED,2024-08-28T21:03:52Z,1797
PER_0416,PH_1011,OWNS,,
ACC_0218,ACC_0208,TRANSACTED_WITH,2023-02-01T17:59:47Z,1227317.14
PER_0829,VEH_0305,OWNS,,
PH_0789,PH_0590,CALLED,2023-01-27T17:34:49Z,3127
CASE_0052,PER_0254,PARTICIPATED_IN,,
PH_1310,PH_0556,CALLED,2025-06-05T10:43:35Z,740
PER_0922,VEH_0221,OWNS,,
PER_0863,PH_1002,OWNS,,
PER_0849,ORG_0005,ASSOCIATED_WITH,,
PER_0287,PH_1303,OWNS,,
PER_0630,VEH_0087,OWNS,,
PER_0427,VEH_0618,OWNS,,
PER_0735,PH_0431,OWNS,,
PER_0504,ACC_0909,OWNS,,
PH_1238,PH_1041,CALLED,2025-05-04T21:13:14Z,2987
PER_0659,ACC_0065,OWNS,,
PH_0076,PH_0788,CALLED,2025-10-19T04:53:08Z,3482
PER_0932,LOC_0064,ASSOCIATED_WITH,,
PER_0641,LOC_0008,ASSOCIATED_WITH,,
PER_0705,ACC_0255,OWNS,,
PER_0490,LOC_0136,ASSOCIATED_WITH,,
ACC_1135,ACC_0212,TRANSACTED_WITH,2024-08-18T02:39:33Z,1855800.01
ACC_0374,ACC_0182,TRANSACTED_WITH,2025-04-17T02:48:44Z,201217.47
PER_0238,PH_0864,OWNS,,
PH_0611,PH_1121,CALLED,2025-11-03T12:57:30Z,1503
ACC_0914,ACC_0133,TRANSACTED_WITH,2023-07-04T21:03:48Z,1261310.38
PH_0811,PH_0801,CALLED,2024-10-27T04:18:06Z,2201
ACC_0592,ACC_0821,TRANSACTED_WITH,2023-06-13T18:56:43Z,809871.05
PH_1382,PH_0278,CALLED,2026-05-21T09:48:01Z,2630
PER_0853,ACC_1170,OWNS,,
PER_0608,ORG_0098,ASSOCIATED_WITH,,
PER_0471,PH_0129,OWNS,,
PER_0848,LOC_0094,ASSOCIATED_WITH,,
ACC_0208,ACC_0805,TRANSACTED_WITH,2026-06-25T19:25:30Z,310765.43
PER_0570,VEH_0355,OWNS,,
PER_0838,VEH_0173,OWNS,,
PH_0803,PH_0111,CALLED,2024-12-19T14:18:04Z,656
PER_0224,ACC_0201,OWNS,,
ACC_0685,ACC_0374,TRANSACTED_WITH,2025-09-04T20:17:21Z,2087059.3
ACC_0424,ACC_0614,TRANSACTED_WITH,2025-12-12T19:05:12Z,574012.67
PER_0619,LOC_0062,ASSOCIATED_WITH,,
PER_0266,PH_0860,OWNS,,
ACC_0264,ACC_0230,TRANSACTED_WITH,2024-04-12T17:10:19Z,225339.12
PH_1239,PH_0610,CALLED,2026-01-08T10:31:59Z,1837
PH_0536,PH_0657,CALLED,2023-01-16T13:33:48Z,2492
CASE_0073,PER_0906,PARTICIPATED_IN,,
PH_1197,PH_0913,CALLED,2025-10-20T14:54:35Z,2958
PER_0407,LOC_0129,ASSOCIATED_WITH,,
PER_0325,ORG_0107,ASSOCIATED_WITH,,
PER_0417,ORG_0080,ASSOCIATED_WITH,,
PER_0988,VEH_0540,OWNS,,
PH_1333,PH_0919,CALLED,2023-08-04T21:33:57Z,1267
ACC_0787,ACC_0012,TRANSACTED_WITH,2023-08-22T05:26:50Z,447405.73
PH_0657,PH_0027,CALLED,2024-11-18T06:19:04Z,972
PER_0899,PH_0278,OWNS,,
ACC_0078,ACC_0117,TRANSACTED_WITH,2026-06-09T11:57:42Z,370972.95
PER_0601,ACC_0872,OWNS,,
CASE_0153,PER_0028,PARTICIPATED_IN,,
PH_0221,PH_0010,CALLED,2024-09-28T16:39:06Z,1020
PH_0867,PH_1330,CALLED,2025-02-17T06:22:30Z,3034
ACC_0023,ACC_1146,TRANSACTED_WITH,2026-07-04T15:32:37Z,1864912.87
PH_0677,PH_0515,CALLED,2026-04-29T04:34:49Z,1757
ACC_1195,ACC_0189,TRANSACTED_WITH,2023-12-06T20:50:57Z,1033895.2
ACC_0248,ACC_1029,TRANSACTED_WITH,2023-08-09T03:35:12Z,1284466.96
PER_0309,ACC_0787,OWNS,,
ACC_0899,ACC_0708,TRANSACTED_WITH,2025-08-05T23:46:35Z,961600.95
PER_0497,LOC_0125,ASSOCIATED_WITH,,
ACC_0714,ACC_0652,TRANSACTED_WITH,2023-07-14T03:13:27Z,1961903.15
PER_0217,LOC_0085,ASSOCIATED_WITH,,
ACC_0703,ACC_1126,TRANSACTED_WITH,2024-02-12T11:30:28Z,812690.6
ACC_0801,ACC_0943,TRANSACTED_WITH,2026-07-27T00:07:11Z,2254285.73
PER_0454,VEH_0784,OWNS,,
CASE_0019,PER_0286,PARTICIPATED_IN,,
PH_0320,PH_0049,CALLED,2024-10-30T06:06:14Z,1316
ACC_0954,ACC_0228,TRANSACTED_WITH,2024-10-22T22:39:28Z,1844606.25
ACC_0400,ACC_0610,TRANSACTED_WITH,2026-01-03T01:52:42Z,2333040.8
ACC_0849,ACC_0440,TRANSACTED_WITH,2024-11-20T13:59:53Z,1903480.2
PER_0021,ACC_1143,OWNS,,
PER_0680,ACC_0219,OWNS,,
PH_0230,PH_1237,CALLED,2025-03-29T17:56:42Z,3310
PH_1073,PH_0982,CALLED,2025-09-05T02:15:48Z,661
PH_0148,PH_0945,CALLED,2023-06-12T01:02:15Z,1018
PER_0626,VEH_0685,OWNS,,
PH_0278,PH_1387,CALLED,2024-09-30T23:21:12Z,3336
PER_0003,PH_0294,OWNS,,
PH_0281,PH_0764,CALLED,2023-12-19T20:12:36Z,253
PER_0834,LOC_0046,ASSOCIATED_WITH,,
ACC_0117,ACC_0234,TRANSACTED_WITH,2025-05-13T20:59:59Z,860370.86
ACC_0699,ACC_0811,TRANSACTED_WITH,2023-06-19T05:16:08Z,1088440.04
PER_0407,LOC_0042,ASSOCIATED_WITH,,
ACC_0918,ACC_0570,TRANSACTED_WITH,2024-03-03T10:27:51Z,796177.25
PER_0342,LOC_0062,ASSOCIATED_WITH,,
ACC_0573,ACC_0346,TRANSACTED_WITH,2024-02-27T12:58:08Z,1849870.04
CASE_0026,PER_0807,PARTICIPATED_IN,,
PH_0359,PH_0796,CALLED,2023-12-16T17:16:09Z,2811
ACC_0225,ACC_0350,TRANSACTED_WITH,2024-07-07T08:10:37Z,1500900.59
ACC_0841,ACC_0286,TRANSACTED_WITH,2024-03-16T19:04:21Z,1311846.14
PER_0370,VEH_0124,OWNS,,
PER_0869,PH_0771,OWNS,,
PH_0455,PH_0733,CALLED,2024-05-08T18:18:46Z,127
PER_0995,VEH_0701,OWNS,,
PER_0146,PH_0647,OWNS,,
PER_0022,VEH_0106,OWNS,,
ACC_0014,ACC_0616,TRANSACTED_WITH,2023-06-06T20:06:43Z,613987.9
PER_0342,PH_1020,OWNS,,
ACC_0315,ACC_1016,TRANSACTED_WITH,2024-06-02T03:35:58Z,363118.0
ACC_0583,ACC_0395,TRANSACTED_WITH,2023-04-04T10:08:45Z,1692112.06
PH_0897,PH_0161,CALLED,2025-10-03T14:38:13Z,2749
PH_1223,PH_0036,CALLED,2024-12-12T12:20:45Z,1465
PH_1170,PH_0197,CALLED,2023-08-21T15:49:01Z,2678
ACC_1067,ACC_0481,TRANSACTED_WITH,2026-02-16T23:05:39Z,607103.33
PER_0743,LOC_0139,ASSOCIATED_WITH,,
ACC_0172,ACC_0985,TRANSACTED_WITH,2024-07-13T08:00:38Z,403575.07
PER_0866,LOC_0057,ASSOCIATED_WITH,,
PH_0981,PH_0742,CALLED,2024-08-26T12:04:45Z,737
ACC_0865,ACC_0794,TRANSACTED_WITH,2025-08-26T21:05:16Z,1209623.29
PER_0009,LOC_0084,ASSOCIATED_WITH,,
ACC_0342,ACC_1054,TRANSACTED_WITH,2023-07-22T02:00:00Z,695805.99
ACC_0515,ACC_0608,TRANSACTED_WITH,2025-12-30T12:37:49Z,1882110.57
PER_0693,LOC_0102,ASSOCIATED_WITH,,
ACC_1010,ACC_0170,TRANSACTED_WITH,2023-07-29T09:50:57Z,1033049.98
PER_0635,VEH_0295,OWNS,,
PER_0166,ACC_0807,OWNS,,
PER_0650,PH_0352,OWNS,,
PER_0712,ACC_1059,OWNS,,
PER_0970,PH_1196,OWNS,,
PER_0299,ACC_0552,OWNS,,
PER_0167,PH_0472,OWNS,,
PH_0766,PH_0851,CALLED,2026-05-28T09:36:57Z,2161
ACC_0098,ACC_0766,TRANSACTED_WITH,2025-05-04T05:46:46Z,1529196.3
PER_0722,ACC_0097,OWNS,,
PER_0405,LOC_0058,ASSOCIATED_WITH,,
PH_0845,PH_0262,CALLED,2023-06-26T18:26:49Z,1213
ACC_1056,ACC_0416,TRANSACTED_WITH,2023-12-05T17:10:47Z,619143.28
PER_0364,PH_1400,OWNS,,
PER_0434,ORG_0028,ASSOCIATED_WITH,,
PER_0467,ORG_0036,ASSOCIATED_WITH,,
PER_0326,ACC_1025,OWNS,,
PER_0963,VEH_0480,OWNS,,
PER_0975,ACC_0667,OWNS,,
ACC_0087,ACC_0003,TRANSACTED_WITH,2024-06-23T10:40:06Z,1081656.97
ACC_1129,ACC_1164,TRANSACTED_WITH,2024-04-08T03:55:04Z,2050380.77
PER_0339,VEH_0703,OWNS,,
PH_0155,PH_1163,CALLED,2025-02-14T12:07:32Z,2754
PER_0405,VEH_0465,OWNS,,
ACC_1175,ACC_0445,TRANSACTED_WITH,2023-02-03T14:58:51Z,2029069.05
ACC_0755,ACC_0475,TRANSACTED_WITH,2023-04-24T18:36:25Z,994141.32
PER_0901,VEH_0693,OWNS,,
PH_0912,PH_0437,CALLED,2024-12-04T22:26:27Z,877
ACC_1198,ACC_0761,TRANSACTED_WITH,2024-12-30T04:47:19Z,2421752.36
PER_0131,LOC_0093,ASSOCIATED_WITH,,
ACC_0269,ACC_1085,TRANSACTED_WITH,2023-05-11T06:37:31Z,205633.3
PER_0862,VEH_0599,OWNS,,
PER_0776,ACC_1195,OWNS,,
PER_0994,LOC_0029,ASSOCIATED_WITH,,
PH_0111,PH_0360,CALLED,2024-06-17T11:02:52Z,1448
PER_0252,VEH_0120,OWNS,,
ACC_0679,ACC_0131,TRANSACTED_WITH,2025-07-30T21:13:15Z,28198.59
PH_0783,PH_0517,CALLED,2024-03-12T03:57:25Z,1947
PER_0081,PH_1039,OWNS,,
ACC_0357,ACC_0766,TRANSACTED_WITH,2024-10-05T10:48:03Z,1038550.87
PH_0124,PH_1085,CALLED,2024-03-25T02:04:43Z,140
CASE_0066,PER_0882,PARTICIPATED_IN,,
PH_1299,PH_0606,CALLED,2024-08-26T18:22:12Z,3129
ACC_0368,ACC_0321,TRANSACTED_WITH,2023-12-26T17:08:48Z,2163627.61
PER_0294,LOC_0122,ASSOCIATED_WITH,,
ACC_0537,ACC_0114,TRANSACTED_WITH,2023-02-10T03:06:55Z,1699323.06
PER_0288,PH_0747,OWNS,,
ACC_0857,ACC_0643,TRANSACTED_WITH,2025-02-10T07:28:08Z,184165.2
PH_1260,PH_0348,CALLED,2025-08-22T03:26:52Z,783
PER_0117,ACC_0585,OWNS,,
PER_0254,PH_0309,OWNS,,
PER_0821,ACC_0147,OWNS,,
ACC_1007,ACC_0121,TRANSACTED_WITH,2025-10-26T21:43:10Z,1848849.12
PER_0734,LOC_0074,ASSOCIATED_WITH,,
CASE_0001,PER_0623,PARTICIPATED_IN,,
PER_0762,ACC_0608,OWNS,,
CASE_0038,PER_0213,PARTICIPATED_IN,,
PH_0630,PH_1201,CALLED,2025-10-11T06:18:41Z,85
CASE_0108,PER_0750,PARTICIPATED_IN,,
PH_0081,PH_1240,CALLED,2026-06-03T06:53:08Z,2004
ACC_1026,ACC_0135,TRANSACTED_WITH,2025-04-13T05:02:16Z,808090.96
PER_0092,LOC_0136,ASSOCIATED_WITH,,
PER_0894,ACC_0350,OWNS,,
PH_0725,PH_0480,CALLED,2023-05-06T05:32:50Z,1113
PH_0067,PH_0816,CALLED,2025-04-17T22:26:01Z,549
PH_0891,PH_0168,CALLED,2025-10-26T07:57:58Z,2462
PER_0711,LOC_0136,ASSOCIATED_WITH,,
PER_0697,ORG_0087,ASSOCIATED_WITH,,
PH_0527,PH_0657,CALLED,2025-09-18T00:30:06Z,2061
PER_0599,VEH_0125,OWNS,,
CASE_0014,PER_0150,PARTICIPATED_IN,,
PH_1165,PH_0644,CALLED,2023-05-05T17:31:20Z,2733
ACC_0109,ACC_0460,TRANSACTED_WITH,2024-09-01T11:02:23Z,1551771.99
ACC_0888,ACC_0412,TRANSACTED_WITH,2025-10-06T21:56:18Z,1920518.42
ACC_1165,ACC_0984,TRANSACTED_WITH,2026-05-16T02:10:00Z,1146385.07
PER_0920,ACC_0313,OWNS,,
ACC_0374,ACC_0720,TRANSACTED_WITH,2023-02-13T18:44:13Z,807233.1
PER_0145,VEH_0134,OWNS,,
PER_0187,ORG_0006,ASSOCIATED_WITH,,
ACC_0935,ACC_0319,TRANSACTED_WITH,2024-09-09T02:53:46Z,1801433.23
PER_0040,ORG_0082,ASSOCIATED_WITH,,
ACC_0179,ACC_1140,TRANSACTED_WITH,2023-02-27T12:49:58Z,1418467.71
PER_0426,ACC_0991,OWNS,,
PER_0809,LOC_0086,ASSOCIATED_WITH,,
ACC_1015,ACC_1163,TRANSACTED_WITH,2024-01-26T16:47:45Z,629095.11
PER_0373,VEH_0128,OWNS,,
CASE_0116,PER_0639,PARTICIPATED_IN,,
PH_0736,PH_0128,CALLED,2025-03-11T23:31:08Z,2916
PER_0308,ACC_0940,OWNS,,
PH_0652,PH_1105,CALLED,2024-08-08T21:02:49Z,2839
PER_0840,VEH_0255,OWNS,,
PH_1006,PH_1094,CALLED,2026-04-08T10:42:23Z,3262
ACC_0284,ACC_0398,TRANSACTED_WITH,2024-09-13T00:47:28Z,1080966.99
PH_0094,PH_0045,CALLED,2025-06-08T09:45:52Z,2394
ACC_0304,ACC_0255,TRANSACTED_WITH,2025-08-20T10:31:07Z,1996694.14
PER_0484,ORG_0001,ASSOCIATED_WITH,,
PER_0308,VEH_0352,OWNS,,
PER_0053,ORG_0012,ASSOCIATED_WITH,,
PER_0816,ORG_0069,ASSOCIATED_WITH,,
PER_0987,ACC_0017,OWNS,,
PH_0498,PH_0975,CALLED,2024-09-30T08:19:57Z,655
ACC_0197,ACC_0526,TRANSACTED_WITH,2023-09-17T01:00:15Z,2172730.08
CASE_0016,PER_0453,PARTICIPATED_IN,,
ACC_0557,ACC_0712,TRANSACTED_WITH,2026-01-02T12:13:20Z,21835.25
PH_0447,PH_1044,CALLED,2024-05-27T18:36:52Z,2652
CASE_0067,PER_0816,PARTICIPATED_IN,,
PER_0345,LOC_0062,ASSOCIATED_WITH,,
PER_0066,ORG_0106,ASSOCIATED_WITH,,
PER_0326,VEH_0547,OWNS,,
ACC_0876,ACC_0106,TRANSACTED_WITH,2024-05-24T15:05:00Z,654358.51
PH_0198,PH_0802,CALLED,2023-10-11T12:32:06Z,3397
PH_0411,PH_1128,CALLED,2026-06-06T17:17:21Z,14
PER_0344,ORG_0076,ASSOCIATED_WITH,,
PER_0493,ORG_0049,ASSOCIATED_WITH,,
ACC_1060,ACC_0360,TRANSACTED_WITH,2025-09-09T09:05:32Z,598198.1
PH_0477,PH_0272,CALLED,2024-01-09T15:28:41Z,2077
PER_0271,ACC_1140,OWNS,,
PER_0539,LOC_0074,ASSOCIATED_WITH,,
ACC_0563,ACC_0297,TRANSACTED_WITH,2024-02-19T00:54:57Z,396151.02
PER_0091,LOC_0013,ASSOCIATED_WITH,,
ACC_1027,ACC_0663,TRANSACTED_WITH,2025-03-15T03:49:49Z,811129.82
PER_0623,PH_1150,OWNS,,
PH_0566,PH_0629,CALLED,2023-12-25T22:30:10Z,1813
PH_0726,PH_0601,CALLED,2024-06-13T07:30:03Z,1391
PH_0146,PH_0161,CALLED,2023-10-13T20:22:02Z,206
PH_0005,PH_0413,CALLED,2025-05-12T20:07:21Z,628
PER_0956,PH_0316,OWNS,,
PH_0831,PH_0064,CALLED,2023-05-21T19:07:18Z,2536
PER_0985,PH_1230,OWNS,,
ACC_0172,ACC_0589,TRANSACTED_WITH,2025-08-02T08:00:50Z,496160.49
PER_0267,LOC_0037,ASSOCIATED_WITH,,
PH_1272,PH_1323,CALLED,2025-11-27T21:13:45Z,1174
ACC_0388,ACC_0576,TRANSACTED_WITH,2025-01-15T11:05:21Z,223683.47
PER_0298,VEH_0422,OWNS,,
PH_0810,PH_1343,CALLED,2024-07-03T08:30:11Z,3144
ACC_0362,ACC_1014,TRANSACTED_WITH,2023-08-14T09:14:41Z,480213.09
CASE_0124,PER_0050,PARTICIPATED_IN,,
ACC_0292,ACC_0199,TRANSACTED_WITH,2024-06-13T06:06:44Z,1281497.21
ACC_0929,ACC_0866,TRANSACTED_WITH,2025-02-03T06:30:00Z,917723.63
PER_0896,VEH_0555,OWNS,,
CASE_0053,PER_0558,PARTICIPATED_IN,,
PER_0079,LOC_0103,ASSOCIATED_WITH,,
ACC_0785,ACC_1095,TRANSACTED_WITH,2026-02-09T00:29:22Z,1303995.29
PH_1203,PH_0156,CALLED,2025-11-28T11:27:33Z,2070
CASE_0150,PER_0890,PARTICIPATED_IN,,
PER_0014,PH_1099,OWNS,,
ACC_0031,ACC_0150,TRANSACTED_WITH,2023-11-25T09:18:13Z,398413.58
PER_0276,ACC_1046,OWNS,,
PER_0422,PH_0930,OWNS,,
PER_0043,ACC_1058,OWNS,,
CASE_0099,PER_0491,PARTICIPATED_IN,,
PH_1365,PH_0049,CALLED,2023-06-03T15:00:12Z,1292
PH_0484,PH_1243,CALLED,2023-12-29T02:27:54Z,881
PER_0177,ACC_0726,OWNS,,
PER_0064,ORG_0008,ASSOCIATED_WITH,,
PH_0151,PH_0812,CALLED,2026-06-19T00:10:18Z,3155
PH_0997,PH_0601,CALLED,2023-09-13T09:00:40Z,2219
ACC_0628,ACC_0718,TRANSACTED_WITH,2023-01-05T22:51:01Z,1615095.66
ACC_0959,ACC_1088,TRANSACTED_WITH,2024-10-07T07:04:44Z,497000.46
PER_0255,VEH_0043,OWNS,,
PH_1124,PH_0554,CALLED,2026-05-24T14:12:04Z,1852
ACC_1124,ACC_0234,TRANSACTED_WITH,2026-02-11T13:50:44Z,2331642.41
PER_0589,ACC_1130,OWNS,,
PER_0424,PH_1277,OWNS,,
PH_0825,PH_0941,CALLED,2025-12-02T03:00:10Z,1546
PER_0751,ACC_0137,OWNS,,
PER_0389,ACC_0940,OWNS,,
PER_0357,ORG_0051,ASSOCIATED_WITH,,
PER_0753,ACC_0928,OWNS,,
PER_0946,VEH_0742,OWNS,,
PH_0228,PH_0706,CALLED,2023-11-03T20:06:11Z,1048
ACC_0260,ACC_1178,TRANSACTED_WITH,2025-08-27T00:25:19Z,1886398.51
PER_0059,LOC_0044,ASSOCIATED_WITH,,
ACC_0197,ACC_0215,TRANSACTED_WITH,2024-01-30T10:16:55Z,562811.19
PER_0803,ACC_0888,OWNS,,
CASE_0189,PER_0241,PARTICIPATED_IN,,
ACC_0158,ACC_0597,TRANSACTED_WITH,2025-12-16T12:00:05Z,1050631.09
PER_0837,VEH_0019,OWNS,,
ACC_0294,ACC_0071,TRANSACTED_WITH,2024-05-10T02:18:38Z,365424.22
ACC_0436,ACC_0267,TRANSACTED_WITH,2026-05-21T06:52:52Z,1682754.98
PER_0414,LOC_0049,ASSOCIATED_WITH,,
PER_0502,PH_1207,OWNS,,
PH_0233,PH_0596,CALLED,2023-03-07T04:50:10Z,1817
PH_1093,PH_0521,CALLED,2024-11-18T22:22:56Z,2813
ACC_0752,ACC_1147,TRANSACTED_WITH,2024-01-02T00:53:39Z,2317715.57
ACC_0668,ACC_0909,TRANSACTED_WITH,2025-07-29T16:56:39Z,526370.82
CASE_0217,PER_0064,PARTICIPATED_IN,,
ACC_0455,ACC_0158,TRANSACTED_WITH,2025-07-22T18:31:46Z,848849.09
PH_0413,PH_0389,CALLED,2023-03-09T01:11:24Z,2316
PER_0129,VEH_0381,OWNS,,
ACC_1102,ACC_0591,TRANSACTED_WITH,2024-11-21T22:42:39Z,2267627.97
CASE_0039,PER_0891,PARTICIPATED_IN,,
ACC_0174,ACC_0804,TRANSACTED_WITH,2025-12-08T12:56:34Z,2121112.45
PER_0342,PH_1153,OWNS,,
PER_0208,PH_0289,OWNS,,
PER_0057,LOC_0147,ASSOCIATED_WITH,,
PER_0182,ACC_0966,OWNS,,
PH_0657,PH_0939,CALLED,2026-06-15T18:35:39Z,1331
ACC_0726,ACC_0604,TRANSACTED_WITH,2024-08-01T15:10:01Z,1891340.66
CASE_0172,PER_0554,PARTICIPATED_IN,,
ACC_0535,ACC_0707,TRANSACTED_WITH,2025-03-20T21:01:15Z,2493066.84
PH_0525,PH_0739,CALLED,2025-11-19T04:41:41Z,2718
PER_0054,PH_0605,OWNS,,
CASE_0237,PER_0604,PARTICIPATED_IN,,
PER_0360,LOC_0041,ASSOCIATED_WITH,,
PER_0096,LOC_0108,ASSOCIATED_WITH,,
PER_0082,ACC_0239,OWNS,,
PH_1396,PH_1395,CALLED,2025-02-08T20:30:25Z,1251
PER_0393,ACC_0115,OWNS,,
ACC_0876,ACC_0073,TRANSACTED_WITH,2025-03-18T12:28:52Z,556187.97
PER_0063,ACC_0336,OWNS,,
PER_0730,PH_0151,OWNS,,
PER_0795,PH_0794,OWNS,,
PH_0922,PH_1214,CALLED,2023-02-03T01:41:03Z,927
PER_0327,VEH_0518,OWNS,,
PER_0955,VEH_0262,OWNS,,
PER_0749,ACC_0674,OWNS,,
PER_0544,ACC_0290,OWNS,,
PER_0750,VEH_0711,OWNS,,
PER_0252,LOC_0131,ASSOCIATED_WITH,,
PER_0340,ACC_0590,OWNS,,
PH_1381,PH_0203,CALLED,2023-07-29T04:48:35Z,1883
PER_0122,PH_0054,OWNS,,
PER_0199,LOC_0029,ASSOCIATED_WITH,,
PER_0962,LOC_0023,ASSOCIATED_WITH,,
PER_0192,VEH_0159,OWNS,,
PER_0696,ACC_0823,OWNS,,
PER_0153,ACC_0355,OWNS,,
PER_0690,LOC_0036,ASSOCIATED_WITH,,
PH_1150,PH_0026,CALLED,2023-09-29T04:00:06Z,2384
PH_0386,PH_1252,CALLED,2025-10-06T23:43:33Z,2817
PER_0286,ACC_0706,OWNS,,
ACC_0883,ACC_0767,TRANSACTED_WITH,2024-12-11T11:00:24Z,528465.78
PER_0188,PH_0984,OWNS,,
PH_0849,PH_0085,CALLED,2025-05-15T14:50:26Z,2583
PH_1275,PH_0995,CALLED,2023-12-12T01:02:04Z,288
ACC_0790,ACC_0118,TRANSACTED_WITH,2025-12-07T10:34:55Z,996304.21
PER_0938,LOC_0133,ASSOCIATED_WITH,,
ACC_1036,ACC_0132,TRANSACTED_WITH,2024-04-19T21:43:47Z,595482.52
ACC_1047,ACC_0150,TRANSACTED_WITH,2024-01-17T03:19:32Z,78141.37
ACC_0145,ACC_0763,TRANSACTED_WITH,2026-01-22T08:41:43Z,322137.02
PER_0949,PH_0722,OWNS,,
PER_0261,PH_0950,OWNS,,
PER_0671,ACC_0214,OWNS,,
PER_0037,VEH_0277,OWNS,,
CASE_0117,PER_0623,PARTICIPATED_IN,,
ACC_0971,ACC_0607,TRANSACTED_WITH,2024-01-06T14:15:45Z,2324717.73
ACC_0239,ACC_0935,TRANSACTED_WITH,2024-02-05T13:08:06Z,837262.01
PER_0710,PH_0608,OWNS,,
PH_1047,PH_1010,CALLED,2024-04-26T05:06:13Z,2453
PER_0040,ACC_0206,OWNS,,
PER_0170,VEH_0367,OWNS,,
PER_0476,PH_1060,OWNS,,
PH_0959,PH_0114,CALLED,2023-07-29T08:33:35Z,1500
ACC_0998,ACC_0113,TRANSACTED_WITH,2023-12-07T02:44:11Z,137587.35
PER_0271,PH_0169,OWNS,,
ACC_0665,ACC_0210,TRANSACTED_WITH,2023-11-13T06:40:07Z,26047.47
PH_0205,PH_1282,CALLED,2025-04-05T08:57:13Z,658
PH_0884,PH_0428,CALLED,2024-09-30T18:44:31Z,463
PER_0470,VEH_0418,OWNS,,
PER_0556,VEH_0335,OWNS,,
ACC_0901,ACC_0614,TRANSACTED_WITH,2023-05-10T12:32:43Z,2466407.72
ACC_0981,ACC_0690,TRANSACTED_WITH,2026-05-16T12:49:59Z,2231752.54
ACC_0640,ACC_0395,TRANSACTED_WITH,2025-10-26T19:31:33Z,2481397.6
ACC_0077,ACC_0937,TRANSACTED_WITH,2023-12-22T12:48:38Z,608290.87
ACC_1087,ACC_1102,TRANSACTED_WITH,2023-11-28T18:29:46Z,1393923.29
PH_0521,PH_0594,CALLED,2025-08-16T15:22:02Z,401
PER_0670,ACC_1092,OWNS,,
PER_0795,ORG_0084,ASSOCIATED_WITH,,
ACC_1143,ACC_1113,TRANSACTED_WITH,2024-06-10T22:01:01Z,378659.96
ACC_0933,ACC_0007,TRANSACTED_WITH,2024-10-08T13:02:54Z,501777.43
PER_0810,PH_0121,OWNS,,
PH_0910,PH_0816,CALLED,2023-04-19T12:33:45Z,592
PER_0752,VEH_0662,OWNS,,
ACC_0002,ACC_0927,TRANSACTED_WITH,2025-04-08T04:15:52Z,1642780.12
PER_0508,PH_0349,OWNS,,
PH_0556,PH_0964,CALLED,2024-01-28T20:33:18Z,2480
PER_0111,ACC_0775,OWNS,,
CASE_0245,PER_0418,PARTICIPATED_IN,,
ACC_0391,ACC_0544,TRANSACTED_WITH,2025-04-28T19:30:48Z,177630.18
ACC_0632,ACC_0909,TRANSACTED_WITH,2026-03-11T19:50:01Z,2324673.56
PER_0674,PH_1045,OWNS,,
ACC_0213,ACC_0284,TRANSACTED_WITH,2025-05-29T18:06:33Z,1039944.95
PER_0108,LOC_0150,ASSOCIATED_WITH,,
ACC_1002,ACC_0677,TRANSACTED_WITH,2023-01-06T17:31:51Z,207839.48
ACC_0856,ACC_0805,TRANSACTED_WITH,2025-07-08T00:40:40Z,1296798.6
PER_0337,VEH_0548,OWNS,,
PER_0614,PH_0324,OWNS,,
PER_0574,ACC_0339,OWNS,,
PER_0278,PH_1128,OWNS,,
CASE_0110,PER_0440,PARTICIPATED_IN,,
ACC_0197,ACC_0991,TRANSACTED_WITH,2023-09-22T11:30:10Z,368230.31
PH_0167,PH_1267,CALLED,2024-10-05T12:43:02Z,2603
PER_0253,ACC_0534,OWNS,,
ACC_0427,ACC_0968,TRANSACTED_WITH,2024-08-24T08:51:37Z,1352434.97
PER_0934,ACC_0548,OWNS,,
PER_0019,VEH_0411,OWNS,,
PER_0125,VEH_0025,OWNS,,
PH_0177,PH_0175,CALLED,2025-06-27T23:54:19Z,2434
ACC_0248,ACC_0446,TRANSACTED_WITH,2026-01-18T09:33:30Z,1424875.68
CASE_0246,PER_0148,PARTICIPATED_IN,,
PER_0171,LOC_0128,ASSOCIATED_WITH,,
PER_0121,ACC_0133,OWNS,,
PER_0527,PH_0022,OWNS,,
ACC_0912,ACC_0015,TRANSACTED_WITH,2024-09-28T08:23:54Z,1630295.13
PER_0169,ACC_0316,OWNS,,
PER_0595,VEH_0178,OWNS,,
PH_0167,PH_0093,CALLED,2025-02-28T15:24:05Z,2901
PER_0756,VEH_0230,OWNS,,
PER_0421,VEH_0696,OWNS,,
ACC_1169,ACC_1154,TRANSACTED_WITH,2026-02-10T09:15:12Z,525319.85
PH_0205,PH_0537,CALLED,2025-05-31T09:09:27Z,1137
PER_0496,PH_1306,OWNS,,
PER_0462,VEH_0363,OWNS,,
PER_0055,ACC_0867,OWNS,,
ACC_0534,ACC_0706,TRANSACTED_WITH,2025-02-26T06:46:01Z,1707520.85
PER_0735,LOC_0119,ASSOCIATED_WITH,,
PH_1155,PH_1174,CALLED,2025-06-01T03:56:50Z,367
PER_0250,LOC_0041,ASSOCIATED_WITH,,
ACC_1005,ACC_0789,TRANSACTED_WITH,2026-06-26T13:05:11Z,1753926.02
PH_0222,PH_1309,CALLED,2024-01-29T17:50:53Z,1793
PER_0112,ACC_0305,OWNS,,
PER_0347,LOC_0091,ASSOCIATED_WITH,,
ACC_0415,ACC_0239,TRANSACTED_WITH,2023-11-05T03:30:31Z,1721267.67
CASE_0226,PER_0896,PARTICIPATED_IN,,
PER_0863,LOC_0096,ASSOCIATED_WITH,,
ACC_0928,ACC_0193,TRANSACTED_WITH,2026-01-04T14:02:59Z,2421846.31
ACC_0383,ACC_1154,TRANSACTED_WITH,2026-01-29T12:08:18Z,2392974.96
ACC_1163,ACC_0272,TRANSACTED_WITH,2025-05-05T17:17:22Z,2382467.66
PH_1132,PH_0878,CALLED,2024-07-15T06:29:38Z,2010
PH_1144,PH_0601,CALLED,2023-08-26T22:35:31Z,2735
PER_0459,ORG_0117,ASSOCIATED_WITH,,
CASE_0157,PER_0588,PARTICIPATED_IN,,
ACC_0473,ACC_0575,TRANSACTED_WITH,2023-02-26T22:55:30Z,1933271.38
PER_0425,VEH_0605,OWNS,,
PH_0806,PH_0167,CALLED,2023-11-25T12:21:09Z,583
PER_0735,ORG_0085,ASSOCIATED_WITH,,
PH_0947,PH_0900,CALLED,2026-03-22T02:27:58Z,1501
PH_1323,PH_1021,CALLED,2026-05-26T00:51:59Z,1299
PER_0420,ACC_1036,OWNS,,
PER_0697,LOC_0071,ASSOCIATED_WITH,,
PER_0874,LOC_0006,ASSOCIATED_WITH,,
CASE_0083,PER_0143,PARTICIPATED_IN,,
PER_0123,ACC_1124,OWNS,,
CASE_0107,PER_0263,PARTICIPATED_IN,,
CASE_0021,PER_0015,PARTICIPATED_IN,,
PER_0989,ACC_0125,OWNS,,
ACC_0069,ACC_1192,TRANSACTED_WITH,2026-07-18T18:06:24Z,1096811.87
PER_0006,ACC_0741,OWNS,,
PH_0230,PH_1065,CALLED,2023-10-16T22:57:30Z,2891
ACC_0722,ACC_0811,TRANSACTED_WITH,2024-09-04T18:55:49Z,1379530.99
ACC_0804,ACC_0354,TRANSACTED_WITH,2026-05-01T04:16:12Z,1524356.62
PER_0497,PH_0165,OWNS,,
PER_0029,ACC_1047,OWNS,,
PER_0259,ACC_0250,OWNS,,
PER_0709,LOC_0039,ASSOCIATED_WITH,,
PER_0896,ACC_0772,OWNS,,
ACC_0556,ACC_0709,TRANSACTED_WITH,2023-11-15T16:19:39Z,144738.19
PH_0911,PH_0666,CALLED,2024-11-23T22:32:48Z,2473
PER_0615,ACC_0598,OWNS,,
ACC_0005,ACC_1108,TRANSACTED_WITH,2026-03-21T15:01:49Z,1284095.84
PER_0201,ACC_0233,OWNS,,
PER_0159,ORG_0034,ASSOCIATED_WITH,,
PH_1047,PH_0057,CALLED,2025-11-03T07:30:23Z,2279
PER_0365,VEH_0068,OWNS,,
ACC_0357,ACC_0960,TRANSACTED_WITH,2026-02-26T02:01:55Z,778971.3
PER_0979,VEH_0136,OWNS,,
PER_0098,VEH_0053,OWNS,,
PH_0031,PH_0260,CALLED,2025-01-28T23:20:07Z,2687
PER_0278,ACC_0590,OWNS,,
CASE_0095,PER_0049,PARTICIPATED_IN,,
PER_0908,ORG_0015,ASSOCIATED_WITH,,
PER_0664,ACC_0981,OWNS,,
ACC_1010,ACC_0085,TRANSACTED_WITH,2023-09-09T00:43:08Z,140554.86
PER_0879,LOC_0115,ASSOCIATED_WITH,,
CASE_0210,PER_0936,PARTICIPATED_IN,,
PER_0524,PH_0228,OWNS,,
PER_0219,PH_0235,OWNS,,
ACC_0962,ACC_0581,TRANSACTED_WITH,2023-01-16T05:20:57Z,2452294.95
PER_0765,LOC_0102,ASSOCIATED_WITH,,
ACC_0972,ACC_0782,TRANSACTED_WITH,2023-06-08T05:37:03Z,113855.21
PER_0839,VEH_0508,OWNS,,
PER_0796,ACC_0581,OWNS,,
PER_0223,VEH_0774,OWNS,,
PH_0314,PH_0025,CALLED,2025-04-21T10:15:32Z,3596
PER_0818,ACC_0677,OWNS,,
PER_0113,ACC_0534,OWNS,,
PER_0576,LOC_0051,ASSOCIATED_WITH,,
PER_0199,PH_0915,OWNS,,
ACC_0562,ACC_0328,TRANSACTED_WITH,2025-10-08T23:27:12Z,1190426.49
ACC_0811,ACC_0806,TRANSACTED_WITH,2023-08-12T06:36:09Z,1228799.78
PH_0351,PH_0170,CALLED,2026-05-13T14:10:26Z,916
PER_0406,ACC_0050,OWNS,,
ACC_0919,ACC_0084,TRANSACTED_WITH,2023-11-06T11:17:05Z,288109.63
ACC_0866,ACC_0060,TRANSACTED_WITH,2026-05-04T00:37:43Z,1719872.29
PER_0989,ORG_0025,ASSOCIATED_WITH,,
PH_0074,PH_0322,CALLED,2026-01-01T21:39:44Z,1133
PER_0879,PH_0436,OWNS,,
ACC_1073,ACC_1108,TRANSACTED_WITH,2024-02-17T21:10:02Z,1634941.26
PER_0554,ACC_0789,OWNS,,
PH_1144,PH_0480,CALLED,2023-08-31T07:35:18Z,2858
PER_0682,VEH_0146,OWNS,,
PER_0635,ACC_0814,OWNS,,
PH_0701,PH_0570,CALLED,2025-12-11T17:39:41Z,30
PER_0020,VEH_0272,OWNS,,
ACC_0096,ACC_0799,TRANSACTED_WITH,2024-06-08T03:23:48Z,2395967.27
ACC_1143,ACC_0248,TRANSACTED_WITH,2024-08-25T09:56:32Z,1999560.29
PER_0712,ORG_0067,ASSOCIATED_WITH,,
PER_0475,LOC_0078,ASSOCIATED_WITH,,
PER_0292,VEH_0561,OWNS,,
ACC_0751,ACC_0455,TRANSACTED_WITH,2025-09-16T00:40:44Z,53513.16
PER_0970,ACC_0765,OWNS,,
PH_0385,PH_0464,CALLED,2025-11-19T01:46:33Z,3394
PER_0432,VEH_0017,OWNS,,
ACC_1071,ACC_0087,TRANSACTED_WITH,2024-07-14T03:06:21Z,1345293.09
PER_0280,PH_0067,OWNS,,
ACC_0134,ACC_0656,TRANSACTED_WITH,2025-01-20T11:59:03Z,358695.83
PH_0747,PH_0854,CALLED,2024-05-11T22:22:23Z,1657
CASE_0035,PER_0384,PARTICIPATED_IN,,
PH_1037,PH_0434,CALLED,2023-10-09T09:45:02Z,1491
PER_0626,ACC_0461,OWNS,,
PH_0935,PH_0292,CALLED,2023-08-21T05:43:15Z,663
ACC_0098,ACC_0298,TRANSACTED_WITH,2023-10-26T18:00:43Z,1805048.64
PER_0512,LOC_0045,ASSOCIATED_WITH,,
ACC_0071,ACC_0598,TRANSACTED_WITH,2025-03-14T18:22:29Z,2452055.94
PER_0109,ACC_1173,OWNS,,
CASE_0009,PER_0434,PARTICIPATED_IN,,
PH_0855,PH_0337,CALLED,2023-03-09T15:54:33Z,2110
PH_1121,PH_1034,CALLED,2024-06-04T09:15:27Z,3268
PER_0234,LOC_0064,ASSOCIATED_WITH,,
PER_0651,VEH_0401,OWNS,,
ACC_1140,ACC_0718,TRANSACTED_WITH,2025-08-17T15:36:27Z,2135030.4
PER_0847,LOC_0049,ASSOCIATED_WITH,,
PER_0010,LOC_0083,ASSOCIATED_WITH,,
PH_0694,PH_0205,CALLED,2023-11-08T04:02:11Z,893
ACC_0802,ACC_0573,TRANSACTED_WITH,2023-11-02T01:22:53Z,1191253.81
PER_0848,VEH_0329,OWNS,,
PH_0068,PH_1338,CALLED,2024-06-27T19:35:53Z,710
PH_0480,PH_0645,CALLED,2025-02-04T22:55:41Z,2122
ACC_1050,ACC_0302,TRANSACTED_WITH,2026-06-12T08:40:25Z,179477.67
PH_1305,PH_0082,CALLED,2024-10-14T12:23:29Z,3212
ACC_0460,ACC_0246,TRANSACTED_WITH,2023-06-21T13:25:29Z,517739.86
ACC_0609,ACC_0632,TRANSACTED_WITH,2023-02-23T02:34:58Z,1947041.25
CASE_0216,PER_0871,PARTICIPATED_IN,,
ACC_0224,ACC_0741,TRANSACTED_WITH,2025-10-09T03:55:57Z,1034640.59
ACC_0385,ACC_0628,TRANSACTED_WITH,2023-02-01T23:51:13Z,1588561.53
PER_0711,LOC_0038,ASSOCIATED_WITH,,
PER_0382,VEH_0344,OWNS,,
PER_0880,VEH_0677,OWNS,,
PH_1360,PH_1188,CALLED,2026-07-27T00:55:46Z,1679
ACC_0472,ACC_0866,TRANSACTED_WITH,2026-06-17T13:55:08Z,1022033.16
ACC_0150,ACC_0053,TRANSACTED_WITH,2025-09-29T10:48:40Z,1447824.21
PH_0387,PH_0208,CALLED,2025-08-30T05:08:07Z,168
ACC_0861,ACC_1134,TRANSACTED_WITH,2026-02-10T19:49:46Z,1633258.66
PER_0967,PH_1108,OWNS,,
ACC_0841,ACC_0877,TRANSACTED_WITH,2025-12-30T21:22:45Z,2387383.49
PER_0898,ORG_0055,ASSOCIATED_WITH,,
PER_0385,LOC_0008,ASSOCIATED_WITH,,
ACC_1034,ACC_0297,TRANSACTED_WITH,2023-09-05T17:12:28Z,1069519.27
PH_1047,PH_0619,CALLED,2024-07-27T19:25:45Z,1625
ACC_0021,ACC_0224,TRANSACTED_WITH,2024-01-17T03:06:59Z,144868.46
PER_0222,ORG_0027,ASSOCIATED_WITH,,
ACC_0468,ACC_1095,TRANSACTED_WITH,2023-10-20T23:57:04Z,2201042.09
CASE_0031,PER_0387,PARTICIPATED_IN,,
ACC_0624,ACC_0780,TRANSACTED_WITH,2024-12-30T12:35:01Z,287002.42
CASE_0062,PER_0650,PARTICIPATED_IN,,
ACC_0718,ACC_0032,TRANSACTED_WITH,2026-03-21T03:30:57Z,368566.2
PER_0094,ACC_0671,OWNS,,
ACC_0455,ACC_0396,TRANSACTED_WITH,2023-04-25T16:15:31Z,206152.5
PH_0873,PH_0371,CALLED,2024-09-20T02:55:00Z,3096
PER_0604,ACC_1047,OWNS,,
CASE_0098,PER_0661,PARTICIPATED_IN,,
PH_0430,PH_0528,CALLED,2023-02-24T05:45:59Z,923
PH_0434,PH_0999,CALLED,2023-05-20T10:06:27Z,973
PER_0938,LOC_0024,ASSOCIATED_WITH,,
PH_0622,PH_0514,CALLED,2023-02-09T10:11:07Z,2785
PER_0655,ORG_0117,ASSOCIATED_WITH,,
PER_0763,VEH_0048,OWNS,,
CASE_0169,PER_0908,PARTICIPATED_IN,,
PH_0355,PH_0159,CALLED,2025-04-12T21:36:07Z,2669
PER_0689,VEH_0177,OWNS,,
PER_0130,VEH_0203,OWNS,,
PH_1239,PH_0907,CALLED,2023-01-14T00:43:49Z,893
PER_0376,PH_0671,OWNS,,
PH_0251,PH_0520,CALLED,2025-01-04T19:42:32Z,1303
CASE_0094,PER_0911,PARTICIPATED_IN,,
ACC_0459,ACC_0876,TRANSACTED_WITH,2023-02-02T02:32:09Z,1641450.84
PH_1226,PH_0315,CALLED,2025-07-22T16:46:03Z,2917
ACC_0185,ACC_0449,TRANSACTED_WITH,2025-02-07T01:58:59Z,779182.58
ACC_0776,ACC_0865,TRANSACTED_WITH,2024-11-16T07:59:09Z,1242604.94
PH_0120,PH_0431,CALLED,2023-05-05T17:13:03Z,3016
PER_0058,VEH_0149,OWNS,,
PER_0771,ORG_0038,ASSOCIATED_WITH,,
PER_0614,VEH_0716,OWNS,,
PER_0497,VEH_0588,OWNS,,
PER_0935,LOC_0072,ASSOCIATED_WITH,,
ACC_1081,ACC_0151,TRANSACTED_WITH,2023-02-03T23:33:10Z,1519514.16
PH_1251,PH_1256,CALLED,2023-07-03T00:45:31Z,488
PER_0858,ACC_0267,OWNS,,
PH_0913,PH_0126,CALLED,2025-11-08T14:02:16Z,1029
PER_0950,PH_0883,OWNS,,
PER_0669,ACC_0234,OWNS,,
PH_0643,PH_0375,CALLED,2026-07-20T21:29:10Z,3074
PER_0539,PH_1072,OWNS,,
PER_0039,ACC_0350,OWNS,,
ACC_1035,ACC_0928,TRANSACTED_WITH,2024-11-02T21:40:07Z,1988561.91
PER_0814,ORG_0017,ASSOCIATED_WITH,,
ACC_0109,ACC_1082,TRANSACTED_WITH,2024-12-27T15:10:50Z,2016929.99
CASE_0163,PER_0008,PARTICIPATED_IN,,
PH_1121,PH_0219,CALLED,2023-12-12T09:39:46Z,394
PH_0228,PH_1121,CALLED,2026-01-23T00:46:59Z,3354
PER_0525,LOC_0062,ASSOCIATED_WITH,,
PER_0748,ACC_0221,OWNS,,
ACC_0154,ACC_0531,TRANSACTED_WITH,2024-09-30T20:12:01Z,1151544.86
PER_0222,PH_0262,OWNS,,
CASE_0240,PER_0574,PARTICIPATED_IN,,
PER_0962,VEH_0109,OWNS,,
PH_0020,PH_1224,CALLED,2025-11-30T16:04:08Z,2522
PER_0098,ACC_0630,OWNS,,
ACC_0150,ACC_0389,TRANSACTED_WITH,2024-10-11T18:24:07Z,236967.29
PH_0717,PH_0017,CALLED,2026-07-24T20:15:43Z,1124
PER_0523,PH_0657,OWNS,,
PER_0015,PH_1184,OWNS,,
PER_0172,ACC_1121,OWNS,,
PER_0735,PH_0397,OWNS,,
PH_0354,PH_0940,CALLED,2024-04-19T21:53:22Z,2404
PER_0231,VEH_0721,OWNS,,
ACC_0888,ACC_0203,TRANSACTED_WITH,2026-04-24T19:20:56Z,881050.12
ACC_0207,ACC_0330,TRANSACTED_WITH,2024-04-28T04:00:45Z,1559777.79
PER_0962,PH_0086,OWNS,,
PH_1302,PH_0358,CALLED,2025-03-20T12:55:53Z,3482
PER_0828,ACC_0004,OWNS,,
PER_0706,VEH_0562,OWNS,,
PH_0635,PH_0068,CALLED,2025-06-19T16:17:03Z,1649
PER_0861,LOC_0142,ASSOCIATED_WITH,,
PER_0906,ACC_0356,OWNS,,
PH_0705,PH_0545,CALLED,2025-06-11T04:04:33Z,1366
ACC_0912,ACC_1140,TRANSACTED_WITH,2025-01-28T02:40:16Z,38274.55
ACC_1200,ACC_0557,TRANSACTED_WITH,2025-11-01T14:37:32Z,1023717.62
ACC_1134,ACC_0644,TRANSACTED_WITH,2024-11-02T05:07:53Z,341410.3
PER_0752,LOC_0083,ASSOCIATED_WITH,,
PH_1000,PH_0772,CALLED,2026-03-14T07:35:42Z,1214
ACC_0098,ACC_0157,TRANSACTED_WITH,2023-04-19T12:48:35Z,1364957.42
PER_0930,ACC_0177,OWNS,,
PER_0418,ACC_0563,OWNS,,
PER_0944,VEH_0740,OWNS,,
PER_0221,PH_0874,OWNS,,
PH_0751,PH_0666,CALLED,2025-09-07T05:25:33Z,1278
PER_0977,PH_0774,OWNS,,
PER_0410,PH_0495,OWNS,,
PER_0909,ACC_0403,OWNS,,
ACC_0640,ACC_0562,TRANSACTED_WITH,2026-01-29T02:46:28Z,1425681.68
PER_0540,ACC_0009,OWNS,,
PH_0243,PH_0789,CALLED,2026-02-07T11:32:15Z,3469
PER_0308,PH_0333,OWNS,,
PH_1340,PH_0241,CALLED,2024-03-01T08:00:38Z,63
PH_1302,PH_0643,CALLED,2024-10-31T22:54:35Z,1232
PER_0362,LOC_0033,ASSOCIATED_WITH,,
PER_0887,ACC_0636,OWNS,,
PER_0841,ORG_0117,ASSOCIATED_WITH,,
PER_0301,ORG_0050,ASSOCIATED_WITH,,
ACC_0416,ACC_0303,TRANSACTED_WITH,2025-03-31T01:56:04Z,881049.13
PER_0637,PH_0612,OWNS,,
ACC_0421,ACC_0636,TRANSACTED_WITH,2024-03-01T11:31:46Z,503961.78
ACC_0993,ACC_0764,TRANSACTED_WITH,2026-05-21T15:30:31Z,642839.61
PH_0630,PH_0770,CALLED,2023-06-04T18:51:21Z,1697
PH_0657,PH_0508,CALLED,2025-12-17T14:26:38Z,666
PH_0822,PH_0193,CALLED,2024-08-31T02:24:17Z,2657
ACC_0866,ACC_1188,TRANSACTED_WITH,2026-07-01T05:49:18Z,41590.7
PH_1009,PH_0529,CALLED,2025-09-08T16:48:53Z,175
ACC_0998,ACC_0144,TRANSACTED_WITH,2023-03-11T05:17:01Z,1973154.76
PH_0351,PH_1225,CALLED,2026-01-31T19:52:55Z,1340
PER_0609,ACC_0122,OWNS,,
CASE_0216,PER_0038,PARTICIPATED_IN,,
PER_0050,LOC_0150,ASSOCIATED_WITH,,
PER_0642,VEH_0119,OWNS,,
PER_0579,VEH_0094,OWNS,,
PER_0878,ACC_0138,OWNS,,
CASE_0128,PER_0820,PARTICIPATED_IN,,
PH_0710,PH_0183,CALLED,2023-02-02T10:02:57Z,825
PER_0829,ACC_1003,OWNS,,
PER_0462,PH_0476,OWNS,,
PER_0400,ACC_0260,OWNS,,
CASE_0205,PER_0202,PARTICIPATED_IN,,
PER_0816,PH_0474,OWNS,,
PER_0678,ORG_0045,ASSOCIATED_WITH,,
PER_0821,VEH_0320,OWNS,,
PER_0131,PH_0835,OWNS,,
ACC_0862,ACC_0004,TRANSACTED_WITH,2025-12-28T13:48:19Z,1468151.07
PH_1205,PH_0562,CALLED,2023-07-21T02:34:19Z,778
ACC_0732,ACC_1053,TRANSACTED_WITH,2024-06-13T23:47:38Z,1379554.36
PER_0025,ACC_0163,OWNS,,
CASE_0006,PER_0472,PARTICIPATED_IN,,
ACC_0584,ACC_0565,TRANSACTED_WITH,2024-11-01T22:02:45Z,1865843.61
ACC_0510,ACC_0206,TRANSACTED_WITH,2024-02-10T21:25:53Z,1090997.59
PH_1076,PH_0031,CALLED,2023-09-13T08:50:44Z,2930
ACC_1061,ACC_0601,TRANSACTED_WITH,2023-09-08T17:51:15Z,414050.46
ACC_0422,ACC_0737,TRANSACTED_WITH,2025-03-18T16:26:11Z,1542630.57
PER_0284,LOC_0123,ASSOCIATED_WITH,,
ACC_0718,ACC_0726,TRANSACTED_WITH,2024-12-26T14:52:02Z,1843087.0
PER_0377,VEH_0406,OWNS,,
ACC_1179,ACC_1108,TRANSACTED_WITH,2025-05-07T04:27:02Z,1737039.86
PER_0790,ACC_0786,OWNS,,
PER_0148,ACC_1059,OWNS,,
PER_0002,VEH_0608,OWNS,,
PH_0276,PH_1028,CALLED,2025-09-04T20:29:08Z,2428
ACC_0208,ACC_0048,TRANSACTED_WITH,2025-08-06T06:01:40Z,1463253.72
PER_0208,ORG_0011,ASSOCIATED_WITH,,
PER_0421,ACC_0212,OWNS,,
ACC_0721,ACC_0356,TRANSACTED_WITH,2026-04-29T05:36:37Z,448497.31
ACC_1119,ACC_0027,TRANSACTED_WITH,2023-04-19T11:50:04Z,1425590.92
PER_0449,ACC_1138,OWNS,,
PER_0036,ACC_0091,OWNS,,
ACC_0376,ACC_0565,TRANSACTED_WITH,2025-11-26T10:36:55Z,1046501.88
PH_0125,PH_1257,CALLED,2024-08-14T20:09:47Z,3250
CASE_0070,PER_0750,PARTICIPATED_IN,,
PER_0477,PH_1211,OWNS,,
ACC_0254,ACC_0013,TRANSACTED_WITH,2023-11-13T01:12:06Z,1274840.05
PER_0050,LOC_0097,ASSOCIATED_WITH,,
PER_0543,ACC_0949,OWNS,,
PER_0472,VEH_0771,OWNS,,
PER_0126,ACC_0833,OWNS,,
PER_0845,LOC_0139,ASSOCIATED_WITH,,
PER_0017,PH_0047,OWNS,,
PH_0525,PH_0868,CALLED,2024-01-02T15:56:52Z,3128
ACC_0357,ACC_0036,TRANSACTED_WITH,2024-05-03T00:03:11Z,950009.58
CASE_0058,PER_0981,PARTICIPATED_IN,,
ACC_0164,ACC_0162,TRANSACTED_WITH,2025-03-03T13:50:58Z,1096950.56
ACC_0476,ACC_0235,TRANSACTED_WITH,2023-02-14T15:20:12Z,1816737.44
PER_0777,LOC_0119,ASSOCIATED_WITH,,
PH_0596,PH_0290,CALLED,2025-11-04T15:48:34Z,3570
PH_0372,PH_1331,CALLED,2026-03-06T21:44:47Z,1542
PER_0149,LOC_0040,ASSOCIATED_WITH,,
PER_0376,VEH_0091,OWNS,,
PER_0938,PH_0878,OWNS,,
PER_0305,LOC_0002,ASSOCIATED_WITH,,
PER_0071,LOC_0063,ASSOCIATED_WITH,,
PER_0011,VEH_0607,OWNS,,
ACC_1007,ACC_0706,TRANSACTED_WITH,2024-12-28T07:30:35Z,937399.83
PH_0092,PH_0958,CALLED,2023-05-18T04:09:31Z,2463
PER_0383,PH_0302,OWNS,,
PER_0946,ACC_0726,OWNS,,
PER_0627,ACC_1199,OWNS,,
ACC_0911,ACC_0214,TRANSACTED_WITH,2025-06-07T04:38:42Z,2239306.58
PER_0135,PH_0834,OWNS,,
PH_0682,PH_0126,CALLED,2025-09-22T06:47:31Z,2405
PER_0709,LOC_0140,ASSOCIATED_WITH,,
PER_0837,PH_0033,OWNS,,
PH_0347,PH_0982,CALLED,2025-07-17T11:18:41Z,2304
PH_0747,PH_0100,CALLED,2025-12-17T08:47:33Z,2925
PER_0817,ACC_0616,OWNS,,
PH_1116,PH_1119,CALLED,2023-10-23T19:55:59Z,2841
PH_1250,PH_0554,CALLED,2025-07-05T05:11:14Z,3457
PH_0158,PH_0893,CALLED,2025-12-31T14:49:04Z,1698
PER_0784,ACC_1050,OWNS,,
PER_0595,PH_1055,OWNS,,
ACC_0721,ACC_0387,TRANSACTED_WITH,2023-06-15T22:40:48Z,1137574.68
PER_0261,ACC_0371,OWNS,,
ACC_0512,ACC_0269,TRANSACTED_WITH,2025-07-01T18:11:07Z,2100951.11
PH_0048,PH_0935,CALLED,2026-01-22T00:49:46Z,1568
ACC_0780,ACC_0838,TRANSACTED_WITH,2025-10-15T13:35:10Z,1029394.81
ACC_0753,ACC_0323,TRANSACTED_WITH,2024-04-12T21:50:31Z,1566455.69
PER_0435,LOC_0025,ASSOCIATED_WITH,,
PER_0686,ACC_0608,OWNS,,
PER_0836,VEH_0616,OWNS,,
PH_0958,PH_1298,CALLED,2025-06-13T01:54:01Z,3396
PER_0658,ACC_0741,OWNS,,
PH_0402,PH_0843,CALLED,2023-08-09T16:43:27Z,1209
PH_0622,PH_0609,CALLED,2024-02-09T13:13:45Z,2838
ACC_0161,ACC_0599,TRANSACTED_WITH,2024-04-13T14:10:49Z,278667.08
PH_0101,PH_1129,CALLED,2023-01-07T21:33:07Z,3509
CASE_0105,PER_0691,PARTICIPATED_IN,,
PER_0350,LOC_0013,ASSOCIATED_WITH,,
PER_0132,PH_1121,OWNS,,
PH_1097,PH_0143,CALLED,2025-05-31T13:38:36Z,913
PER_0108,VEH_0586,OWNS,,
PER_0293,PH_0008,OWNS,,
ACC_0186,ACC_0617,TRANSACTED_WITH,2025-06-14T16:10:17Z,1161772.64
ACC_0743,ACC_0515,TRANSACTED_WITH,2025-02-21T11:35:04Z,2309361.72
ACC_0950,ACC_1148,TRANSACTED_WITH,2025-11-15T03:52:17Z,969095.21
ACC_0985,ACC_0757,TRANSACTED_WITH,2025-04-12T11:41:00Z,1202246.87
PER_0339,ACC_0584,OWNS,,
PER_0538,VEH_0236,OWNS,,
ACC_0671,ACC_0419,TRANSACTED_WITH,2026-04-09T12:48:43Z,1770912.52
ACC_0135,ACC_1162,TRANSACTED_WITH,2024-07-10T04:18:27Z,1753893.85
ACC_0081,ACC_0782,TRANSACTED_WITH,2024-08-19T10:02:08Z,1571612.94
PH_1024,PH_0159,CALLED,2023-06-07T20:49:34Z,3141
PER_0741,PH_0462,OWNS,,
PER_0446,ACC_0615,OWNS,,
PER_0118,ACC_1053,OWNS,,
PER_0110,ACC_0479,OWNS,,
PER_0968,PH_0063,OWNS,,
PH_0428,PH_0288,CALLED,2023-12-06T01:40:36Z,955
PER_0310,ACC_1154,OWNS,,
PH_0431,PH_1079,CALLED,2024-06-27T14:03:52Z,347
ACC_0253,ACC_0503,TRANSACTED_WITH,2024-01-21T21:41:03Z,2322704.4
PH_0665,PH_0210,CALLED,2025-08-02T05:45:18Z,823
PER_0848,PH_0630,OWNS,,
PER_0737,VEH_0030,OWNS,,
ACC_0156,ACC_0233,TRANSACTED_WITH,2024-12-08T18:42:02Z,2440925.31
ACC_0404,ACC_0429,TRANSACTED_WITH,2026-04-09T05:03:45Z,299113.67
PER_0258,LOC_0014,ASSOCIATED_WITH,,
PER_0898,PH_0348,OWNS,,
PER_0727,ACC_0158,OWNS,,
PH_0254,PH_1050,CALLED,2025-06-08T02:33:03Z,1980
ACC_0256,ACC_0112,TRANSACTED_WITH,2024-07-03T19:44:12Z,244359.97
PH_0435,PH_1156,CALLED,2025-12-24T05:35:44Z,94
PER_0172,VEH_0153,OWNS,,
PER_0008,PH_0674,OWNS,,
CASE_0196,PER_0087,PARTICIPATED_IN,,
PER_0351,ACC_0419,OWNS,,
PER_0572,LOC_0099,ASSOCIATED_WITH,,
ACC_0655,ACC_0733,TRANSACTED_WITH,2023-03-08T21:58:36Z,728566.71
CASE_0142,PER_0803,PARTICIPATED_IN,,
PER_0095,VEH_0222,OWNS,,
PH_0974,PH_0872,CALLED,2025-03-15T05:31:30Z,1111
PH_0919,PH_0552,CALLED,2026-02-11T12:24:38Z,795
PH_0306,PH_0371,CALLED,2023-09-22T03:32:48Z,500
PH_0371,PH_0519,CALLED,2025-01-02T20:35:28Z,1155
ACC_0256,ACC_0106,TRANSACTED_WITH,2025-10-06T11:15:25Z,827822.28
PH_1147,PH_0447,CALLED,2025-08-11T21:21:15Z,176
PER_0541,ACC_0537,OWNS,,
PER_0583,ACC_0133,OWNS,,
PER_0442,ACC_0419,OWNS,,
PER_0379,ACC_1094,OWNS,,
CASE_0064,PER_0135,PARTICIPATED_IN,,
PER_0470,ACC_1010,OWNS,,
PER_0857,ORG_0047,ASSOCIATED_WITH,,
PER_0631,LOC_0150,ASSOCIATED_WITH,,
PER_0646,PH_1158,OWNS,,
PER_0916,VEH_0423,OWNS,,
PH_0844,PH_0940,CALLED,2025-07-07T04:17:56Z,238
PER_0629,LOC_0055,ASSOCIATED_WITH,,
PH_0763,PH_0325,CALLED,2023-06-28T02:02:58Z,2819
PER_0196,LOC_0146,ASSOCIATED_WITH,,
ACC_0955,ACC_1179,TRANSACTED_WITH,2026-02-18T02:27:26Z,887446.3
PER_0617,VEH_0485,OWNS,,
PER_0867,ORG_0033,ASSOCIATED_WITH,,
PH_0596,PH_0184,CALLED,2024-10-21T06:17:51Z,868
PH_0711,PH_0662,CALLED,2025-03-12T07:17:23Z,2443
PER_0831,ACC_0398,OWNS,,
ACC_0882,ACC_1180,TRANSACTED_WITH,2025-04-15T20:43:27Z,2383042.24
PER_0726,VEH_0171,OWNS,,
PER_0106,PH_0296,OWNS,,
ACC_0599,ACC_1200,TRANSACTED_WITH,2026-05-25T17:03:19Z,148126.76
CASE_0239,PER_0840,PARTICIPATED_IN,,
PER_0757,VEH_0573,OWNS,,
PH_0397,PH_0163,CALLED,2024-11-15T07:13:33Z,1555
ACC_0862,ACC_0605,TRANSACTED_WITH,2023-12-25T04:30:01Z,1809881.08
ACC_1109,ACC_0181,TRANSACTED_WITH,2023-03-09T09:40:07Z,1766930.27
CASE_0092,PER_0844,PARTICIPATED_IN,,
PER_0991,ACC_0318,OWNS,,
PER_0325,LOC_0150,ASSOCIATED_WITH,,
ACC_0045,ACC_0508,TRANSACTED_WITH,2023-06-23T10:04:57Z,1962679.6
PER_0242,ACC_1067,OWNS,,
ACC_0486,ACC_0071,TRANSACTED_WITH,2024-02-20T11:44:55Z,231175.46
PH_0433,PH_1252,CALLED,2026-02-28T01:07:47Z,1668
PH_0690,PH_0232,CALLED,2025-02-07T02:03:26Z,3478
PER_0749,ORG_0037,ASSOCIATED_WITH,,
PER_0430,LOC_0058,ASSOCIATED_WITH,,
PER_0102,ACC_0686,OWNS,,
PER_0870,VEH_0129,OWNS,,
PER_0262,VEH_0022,OWNS,,
PER_0049,PH_1352,OWNS,,
CASE_0141,PER_0905,PARTICIPATED_IN,,
ACC_0621,ACC_0251,TRANSACTED_WITH,2025-02-18T08:15:20Z,643272.6
PH_0210,PH_1033,CALLED,2026-03-06T06:11:57Z,195
PER_0319,PH_0405,OWNS,,
CASE_0002,PER_0029,PARTICIPATED_IN,,
PER_0588,VEH_0059,OWNS,,
PER_0158,VEH_0655,OWNS,,
PER_0740,ACC_1111,OWNS,,
PER_0789,ACC_0360,OWNS,,
PH_0764,PH_0431,CALLED,2024-07-11T13:12:59Z,3427
PER_0249,PH_0075,OWNS,,
ACC_0603,ACC_1029,TRANSACTED_WITH,2023-10-04T04:28:21Z,1814138.15
ACC_0708,ACC_0148,TRANSACTED_WITH,2023-05-11T21:29:10Z,2116240.4
PER_0568,LOC_0138,ASSOCIATED_WITH,,
PER_0934,PH_0158,OWNS,,
PER_0634,ACC_0319,OWNS,,
PER_0823,LOC_0046,ASSOCIATED_WITH,,
CASE_0216,PER_0562,PARTICIPATED_IN,,
ACC_0919,ACC_1162,TRANSACTED_WITH,2025-10-20T06:55:10Z,1502764.13
ACC_0049,ACC_0928,TRANSACTED_WITH,2023-01-31T20:05:46Z,892094.37
ACC_0149,ACC_0233,TRANSACTED_WITH,2025-08-01T20:11:53Z,2493468.68
ACC_0746,ACC_0854,TRANSACTED_WITH,2023-04-09T16:05:45Z,1854373.48
ACC_0681,ACC_0786,TRANSACTED_WITH,2023-07-12T07:01:01Z,1304177.79
CASE_0146,PER_0639,PARTICIPATED_IN,,
ACC_0118,ACC_0552,TRANSACTED_WITH,2026-02-20T11:15:43Z,1742645.9
PH_0288,PH_1063,CALLED,2025-01-22T22:15:38Z,1198
PER_0399,PH_0196,OWNS,,
CASE_0093,PER_0161,PARTICIPATED_IN,,
PH_1118,PH_0701,CALLED,2023-04-27T19:25:11Z,1822
PH_1386,PH_0091,CALLED,2023-10-04T16:47:50Z,3562
ACC_0859,ACC_0650,TRANSACTED_WITH,2023-02-09T18:58:25Z,178560.11
PER_0319,ORG_0022,ASSOCIATED_WITH,,
ACC_0565,ACC_0046,TRANSACTED_WITH,2025-10-21T08:54:11Z,2070144.04
PER_0510,ACC_0151,OWNS,,
ACC_0594,ACC_0928,TRANSACTED_WITH,2026-06-17T10:11:16Z,102534.15
ACC_0739,ACC_0770,TRANSACTED_WITH,2026-05-02T02:53:44Z,1131332.22
PER_0146,LOC_0013,ASSOCIATED_WITH,,
CASE_0183,PER_0803,PARTICIPATED_IN,,
PH_1350,PH_0500,CALLED,2026-06-25T02:04:04Z,3284
ACC_0856,ACC_0009,TRANSACTED_WITH,2025-01-28T07:03:49Z,1663774.95
PER_0956,ACC_0526,OWNS,,
PER_0990,VEH_0739,OWNS,,
PER_0978,LOC_0082,ASSOCIATED_WITH,,
PER_0327,ORG_0117,ASSOCIATED_WITH,,
PH_0975,PH_0443,CALLED,2025-09-16T12:01:38Z,437
PER_0148,LOC_0035,ASSOCIATED_WITH,,
ACC_1058,ACC_0234,TRANSACTED_WITH,2025-07-30T13:35:01Z,2050235.76
ACC_0749,ACC_0625,TRANSACTED_WITH,2026-02-18T06:00:12Z,1623450.49
PER_0566,VEH_0235,OWNS,,
PH_0650,PH_1232,CALLED,2026-01-31T13:39:58Z,3291
PER_0476,ACC_0592,OWNS,,
PER_0500,LOC_0036,ASSOCIATED_WITH,,
PER_0458,LOC_0074,ASSOCIATED_WITH,,
PER_0876,LOC_0036,ASSOCIATED_WITH,,
PER_0076,PH_0279,OWNS,,
PER_0251,LOC_0015,ASSOCIATED_WITH,,
PER_0550,VEH_0342,OWNS,,
PH_0242,PH_0337,CALLED,2025-01-29T19:02:10Z,1175
ACC_0602,ACC_0575,TRANSACTED_WITH,2023-02-01T12:05:50Z,106553.58
PER_0520,ORG_0097,ASSOCIATED_WITH,,
ACC_0923,ACC_0650,TRANSACTED_WITH,2023-10-02T03:01:22Z,2403200.57
PER_0844,ACC_0726,OWNS,,
PH_1398,PH_0945,CALLED,2026-02-16T11:37:58Z,2470
ACC_0669,ACC_0889,TRANSACTED_WITH,2023-05-25T13:32:41Z,233174.96
PER_0119,ACC_0106,OWNS,,
CASE_0149,PER_0715,PARTICIPATED_IN,,
PER_0948,PH_0661,OWNS,,
ACC_0171,ACC_0378,TRANSACTED_WITH,2024-11-14T15:23:34Z,2097489.37
PER_0989,PH_0942,OWNS,,
PER_0157,ACC_0364,OWNS,,
PER_0894,PH_0980,OWNS,,
ACC_0724,ACC_0419,TRANSACTED_WITH,2026-03-13T19:00:57Z,1550513.88
PH_0288,PH_1324,CALLED,2025-03-03T14:35:16Z,1711
ACC_0900,ACC_0546,TRANSACTED_WITH,2024-08-22T13:12:01Z,859553.41
PER_0341,VEH_0593,OWNS,,
PER_0673,LOC_0011,ASSOCIATED_WITH,,
PH_0307,PH_0311,CALLED,2024-07-17T14:13:32Z,464
PER_0324,PH_0600,OWNS,,
ACC_0518,ACC_0785,TRANSACTED_WITH,2024-11-02T16:18:32Z,1864716.34
ACC_0018,ACC_1067,TRANSACTED_WITH,2025-11-29T00:11:15Z,2426706.13
PER_0517,ACC_0981,OWNS,,
ACC_0482,ACC_0262,TRANSACTED_WITH,2026-06-22T11:43:10Z,1213374.84
PH_1159,PH_0779,CALLED,2024-08-17T05:58:59Z,291
PH_0031,PH_0056,CALLED,2023-05-30T22:07:54Z,786
PER_0285,ORG_0039,ASSOCIATED_WITH,,
ACC_0674,ACC_0718,TRANSACTED_WITH,2024-09-27T10:50:53Z,1000377.41
ACC_0308,ACC_1177,TRANSACTED_WITH,2024-03-25T14:39:06Z,256489.28
PH_1351,PH_1377,CALLED,2023-09-08T06:49:50Z,1089
PER_0070,VEH_0218,OWNS,,
ACC_0061,ACC_0936,TRANSACTED_WITH,2026-04-30T10:37:36Z,266071.8
ACC_0201,ACC_0928,TRANSACTED_WITH,2024-03-18T13:35:41Z,2222505.81
PER_0900,PH_1312,OWNS,,
PER_0104,PH_0420,OWNS,,
ACC_0557,ACC_0211,TRANSACTED_WITH,2024-01-26T05:10:40Z,859817.68
ACC_0172,ACC_0168,TRANSACTED_WITH,2026-06-06T12:13:12Z,1628270.69
PH_0682,PH_0077,CALLED,2025-02-01T23:35:45Z,3315
PER_0343,ORG_0095,ASSOCIATED_WITH,,
CASE_0042,PER_0008,PARTICIPATED_IN,,
ACC_0110,ACC_0366,TRANSACTED_WITH,2024-03-04T00:38:25Z,1612365.49
ACC_0298,ACC_0477,TRANSACTED_WITH,2023-07-26T17:49:13Z,1479170.02
PH_0447,PH_0132,CALLED,2024-04-05T17:47:32Z,1493
PER_0587,VEH_0211,OWNS,,
PER_0611,ACC_0467,OWNS,,
PER_0044,ACC_0540,OWNS,,
ACC_0198,ACC_0772,TRANSACTED_WITH,2023-03-29T23:16:59Z,2157073.01
CASE_0147,PER_0745,PARTICIPATED_IN,,
PH_0074,PH_0099,CALLED,2026-06-28T22:35:10Z,1363
CASE_0063,PER_0857,PARTICIPATED_IN,,
ACC_1015,ACC_0261,TRANSACTED_WITH,2024-07-14T10:30:52Z,527184.67
PH_1058,PH_0175,CALLED,2023-10-23T03:09:43Z,1854
PER_0074,PH_0719,OWNS,,
ACC_0859,ACC_1050,TRANSACTED_WITH,2023-03-18T09:07:59Z,1947571.28
PH_0715,PH_0212,CALLED,2024-12-26T09:31:23Z,1590
PER_0658,PH_0685,OWNS,,
CASE_0067,PER_0749,PARTICIPATED_IN,,
PER_0807,PH_0017,OWNS,,
PER_0280,VEH_0011,OWNS,,
PER_0518,ACC_0981,OWNS,,
PH_1218,PH_0163,CALLED,2026-05-29T19:59:51Z,707
PH_1184,PH_0535,CALLED,2023-07-15T05:13:37Z,3557
ACC_1013,ACC_0965,TRANSACTED_WITH,2025-07-16T11:53:24Z,1772258.06
PER_0407,ORG_0100,ASSOCIATED_WITH,,
PER_0461,LOC_0096,ASSOCIATED_WITH,,
PER_0179,LOC_0046,ASSOCIATED_WITH,,
ACC_0388,ACC_0035,TRANSACTED_WITH,2025-12-15T06:33:33Z,2300968.6
PER_0180,PH_0249,OWNS,,
PER_0495,PH_0743,OWNS,,
PER_0819,VEH_0086,OWNS,,
ACC_1094,ACC_0972,TRANSACTED_WITH,2024-12-30T00:26:20Z,149155.86
ACC_0106,ACC_0958,TRANSACTED_WITH,2024-07-26T00:06:04Z,2254863.05
ACC_0975,ACC_0749,TRANSACTED_WITH,2025-03-06T00:46:15Z,2342345.88
PER_0067,ACC_0598,OWNS,,
ACC_0963,ACC_0297,TRANSACTED_WITH,2025-12-14T04:19:02Z,195015.12
PH_0691,PH_0365,CALLED,2026-07-27T13:58:20Z,2310
ACC_0233,ACC_0694,TRANSACTED_WITH,2026-04-15T23:39:18Z,2187873.06
PER_0710,VEH_0176,OWNS,,
ACC_1126,ACC_0423,TRANSACTED_WITH,2026-04-02T04:29:44Z,2086809.67
PH_0258,PH_1251,CALLED,2024-01-18T17:37:47Z,2990
PER_0274,ACC_0590,OWNS,,
PH_0765,PH_0826,CALLED,2025-04-18T04:33:52Z,1192
PER_0983,VEH_0360,OWNS,,
ACC_0330,ACC_0267,TRANSACTED_WITH,2025-11-21T05:25:36Z,368612.65
PER_0486,LOC_0109,ASSOCIATED_WITH,,
PER_0008,VEH_0362,OWNS,,
PH_0051,PH_1121,CALLED,2024-02-22T03:42:51Z,1743
PH_0124,PH_1271,CALLED,2025-11-16T17:32:41Z,1892
ACC_0211,ACC_0886,TRANSACTED_WITH,2025-02-26T10:53:26Z,408439.57
PER_0871,VEH_0232,OWNS,,
PER_0427,PH_0006,OWNS,,
PH_1326,PH_0483,CALLED,2024-12-27T13:33:10Z,3131
PER_0625,VEH_0304,OWNS,,
CASE_0233,PER_0458,PARTICIPATED_IN,,
PER_0858,PH_0381,OWNS,,
ACC_1178,ACC_0082,TRANSACTED_WITH,2025-09-17T12:39:16Z,656060.33
PER_0593,ORG_0093,ASSOCIATED_WITH,,
ACC_1015,ACC_0615,TRANSACTED_WITH,2025-08-23T23:58:24Z,1749513.93
PER_0454,ACC_0300,OWNS,,
ACC_0540,ACC_0302,TRANSACTED_WITH,2025-03-10T21:47:48Z,1244791.1
PER_1000,ACC_0820,OWNS,,
ACC_0799,ACC_0438,TRANSACTED_WITH,2025-02-03T07:03:15Z,1454570.06
CASE_0050,PER_0820,PARTICIPATED_IN,,
PH_0601,PH_0001,CALLED,2025-01-12T04:08:27Z,1272
ACC_0811,ACC_0859,TRANSACTED_WITH,2024-01-11T20:02:54Z,2069107.13
PER_0508,PH_0808,OWNS,,
PER_0903,ACC_0639,OWNS,,
PER_0008,LOC_0150,ASSOCIATED_WITH,,
PER_0434,VEH_0082,OWNS,,
PER_0231,LOC_0040,ASSOCIATED_WITH,,
PER_0210,ORG_0043,ASSOCIATED_WITH,,
ACC_0086,ACC_0419,TRANSACTED_WITH,2025-07-19T06:33:56Z,909495.31
PH_1391,PH_1247,CALLED,2023-03-24T20:37:29Z,2251
PER_0129,LOC_0027,ASSOCIATED_WITH,,
PH_0791,PH_0285,CALLED,2023-07-01T12:16:02Z,2462
PER_0479,PH_0315,OWNS,,
PH_0950,PH_0591,CALLED,2025-07-02T14:43:44Z,1715
PER_0292,ORG_0091,ASSOCIATED_WITH,,
ACC_0752,ACC_1119,TRANSACTED_WITH,2023-05-26T05:29:04Z,1572844.98
PH_0284,PH_1068,CALLED,2024-08-07T13:46:07Z,2526
PER_0351,PH_0251,OWNS,,
PH_0543,PH_0849,CALLED,2023-07-26T18:47:13Z,1891
PER_0684,ACC_0780,OWNS,,
PER_0060,ORG_0095,ASSOCIATED_WITH,,
CASE_0117,PER_0402,PARTICIPATED_IN,,
PH_0113,PH_0278,CALLED,2025-11-07T21:57:19Z,3468
PER_0383,ACC_0150,OWNS,,
PH_0059,PH_0884,CALLED,2024-08-12T13:50:07Z,3396
PER_0289,ACC_1161,OWNS,,
PH_0522,PH_0525,CALLED,2023-03-28T14:36:19Z,1342
PER_0871,PH_0485,OWNS,,
CASE_0102,PER_0292,PARTICIPATED_IN,,
PER_0468,ACC_0940,OWNS,,
PER_0957,ACC_0504,OWNS,,
CASE_0054,PER_0021,PARTICIPATED_IN,,
ACC_0120,ACC_0203,TRANSACTED_WITH,2025-08-21T07:02:32Z,1216219.27
PH_0016,PH_0131,CALLED,2025-01-08T10:39:29Z,356
PER_0747,PH_0549,OWNS,,
PER_0087,VEH_0526,OWNS,,
PER_0035,PH_0125,OWNS,,
CASE_0004,PER_0611,PARTICIPATED_IN,,
PER_0241,PH_1369,OWNS,,
PER_0434,ACC_0865,OWNS,,
CASE_0250,PER_0289,PARTICIPATED_IN,,
PH_0643,PH_0340,CALLED,2025-01-18T06:04:54Z,1168
ACC_1020,ACC_0971,TRANSACTED_WITH,2025-04-30T13:55:48Z,585375.1
PER_0041,VEH_0161,OWNS,,
PER_0264,ACC_0609,OWNS,,
PER_0625,ACC_0613,OWNS,,
PH_0796,PH_0236,CALLED,2023-06-12T16:09:11Z,1376
PER_0199,VEH_0130,OWNS,,
ACC_1127,ACC_0971,TRANSACTED_WITH,2026-01-16T17:07:30Z,156619.29
PH_1137,PH_0536,CALLED,2024-07-02T08:28:44Z,242
ACC_0983,ACC_0179,TRANSACTED_WITH,2025-05-02T06:30:35Z,2093581.66
ACC_0665,ACC_1033,TRANSACTED_WITH,2026-07-08T06:19:44Z,1307823.9
ACC_0882,ACC_0523,TRANSACTED_WITH,2024-08-06T01:53:42Z,1032588.39
PER_0899,VEH_0536,OWNS,,
PER_0665,ACC_0026,OWNS,,
PER_0450,ACC_0991,OWNS,,
PER_0275,ACC_0497,OWNS,,
PH_1300,PH_0278,CALLED,2024-08-24T00:17:41Z,250
CASE_0040,PER_0473,PARTICIPATED_IN,,
PER_0268,LOC_0040,ASSOCIATED_WITH,,
PER_0674,PH_1120,OWNS,,
PER_0734,ORG_0079,ASSOCIATED_WITH,,
PER_0125,PH_0329,OWNS,,
PER_0076,PH_1006,OWNS,,
PER_0912,VEH_0319,OWNS,,
PER_0034,ACC_0459,OWNS,,
CASE_0023,PER_0481,PARTICIPATED_IN,,
CASE_0040,PER_0716,PARTICIPATED_IN,,
PH_1213,PH_0453,CALLED,2023-02-17T17:58:40Z,3257
PER_0155,PH_1098,OWNS,,
PER_0813,VEH_0197,OWNS,,
PER_0469,LOC_0108,ASSOCIATED_WITH,,
PER_0440,VEH_0417,OWNS,,
PER_0092,LOC_0050,ASSOCIATED_WITH,,
PER_0102,PH_0954,OWNS,,
PER_0406,PH_0428,OWNS,,
ACC_0805,ACC_0674,TRANSACTED_WITH,2024-11-22T03:47:52Z,2220549.31
ACC_0820,ACC_0761,TRANSACTED_WITH,2023-04-23T02:13:18Z,1921855.35
CASE_0091,PER_0735,PARTICIPATED_IN,,
ACC_0608,ACC_0434,TRANSACTED_WITH,2024-06-20T08:20:00Z,1766315.29
ACC_0762,ACC_0690,TRANSACTED_WITH,2024-06-04T18:13:24Z,47697.55
PER_0644,PH_1353,OWNS,,
PER_0100,LOC_0032,ASSOCIATED_WITH,,
ACC_0426,ACC_0347,TRANSACTED_WITH,2023-03-13T10:26:28Z,524038.55
PER_0277,VEH_0365,OWNS,,
PH_0124,PH_1357,CALLED,2026-02-02T16:23:34Z,1129
PER_0057,PH_0072,OWNS,,
ACC_1101,ACC_0895,TRANSACTED_WITH,2023-11-30T22:16:09Z,424702.39
PER_0464,LOC_0110,ASSOCIATED_WITH,,
PER_0084,ACC_0253,OWNS,,
PH_0945,PH_0782,CALLED,2023-09-22T23:30:39Z,108
PH_0068,PH_0206,CALLED,2023-09-07T07:44:04Z,1386
PH_0556,PH_0117,CALLED,2024-07-23T05:47:37Z,434
PER_0187,ACC_0585,OWNS,,
PER_0947,ORG_0120,ASSOCIATED_WITH,,
PH_0452,PH_1356,CALLED,2026-01-09T20:18:35Z,986
PER_0656,VEH_0563,OWNS,,
PER_0593,LOC_0074,ASSOCIATED_WITH,,
PER_0858,PH_0101,OWNS,,
ACC_0308,ACC_0761,TRANSACTED_WITH,2023-10-23T15:20:27Z,49409.12
ACC_0224,ACC_0879,TRANSACTED_WITH,2025-05-31T12:08:09Z,1189761.55
PER_0873,LOC_0143,ASSOCIATED_WITH,,
PH_0438,PH_0160,CALLED,2025-04-10T12:37:51Z,1262
PH_0174,PH_1228,CALLED,2025-08-25T02:58:00Z,2545
ACC_0055,ACC_0361,TRANSACTED_WITH,2024-11-18T17:13:51Z,1529461.57
PER_0362,VEH_0341,OWNS,,
PER_0196,LOC_0014,ASSOCIATED_WITH,,
PER_0073,VEH_0255,OWNS,,
ACC_0374,ACC_0500,TRANSACTED_WITH,2023-11-12T03:44:52Z,360678.63
PH_0123,PH_1141,CALLED,2025-11-14T15:12:31Z,486
ACC_0766,ACC_0791,TRANSACTED_WITH,2025-02-15T20:09:22Z,199030.17
PH_0040,PH_1056,CALLED,2024-07-14T20:02:58Z,2920
ACC_0912,ACC_1098,TRANSACTED_WITH,2023-03-10T17:24:20Z,1537329.31
PER_0882,ACC_0344,OWNS,,
PH_0123,PH_1351,CALLED,2024-08-04T01:34:33Z,3084
PH_0668,PH_1072,CALLED,2023-03-10T19:35:26Z,1253
ACC_0917,ACC_0388,TRANSACTED_WITH,2024-02-14T12:06:31Z,815216.9
CASE_0069,PER_0695,PARTICIPATED_IN,,
PER_0644,ACC_1067,OWNS,,
CASE_0195,PER_0273,PARTICIPATED_IN,,
PER_0493,VEH_0624,OWNS,,
PER_0345,PH_0466,OWNS,,
PH_0200,PH_0555,CALLED,2023-03-16T17:13:01Z,2208
ACC_0921,ACC_0209,TRANSACTED_WITH,2024-06-29T06:31:44Z,1047070.67
PH_0693,PH_0206,CALLED,2023-11-18T11:17:25Z,911
PER_0855,ACC_0308,OWNS,,
ACC_0825,ACC_0135,TRANSACTED_WITH,2025-12-01T23:00:47Z,1221195.8
ACC_0162,ACC_0714,TRANSACTED_WITH,2023-01-20T17:29:54Z,994103.89
PH_0330,PH_0549,CALLED,2025-09-28T18:36:06Z,3271
PH_0620,PH_0695,CALLED,2026-05-23T01:58:57Z,2091
PH_1180,PH_0328,CALLED,2024-05-21T10:28:21Z,1157
PER_0192,ACC_0706,OWNS,,
PH_1273,PH_1313,CALLED,2024-01-11T08:08:30Z,1811
PH_0938,PH_0572,CALLED,2024-04-03T03:07:41Z,2640
ACC_0128,ACC_0506,TRANSACTED_WITH,2026-04-03T00:15:52Z,2184711.82
ACC_0518,ACC_0001,TRANSACTED_WITH,2024-10-10T14:50:57Z,2006913.4
PH_0596,PH_1150,CALLED,2023-11-07T10:12:44Z,3248
PH_1360,PH_0444,CALLED,2025-10-23T07:17:11Z,438
ACC_0178,ACC_0109,TRANSACTED_WITH,2023-06-17T04:43:42Z,30733.78
PER_0612,ACC_0441,OWNS,,
PH_1309,PH_1022,CALLED,2024-01-16T09:33:21Z,1185
PER_0485,ACC_0006,OWNS,,
PER_0421,PH_0927,OWNS,,
ACC_1173,ACC_0491,TRANSACTED_WITH,2026-04-26T08:56:56Z,1278225.15
PER_0806,VEH_0070,OWNS,,
ACC_1175,ACC_0363,TRANSACTED_WITH,2023-03-23T20:04:30Z,1735094.74
PER_0291,ACC_0031,OWNS,,
PH_0126,PH_1243,CALLED,2025-06-10T06:25:38Z,2999
PER_0334,VEH_0345,OWNS,,
PH_0642,PH_1165,CALLED,2024-09-16T22:41:41Z,1242
PER_0490,PH_1080,OWNS,,
CASE_0032,PER_0803,PARTICIPATED_IN,,
CASE_0148,PER_0384,PARTICIPATED_IN,,
PH_0547,PH_0449,CALLED,2025-12-22T10:04:32Z,2359
PH_0828,PH_0902,CALLED,2024-12-10T18:45:41Z,3040
PER_0063,LOC_0059,ASSOCIATED_WITH,,
PER_0528,PH_0949,OWNS,,
PER_0649,LOC_0038,ASSOCIATED_WITH,,
ACC_0931,ACC_0750,TRANSACTED_WITH,2025-07-08T17:45:01Z,908612.36
PER_0293,ORG_0050,ASSOCIATED_WITH,,
PER_0286,LOC_0058,ASSOCIATED_WITH,,
PH_0051,PH_0735,CALLED,2026-03-08T23:58:33Z,384
PER_0730,ACC_0761,OWNS,,
PER_0441,LOC_0006,ASSOCIATED_WITH,,
PER_0735,ACC_0217,OWNS,,
PER_0136,LOC_0091,ASSOCIATED_WITH,,
PER_0049,ACC_0665,OWNS,,
PER_0528,ACC_0950,OWNS,,
ACC_0738,ACC_0772,TRANSACTED_WITH,2024-05-15T13:22:00Z,568306.21
PER_0422,ACC_0782,OWNS,,
ACC_0856,ACC_0619,TRANSACTED_WITH,2024-02-06T15:06:01Z,194963.24
ACC_0001,ACC_0436,TRANSACTED_WITH,2025-11-17T13:40:49Z,1503897.13
ACC_0931,ACC_0930,TRANSACTED_WITH,2025-02-28T13:17:34Z,2045527.24
PER_0558,ACC_0568,OWNS,,
ACC_0810,ACC_0135,TRANSACTED_WITH,2023-10-10T16:30:07Z,1213462.94
CASE_0187,PER_0618,PARTICIPATED_IN,,
ACC_0563,ACC_0290,TRANSACTED_WITH,2024-07-18T08:00:09Z,484795.91
PER_0195,LOC_0140,ASSOCIATED_WITH,,
ACC_0480,ACC_0854,TRANSACTED_WITH,2023-12-12T04:06:12Z,168742.09
ACC_0414,ACC_1174,TRANSACTED_WITH,2024-05-31T05:45:09Z,852695.33
PER_0384,ORG_0074,ASSOCIATED_WITH,,
PH_0274,PH_0601,CALLED,2025-10-03T13:02:34Z,936
ACC_1059,ACC_1162,TRANSACTED_WITH,2026-06-19T06:09:09Z,70631.62
PER_0400,VEH_0768,OWNS,,
PH_1009,PH_0778,CALLED,2026-01-25T12:29:20Z,3047
ACC_1055,ACC_0303,TRANSACTED_WITH,2023-08-15T00:08:12Z,2239112.57
PH_0986,PH_0677,CALLED,2023-06-09T20:21:41Z,1293
ACC_1007,ACC_0105,TRANSACTED_WITH,2023-11-27T06:02:51Z,595731.13
PER_0522,LOC_0150,ASSOCIATED_WITH,,
PH_1314,PH_0106,CALLED,2025-12-03T17:38:02Z,1531
PH_0624,PH_1346,CALLED,2023-06-19T13:37:47Z,2969
PH_0205,PH_0444,CALLED,2023-04-20T02:53:44Z,2749
PER_0273,VEH_0637,OWNS,,
PER_0857,PH_0811,OWNS,,
PER_0761,ACC_0635,OWNS,,
PH_0743,PH_0755,CALLED,2026-06-06T01:17:10Z,1022
PER_0350,ACC_0792,OWNS,,
PH_1227,PH_1173,CALLED,2023-02-28T20:58:02Z,343
CASE_0234,PER_0229,PARTICIPATED_IN,,
ACC_0248,ACC_0176,TRANSACTED_WITH,2023-08-06T10:15:42Z,961738.78
PH_0726,PH_0818,CALLED,2023-05-25T21:28:48Z,821
ACC_1049,ACC_1119,TRANSACTED_WITH,2024-02-06T10:53:19Z,338187.99
PH_0210,PH_0269,CALLED,2024-03-07T00:14:38Z,1515
PER_0410,ACC_0159,OWNS,,
ACC_0433,ACC_0592,TRANSACTED_WITH,2024-11-23T16:33:18Z,280408.51
PH_0640,PH_1096,CALLED,2024-12-15T00:11:32Z,2125
ACC_0582,ACC_0560,TRANSACTED_WITH,2026-05-04T13:29:08Z,1834265.59
ACC_0931,ACC_0404,TRANSACTED_WITH,2024-06-15T18:46:05Z,1384534.3
PER_0508,ACC_1065,OWNS,,
ACC_0370,ACC_0253,TRANSACTED_WITH,2026-05-27T12:46:12Z,1408940.6
ACC_0118,ACC_0679,TRANSACTED_WITH,2025-09-18T12:31:21Z,1367321.95
ACC_0816,ACC_0381,TRANSACTED_WITH,2024-01-02T08:18:59Z,223454.88
PER_0890,ACC_0766,OWNS,,
ACC_0556,ACC_1179,TRANSACTED_WITH,2025-12-07T12:49:53Z,173181.38
ACC_0697,ACC_0524,TRANSACTED_WITH,2023-05-08T07:30:54Z,1804894.45
PER_0710,ACC_1005,OWNS,,
PER_0705,PH_0035,OWNS,,
CASE_0243,PER_0254,PARTICIPATED_IN,,
PER_0220,VEH_0587,OWNS,,
PH_1367,PH_1321,CALLED,2023-01-01T17:15:07Z,2392
PER_0775,VEH_0498,OWNS,,
CASE_0218,PER_0285,PARTICIPATED_IN,,
PER_0706,ORG_0089,ASSOCIATED_WITH,,
PER_0737,ORG_0087,ASSOCIATED_WITH,,
PER_0279,ACC_0359,OWNS,,
PH_0969,PH_0834,CALLED,2025-12-23T15:45:34Z,2564
PH_0601,PH_0628,CALLED,2024-06-25T03:25:07Z,2899
CASE_0207,PER_0049,PARTICIPATED_IN,,
PER_0190,ORG_0093,ASSOCIATED_WITH,,
ACC_0688,ACC_0683,TRANSACTED_WITH,2025-08-28T01:06:55Z,1359213.5
ACC_0670,ACC_1026,TRANSACTED_WITH,2024-02-05T18:30:34Z,1885215.7
PER_0735,LOC_0091,ASSOCIATED_WITH,,
PH_0315,PH_0434,CALLED,2023-04-18T09:29:13Z,1453
PH_0727,PH_0173,CALLED,2024-04-18T07:54:49Z,2875
PER_0622,PH_1244,OWNS,,
ACC_1036,ACC_0888,TRANSACTED_WITH,2023-08-07T13:12:12Z,2213367.69
PER_0813,ACC_0470,OWNS,,
CASE_0125,PER_0515,PARTICIPATED_IN,,
PER_0869,PH_1265,OWNS,,
PER_0962,ACC_0972,OWNS,,
ACC_0701,ACC_0271,TRANSACTED_WITH,2025-08-30T15:22:53Z,259982.34
CASE_0118,PER_0900,PARTICIPATED_IN,,
ACC_0721,ACC_1067,TRANSACTED_WITH,2025-08-29T04:27:06Z,223432.75
ACC_0706,ACC_0059,TRANSACTED_WITH,2024-06-18T19:41:21Z,998795.79
PH_1330,PH_0345,CALLED,2026-01-19T21:10:49Z,198
PER_0544,VEH_0238,OWNS,,
PER_0353,ACC_0776,OWNS,,
PER_0479,LOC_0099,ASSOCIATED_WITH,,
PER_0519,PH_0950,OWNS,,
PER_0106,LOC_0018,ASSOCIATED_WITH,,
PER_0577,VEH_0741,OWNS,,
PER_0554,ORG_0010,ASSOCIATED_WITH,,
CASE_0013,PER_0138,PARTICIPATED_IN,,
PH_1313,PH_0492,CALLED,2024-11-29T02:06:47Z,331
PER_0300,LOC_0104,ASSOCIATED_WITH,,
PER_0664,VEH_0416,OWNS,,
PER_0475,PH_0614,OWNS,,
PH_1323,PH_1083,CALLED,2025-03-29T21:41:42Z,1438
ACC_0761,ACC_0718,TRANSACTED_WITH,2025-01-01T12:19:57Z,1128264.99
PER_0684,PH_0378,OWNS,,
ACC_0151,ACC_1040,TRANSACTED_WITH,2023-11-06T10:55:37Z,1900817.19
ACC_1067,ACC_0651,TRANSACTED_WITH,2024-05-23T09:24:02Z,617205.82
ACC_0326,ACC_0888,TRANSACTED_WITH,2024-10-14T04:19:19Z,1865705.05
PH_0861,PH_0710,CALLED,2023-06-05T18:36:01Z,2058
ACC_0716,ACC_0548,TRANSACTED_WITH,2024-10-31T10:48:28Z,1420637.34
PER_0448,ACC_0257,OWNS,,
PER_0483,LOC_0098,ASSOCIATED_WITH,,
PH_0696,PH_1082,CALLED,2025-02-06T13:39:37Z,2817
PH_0428,PH_0445,CALLED,2024-08-27T08:52:38Z,283
PER_0581,LOC_0131,ASSOCIATED_WITH,,
ACC_0321,ACC_0535,TRANSACTED_WITH,2023-05-13T09:19:00Z,531800.5
PER_0683,LOC_0100,ASSOCIATED_WITH,,
PER_0181,PH_0832,OWNS,,
PH_1296,PH_0321,CALLED,2026-05-15T09:17:23Z,2909
PER_0472,PH_0680,OWNS,,
PH_1009,PH_0585,CALLED,2025-03-08T22:51:10Z,3385
PER_0956,LOC_0109,ASSOCIATED_WITH,,
PH_0244,PH_0367,CALLED,2024-12-09T14:01:26Z,1789
PH_1309,PH_1023,CALLED,2026-05-03T19:24:32Z,679
ACC_0919,ACC_0568,TRANSACTED_WITH,2024-10-19T07:27:53Z,333332.87
PER_0992,VEH_0469,OWNS,,
PER_0287,ORG_0037,ASSOCIATED_WITH,,
PH_1275,PH_1383,CALLED,2024-07-21T08:16:16Z,3147
PH_0632,PH_1248,CALLED,2025-09-25T04:23:43Z,3404
PH_1255,PH_1313,CALLED,2024-08-22T02:07:39Z,785
ACC_0034,ACC_1015,TRANSACTED_WITH,2026-04-11T07:52:44Z,2025686.34
ACC_0010,ACC_1140,TRANSACTED_WITH,2025-11-05T03:00:06Z,1151553.8
ACC_0099,ACC_0032,TRANSACTED_WITH,2024-12-15T20:20:31Z,1860714.22
PER_0324,ACC_0259,OWNS,,
CASE_0113,PER_0734,PARTICIPATED_IN,,
PER_0621,ACC_0905,OWNS,,
ACC_0248,ACC_1014,TRANSACTED_WITH,2023-04-10T18:03:26Z,798564.59
PH_1262,PH_1178,CALLED,2025-12-30T02:51:45Z,706
PER_0506,ACC_1094,OWNS,,
ACC_0470,ACC_0387,TRANSACTED_WITH,2024-04-06T21:42:44Z,1835740.85
ACC_0269,ACC_0579,TRANSACTED_WITH,2025-04-03T13:50:51Z,1790998.27
PER_0491,ACC_0117,OWNS,,
ACC_1119,ACC_0934,TRANSACTED_WITH,2024-04-10T17:17:01Z,2269970.81
PER_0575,PH_0123,OWNS,,
ACC_0455,ACC_0137,TRANSACTED_WITH,2023-07-31T03:32:18Z,158707.82
PER_0336,VEH_0213,OWNS,,
CASE_0179,PER_0922,PARTICIPATED_IN,,
PER_0973,ORG_0044,ASSOCIATED_WITH,,
ACC_0865,ACC_0440,TRANSACTED_WITH,2025-01-29T00:18:54Z,493038.12
ACC_0063,ACC_0811,TRANSACTED_WITH,2023-09-16T20:35:10Z,1972016.92
ACC_1178,ACC_0860,TRANSACTED_WITH,2024-08-08T15:03:59Z,1671007.37
PER_0317,VEH_0283,OWNS,,
PER_0763,ACC_0319,OWNS,,
PER_0890,LOC_0008,ASSOCIATED_WITH,,
ACC_0518,ACC_0217,TRANSACTED_WITH,2025-06-03T04:55:10Z,203903.62
CASE_0193,PER_0996,PARTICIPATED_IN,,
PER_0773,LOC_0096,ASSOCIATED_WITH,,
PER_0950,VEH_0350,OWNS,,
ACC_0779,ACC_0135,TRANSACTED_WITH,2023-05-09T13:44:14Z,1376708.38
ACC_0033,ACC_0515,TRANSACTED_WITH,2025-04-01T14:32:08Z,600863.56
PH_1168,PH_1003,CALLED,2023-12-07T08:22:12Z,2607
CASE_0209,PER_0387,PARTICIPATED_IN,,
PH_0263,PH_0438,CALLED,2023-11-11T04:33:22Z,2651
PER_0802,ACC_0034,OWNS,,
ACC_1082,ACC_1093,TRANSACTED_WITH,2023-05-05T13:27:15Z,1398003.46
PER_0675,ACC_0810,OWNS,,
PER_0425,ACC_0830,OWNS,,
PH_0014,PH_1287,CALLED,2024-08-28T10:34:30Z,907
ACC_0734,ACC_0698,TRANSACTED_WITH,2025-02-13T12:51:16Z,783964.17
ACC_0122,ACC_0684,TRANSACTED_WITH,2026-03-15T07:58:11Z,537120.98
ACC_0259,ACC_0106,TRANSACTED_WITH,2024-08-11T08:15:56Z,1859474.81
PER_0183,LOC_0058,ASSOCIATED_WITH,,
PER_0682,ACC_0425,OWNS,,
PER_0875,VEH_0170,OWNS,,
PER_0694,VEH_0579,OWNS,,
PH_0232,PH_0919,CALLED,2024-11-07T02:29:30Z,3546
PER_0959,ACC_1154,OWNS,,
PER_0288,LOC_0106,ASSOCIATED_WITH,,
CASE_0114,PER_0267,PARTICIPATED_IN,,
PER_0014,ACC_0648,OWNS,,
ACC_0271,ACC_0824,TRANSACTED_WITH,2025-09-20T19:19:59Z,887230.95
ACC_0114,ACC_0447,TRANSACTED_WITH,2026-03-17T14:14:40Z,1895992.33
PER_0387,ACC_0950,OWNS,,
ACC_0324,ACC_0865,TRANSACTED_WITH,2024-10-17T13:00:38Z,1149370.07
PH_0279,PH_0790,CALLED,2026-03-31T15:47:45Z,1048
PER_0849,LOC_0054,ASSOCIATED_WITH,,
PER_0296,LOC_0122,ASSOCIATED_WITH,,
PER_0401,ACC_0420,OWNS,,
PER_0970,LOC_0048,ASSOCIATED_WITH,,
PH_0828,PH_0447,CALLED,2026-01-11T13:34:34Z,1377
PER_0534,ACC_0256,OWNS,,
PH_0885,PH_0486,CALLED,2024-04-28T13:13:40Z,2246
PER_0630,ACC_0799,OWNS,,
PER_0928,LOC_0147,ASSOCIATED_WITH,,
PER_0499,LOC_0073,ASSOCIATED_WITH,,
PH_0919,PH_0765,CALLED,2026-04-04T04:57:14Z,2515
ACC_0918,ACC_0715,TRANSACTED_WITH,2024-04-08T15:56:00Z,1476329.18
PER_0742,LOC_0076,ASSOCIATED_WITH,,
PER_0724,ACC_1012,OWNS,,
PH_1192,PH_0603,CALLED,2023-05-19T06:37:34Z,1061
PER_0875,ACC_0036,OWNS,,
ACC_0024,ACC_0773,TRANSACTED_WITH,2024-06-03T23:59:58Z,2304614.15
PER_0672,PH_0753,OWNS,,
ACC_0785,ACC_0421,TRANSACTED_WITH,2025-12-06T08:53:11Z,618880.78
PH_0573,PH_0525,CALLED,2025-06-26T11:31:58Z,289
PH_0145,PH_1202,CALLED,2025-04-18T20:26:35Z,1990
ACC_0524,ACC_0731,TRANSACTED_WITH,2024-03-04T06:10:18Z,735220.12
PH_0718,PH_1243,CALLED,2024-03-20T12:28:07Z,2219
PH_0051,PH_0785,CALLED,2026-01-20T06:08:07Z,1974
ACC_0794,ACC_1015,TRANSACTED_WITH,2026-04-27T18:24:33Z,1259479.2
PER_0780,LOC_0150,ASSOCIATED_WITH,,
PER_0618,PH_1159,OWNS,,
PER_0408,PH_1183,OWNS,,
PH_0332,PH_0408,CALLED,2025-04-12T05:28:11Z,1621
ACC_0084,ACC_1123,TRANSACTED_WITH,2025-04-30T12:52:11Z,1955226.75
PER_0610,PH_0858,OWNS,,
CASE_0188,PER_0160,PARTICIPATED_IN,,
PER_0637,ACC_0992,OWNS,,
PER_0348,LOC_0027,ASSOCIATED_WITH,,
ACC_0223,ACC_0449,TRANSACTED_WITH,2024-06-30T08:03:54Z,519265.34
PH_0404,PH_0082,CALLED,2024-05-31T13:10:41Z,1875
PH_0315,PH_0346,CALLED,2024-02-03T09:53:29Z,150
PH_0731,PH_0219,CALLED,2024-10-24T02:56:43Z,1666
ACC_0001,ACC_1050,TRANSACTED_WITH,2026-04-07T07:13:06Z,1894753.39
PER_0820,PH_0605,OWNS,,
ACC_1191,ACC_0420,TRANSACTED_WITH,2024-07-31T07:14:12Z,1275578.09
PER_0128,VEH_0116,OWNS,,
PER_0618,ORG_0098,ASSOCIATED_WITH,,
PER_0196,ORG_0036,ASSOCIATED_WITH,,
PER_0596,ACC_0856,OWNS,,
PH_0029,PH_0723,CALLED,2025-03-23T05:30:15Z,3348
PER_0279,VEH_0353,OWNS,,
PH_0328,PH_1395,CALLED,2024-02-21T08:44:20Z,767
PER_0240,ACC_0154,OWNS,,
ACC_0905,ACC_0812,TRANSACTED_WITH,2024-11-08T19:05:27Z,2428263.18
PER_0302,LOC_0011,ASSOCIATED_WITH,,
PER_0150,ACC_0844,OWNS,,
ACC_0719,ACC_0844,TRANSACTED_WITH,2025-08-19T08:38:19Z,1720717.52
CASE_0176,PER_0512,PARTICIPATED_IN,,
ACC_0128,ACC_0978,TRANSACTED_WITH,2026-03-18T22:51:56Z,827116.01
PER_0867,ACC_0998,OWNS,,
PER_0131,LOC_0011,ASSOCIATED_WITH,,
CASE_0141,PER_0890,PARTICIPATED_IN,,
ACC_0730,ACC_0274,TRANSACTED_WITH,2025-02-19T01:26:00Z,1300130.56
PER_0209,PH_1018,OWNS,,
PER_0458,PH_0191,OWNS,,
PH_1281,PH_0025,CALLED,2024-01-20T03:00:53Z,2794
ACC_0967,ACC_0248,TRANSACTED_WITH,2025-05-24T15:19:14Z,1206082.74
PER_0879,LOC_0074,ASSOCIATED_WITH,,
PER_0910,ACC_0743,OWNS,,
ACC_1199,ACC_1168,TRANSACTED_WITH,2023-05-25T03:10:30Z,2482976.07
ACC_0748,ACC_0833,TRANSACTED_WITH,2025-12-07T08:50:04Z,2027382.83
PER_0487,ACC_0177,OWNS,,
ACC_1088,ACC_0414,TRANSACTED_WITH,2023-02-25T11:33:54Z,422542.33
PER_0894,VEH_0589,OWNS,,
PER_0228,LOC_0029,ASSOCIATED_WITH,,
PER_0591,PH_1029,OWNS,,
PER_0446,VEH_0619,OWNS,,
PER_0492,PH_0979,OWNS,,
PH_1035,PH_0630,CALLED,2023-06-04T11:25:24Z,1206
PER_0052,VEH_0443,OWNS,,
PER_0981,ORG_0029,ASSOCIATED_WITH,,
CASE_0203,PER_0667,PARTICIPATED_IN,,
PER_0956,ORG_0092,ASSOCIATED_WITH,,
PH_0870,PH_0538,CALLED,2024-08-10T01:16:50Z,2505
PER_0689,ACC_0381,OWNS,,
PH_0476,PH_0435,CALLED,2023-06-23T12:46:32Z,1669
PH_0867,PH_0963,CALLED,2026-07-28T03:21:31Z,2970
PER_0313,LOC_0082,ASSOCIATED_WITH,,
PER_0709,ACC_0117,OWNS,,
CASE_0099,PER_0170,PARTICIPATED_IN,,
PER_0992,PH_1052,OWNS,,
PER_0555,ACC_0285,OWNS,,
ACC_0706,ACC_0775,TRANSACTED_WITH,2026-06-29T05:54:44Z,898618.77
ACC_0761,ACC_0898,TRANSACTED_WITH,2023-07-25T18:51:10Z,2198021.6
ACC_0217,ACC_0602,TRANSACTED_WITH,2023-09-12T03:38:38Z,1686857.68
PER_0858,ORG_0103,ASSOCIATED_WITH,,
PH_1323,PH_0599,CALLED,2026-04-30T16:05:55Z,1385
ACC_0827,ACC_0190,TRANSACTED_WITH,2026-05-05T10:23:22Z,1074272.13
ACC_0227,ACC_1006,TRANSACTED_WITH,2024-05-17T04:55:31Z,576642.09
PER_0323,VEH_0387,OWNS,,
PH_1303,PH_0393,CALLED,2024-04-07T16:46:18Z,2903
PER_0248,ACC_0799,OWNS,,
PER_0772,LOC_0136,ASSOCIATED_WITH,,
PER_0623,LOC_0029,ASSOCIATED_WITH,,
PER_0174,ACC_0879,OWNS,,
PER_0064,VEH_0214,OWNS,,
PH_0673,PH_0276,CALLED,2025-06-13T01:26:23Z,2710
PER_0776,VEH_0649,OWNS,,
PH_1215,PH_0634,CALLED,2024-06-20T00:25:55Z,2786
ACC_0117,ACC_0871,TRANSACTED_WITH,2024-06-06T18:15:28Z,723417.58
PH_0796,PH_1192,CALLED,2026-03-19T04:11:42Z,2918
ACC_0705,ACC_0197,TRANSACTED_WITH,2023-06-17T01:21:47Z,1464872.26
ACC_0115,ACC_0408,TRANSACTED_WITH,2023-07-26T23:43:14Z,2403621.69
PH_0604,PH_0397,CALLED,2024-08-11T18:50:34Z,216
ACC_0946,ACC_0361,TRANSACTED_WITH,2025-01-25T08:27:37Z,2028918.88
ACC_1179,ACC_1078,TRANSACTED_WITH,2025-02-03T16:50:41Z,2248969.07
PER_0811,LOC_0114,ASSOCIATED_WITH,,
PER_0046,ACC_0632,OWNS,,
ACC_0388,ACC_0505,TRANSACTED_WITH,2025-11-14T15:44:44Z,765221.42
PER_0727,PH_1268,OWNS,,
PER_0657,ACC_0202,OWNS,,
ACC_0659,ACC_0905,TRANSACTED_WITH,2023-09-27T05:17:05Z,1390192.66
PER_0320,LOC_0108,ASSOCIATED_WITH,,
CASE_0015,PER_0879,PARTICIPATED_IN,,
ACC_0509,ACC_0534,TRANSACTED_WITH,2026-07-03T11:30:24Z,201911.39
CASE_0144,PER_0920,PARTICIPATED_IN,,
ACC_0984,ACC_0436,TRANSACTED_WITH,2025-10-18T06:26:34Z,1314682.72
ACC_0844,ACC_0882,TRANSACTED_WITH,2023-11-26T03:40:43Z,1111238.12
ACC_0478,ACC_0245,TRANSACTED_WITH,2024-12-31T18:23:20Z,1690764.98
ACC_0314,ACC_0079,TRANSACTED_WITH,2025-11-29T21:19:50Z,1360217.03
CASE_0145,PER_0495,PARTICIPATED_IN,,
ACC_0111,ACC_0070,TRANSACTED_WITH,2024-09-17T18:25:57Z,803954.52
PH_1195,PH_0212,CALLED,2025-01-01T08:22:12Z,3250
ACC_0683,ACC_0539,TRANSACTED_WITH,2026-02-09T19:25:50Z,200368.23
PER_0373,ACC_0804,OWNS,,
PH_0219,PH_0620,CALLED,2024-05-15T14:05:30Z,1024
PER_0879,PH_0284,OWNS,,
PH_0740,PH_0950,CALLED,2025-06-07T20:15:56Z,3239
PH_1265,PH_1242,CALLED,2023-08-15T07:42:44Z,1143
PER_0171,ACC_0321,OWNS,,
CASE_0126,PER_0996,PARTICIPATED_IN,,
PER_0661,PH_1347,OWNS,,
PH_0656,PH_0371,CALLED,2024-06-10T12:52:38Z,1966
PER_0469,PH_0282,OWNS,,
PH_0451,PH_0437,CALLED,2025-03-18T07:47:37Z,759
PER_0237,ACC_0679,OWNS,,
CASE_0105,PER_0368,PARTICIPATED_IN,,
PER_0567,PH_0193,OWNS,,
PER_0815,ORG_0080,ASSOCIATED_WITH,,
PER_0891,ACC_1095,OWNS,,
PH_0002,PH_0733,CALLED,2025-02-05T18:45:31Z,1078
PER_0433,ACC_0389,OWNS,,
PER_0282,PH_1208,OWNS,,
PER_0196,ACC_0785,OWNS,,
PER_0412,ACC_1108,OWNS,,
PER_0567,ACC_1061,OWNS,,
ACC_0958,ACC_0479,TRANSACTED_WITH,2023-06-19T13:22:21Z,894556.39
ACC_0318,ACC_0768,TRANSACTED_WITH,2023-09-19T20:22:39Z,2067212.96
ACC_0172,ACC_1048,TRANSACTED_WITH,2024-11-06T23:32:09Z,2468846.05
ACC_0006,ACC_1176,TRANSACTED_WITH,2026-02-19T15:21:28Z,993339.02
PER_0520,VEH_0421,OWNS,,
PER_0412,VEH_0645,OWNS,,
PER_0357,VEH_0315,OWNS,,
ACC_0573,ACC_1195,TRANSACTED_WITH,2024-12-18T00:29:51Z,1533288.36
PH_0044,PH_0020,CALLED,2023-06-25T04:11:33Z,1234
ACC_0750,ACC_0742,TRANSACTED_WITH,2023-09-27T21:57:22Z,1268529.79
PER_0328,ACC_0218,OWNS,,
CASE_0013,PER_0707,PARTICIPATED_IN,,
PER_0698,LOC_0088,ASSOCIATED_WITH,,
PER_0074,ACC_0467,OWNS,,
ACC_0713,ACC_0269,TRANSACTED_WITH,2025-03-10T12:15:09Z,1466432.07
CASE_0211,PER_0435,PARTICIPATED_IN,,
PER_1000,VEH_0710,OWNS,,
PER_0357,PH_0150,OWNS,,
PER_0070,ACC_0236,OWNS,,
PH_1241,PH_0228,CALLED,2025-08-11T23:43:45Z,2202
ACC_0797,ACC_0175,TRANSACTED_WITH,2023-10-18T01:59:49Z,913156.85
PER_0678,ACC_1027,OWNS,,
PER_0053,ACC_0547,OWNS,,
PER_0263,ACC_0965,OWNS,,
PH_0064,PH_0067,CALLED,2024-04-15T10:25:52Z,1393
PER_0249,LOC_0038,ASSOCIATED_WITH,,
PER_0404,PH_0398,OWNS,,
PER_0490,PH_1087,OWNS,,
PER_0516,ACC_0059,OWNS,,
PH_0059,PH_0853,CALLED,2026-06-11T01:41:58Z,3393
PER_0685,PH_0023,OWNS,,
PER_0568,VEH_0528,OWNS,,
ACC_0864,ACC_0661,TRANSACTED_WITH,2023-05-13T15:18:12Z,161698.33
ACC_1053,ACC_0252,TRANSACTED_WITH,2023-02-26T07:51:50Z,281662.06
PER_0343,ACC_0862,OWNS,,
PER_0993,LOC_0122,ASSOCIATED_WITH,,
PER_0759,LOC_0036,ASSOCIATED_WITH,,
PER_0866,VEH_0582,OWNS,,
PH_0245,PH_1223,CALLED,2023-12-11T23:48:01Z,2056
PH_0316,PH_0273,CALLED,2026-06-16T22:15:42Z,3595
ACC_0985,ACC_1084,TRANSACTED_WITH,2025-01-12T03:27:32Z,528377.58
PER_0429,ACC_0790,OWNS,,
PER_0362,PH_0919,OWNS,,
CASE_0194,PER_0223,PARTICIPATED_IN,,
ACC_0690,ACC_1079,TRANSACTED_WITH,2023-09-11T07:52:39Z,1566882.71
PER_0288,LOC_0022,ASSOCIATED_WITH,,
PER_0052,ACC_0476,OWNS,,
ACC_0183,ACC_0963,TRANSACTED_WITH,2025-12-22T20:23:19Z,1814270.86
PH_0771,PH_0887,CALLED,2026-07-23T04:46:13Z,231
PH_1178,PH_0149,CALLED,2025-07-10T00:33:29Z,1250
PER_0797,VEH_0606,OWNS,,
PH_0670,PH_0207,CALLED,2023-02-18T13:16:13Z,2715
ACC_0786,ACC_0665,TRANSACTED_WITH,2024-03-30T16:05:08Z,1840893.41
ACC_1084,ACC_0982,TRANSACTED_WITH,2025-04-08T17:15:36Z,884984.86
PH_1102,PH_0167,CALLED,2025-04-18T14:23:08Z,237
ACC_0975,ACC_0613,TRANSACTED_WITH,2023-07-30T18:27:56Z,1278531.48
ACC_1034,ACC_0296,TRANSACTED_WITH,2024-11-13T07:45:45Z,245161.92
PH_0279,PH_0395,CALLED,2025-02-02T01:25:09Z,227
PH_1046,PH_0276,CALLED,2024-01-26T14:30:47Z,225
PER_0886,LOC_0063,ASSOCIATED_WITH,,
PER_0158,ACC_0686,OWNS,,
PH_1286,PH_0161,CALLED,2024-04-16T00:54:57Z,3581
PER_0261,VEH_0426,OWNS,,
PER_0491,ORG_0052,ASSOCIATED_WITH,,
CASE_0117,PER_0317,PARTICIPATED_IN,,
PER_0715,ACC_0410,OWNS,,
PER_0116,LOC_0136,ASSOCIATED_WITH,,
ACC_0729,ACC_0035,TRANSACTED_WITH,2024-10-26T22:02:19Z,1325306.76
ACC_0145,ACC_0196,TRANSACTED_WITH,2025-07-09T13:57:57Z,403255.3
PER_0605,ORG_0096,ASSOCIATED_WITH,,
PH_0795,PH_1122,CALLED,2024-01-12T10:47:31Z,2269
PER_0113,ORG_0007,ASSOCIATED_WITH,,
PH_0397,PH_0140,CALLED,2025-08-27T11:06:15Z,122
ACC_0840,ACC_0871,TRANSACTED_WITH,2024-09-28T03:24:48Z,1799392.33
PER_0849,ACC_0632,OWNS,,
PER_0830,LOC_0147,ASSOCIATED_WITH,,
PER_0609,PH_1005,OWNS,,
CASE_0206,PER_0973,PARTICIPATED_IN,,
PER_0978,PH_1174,OWNS,,
ACC_0417,ACC_0972,TRANSACTED_WITH,2026-06-24T01:02:02Z,488492.18
PER_0389,PH_1334,OWNS,,
ACC_0586,ACC_1121,TRANSACTED_WITH,2024-05-10T12:21:34Z,176513.06
PH_0203,PH_1221,CALLED,2024-11-21T23:46:44Z,527
PER_0877,LOC_0136,ASSOCIATED_WITH,,
PH_1233,PH_1328,CALLED,2025-04-18T22:24:14Z,1352
PER_0451,LOC_0072,ASSOCIATED_WITH,,
PH_0376,PH_0499,CALLED,2026-05-24T23:46:35Z,2015
PH_1175,PH_0609,CALLED,2024-12-27T00:51:12Z,2153
PER_0529,LOC_0104,ASSOCIATED_WITH,,
PH_1088,PH_0811,CALLED,2024-10-11T23:03:42Z,1537
PER_0677,ACC_0161,OWNS,,
ACC_1045,ACC_0492,TRANSACTED_WITH,2023-02-03T09:09:33Z,2009639.74
CASE_0191,PER_0799,PARTICIPATED_IN,,
PER_0086,ACC_0808,OWNS,,
ACC_0651,ACC_0094,TRANSACTED_WITH,2024-01-21T22:46:48Z,430577.73
PER_0885,LOC_0136,ASSOCIATED_WITH,,
ACC_0278,ACC_0441,TRANSACTED_WITH,2026-03-02T05:56:39Z,1982218.03
ACC_0428,ACC_0368,TRANSACTED_WITH,2025-09-16T11:06:20Z,772594.19
PER_0897,LOC_0033,ASSOCIATED_WITH,,
PH_0147,PH_0601,CALLED,2025-06-04T11:43:15Z,713
PER_0882,VEH_0310,OWNS,,
PER_0483,LOC_0064,ASSOCIATED_WITH,,
CASE_0219,PER_0488,PARTICIPATED_IN,,
ACC_1088,ACC_0220,TRANSACTED_WITH,2024-05-20T11:18:23Z,322973.58
ACC_0742,ACC_0047,TRANSACTED_WITH,2024-03-24T11:37:56Z,1490903.83
PH_0311,PH_0082,CALLED,2023-09-14T04:41:44Z,2943
ACC_1173,ACC_1192,TRANSACTED_WITH,2023-04-18T02:56:44Z,58208.07
ACC_0313,ACC_0217,TRANSACTED_WITH,2025-10-10T11:07:19Z,1190672.72
ACC_0922,ACC_0516,TRANSACTED_WITH,2026-03-13T10:46:10Z,1413565.82
PER_0756,PH_1204,OWNS,,
ACC_0649,ACC_0446,TRANSACTED_WITH,2025-07-13T18:16:35Z,1975028.49
PER_0479,ACC_0794,OWNS,,
PH_0219,PH_0571,CALLED,2025-03-08T18:27:18Z,1894
PH_0601,PH_1249,CALLED,2025-03-31T21:20:23Z,2590
PH_0429,PH_0253,CALLED,2023-08-31T09:50:46Z,2147
ACC_0777,ACC_0868,TRANSACTED_WITH,2024-11-22T06:33:28Z,1938263.66
PH_1078,PH_1125,CALLED,2025-03-06T08:26:06Z,1252
PH_0212,PH_0982,CALLED,2024-01-10T21:34:39Z,15
PER_0235,ACC_0511,OWNS,,
ACC_0379,ACC_0762,TRANSACTED_WITH,2023-05-16T17:45:17Z,1009696.07
ACC_0557,ACC_0616,TRANSACTED_WITH,2023-11-08T06:47:13Z,926912.24
PER_0718,ACC_1000,OWNS,,
PER_0262,ORG_0001,ASSOCIATED_WITH,,
PH_1091,PH_0108,CALLED,2024-08-06T05:27:49Z,1118
ACC_0313,ACC_0402,TRANSACTED_WITH,2026-04-22T14:38:08Z,574324.75
CASE_0182,PER_0747,PARTICIPATED_IN,,
PER_0119,LOC_0102,ASSOCIATED_WITH,,
ACC_0394,ACC_0031,TRANSACTED_WITH,2025-12-07T04:45:11Z,2194038.4
PER_0559,PH_0130,OWNS,,
ACC_1200,ACC_1195,TRANSACTED_WITH,2025-04-09T20:40:44Z,751580.65
PH_0335,PH_0528,CALLED,2023-06-29T13:20:39Z,677
PH_0518,PH_0959,CALLED,2023-05-06T05:45:27Z,381
PH_0975,PH_0229,CALLED,2026-06-01T14:37:37Z,3113
PH_0197,PH_0419,CALLED,2025-06-02T19:33:15Z,1436
PER_0585,PH_0829,OWNS,,
CASE_0071,PER_0015,PARTICIPATED_IN,,
ACC_0248,ACC_0841,TRANSACTED_WITH,2025-02-09T05:24:54Z,2420027.7
PER_0260,ACC_0287,OWNS,,
PER_0406,LOC_0016,ASSOCIATED_WITH,,
ACC_0061,ACC_0638,TRANSACTED_WITH,2023-10-06T17:50:52Z,1616727.57
PH_0227,PH_0743,CALLED,2023-09-04T03:04:59Z,1858
PH_0159,PH_1259,CALLED,2023-03-25T19:11:14Z,3080
PER_0747,ACC_0066,OWNS,,
PER_0135,ACC_0197,OWNS,,
PER_0387,LOC_0041,ASSOCIATED_WITH,,
CASE_0051,PER_0882,PARTICIPATED_IN,,
PER_0036,LOC_0069,ASSOCIATED_WITH,,
CASE_0199,PER_0658,PARTICIPATED_IN,,
ACC_0419,ACC_1116,TRANSACTED_WITH,2024-04-23T01:29:22Z,1445496.45
ACC_0471,ACC_0303,TRANSACTED_WITH,2025-10-12T19:10:35Z,1819681.89
PER_0229,PH_0460,OWNS,,
ACC_1166,ACC_0106,TRANSACTED_WITH,2024-10-12T11:14:49Z,450082.15
PER_0988,PH_0315,OWNS,,
PER_0283,PH_0094,OWNS,,
PER_0497,ORG_0002,ASSOCIATED_WITH,,
ACC_1140,ACC_0038,TRANSACTED_WITH,2025-09-25T21:21:57Z,1079970.09
PH_0512,PH_0469,CALLED,2026-07-30T09:37:15Z,3570
PH_1380,PH_0774,CALLED,2026-04-18T18:22:05Z,1751
PER_0352,ACC_0253,OWNS,,
CASE_0185,PER_0434,PARTICIPATED_IN,,
ACC_0530,ACC_0318,TRANSACTED_WITH,2025-09-08T22:18:35Z,1035124.44
PER_0807,ACC_0690,OWNS,,
PER_0613,ACC_1088,OWNS,,
PH_0223,PH_0197,CALLED,2025-08-27T17:12:22Z,3209
PER_0247,ACC_0378,OWNS,,
ACC_1019,ACC_1053,TRANSACTED_WITH,2024-07-12T23:19:37Z,2275191.02
ACC_1140,ACC_0437,TRANSACTED_WITH,2025-03-18T05:40:43Z,439859.33
PER_0772,PH_0615,OWNS,,
PER_0120,LOC_0038,ASSOCIATED_WITH,,
PER_0355,PH_0629,OWNS,,
PER_0272,ORG_0042,ASSOCIATED_WITH,,
PER_0748,VEH_0231,OWNS,,
PER_0609,VEH_0432,OWNS,,
PH_0768,PH_0796,CALLED,2025-05-25T03:21:08Z,2760
PH_0452,PH_1179,CALLED,2026-01-02T02:14:41Z,933
CASE_0201,PER_0220,PARTICIPATED_IN,,
ACC_0076,ACC_0324,TRANSACTED_WITH,2023-04-01T00:36:59Z,985604.18
PER_0616,ACC_0298,OWNS,,
PER_0646,ACC_0114,OWNS,,
PH_1092,PH_1351,CALLED,2026-06-29T14:56:25Z,1583
PH_0609,PH_0759,CALLED,2024-07-03T18:22:03Z,2442
PER_0804,PH_0760,OWNS,,
CASE_0022,PER_0594,PARTICIPATED_IN,,
PER_0709,PH_0609,OWNS,,
ACC_0475,ACC_0666,TRANSACTED_WITH,2025-04-28T15:34:39Z,1937608.56
PER_0251,VEH_0306,OWNS,,
PH_0810,PH_0605,CALLED,2025-11-08T23:49:36Z,3215
PER_0135,PH_0502,OWNS,,
PH_1223,PH_0773,CALLED,2025-08-21T19:15:43Z,3258
PH_0649,PH_0811,CALLED,2023-05-03T01:25:02Z,411
PH_0047,PH_0756,CALLED,2024-11-13T05:30:00Z,3364
PER_0002,LOC_0027,ASSOCIATED_WITH,,
PER_0376,ACC_0753,OWNS,,
PER_0950,ACC_0854,OWNS,,
PER_0186,LOC_0028,ASSOCIATED_WITH,,
PER_0359,VEH_0331,OWNS,,
PER_0088,ACC_0274,OWNS,,
PER_0076,LOC_0032,ASSOCIATED_WITH,,
PH_0238,PH_1228,CALLED,2023-05-16T11:29:54Z,3121
PER_0460,VEH_0798,OWNS,,
PER_0766,VEH_0167,OWNS,,
PER_0078,ORG_0092,ASSOCIATED_WITH,,
PER_0515,ORG_0004,ASSOCIATED_WITH,,
PER_0926,ORG_0036,ASSOCIATED_WITH,,
PH_0682,PH_0738,CALLED,2024-11-24T20:16:33Z,2808
CASE_0036,PER_0512,PARTICIPATED_IN,,
PER_0114,VEH_0782,OWNS,,
PER_0171,LOC_0104,ASSOCIATED_WITH,,
PER_0007,ACC_0861,OWNS,,
PER_0192,PH_0197,OWNS,,
PH_0935,PH_0012,CALLED,2026-03-20T16:13:23Z,1464
PER_0111,PH_0441,OWNS,,
PER_0018,LOC_0099,ASSOCIATED_WITH,,
ACC_0424,ACC_1089,TRANSACTED_WITH,2026-03-06T07:19:17Z,432688.09
PH_0431,PH_1131,CALLED,2023-05-14T03:36:45Z,3315
PER_0048,LOC_0072,ASSOCIATED_WITH,,
PER_0663,ORG_0075,ASSOCIATED_WITH,,
PER_0078,VEH_0239,OWNS,,
PER_0978,ACC_0676,OWNS,,
PER_0513,LOC_0052,ASSOCIATED_WITH,,
PH_1265,PH_1186,CALLED,2023-06-17T21:11:22Z,3574
PH_0605,PH_0175,CALLED,2025-04-21T02:09:26Z,1296
PER_0362,ORG_0001,ASSOCIATED_WITH,,
ACC_0880,ACC_0280,TRANSACTED_WITH,2025-10-16T22:45:30Z,539767.43
PER_0398,LOC_0131,ASSOCIATED_WITH,,
PH_0631,PH_1055,CALLED,2023-12-30T18:54:51Z,650
ACC_0119,ACC_0022,TRANSACTED_WITH,2023-05-20T14:46:52Z,618534.51
CASE_0170,PER_0311,PARTICIPATED_IN,,
ACC_0794,ACC_0935,TRANSACTED_WITH,2023-08-02T19:28:38Z,1497521.37
ACC_1200,ACC_1088,TRANSACTED_WITH,2025-06-02T02:48:43Z,1507723.82
PER_0912,ORG_0037,ASSOCIATED_WITH,,
PH_1144,PH_1357,CALLED,2025-02-24T09:42:49Z,1177
PER_0662,ACC_0851,OWNS,,
PER_0726,LOC_0137,ASSOCIATED_WITH,,
PER_0147,ACC_0467,OWNS,,
PER_0549,LOC_0119,ASSOCIATED_WITH,,
PH_0896,PH_0814,CALLED,2024-09-04T22:32:29Z,1157
PER_0747,PH_0161,OWNS,,
PH_0742,PH_0595,CALLED,2026-05-02T13:05:43Z,1289
CASE_0136,PER_0172,PARTICIPATED_IN,,
PER_0315,ACC_1076,OWNS,,
ACC_0807,ACC_0856,TRANSACTED_WITH,2024-06-12T10:55:45Z,2423747.28
PER_0229,LOC_0038,ASSOCIATED_WITH,,
PER_0074,VEH_0151,OWNS,,
CASE_0008,PER_0962,PARTICIPATED_IN,,
PH_0448,PH_1195,CALLED,2025-07-14T02:52:02Z,2659
PER_0281,PH_0493,OWNS,,
PER_0784,ACC_0364,OWNS,,
ACC_0177,ACC_0224,TRANSACTED_WITH,2023-11-14T20:58:23Z,1616497.8
ACC_0234,ACC_0411,TRANSACTED_WITH,2025-01-16T04:15:19Z,2293613.19
PH_0482,PH_0345,CALLED,2025-01-06T06:19:49Z,419
PER_0827,ACC_0173,OWNS,,
PER_0623,ORG_0063,ASSOCIATED_WITH,,
PH_0752,PH_1386,CALLED,2024-04-08T10:45:40Z,3497
PER_0278,VEH_0513,OWNS,,
PER_0243,ACC_1038,OWNS,,
PER_0654,ACC_0147,OWNS,,
PER_0226,PH_0141,OWNS,,
PER_0436,ORG_0110,ASSOCIATED_WITH,,
ACC_0562,ACC_0687,TRANSACTED_WITH,2024-07-27T10:59:05Z,313112.9
PER_0744,PH_1290,OWNS,,
PER_0028,VEH_0601,OWNS,,
PER_0563,PH_0067,OWNS,,
ACC_0279,ACC_0333,TRANSACTED_WITH,2024-01-23T23:39:57Z,531688.86
PH_0345,PH_0946,CALLED,2023-12-21T19:49:14Z,2187
PER_0891,PH_0957,OWNS,,
PER_0534,ORG_0026,ASSOCIATED_WITH,,
PH_0301,PH_0470,CALLED,2023-04-16T14:44:54Z,2013
PH_0445,PH_0215,CALLED,2023-11-26T13:19:51Z,532
PER_0561,VEH_0179,OWNS,,
PER_0440,LOC_0062,ASSOCIATED_WITH,,
PER_0704,ORG_0089,ASSOCIATED_WITH,,
ACC_0115,ACC_0725,TRANSACTED_WITH,2025-11-26T16:22:18Z,462081.36
PER_0471,ACC_0197,OWNS,,
PH_1001,PH_0961,CALLED,2024-03-28T01:36:12Z,501
PER_0914,PH_0528,OWNS,,
PH_1263,PH_1323,CALLED,2023-03-05T14:10:46Z,3452
PER_0386,ACC_0588,OWNS,,
ACC_0008,ACC_1182,TRANSACTED_WITH,2025-03-15T18:45:01Z,1218296.65
PER_0316,PH_0833,OWNS,,
PER_0122,VEH_0491,OWNS,,
PH_1006,PH_0218,CALLED,2024-10-14T13:32:02Z,1184
PER_0961,VEH_0533,OWNS,,
ACC_0087,ACC_0749,TRANSACTED_WITH,2025-12-02T03:21:49Z,1602071.93
ACC_0368,ACC_1111,TRANSACTED_WITH,2025-02-24T05:59:31Z,624122.35
ACC_1103,ACC_0026,TRANSACTED_WITH,2025-02-07T23:47:03Z,2351606.14
PH_1309,PH_0142,CALLED,2026-04-23T15:47:04Z,400
PER_0204,LOC_0132,ASSOCIATED_WITH,,
PER_0066,PH_0555,OWNS,,
ACC_0276,ACC_0440,TRANSACTED_WITH,2023-09-13T10:31:56Z,962220.62
ACC_0474,ACC_0665,TRANSACTED_WITH,2025-01-07T05:52:57Z,1837136.83
ACC_0641,ACC_0511,TRANSACTED_WITH,2023-02-26T00:04:53Z,1166426.79
PER_0593,VEH_0609,OWNS,,
CASE_0079,PER_0447,PARTICIPATED_IN,,
PER_0720,VEH_0664,OWNS,,
PH_0224,PH_1299,CALLED,2023-05-20T15:02:21Z,1945
PER_0660,ACC_0158,OWNS,,
PH_0958,PH_0526,CALLED,2025-04-06T08:03:58Z,1273
PER_0898,LOC_0074,ASSOCIATED_WITH,,
PER_0876,PH_0134,OWNS,,
PER_0378,LOC_0075,ASSOCIATED_WITH,,
PH_0385,PH_0582,CALLED,2025-05-25T21:24:35Z,2778
PH_0232,PH_0734,CALLED,2025-04-27T04:25:40Z,1900
PER_0435,ORG_0113,ASSOCIATED_WITH,,
PER_0685,ORG_0118,ASSOCIATED_WITH,,
ACC_0267,ACC_1134,TRANSACTED_WITH,2025-08-19T05:30:53Z,1299395.2
CASE_0216,PER_0145,PARTICIPATED_IN,,
PH_0122,PH_1009,CALLED,2024-04-03T14:04:59Z,289
ACC_0469,ACC_1031,TRANSACTED_WITH,2024-06-27T09:32:22Z,2375650.43
PH_0003,PH_0213,CALLED,2024-06-11T08:00:12Z,2849
PH_0789,PH_0315,CALLED,2024-07-28T07:07:58Z,1803
PER_0319,ACC_0322,OWNS,,
ACC_0158,ACC_0143,TRANSACTED_WITH,2025-08-14T08:33:38Z,928745.6
PER_0913,ACC_0022,OWNS,,
PER_0942,VEH_0611,OWNS,,
ACC_0994,ACC_0853,TRANSACTED_WITH,2025-08-17T12:03:58Z,1532249.48
PER_0595,ACC_0733,OWNS,,
PH_1042,PH_0966,CALLED,2023-01-09T08:11:56Z,2816
PER_0038,VEH_0733,OWNS,,
PH_0991,PH_0444,CALLED,2026-03-22T14:17:06Z,1692
PH_0303,PH_1121,CALLED,2026-04-23T23:18:51Z,3567
ACC_0058,ACC_0321,TRANSACTED_WITH,2026-01-13T04:39:05Z,398698.75
PER_0383,ORG_0035,ASSOCIATED_WITH,,
PH_0820,PH_1082,CALLED,2025-10-08T19:49:46Z,1387
ACC_0176,ACC_1100,TRANSACTED_WITH,2024-10-03T03:59:40Z,2267136.26
PER_0013,ACC_0074,OWNS,,
PH_0076,PH_0689,CALLED,2024-09-11T23:55:17Z,1563
PER_0846,ACC_0798,OWNS,,
ACC_0147,ACC_0785,TRANSACTED_WITH,2025-12-08T09:28:14Z,1225468.37
PH_1138,PH_0123,CALLED,2025-09-07T00:32:21Z,2315
PH_0319,PH_0881,CALLED,2023-11-03T20:31:29Z,495
ACC_0833,ACC_0735,TRANSACTED_WITH,2024-08-16T23:16:44Z,1667363.35
PER_0891,VEH_0756,OWNS,,
PER_0223,LOC_0081,ASSOCIATED_WITH,,
PH_0741,PH_1169,CALLED,2024-06-20T19:37:42Z,247
PER_0890,ACC_1053,OWNS,,
PH_0456,PH_0585,CALLED,2026-02-17T05:13:26Z,3070
PER_0867,LOC_0043,ASSOCIATED_WITH,,
PH_0348,PH_0401,CALLED,2025-10-10T01:32:13Z,100
PER_0956,VEH_0042,OWNS,,
PH_0375,PH_0953,CALLED,2023-11-02T19:14:34Z,501
CASE_0028,PER_0208,PARTICIPATED_IN,,
PH_1174,PH_0616,CALLED,2024-07-24T13:17:29Z,3593
PER_0216,LOC_0041,ASSOCIATED_WITH,,
PER_0354,ACC_0753,OWNS,,
ACC_0746,ACC_0853,TRANSACTED_WITH,2024-12-20T07:17:22Z,1720235.73
PER_0332,LOC_0076,ASSOCIATED_WITH,,
CASE_0150,PER_0370,PARTICIPATED_IN,,
PER_0369,VEH_0258,OWNS,,
ACC_0462,ACC_1091,TRANSACTED_WITH,2025-01-31T18:41:55Z,169736.99
PER_0481,PH_0225,OWNS,,
PER_0941,ACC_0616,OWNS,,
PER_0728,ORG_0085,ASSOCIATED_WITH,,
PER_0253,ACC_0369,OWNS,,
ACC_0001,ACC_0674,TRANSACTED_WITH,2025-09-23T13:54:11Z,1528659.84
CASE_0018,PER_0593,PARTICIPATED_IN,,
ACC_0674,ACC_1087,TRANSACTED_WITH,2024-02-04T17:39:40Z,519279.06
PH_0345,PH_0166,CALLED,2023-06-06T10:46:07Z,309
PER_0638,VEH_0205,OWNS,,
ACC_0553,ACC_0560,TRANSACTED_WITH,2023-04-06T10:10:36Z,770663.55
ACC_1080,ACC_0079,TRANSACTED_WITH,2026-06-08T21:31:33Z,1383252.43
ACC_0721,ACC_0361,TRANSACTED_WITH,2025-05-17T16:50:40Z,718606.69
PH_0481,PH_1313,CALLED,2023-05-13T12:52:09Z,2077
ACC_0566,ACC_1088,TRANSACTED_WITH,2025-05-25T12:34:31Z,2068337.74
PER_0419,PH_0098,OWNS,,
PER_0729,ACC_0497,OWNS,,
ACC_0928,ACC_0504,TRANSACTED_WITH,2024-04-13T08:03:27Z,2327766.03
PH_1309,PH_0332,CALLED,2025-09-05T16:12:00Z,1565
CASE_0065,PER_0778,PARTICIPATED_IN,,
ACC_0250,ACC_0944,TRANSACTED_WITH,2024-11-19T06:15:35Z,1824556.08
PH_1076,PH_0080,CALLED,2025-08-24T03:27:09Z,2423
PER_0949,ACC_0152,OWNS,,
CASE_0067,PER_0361,PARTICIPATED_IN,,
ACC_0387,ACC_0813,TRANSACTED_WITH,2025-08-30T04:31:09Z,1456770.07
PER_0767,ACC_0212,OWNS,,
ACC_0037,ACC_0866,TRANSACTED_WITH,2025-07-24T02:26:38Z,272146.19
ACC_0797,ACC_0922,TRANSACTED_WITH,2024-02-25T20:47:31Z,2231648.74
PH_0094,PH_1389,CALLED,2023-08-28T04:51:39Z,647
ACC_0513,ACC_0224,TRANSACTED_WITH,2023-04-19T17:05:26Z,836758.65
PER_0114,ACC_1059,OWNS,,
PER_0275,VEH_0463,OWNS,,
ACC_0973,ACC_0371,TRANSACTED_WITH,2023-08-23T16:19:08Z,2044213.51
ACC_1061,ACC_0661,TRANSACTED_WITH,2025-10-20T05:32:58Z,1848613.14
ACC_0865,ACC_1010,TRANSACTED_WITH,2023-09-01T15:56:47Z,2191757.23
PER_0749,LOC_0074,ASSOCIATED_WITH,,
PER_0602,ACC_0356,OWNS,,
PH_1009,PH_1372,CALLED,2024-01-31T23:57:56Z,3142
ACC_0767,ACC_0664,TRANSACTED_WITH,2026-01-02T10:22:21Z,729429.86
PER_0391,PH_0337,OWNS,,
PER_0614,ACC_0632,OWNS,,
PER_0819,PH_0089,OWNS,,
PER_0757,ACC_0193,OWNS,,
PER_0040,PH_0503,OWNS,,
ACC_0744,ACC_0820,TRANSACTED_WITH,2025-03-24T09:01:57Z,650640.96
PH_0715,PH_0875,CALLED,2025-08-10T08:07:30Z,1956
ACC_0031,ACC_1183,TRANSACTED_WITH,2025-06-10T17:42:44Z,967156.08
PER_0501,VEH_0575,OWNS,,
PH_1030,PH_0545,CALLED,2024-04-28T05:05:19Z,524
PER_0986,VEH_0635,OWNS,,
PER_0687,ACC_0147,OWNS,,
PER_0162,ACC_0854,OWNS,,
ACC_0001,ACC_1200,TRANSACTED_WITH,2026-03-08T20:00:02Z,2386978.96
PER_0122,ACC_0350,OWNS,,
PH_0638,PH_0835,CALLED,2023-06-15T15:32:34Z,3312
PER_0088,PH_0396,OWNS,,
PH_1304,PH_1333,CALLED,2025-01-26T06:37:09Z,1011
PER_0712,ACC_0195,OWNS,,
PER_0439,ACC_0872,OWNS,,
ACC_1172,ACC_0114,TRANSACTED_WITH,2023-10-07T20:44:21Z,865367.36
PH_1038,PH_0938,CALLED,2025-12-02T11:15:42Z,3382
PH_0793,PH_1270,CALLED,2024-12-02T10:59:58Z,1349
PER_0796,PH_0509,OWNS,,
PER_0081,ACC_1178,OWNS,,
PER_0787,PH_0975,OWNS,,
CASE_0003,PER_0535,PARTICIPATED_IN,,
PER_0334,LOC_0030,ASSOCIATED_WITH,,
PER_0222,VEH_0461,OWNS,,
PER_0350,LOC_0125,ASSOCIATED_WITH,,
PH_0632,PH_0364,CALLED,2025-12-28T11:05:05Z,1006
PH_1178,PH_0937,CALLED,2024-01-23T11:21:00Z,3143
PH_0445,PH_0394,CALLED,2025-11-04T18:01:36Z,2401
PH_0085,PH_1139,CALLED,2025-09-18T03:17:50Z,3163
PER_0171,ORG_0099,ASSOCIATED_WITH,,
PER_0768,VEH_0226,OWNS,,
ACC_1028,ACC_0942,TRANSACTED_WITH,2025-04-16T11:20:30Z,171283.78
ACC_0186,ACC_0754,TRANSACTED_WITH,2025-05-12T17:53:58Z,1021851.59
PER_0709,ACC_0647,OWNS,,
ACC_0273,ACC_1047,TRANSACTED_WITH,2024-01-27T22:05:29Z,1125369.23
ACC_0746,ACC_1161,TRANSACTED_WITH,2025-05-08T23:50:20Z,1902143.11
PER_0621,PH_1104,OWNS,,
PER_0329,LOC_0013,ASSOCIATED_WITH,,
PER_0663,PH_1200,OWNS,,
PH_1309,PH_0623,CALLED,2024-04-16T17:18:06Z,1049
PER_0637,PH_1292,OWNS,,
PH_0877,PH_0371,CALLED,2023-10-14T16:29:19Z,1566
ACC_0733,ACC_1066,TRANSACTED_WITH,2026-04-29T02:45:20Z,1894050.97
PH_0269,PH_0342,CALLED,2023-03-08T01:04:11Z,2224
PER_0097,LOC_0136,ASSOCIATED_WITH,,
PER_0956,LOC_0123,ASSOCIATED_WITH,,
PER_0024,PH_1370,OWNS,,
PER_0638,PH_0417,OWNS,,
PER_0810,ACC_0371,OWNS,,
ACC_0871,ACC_0979,TRANSACTED_WITH,2024-07-25T04:35:39Z,960836.99
PH_0704,PH_0545,CALLED,2024-01-19T08:15:54Z,1371
ACC_0966,ACC_0329,TRANSACTED_WITH,2026-01-23T00:47:55Z,2146710.83
PER_0163,PH_0176,OWNS,,
ACC_0536,ACC_0560,TRANSACTED_WITH,2025-10-16T04:36:37Z,400474.84
PH_0651,PH_0186,CALLED,2025-08-11T06:16:39Z,1011
PH_1006,PH_1089,CALLED,2024-07-25T17:30:01Z,3224
ACC_0640,ACC_0243,TRANSACTED_WITH,2024-10-01T01:08:37Z,79624.17
ACC_1067,ACC_1021,TRANSACTED_WITH,2023-11-28T10:21:08Z,1336783.09
PER_0820,PH_1355,OWNS,,
ACC_0989,ACC_0283,TRANSACTED_WITH,2025-05-20T21:18:34Z,742779.05
PH_0957,PH_0621,CALLED,2025-06-19T18:30:31Z,1007
CASE_0228,PER_0498,PARTICIPATED_IN,,
PH_0020,PH_1050,CALLED,2026-02-09T19:17:13Z,1542
PER_0495,VEH_0640,OWNS,,
PER_0188,ACC_0610,OWNS,,
PER_0065,ACC_1101,OWNS,,
PH_1070,PH_1190,CALLED,2026-05-13T15:46:11Z,2173
PH_1276,PH_0159,CALLED,2023-04-27T04:47:24Z,1926
CASE_0115,PER_0618,PARTICIPATED_IN,,
PER_0575,VEH_0591,OWNS,,
PH_0308,PH_0381,CALLED,2026-06-06T12:31:07Z,2164
PER_0437,ACC_0194,OWNS,,
PER_0464,VEH_0636,OWNS,,
PH_0655,PH_0416,CALLED,2025-01-07T14:01:09Z,440
PER_0466,LOC_0062,ASSOCIATED_WITH,,
PER_0048,ORG_0071,ASSOCIATED_WITH,,
PH_0332,PH_1295,CALLED,2025-06-21T09:47:37Z,2659
PER_0770,PH_0702,OWNS,,
PER_0509,VEH_0745,OWNS,,
PER_0760,VEH_0402,OWNS,,
CASE_0241,PER_0578,PARTICIPATED_IN,,
PH_0446,PH_0159,CALLED,2023-11-14T18:26:29Z,1229
CASE_0016,PER_0570,PARTICIPATED_IN,,
CASE_0112,PER_0776,PARTICIPATED_IN,,
PER_0810,ORG_0041,ASSOCIATED_WITH,,
PER_0798,ACC_0010,OWNS,,
PER_0395,ACC_0912,OWNS,,
PER_0368,ACC_0805,OWNS,,
PH_0417,PH_0479,CALLED,2026-02-05T00:02:03Z,1950
PER_0750,PH_1043,OWNS,,
ACC_0097,ACC_0778,TRANSACTED_WITH,2023-04-16T06:25:41Z,491322.77
PH_1350,PH_0776,CALLED,2025-05-07T18:48:33Z,2944
ACC_0927,ACC_0610,TRANSACTED_WITH,2024-09-04T14:57:05Z,611768.14
ACC_0498,ACC_0534,TRANSACTED_WITH,2024-11-16T05:54:56Z,212494.59
ACC_1192,ACC_0426,TRANSACTED_WITH,2024-05-11T20:11:03Z,1317422.62
PER_0731,LOC_0076,ASSOCIATED_WITH,,
ACC_0809,ACC_0734,TRANSACTED_WITH,2024-10-30T21:46:57Z,2473798.37
PER_0217,ACC_1134,OWNS,,
ACC_0614,ACC_0514,TRANSACTED_WITH,2024-01-19T13:19:46Z,1387607.11
ACC_0410,ACC_0693,TRANSACTED_WITH,2023-05-23T09:09:57Z,1186235.15
ACC_1025,ACC_0750,TRANSACTED_WITH,2025-08-24T02:24:51Z,2353181.24
ACC_0436,ACC_0985,TRANSACTED_WITH,2023-02-07T08:30:42Z,1765251.11
PER_0756,ACC_0350,OWNS,,
ACC_0388,ACC_0805,TRANSACTED_WITH,2026-02-18T02:47:39Z,1339973.11
PER_0821,LOC_0118,ASSOCIATED_WITH,,
ACC_0318,ACC_0127,TRANSACTED_WITH,2025-05-17T11:32:36Z,1787966.25
PH_0276,PH_1107,CALLED,2026-02-02T04:55:45Z,2442
ACC_0306,ACC_0460,TRANSACTED_WITH,2025-10-25T02:38:06Z,762928.82
ACC_1194,ACC_0535,TRANSACTED_WITH,2025-10-20T12:18:44Z,1475653.42
PER_0156,ACC_0497,OWNS,,
PER_0942,ACC_0086,OWNS,,
PER_0716,ACC_0919,OWNS,,
PER_0848,ORG_0102,ASSOCIATED_WITH,,
PH_0113,PH_1084,CALLED,2025-01-16T19:24:36Z,3597
PER_0245,ACC_0698,OWNS,,
ACC_1157,ACC_0455,TRANSACTED_WITH,2024-03-07T18:32:54Z,1599917.88
PH_0197,PH_0268,CALLED,2025-11-07T10:28:19Z,3152
PH_1301,PH_0377,CALLED,2023-07-19T01:17:05Z,191
PH_1193,PH_0997,CALLED,2023-03-03T14:56:35Z,2002
ACC_0065,ACC_0534,TRANSACTED_WITH,2025-12-15T12:46:19Z,822820.2
PER_0661,ACC_1072,OWNS,,
PER_0192,ACC_0831,OWNS,,
PER_0509,PH_0276,OWNS,,
PH_0267,PH_0876,CALLED,2024-06-03T22:54:04Z,1860
PER_0501,ACC_0133,OWNS,,
PER_0795,VEH_0181,OWNS,,
PH_0212,PH_1363,CALLED,2023-10-24T15:13:37Z,1013
PER_0550,ACC_0372,OWNS,,
PH_0199,PH_0823,CALLED,2024-01-15T19:04:53Z,826
PER_0607,VEH_0777,OWNS,,
ACC_0580,ACC_0114,TRANSACTED_WITH,2023-04-23T00:12:17Z,405535.21
PER_0803,VEH_0275,OWNS,,
PER_0350,PH_0417,OWNS,,
PER_0050,ORG_0111,ASSOCIATED_WITH,,
PER_0606,PH_0972,OWNS,,
ACC_1145,ACC_0565,TRANSACTED_WITH,2025-03-03T19:46:10Z,290032.02
PH_0574,PH_0298,CALLED,2023-09-08T04:25:42Z,2432
PH_0067,PH_1376,CALLED,2025-09-03T20:40:37Z,528
PER_0778,ACC_0475,OWNS,,
PER_0382,ORG_0117,ASSOCIATED_WITH,,
PH_0474,PH_0107,CALLED,2026-06-24T02:16:23Z,2851
PH_0791,PH_1357,CALLED,2025-01-06T01:38:07Z,357
PER_0667,LOC_0147,ASSOCIATED_WITH,,
PER_0768,ACC_0395,OWNS,,
ACC_1036,ACC_0910,TRANSACTED_WITH,2024-12-17T05:54:32Z,1507180.75
PER_0644,VEH_0576,OWNS,,
PH_0729,PH_0679,CALLED,2025-06-27T08:07:42Z,587
PER_0912,LOC_0143,ASSOCIATED_WITH,,
PH_0683,PH_0173,CALLED,2024-11-21T16:28:19Z,382
PER_0711,ACC_0839,OWNS,,
PER_0483,ORG_0110,ASSOCIATED_WITH,,
ACC_0534,ACC_0392,TRANSACTED_WITH,2026-04-14T20:43:02Z,696295.74
PER_0944,PH_0172,OWNS,,
PER_0530,VEH_0389,OWNS,,
ACC_0947,ACC_0550,TRANSACTED_WITH,2024-06-28T20:34:47Z,2381134.53
PER_0508,VEH_0339,OWNS,,
PER_0818,VEH_0473,OWNS,,
PH_0331,PH_0017,CALLED,2025-08-02T11:09:19Z,3125
CASE_0147,PER_0207,PARTICIPATED_IN,,
PER_0144,PH_0427,OWNS,,
ACC_0560,ACC_0204,TRANSACTED_WITH,2023-01-27T08:19:09Z,793572.76
PER_0514,VEH_0063,OWNS,,
PER_0648,PH_1106,OWNS,,
PER_0689,PH_0442,OWNS,,
PER_0888,ACC_0196,OWNS,,
PER_0104,VEH_0386,OWNS,,
PER_0712,VEH_0246,OWNS,,
CASE_0051,PER_0984,PARTICIPATED_IN,,
ACC_0473,ACC_1148,TRANSACTED_WITH,2024-05-22T09:10:15Z,2387502.72
PH_1250,PH_0668,CALLED,2025-11-04T11:32:40Z,659
PER_0229,LOC_0024,ASSOCIATED_WITH,,
PER_0979,PH_1312,OWNS,,
ACC_0412,ACC_0158,TRANSACTED_WITH,2023-08-05T21:02:42Z,1494088.96
PER_0191,LOC_0028,ASSOCIATED_WITH,,
ACC_0409,ACC_0934,TRANSACTED_WITH,2023-03-12T23:59:57Z,571474.71
PER_0323,LOC_0037,ASSOCIATED_WITH,,
PER_0690,LOC_0139,ASSOCIATED_WITH,,
PER_0138,ORG_0105,ASSOCIATED_WITH,,
PH_0534,PH_0749,CALLED,2024-10-03T22:19:00Z,677
PH_0155,PH_1362,CALLED,2025-02-17T13:21:45Z,109
PH_0639,PH_0290,CALLED,2025-06-22T01:02:45Z,723
PER_0581,LOC_0149,ASSOCIATED_WITH,,
PH_0446,PH_0692,CALLED,2025-07-23T05:21:10Z,119
PH_0701,PH_0929,CALLED,2024-08-10T23:08:01Z,2849
CASE_0078,PER_0686,PARTICIPATED_IN,,
ACC_0097,ACC_0658,TRANSACTED_WITH,2026-04-23T17:48:29Z,1738582.99
ACC_0281,ACC_1171,TRANSACTED_WITH,2025-01-02T15:23:37Z,1944885.41
ACC_0771,ACC_1113,TRANSACTED_WITH,2024-01-01T08:12:59Z,1281242.0
ACC_1073,ACC_0104,TRANSACTED_WITH,2023-08-10T02:21:29Z,1486829.09
PER_0679,PH_1280,OWNS,,
PH_0945,PH_1289,CALLED,2024-11-26T01:38:52Z,715
PH_1143,PH_0092,CALLED,2024-01-31T00:38:12Z,2441
PER_0800,ORG_0055,ASSOCIATED_WITH,,
ACC_0134,ACC_0089,TRANSACTED_WITH,2024-04-19T23:09:11Z,1875463.85
PER_0380,ORG_0086,ASSOCIATED_WITH,,
PH_1214,PH_1374,CALLED,2025-11-16T02:03:37Z,1024
PH_0878,PH_0626,CALLED,2024-06-16T11:05:27Z,2577
PH_1134,PH_0477,CALLED,2024-04-10T02:10:34Z,2406
PER_0833,ORG_0041,ASSOCIATED_WITH,,
PH_0418,PH_0490,CALLED,2025-02-13T22:45:36Z,2456
ACC_0510,ACC_0179,TRANSACTED_WITH,2025-08-22T02:55:32Z,115851.54
ACC_0468,ACC_0719,TRANSACTED_WITH,2026-04-08T16:36:24Z,480475.62
ACC_0226,ACC_0885,TRANSACTED_WITH,2025-04-24T09:42:31Z,829528.2
PH_0051,PH_1256,CALLED,2025-09-29T07:16:46Z,336
PH_0283,PH_0934,CALLED,2024-10-18T11:11:44Z,3206
ACC_0092,ACC_1009,TRANSACTED_WITH,2024-10-08T12:40:56Z,506044.84
ACC_0125,ACC_0708,TRANSACTED_WITH,2025-06-17T07:29:35Z,357019.39
PER_0382,ACC_0045,OWNS,,
PH_0868,PH_1165,CALLED,2023-01-24T04:43:40Z,788
PH_0994,PH_0634,CALLED,2025-03-13T20:07:40Z,284
PH_0947,PH_0179,CALLED,2023-05-06T19:10:23Z,2134
PER_0955,LOC_0091,ASSOCIATED_WITH,,
PER_0239,LOC_0148,ASSOCIATED_WITH,,
PH_0656,PH_1099,CALLED,2024-07-07T02:03:09Z,2091
ACC_0913,ACC_0362,TRANSACTED_WITH,2025-04-18T00:33:35Z,2098060.31
PH_1297,PH_0964,CALLED,2025-02-22T07:42:10Z,2674
PH_1314,PH_1029,CALLED,2023-01-07T16:49:17Z,2437
ACC_0067,ACC_0452,TRANSACTED_WITH,2025-09-09T18:52:37Z,1613377.62
ACC_0544,ACC_0235,TRANSACTED_WITH,2024-12-20T18:59:43Z,2137574.4
ACC_0128,ACC_0441,TRANSACTED_WITH,2025-06-24T19:32:28Z,2064741.77
PER_0493,LOC_0049,ASSOCIATED_WITH,,
PER_0915,ORG_0014,ASSOCIATED_WITH,,
PH_1046,PH_1371,CALLED,2024-01-14T00:37:44Z,1824
PH_0787,PH_0656,CALLED,2026-06-27T21:11:14Z,891
PER_0876,LOC_0010,ASSOCIATED_WITH,,
PH_1148,PH_1002,CALLED,2026-04-01T16:31:19Z,2582
ACC_0326,ACC_1020,TRANSACTED_WITH,2026-05-08T11:54:36Z,1703106.87
PH_0617,PH_1005,CALLED,2025-04-30T17:27:17Z,676
PER_0226,PH_0719,OWNS,,
PH_0401,PH_0432,CALLED,2026-07-03T00:26:42Z,1011
PER_0332,ACC_0377,OWNS,,
PER_0573,LOC_0025,ASSOCIATED_WITH,,
PH_1007,PH_0929,CALLED,2025-03-31T18:49:04Z,2182
ACC_1010,ACC_0082,TRANSACTED_WITH,2024-08-04T09:37:18Z,1552976.46
PH_0776,PH_0012,CALLED,2023-07-21T08:53:15Z,397
PER_0015,ACC_1131,OWNS,,
PER_0210,ACC_0213,OWNS,,
PER_0132,ORG_0004,ASSOCIATED_WITH,,
PER_0948,ACC_0872,OWNS,,
PER_0570,LOC_0069,ASSOCIATED_WITH,,
PH_0114,PH_0483,CALLED,2024-01-11T07:58:05Z,625
PH_0586,PH_0980,CALLED,2026-07-16T22:35:20Z,3576
PH_1233,PH_0988,CALLED,2023-04-27T21:00:09Z,2187
PH_0119,PH_1137,CALLED,2026-04-18T08:16:35Z,2158
ACC_0580,ACC_1175,TRANSACTED_WITH,2025-10-28T11:15:52Z,236451.83
PH_1100,PH_0172,CALLED,2024-12-05T13:33:32Z,1164
PER_0552,PH_0878,OWNS,,
ACC_0194,ACC_0168,TRANSACTED_WITH,2024-01-05T11:40:12Z,868932.11
PH_1094,PH_0917,CALLED,2025-08-17T01:11:48Z,2260
PER_0205,ORG_0074,ASSOCIATED_WITH,,
PER_0258,PH_0580,OWNS,,
PER_0683,LOC_0104,ASSOCIATED_WITH,,
ACC_1013,ACC_1037,TRANSACTED_WITH,2023-06-05T12:50:19Z,1587066.5
PER_0726,ACC_0864,OWNS,,
PER_0409,ORG_0041,ASSOCIATED_WITH,,
ACC_0680,ACC_0831,TRANSACTED_WITH,2023-08-12T04:25:46Z,1739900.57
PER_0381,LOC_0103,ASSOCIATED_WITH,,
ACC_1199,ACC_1142,TRANSACTED_WITH,2025-04-23T20:35:17Z,853128.02
PH_1142,PH_0742,CALLED,2025-05-01T01:01:37Z,1418
PER_0043,PH_0186,OWNS,,
ACC_0359,ACC_0651,TRANSACTED_WITH,2024-06-17T12:03:24Z,922110.35
CASE_0003,PER_0599,PARTICIPATED_IN,,
ACC_0205,ACC_1060,TRANSACTED_WITH,2024-05-02T21:23:49Z,2003846.48
PH_1127,PH_0277,CALLED,2026-06-15T01:29:11Z,392
PER_0137,PH_0377,OWNS,,
ACC_0556,ACC_1104,TRANSACTED_WITH,2024-03-06T15:18:13Z,2126512.41
PER_0894,ORG_0035,ASSOCIATED_WITH,,
PER_0229,PH_0666,OWNS,,
CASE_0012,PER_0132,PARTICIPATED_IN,,
ACC_0042,ACC_1175,TRANSACTED_WITH,2023-12-25T17:06:22Z,396400.88
PH_0512,PH_0354,CALLED,2024-05-23T01:42:36Z,1378
CASE_0141,PER_0864,PARTICIPATED_IN,,
PH_0494,PH_0938,CALLED,2023-04-07T17:32:47Z,932
ACC_0340,ACC_0375,TRANSACTED_WITH,2024-12-13T00:04:36Z,603035.14
PER_0519,ACC_0838,OWNS,,
PER_0806,ACC_1073,OWNS,,
ACC_1137,ACC_0823,TRANSACTED_WITH,2025-10-07T06:39:34Z,590700.24
PH_1307,PH_0987,CALLED,2026-02-09T04:15:58Z,3250
PER_0877,LOC_0032,ASSOCIATED_WITH,,
ACC_0497,ACC_0719,TRANSACTED_WITH,2025-03-06T21:25:07Z,1697061.42
PER_0127,PH_0085,OWNS,,
ACC_0073,ACC_0729,TRANSACTED_WITH,2026-02-09T21:16:44Z,1745610.62
ACC_0382,ACC_0292,TRANSACTED_WITH,2025-10-05T13:13:07Z,305252.77
ACC_0770,ACC_0725,TRANSACTED_WITH,2026-04-15T12:55:48Z,1101133.31
PH_0836,PH_0057,CALLED,2024-06-08T00:20:06Z,2147
PH_0450,PH_1242,CALLED,2025-04-26T18:44:56Z,2040
PER_0943,VEH_0375,OWNS,,
ACC_0415,ACC_0128,TRANSACTED_WITH,2026-03-05T19:34:10Z,2404026.28
ACC_0629,ACC_0291,TRANSACTED_WITH,2026-07-29T10:23:11Z,1856199.76
PER_0949,LOC_0059,ASSOCIATED_WITH,,
PH_0490,PH_0572,CALLED,2024-12-27T10:22:02Z,3168
ACC_1082,ACC_0113,TRANSACTED_WITH,2024-03-18T13:18:27Z,285783.81
PH_1060,PH_0785,CALLED,2026-01-09T19:24:43Z,878
PH_0007,PH_1316,CALLED,2025-03-26T00:38:22Z,3229
PER_0321,ACC_1110,OWNS,,
PH_0792,PH_1221,CALLED,2025-03-09T04:40:39Z,1677
ACC_1062,ACC_0481,TRANSACTED_WITH,2025-08-29T05:42:08Z,2010867.36
PER_0913,ACC_0922,OWNS,,
PER_0417,ACC_0156,OWNS,,
ACC_0284,ACC_0034,TRANSACTED_WITH,2025-10-27T13:37:46Z,2212930.07
PER_0195,LOC_0067,ASSOCIATED_WITH,,
ACC_0672,ACC_0085,TRANSACTED_WITH,2026-06-24T09:16:22Z,1190900.31
PER_0551,LOC_0039,ASSOCIATED_WITH,,
CASE_0185,PER_0682,PARTICIPATED_IN,,
PER_0700,ACC_0786,OWNS,,
ACC_1026,ACC_0696,TRANSACTED_WITH,2025-03-20T10:48:37Z,437136.07
CASE_0018,PER_0669,PARTICIPATED_IN,,
PH_0709,PH_0530,CALLED,2024-02-04T21:00:09Z,2178
PER_0530,ACC_0278,OWNS,,
PER_0692,PH_0026,OWNS,,
PER_0211,LOC_0001,ASSOCIATED_WITH,,
ACC_0551,ACC_0709,TRANSACTED_WITH,2025-03-18T02:19:17Z,748713.47
ACC_0093,ACC_0114,TRANSACTED_WITH,2023-12-14T02:59:50Z,1957980.77
PH_1131,PH_1040,CALLED,2025-11-06T13:28:18Z,786
CASE_0055,PER_0411,PARTICIPATED_IN,,
ACC_0630,ACC_0742,TRANSACTED_WITH,2026-07-08T09:07:58Z,1243290.52
PH_1189,PH_0308,CALLED,2024-12-25T00:23:01Z,3150
CASE_0166,PER_0657,PARTICIPATED_IN,,
PER_0944,ACC_0893,OWNS,,
PER_0997,ORG_0107,ASSOCIATED_WITH,,
PER_0227,ACC_0593,OWNS,,
PER_0494,PH_0815,OWNS,,
ACC_0104,ACC_0139,TRANSACTED_WITH,2024-11-21T19:15:00Z,1648443.49
PER_0611,ACC_0903,OWNS,,
PER_0308,LOC_0070,ASSOCIATED_WITH,,
PER_0506,ACC_0349,OWNS,,
PER_0484,PH_0407,OWNS,,
PER_0292,ACC_0861,OWNS,,
PER_0581,LOC_0096,ASSOCIATED_WITH,,
ACC_1039,ACC_0612,TRANSACTED_WITH,2023-05-18T08:33:55Z,2327698.38
PH_0521,PH_1113,CALLED,2025-06-26T09:06:25Z,2659
PER_0944,LOC_0003,ASSOCIATED_WITH,,
CASE_0121,PER_0170,PARTICIPATED_IN,,
PER_0760,LOC_0138,ASSOCIATED_WITH,,
PH_1270,PH_1359,CALLED,2023-09-16T21:39:21Z,3412
CASE_0139,PER_0972,PARTICIPATED_IN,,
PER_0338,LOC_0007,ASSOCIATED_WITH,,
ACC_0692,ACC_0909,TRANSACTED_WITH,2024-02-21T14:21:27Z,1887219.97
ACC_0615,ACC_0189,TRANSACTED_WITH,2024-05-30T01:03:35Z,2019408.48
PH_1196,PH_0225,CALLED,2024-06-03T08:38:27Z,3204
PH_0634,PH_1072,CALLED,2026-07-18T12:40:45Z,295
CASE_0059,PER_0435,PARTICIPATED_IN,,
PER_0867,LOC_0063,ASSOCIATED_WITH,,
PH_0850,PH_0522,CALLED,2023-04-23T02:26:16Z,753
CASE_0091,PER_0855,PARTICIPATED_IN,,
ACC_0866,ACC_0296,TRANSACTED_WITH,2023-08-22T23:34:11Z,2261299.68
PER_0021,PH_0426,OWNS,,
PER_0612,ORG_0055,ASSOCIATED_WITH,,
ACC_1149,ACC_1079,TRANSACTED_WITH,2025-02-28T11:40:36Z,1032385.55
PH_1346,PH_1176,CALLED,2025-09-20T20:55:44Z,3506
PH_0426,PH_0574,CALLED,2025-11-21T21:55:40Z,1705
PER_0973,VEH_0751,OWNS,,
ACC_0879,ACC_0954,TRANSACTED_WITH,2025-09-04T10:11:52Z,2444640.83
ACC_0695,ACC_1122,TRANSACTED_WITH,2023-07-03T18:15:48Z,1944701.14
ACC_0580,ACC_0573,TRANSACTED_WITH,2023-08-25T16:33:55Z,150847.59
ACC_0897,ACC_0709,TRANSACTED_WITH,2026-07-23T03:02:17Z,1900539.6
PER_0475,LOC_0002,ASSOCIATED_WITH,,
PER_0205,PH_1039,OWNS,,
PER_0243,LOC_0006,ASSOCIATED_WITH,,
PER_0004,LOC_0043,ASSOCIATED_WITH,,
PH_0773,PH_0355,CALLED,2023-06-10T02:13:00Z,3433
PH_0993,PH_0327,CALLED,2026-07-25T05:23:31Z,1181
PER_0065,LOC_0001,ASSOCIATED_WITH,,
PH_0222,PH_0773,CALLED,2024-11-16T19:48:41Z,2860
ACC_0520,ACC_1092,TRANSACTED_WITH,2025-11-12T02:48:31Z,536930.01
PER_0929,LOC_0048,ASSOCIATED_WITH,,
PH_1315,PH_0980,CALLED,2026-01-06T04:19:24Z,1612
PH_0755,PH_1255,CALLED,2025-01-03T16:47:43Z,1290
ACC_0353,ACC_1031,TRANSACTED_WITH,2024-06-19T09:53:11Z,2271810.29
PH_0788,PH_0707,CALLED,2026-02-13T00:59:30Z,1817
PER_0862,LOC_0056,ASSOCIATED_WITH,,
PER_0691,PH_1252,OWNS,,
CASE_0137,PER_0126,PARTICIPATED_IN,,
ACC_1040,ACC_0141,TRANSACTED_WITH,2023-11-10T14:52:12Z,1349722.04
PER_0181,LOC_0145,ASSOCIATED_WITH,,
ACC_0775,ACC_0872,TRANSACTED_WITH,2025-05-25T12:28:31Z,758766.42
PH_1039,PH_1061,CALLED,2024-06-24T13:55:11Z,3457
PH_0660,PH_0881,CALLED,2023-09-11T06:27:29Z,1092
PER_0969,PH_0142,OWNS,,
PER_0700,PH_1337,OWNS,,
PER_0405,ACC_0586,OWNS,,
PER_0556,LOC_0067,ASSOCIATED_WITH,,
PER_0297,LOC_0059,ASSOCIATED_WITH,,
PH_0291,PH_0896,CALLED,2025-03-21T05:40:40Z,893
ACC_1127,ACC_0328,TRANSACTED_WITH,2025-12-20T18:02:40Z,1185468.46
PER_0726,LOC_0012,ASSOCIATED_WITH,,
PER_0775,ORG_0041,ASSOCIATED_WITH,,
PER_0289,LOC_0009,ASSOCIATED_WITH,,
PER_0468,VEH_0488,OWNS,,
CASE_0026,PER_0358,PARTICIPATED_IN,,
PH_0115,PH_0371,CALLED,2024-03-24T21:46:28Z,1428
ACC_0730,ACC_0864,TRANSACTED_WITH,2026-07-30T18:29:33Z,482659.12
PER_0077,VEH_0610,OWNS,,
PH_1189,PH_0048,CALLED,2023-02-10T21:46:30Z,1134
PH_1328,PH_0096,CALLED,2024-04-28T15:35:37Z,2402
ACC_0014,ACC_0595,TRANSACTED_WITH,2024-05-12T18:12:15Z,465772.66
ACC_1063,ACC_0188,TRANSACTED_WITH,2025-01-23T22:49:47Z,341835.44
PH_0743,PH_0196,CALLED,2025-04-27T10:24:21Z,125
PH_0534,PH_1043,CALLED,2025-07-24T18:24:38Z,1051
PER_0778,PH_0162,OWNS,,
PER_0458,PH_1313,OWNS,,
PH_0739,PH_0099,CALLED,2025-12-10T17:42:26Z,2911
PER_0096,PH_0041,OWNS,,
PER_0287,ACC_1116,OWNS,,
PH_1248,PH_0518,CALLED,2023-10-15T14:21:43Z,147
PH_1142,PH_1166,CALLED,2025-06-23T07:21:41Z,206
PH_0291,PH_1398,CALLED,2023-06-23T03:34:20Z,889
PER_0802,ACC_0936,OWNS,,
ACC_1181,ACC_0514,TRANSACTED_WITH,2026-07-07T01:25:30Z,1712433.66
PER_0443,LOC_0066,ASSOCIATED_WITH,,
ACC_0137,ACC_0329,TRANSACTED_WITH,2023-03-12T12:37:47Z,618562.72
PER_0469,ACC_0499,OWNS,,
ACC_1199,ACC_0417,TRANSACTED_WITH,2025-12-09T15:19:17Z,669972.25
PH_1107,PH_0765,CALLED,2024-10-05T10:03:54Z,1166
PER_0758,PH_1106,OWNS,,
PH_0346,PH_1358,CALLED,2023-12-22T04:03:49Z,1133
CASE_0090,PER_0854,PARTICIPATED_IN,,
PH_0298,PH_0947,CALLED,2024-10-19T08:21:25Z,2123
PER_0309,LOC_0103,ASSOCIATED_WITH,,
PH_0120,PH_0937,CALLED,2025-02-12T22:56:33Z,3411
PH_0098,PH_0968,CALLED,2025-05-20T05:48:11Z,2038
PER_0713,ORG_0035,ASSOCIATED_WITH,,
PER_0176,LOC_0071,ASSOCIATED_WITH,,
PH_0130,PH_1077,CALLED,2026-04-11T08:48:24Z,635
PER_0335,ACC_0725,OWNS,,
PER_0343,LOC_0008,ASSOCIATED_WITH,,
PER_0942,LOC_0080,ASSOCIATED_WITH,,
PH_0245,PH_0896,CALLED,2026-03-10T11:32:37Z,2305
ACC_0392,ACC_0205,TRANSACTED_WITH,2024-07-13T01:10:16Z,366539.26
PER_0439,PH_0679,OWNS,,
ACC_0049,ACC_0493,TRANSACTED_WITH,2025-04-16T14:35:48Z,1577136.37
CASE_0243,PER_0385,PARTICIPATED_IN,,
PER_0280,PH_0028,OWNS,,
ACC_0566,ACC_0130,TRANSACTED_WITH,2026-04-16T18:48:06Z,2412919.23
PER_0397,ACC_0411,OWNS,,
ACC_0452,ACC_0490,TRANSACTED_WITH,2023-06-23T01:03:40Z,1684210.97
PH_0973,PH_0985,CALLED,2024-07-30T22:33:03Z,1438
PH_1199,PH_0246,CALLED,2024-03-25T20:11:38Z,349
ACC_0850,ACC_0915,TRANSACTED_WITH,2024-02-09T03:21:14Z,477251.4
PER_0952,PH_0692,OWNS,,
ACC_0199,ACC_0179,TRANSACTED_WITH,2024-07-22T06:15:41Z,218136.65
PER_0219,ACC_0872,OWNS,,
PER_0484,PH_1177,OWNS,,
PER_0073,LOC_0124,ASSOCIATED_WITH,,
PER_0432,PH_0761,OWNS,,
CASE_0220,PER_0940,PARTICIPATED_IN,,
PER_0611,LOC_0077,ASSOCIATED_WITH,,
PER_0093,PH_0175,OWNS,,
PER_0905,ORG_0046,ASSOCIATED_WITH,,
CASE_0097,PER_0041,PARTICIPATED_IN,,
ACC_0801,ACC_0440,TRANSACTED_WITH,2025-11-15T09:22:02Z,749056.05
PER_0351,ACC_0687,OWNS,,
PH_0781,PH_0147,CALLED,2025-04-25T08:27:01Z,40
PH_0073,PH_0050,CALLED,2023-04-22T03:44:17Z,922
PH_1019,PH_0146,CALLED,2026-04-02T03:59:53Z,3156
PH_1263,PH_0282,CALLED,2024-05-29T18:38:29Z,1695
PH_0905,PH_1108,CALLED,2025-10-22T20:09:00Z,1751
PH_0763,PH_0566,CALLED,2024-04-05T23:57:13Z,90
PH_0669,PH_0264,CALLED,2024-07-13T10:24:52Z,3597
ACC_0558,ACC_0278,TRANSACTED_WITH,2025-02-27T12:41:50Z,1598146.26
PH_1021,PH_1132,CALLED,2023-02-15T14:33:57Z,269
PH_0665,PH_0840,CALLED,2026-01-12T08:05:49Z,1034
PER_0081,LOC_0125,ASSOCIATED_WITH,,
CASE_0183,PER_0569,PARTICIPATED_IN,,
PH_0584,PH_0956,CALLED,2026-01-22T01:49:27Z,2585
PER_0645,VEH_0494,OWNS,,
PH_0270,PH_0253,CALLED,2024-08-25T18:01:11Z,3354
PER_0104,ACC_0539,OWNS,,
PER_0920,PH_0208,OWNS,,
ACC_0170,ACC_1171,TRANSACTED_WITH,2024-07-04T21:32:37Z,55951.37
PH_0995,PH_0406,CALLED,2025-12-03T23:11:30Z,2994
PER_0559,ACC_0836,OWNS,,
PER_0072,PH_1036,OWNS,,
ACC_0738,ACC_0320,TRANSACTED_WITH,2025-08-13T09:59:38Z,1243060.33
PER_0078,LOC_0049,ASSOCIATED_WITH,,
PH_0955,PH_0110,CALLED,2025-08-29T02:30:12Z,593
PH_0214,PH_0593,CALLED,2023-12-31T06:39:49Z,1849
PER_0079,LOC_0078,ASSOCIATED_WITH,,
ACC_1092,ACC_0120,TRANSACTED_WITH,2025-01-23T09:02:13Z,1280061.09
PER_0075,LOC_0082,ASSOCIATED_WITH,,
PER_0104,LOC_0112,ASSOCIATED_WITH,,
PER_0195,PH_0038,OWNS,,
PER_0441,PH_0692,OWNS,,
ACC_0659,ACC_1057,TRANSACTED_WITH,2024-05-18T08:50:31Z,1145007.21
ACC_0137,ACC_0865,TRANSACTED_WITH,2025-02-18T16:14:06Z,1981192.75
PH_1260,PH_0697,CALLED,2024-01-01T22:09:38Z,2365
PH_0593,PH_0426,CALLED,2023-04-22T06:56:19Z,125
PH_0222,PH_0186,CALLED,2023-11-14T15:37:49Z,3039
PH_0114,PH_0864,CALLED,2026-06-15T03:42:57Z,1934
PER_0843,LOC_0104,ASSOCIATED_WITH,,
ACC_0891,ACC_0042,TRANSACTED_WITH,2023-06-19T08:08:53Z,2065417.94
ACC_0803,ACC_1071,TRANSACTED_WITH,2024-08-03T18:34:02Z,687703.1
PER_0733,VEH_0249,OWNS,,
PER_0965,ACC_0848,OWNS,,
PH_1383,PH_0442,CALLED,2023-10-15T18:23:37Z,1197
ACC_0952,ACC_0063,TRANSACTED_WITH,2026-05-09T03:25:32Z,636330.0
ACC_0588,ACC_0312,TRANSACTED_WITH,2025-10-24T12:31:40Z,2224261.41
PER_0408,VEH_0485,OWNS,,
ACC_0038,ACC_0180,TRANSACTED_WITH,2024-09-01T19:35:18Z,230281.78
ACC_0908,ACC_0577,TRANSACTED_WITH,2025-01-08T17:01:47Z,2328090.35
ACC_0323,ACC_0684,TRANSACTED_WITH,2026-06-11T16:44:43Z,1930243.91
ACC_0460,ACC_1010,TRANSACTED_WITH,2026-05-09T07:15:02Z,1183650.31
PER_0691,VEH_0078,OWNS,,
PER_0124,ORG_0060,ASSOCIATED_WITH,,
CASE_0121,PER_0485,PARTICIPATED_IN,,
PER_0237,VEH_0632,OWNS,,
PER_0535,PH_0410,OWNS,,
PER_0908,LOC_0124,ASSOCIATED_WITH,,
PH_0213,PH_0768,CALLED,2026-02-02T02:41:09Z,799
PH_1136,PH_0305,CALLED,2026-04-24T08:50:23Z,3388
PH_0624,PH_0744,CALLED,2024-05-20T04:36:44Z,3163
PER_0918,LOC_0052,ASSOCIATED_WITH,,
PH_0866,PH_0712,CALLED,2023-03-06T17:48:31Z,1630
ACC_0352,ACC_0486,TRANSACTED_WITH,2026-07-25T14:48:47Z,1503313.55
PER_0221,PH_0837,OWNS,,
ACC_1133,ACC_0726,TRANSACTED_WITH,2025-05-01T21:04:52Z,2368208.75
CASE_0101,PER_0729,PARTICIPATED_IN,,
ACC_0478,ACC_0545,TRANSACTED_WITH,2026-01-07T05:22:56Z,37943.04
PER_0727,LOC_0083,ASSOCIATED_WITH,,
PH_0926,PH_0941,CALLED,2024-09-24T14:32:45Z,108
PER_0672,ACC_0226,OWNS,,
PER_0859,LOC_0100,ASSOCIATED_WITH,,
PER_0940,LOC_0115,ASSOCIATED_WITH,,
ACC_0723,ACC_0962,TRANSACTED_WITH,2024-02-01T08:37:28Z,1573669.6
PER_0068,LOC_0061,ASSOCIATED_WITH,,
PER_0535,ACC_0989,OWNS,,
ACC_0193,ACC_0778,TRANSACTED_WITH,2024-01-27T17:28:28Z,795025.55
PER_0612,PH_1094,OWNS,,
ACC_1189,ACC_0833,TRANSACTED_WITH,2026-01-22T13:56:22Z,1210084.55
CASE_0220,PER_0363,PARTICIPATED_IN,,
PH_1173,PH_0832,CALLED,2026-06-04T19:57:30Z,1427
PER_0582,ORG_0061,ASSOCIATED_WITH,,
ACC_0370,ACC_1176,TRANSACTED_WITH,2023-09-05T07:07:58Z,1853527.9
ACC_1114,ACC_0736,TRANSACTED_WITH,2025-10-28T13:36:55Z,890570.4
ACC_0566,ACC_0316,TRANSACTED_WITH,2025-04-14T20:20:51Z,1852311.31
PH_1275,PH_0503,CALLED,2024-06-04T22:04:45Z,3024
PER_0428,PH_0745,OWNS,,
PER_0235,LOC_0088,ASSOCIATED_WITH,,
PER_0443,ACC_0787,OWNS,,
PER_0431,LOC_0009,ASSOCIATED_WITH,,
PER_0403,LOC_0035,ASSOCIATED_WITH,,
PER_0023,LOC_0075,ASSOCIATED_WITH,,
ACC_0393,ACC_1109,TRANSACTED_WITH,2024-05-29T22:07:30Z,2308599.76
PER_0478,PH_1240,OWNS,,
PH_0981,PH_0229,CALLED,2023-03-20T10:04:39Z,1773
PH_0788,PH_1276,CALLED,2023-06-04T05:01:23Z,1469
PH_0911,PH_0170,CALLED,2025-05-31T16:37:21Z,1868
PER_0764,LOC_0043,ASSOCIATED_WITH,,
CASE_0140,PER_0108,PARTICIPATED_IN,,
PER_0840,ORG_0102,ASSOCIATED_WITH,,
PER_0550,LOC_0111,ASSOCIATED_WITH,,
PH_0633,PH_0696,CALLED,2024-04-28T02:14:37Z,2955
PH_0964,PH_0923,CALLED,2024-12-07T15:16:11Z,805
PER_0574,ACC_0017,OWNS,,
ACC_0212,ACC_0397,TRANSACTED_WITH,2024-02-25T09:25:34Z,1876430.63
PH_0728,PH_0883,CALLED,2024-05-13T05:11:53Z,644
ACC_0935,ACC_0573,TRANSACTED_WITH,2023-11-26T02:03:08Z,1952376.47
PH_0214,PH_0467,CALLED,2025-03-13T18:21:35Z,675
PER_0467,ACC_0530,OWNS,,
ACC_0478,ACC_0937,TRANSACTED_WITH,2024-05-23T02:47:44Z,1634092.84
ACC_0111,ACC_1048,TRANSACTED_WITH,2023-11-25T05:53:21Z,455121.97
PER_0094,PH_1337,OWNS,,
PH_0972,PH_0183,CALLED,2023-10-10T22:55:45Z,2845
PH_0331,PH_0262,CALLED,2024-06-07T23:29:15Z,244
PH_1289,PH_0524,CALLED,2026-07-05T02:49:01Z,3195
PH_0765,PH_0111,CALLED,2025-04-27T08:17:21Z,2891
CASE_0111,PER_0484,PARTICIPATED_IN,,
ACC_0225,ACC_0057,TRANSACTED_WITH,2023-01-18T11:49:17Z,937416.61
PER_0556,ACC_0490,OWNS,,
PH_0557,PH_0912,CALLED,2026-04-01T01:06:25Z,1034
PER_0939,LOC_0146,ASSOCIATED_WITH,,
PH_1060,PH_0895,CALLED,2026-01-22T06:06:43Z,3245
PH_0332,PH_1383,CALLED,2024-12-18T18:06:02Z,3591
PH_0007,PH_1172,CALLED,2024-03-12T21:35:26Z,3438
ACC_0778,ACC_0855,TRANSACTED_WITH,2024-09-16T12:29:47Z,68761.25
PH_0624,PH_0478,CALLED,2025-03-07T02:31:19Z,1221
PH_0931,PH_1119,CALLED,2023-03-22T22:52:42Z,240
ACC_0381,ACC_0563,TRANSACTED_WITH,2024-08-28T04:22:55Z,273143.34
CASE_0147,PER_0731,PARTICIPATED_IN,,
PH_1012,PH_1289,CALLED,2023-01-30T04:15:19Z,2176
CASE_0197,PER_0341,PARTICIPATED_IN,,
ACC_0906,ACC_1173,TRANSACTED_WITH,2025-05-29T13:45:24Z,515560.59
PER_0794,PH_1181,OWNS,,
CASE_0105,PER_0837,PARTICIPATED_IN,,
PER_0868,ACC_1196,OWNS,,
PER_0285,LOC_0027,ASSOCIATED_WITH,,
PH_0372,PH_0468,CALLED,2023-09-22T06:48:19Z,141
PER_0476,LOC_0095,ASSOCIATED_WITH,,
ACC_1116,ACC_0639,TRANSACTED_WITH,2024-02-11T07:51:40Z,2028704.87
PER_0200,VEH_0609,OWNS,,
PH_1240,PH_0333,CALLED,2026-07-12T19:42:44Z,3441
PER_0983,ACC_0242,OWNS,,
PH_0759,PH_0660,CALLED,2023-07-16T14:03:36Z,990
PER_0777,ORG_0020,ASSOCIATED_WITH,,
PER_0347,ACC_1122,OWNS,,
PH_0393,PH_0753,CALLED,2025-06-03T23:08:56Z,1736
PER_0256,PH_0731,OWNS,,
PER_0836,ORG_0075,ASSOCIATED_WITH,,
PER_0731,ACC_0700,OWNS,,
PER_0254,LOC_0144,ASSOCIATED_WITH,,
PH_0436,PH_0219,CALLED,2023-07-26T12:01:53Z,300
ACC_0829,ACC_0067,TRANSACTED_WITH,2025-10-07T06:05:12Z,1068335.8
PER_0158,PH_0020,OWNS,,
PER_0701,PH_0301,OWNS,,
ACC_1094,ACC_0841,TRANSACTED_WITH,2023-01-13T22:16:49Z,2428459.48
PER_0740,PH_0053,OWNS,,
ACC_0941,ACC_0650,TRANSACTED_WITH,2025-09-30T00:20:19Z,2290597.18
ACC_0404,ACC_0492,TRANSACTED_WITH,2026-01-21T05:29:53Z,425504.92
PER_0997,LOC_0134,ASSOCIATED_WITH,,
ACC_0779,ACC_1033,TRANSACTED_WITH,2024-12-01T08:21:23Z,471445.68
PH_1131,PH_0402,CALLED,2023-10-17T21:20:29Z,173
PER_0654,LOC_0014,ASSOCIATED_WITH,,
CASE_0087,PER_0115,PARTICIPATED_IN,,
PER_0107,LOC_0039,ASSOCIATED_WITH,,
PH_0471,PH_0492,CALLED,2024-07-12T09:30:43Z,1492
PH_1219,PH_1028,CALLED,2023-03-13T07:47:53Z,571
ACC_0613,ACC_0440,TRANSACTED_WITH,2025-04-01T08:08:07Z,1864953.78
PER_0033,ACC_1137,OWNS,,
ACC_0390,ACC_0264,TRANSACTED_WITH,2025-07-31T07:50:04Z,1546140.61
ACC_0843,ACC_0241,TRANSACTED_WITH,2023-02-06T05:41:44Z,2293747.06
PER_0333,PH_0477,OWNS,,
PH_0688,PH_0751,CALLED,2025-12-12T17:32:03Z,1785
CASE_0068,PER_0155,PARTICIPATED_IN,,
ACC_0901,ACC_1079,TRANSACTED_WITH,2026-02-13T03:57:13Z,1510345.89
PH_0997,PH_0436,CALLED,2024-08-18T23:53:41Z,2253
PH_1335,PH_0391,CALLED,2025-08-21T15:04:45Z,2417
PH_0098,PH_0507,CALLED,2025-01-31T04:04:43Z,3336
PH_0055,PH_0353,CALLED,2023-04-24T14:59:31Z,321
PH_0248,PH_1235,CALLED,2025-05-30T07:04:52Z,1581
PH_0286,PH_0060,CALLED,2023-03-12T00:46:30Z,3588
PH_0446,PH_1260,CALLED,2025-05-16T09:29:18Z,2706
ACC_0167,ACC_0036,TRANSACTED_WITH,2024-01-12T19:57:33Z,1877124.43
PH_1260,PH_0723,CALLED,2026-01-11T19:17:32Z,2652
ACC_0333,ACC_0952,TRANSACTED_WITH,2025-09-20T12:32:35Z,338151.51
PH_0399,PH_0443,CALLED,2024-08-20T12:34:51Z,1857
CASE_0075,PER_0965,PARTICIPATED_IN,,
PH_1166,PH_0338,CALLED,2023-12-08T08:33:45Z,279
ACC_0514,ACC_0709,TRANSACTED_WITH,2026-02-20T06:00:48Z,724009.3
PER_0587,LOC_0144,ASSOCIATED_WITH,,
PH_1212,PH_1124,CALLED,2023-01-29T05:43:59Z,1124
ACC_0066,ACC_0042,TRANSACTED_WITH,2025-03-01T01:54:11Z,1534047.73
PH_0273,PH_0980,CALLED,2025-01-06T17:34:50Z,101
ACC_0358,ACC_0967,TRANSACTED_WITH,2026-02-01T23:02:02Z,603462.88
PH_0587,PH_0590,CALLED,2024-12-08T00:09:11Z,29
PH_0503,PH_0460,CALLED,2025-09-27T10:23:33Z,3118
CASE_0034,PER_0191,PARTICIPATED_IN,,
PH_0113,PH_1202,CALLED,2026-07-20T23:31:35Z,3392
ACC_0314,ACC_0320,TRANSACTED_WITH,2024-10-20T09:59:07Z,1809298.58
ACC_0332,ACC_0200,TRANSACTED_WITH,2023-01-21T14:29:17Z,46305.25
PH_0727,PH_0866,CALLED,2023-07-11T08:36:00Z,1708
PH_0500,PH_1115,CALLED,2024-02-11T09:30:59Z,1321
ACC_0554,ACC_0046,TRANSACTED_WITH,2026-02-25T08:11:13Z,1310554.77
PH_0459,PH_1315,CALLED,2025-11-13T11:38:13Z,1195
PER_0636,LOC_0057,ASSOCIATED_WITH,,
PH_0530,PH_0156,CALLED,2023-08-03T13:37:27Z,675
PER_0818,LOC_0104,ASSOCIATED_WITH,,
ACC_0248,ACC_1182,TRANSACTED_WITH,2023-08-20T13:13:48Z,2183283.67
PER_0442,PH_0069,OWNS,,
PER_0028,ACC_0317,OWNS,,
PH_1016,PH_0193,CALLED,2024-10-21T03:07:17Z,155
ACC_0282,ACC_1008,TRANSACTED_WITH,2025-03-26T06:11:32Z,1688998.46
PH_0992,PH_0368,CALLED,2023-10-15T23:03:12Z,609
ACC_0774,ACC_0836,TRANSACTED_WITH,2024-04-20T05:03:06Z,2013975.63
PER_0953,VEH_0739,OWNS,,
PER_0518,LOC_0034,ASSOCIATED_WITH,,
CASE_0218,PER_0859,PARTICIPATED_IN,,
PER_0270,ACC_0241,OWNS,,
ACC_1114,ACC_0924,TRANSACTED_WITH,2023-01-19T08:41:32Z,2357065.23
PER_0728,ACC_1185,OWNS,,
PER_0355,ACC_0171,OWNS,,
PER_0933,ACC_0101,OWNS,,
PER_0585,ACC_0386,OWNS,,
PH_0079,PH_0941,CALLED,2023-11-21T02:05:58Z,1916
CASE_0023,PER_0976,PARTICIPATED_IN,,
PER_1000,PH_0600,OWNS,,
ACC_0986,ACC_0688,TRANSACTED_WITH,2025-03-31T02:09:50Z,2486424.77
PH_0507,PH_0001,CALLED,2023-01-01T17:13:47Z,1365
PER_0214,ORG_0109,ASSOCIATED_WITH,,
CASE_0143,PER_0312,PARTICIPATED_IN,,
PH_1129,PH_1055,CALLED,2025-08-31T22:19:02Z,3520
PER_0416,ACC_0496,OWNS,,
PER_0244,LOC_0010,ASSOCIATED_WITH,,
PH_0440,PH_0688,CALLED,2024-03-24T04:53:53Z,2773
PER_0039,PH_0715,OWNS,,
PH_0110,PH_0499,CALLED,2023-01-16T02:42:38Z,3348
PER_0425,ORG_0007,ASSOCIATED_WITH,,
PER_0637,LOC_0140,ASSOCIATED_WITH,,
PH_0206,PH_0880,CALLED,2026-07-07T04:46:52Z,49
PH_0682,PH_0211,CALLED,2026-05-01T19:44:14Z,1164
PER_0680,VEH_0402,OWNS,,
PER_0088,LOC_0107,ASSOCIATED_WITH,,
PH_0960,PH_1050,CALLED,2026-04-13T10:34:44Z,2816
PH_0332,PH_0726,CALLED,2023-04-07T23:30:23Z,3109
CASE_0181,PER_0005,PARTICIPATED_IN,,
PH_0274,PH_0296,CALLED,2023-12-03T00:10:10Z,651
PER_0001,PH_0259,OWNS,,
PH_1182,PH_0951,CALLED,2024-06-23T19:35:59Z,2008
PER_0997,ACC_0403,OWNS,,
PH_1068,PH_1381,CALLED,2024-06-13T15:11:41Z,2811
PH_0185,PH_0467,CALLED,2024-01-06T23:02:53Z,246
PER_0200,LOC_0044,ASSOCIATED_WITH,,
ACC_1046,ACC_0212,TRANSACTED_WITH,2026-04-02T11:11:07Z,985536.95
PER_0645,LOC_0010,ASSOCIATED_WITH,,
ACC_0054,ACC_0410,TRANSACTED_WITH,2025-08-25T19:56:34Z,731907.86
PH_0711,PH_0560,CALLED,2026-03-16T15:12:40Z,361
PH_0953,PH_0976,CALLED,2026-05-27T06:28:25Z,2864
PH_0969,PH_1209,CALLED,2026-05-16T09:24:32Z,737
PER_0181,LOC_0105,ASSOCIATED_WITH,,
ACC_0684,ACC_0941,TRANSACTED_WITH,2023-04-18T07:25:11Z,1021471.97
PH_0930,PH_0883,CALLED,2024-07-07T07:44:58Z,1233
PER_0253,LOC_0114,ASSOCIATED_WITH,,
PH_1111,PH_0348,CALLED,2024-04-02T15:39:41Z,1906
PH_0450,PH_0047,CALLED,2023-07-10T09:27:29Z,1724
PH_1301,PH_0209,CALLED,2025-08-18T17:32:26Z,2685
PER_0675,ACC_0291,OWNS,,
PER_0032,ACC_0450,OWNS,,
PH_0228,PH_0262,CALLED,2026-04-27T07:19:09Z,869
ACC_0894,ACC_0732,TRANSACTED_WITH,2025-04-21T13:20:14Z,2147984.25
ACC_0971,ACC_1054,TRANSACTED_WITH,2024-10-12T13:57:45Z,1720528.11
PER_0168,ORG_0075,ASSOCIATED_WITH,,
PER_0022,ORG_0070,ASSOCIATED_WITH,,
PH_1360,PH_0378,CALLED,2025-10-16T22:53:45Z,2537
PH_1297,PH_1207,CALLED,2026-03-11T15:19:50Z,2986
ACC_0459,ACC_0442,TRANSACTED_WITH,2025-06-06T02:35:36Z,1091249.2
ACC_0591,ACC_0310,TRANSACTED_WITH,2023-10-14T10:30:00Z,1997876.76
PER_0210,PH_0958,OWNS,,
ACC_0509,ACC_0448,TRANSACTED_WITH,2024-11-09T23:05:46Z,2459164.25
PER_0875,PH_0515,OWNS,,
PH_1349,PH_0684,CALLED,2025-05-10T07:05:08Z,171
PER_0024,LOC_0021,ASSOCIATED_WITH,,
PER_0437,PH_0344,OWNS,,
ACC_0587,ACC_0981,TRANSACTED_WITH,2025-09-23T19:17:34Z,377342.31
PH_0585,PH_0698,CALLED,2023-11-26T03:31:47Z,2461
PER_0745,PH_0990,OWNS,,
ACC_0666,ACC_0461,TRANSACTED_WITH,2025-10-29T15:39:10Z,1296731.75
PH_0414,PH_0362,CALLED,2026-06-13T16:47:27Z,1519
PH_0089,PH_1247,CALLED,2023-04-11T21:49:50Z,1377
PH_0762,PH_1087,CALLED,2023-12-02T03:46:25Z,141
PH_1036,PH_1274,CALLED,2024-11-23T11:51:25Z,2061
ACC_0615,ACC_1110,TRANSACTED_WITH,2023-07-18T22:00:26Z,874715.75
CASE_0044,PER_0411,PARTICIPATED_IN,,
PER_0717,LOC_0033,ASSOCIATED_WITH,,
PER_0316,LOC_0043,ASSOCIATED_WITH,,
PH_1168,PH_1020,CALLED,2024-03-19T01:56:37Z,3544
PER_0883,PH_0701,OWNS,,
PER_0012,ACC_0966,OWNS,,
PER_0869,LOC_0091,ASSOCIATED_WITH,,
PH_0466,PH_0029,CALLED,2024-03-02T02:15:11Z,441
ACC_0052,ACC_0064,TRANSACTED_WITH,2024-01-25T12:46:11Z,2310908.22
ACC_0444,ACC_0809,TRANSACTED_WITH,2024-01-14T08:05:29Z,678698.66
PER_0416,ACC_0131,OWNS,,
PH_1043,PH_0848,CALLED,2025-05-15T23:11:47Z,1331
ACC_1144,ACC_0358,TRANSACTED_WITH,2023-04-18T19:18:43Z,2394817.92
PER_0592,LOC_0053,ASSOCIATED_WITH,,
ACC_0123,ACC_0250,TRANSACTED_WITH,2025-02-16T15:28:54Z,484414.59
PH_1240,PH_1227,CALLED,2024-02-13T13:05:40Z,1397
ACC_0295,ACC_0709,TRANSACTED_WITH,2024-08-03T14:05:48Z,1797623.04
PER_0419,LOC_0091,ASSOCIATED_WITH,,
PER_0482,ACC_0748,OWNS,,
PER_0252,ORG_0103,ASSOCIATED_WITH,,
ACC_0552,ACC_0917,TRANSACTED_WITH,2025-12-12T05:47:24Z,369675.2
PH_1165,PH_0467,CALLED,2025-06-18T02:38:51Z,723
ACC_1106,ACC_0136,TRANSACTED_WITH,2026-01-31T11:49:39Z,1923431.75
PER_0411,ACC_0802,OWNS,,
PER_0149,ORG_0046,ASSOCIATED_WITH,,
PH_0227,PH_1368,CALLED,2023-04-07T11:15:16Z,3078
ACC_1028,ACC_1094,TRANSACTED_WITH,2026-05-20T15:07:48Z,1521095.29
ACC_0823,ACC_0381,TRANSACTED_WITH,2023-08-18T16:57:45Z,1585262.8
PH_1022,PH_1152,CALLED,2025-02-15T21:25:42Z,1661
PH_0318,PH_0077,CALLED,2025-02-12T13:15:31Z,1405
ACC_1020,ACC_0107,TRANSACTED_WITH,2025-02-18T22:27:16Z,1254498.67
PH_1350,PH_0376,CALLED,2023-09-17T19:42:00Z,780
PER_0933,ACC_0413,OWNS,,
ACC_0556,ACC_0950,TRANSACTED_WITH,2026-07-20T14:00:35Z,2345071.7
PH_1183,PH_0869,CALLED,2026-04-18T17:13:04Z,663
PER_0266,LOC_0123,ASSOCIATED_WITH,,
PH_1067,PH_1307,CALLED,2026-05-19T17:59:59Z,1405
PER_0882,LOC_0041,ASSOCIATED_WITH,,
PER_0983,LOC_0052,ASSOCIATED_WITH,,
ACC_0605,ACC_0754,TRANSACTED_WITH,2024-10-21T14:14:54Z,1834826.16
PH_0160,PH_0387,CALLED,2024-02-03T05:13:54Z,96
ACC_1127,ACC_1009,TRANSACTED_WITH,2025-10-17T22:13:42Z,2071416.22
ACC_0404,ACC_1119,TRANSACTED_WITH,2025-02-25T10:03:10Z,1384816.24
PH_0872,PH_0470,CALLED,2026-07-22T14:18:47Z,740
PER_0405,PH_0068,OWNS,,
ACC_0606,ACC_0394,TRANSACTED_WITH,2026-06-05T05:16:32Z,1043597.0
PH_1115,PH_1395,CALLED,2023-07-07T06:11:41Z,2290
PER_0967,VEH_0552,OWNS,,
PH_0163,PH_0129,CALLED,2023-11-20T20:55:44Z,46
CASE_0143,PER_0737,PARTICIPATED_IN,,
PH_0863,PH_0144,CALLED,2025-05-16T03:05:35Z,1789
PH_0096,PH_0215,CALLED,2025-10-14T23:26:30Z,394
PH_0295,PH_0809,CALLED,2025-05-17T08:49:53Z,2948
PER_0990,PH_0743,OWNS,,
PH_0646,PH_1221,CALLED,2026-05-15T15:16:01Z,1151
PER_0188,ORG_0051,ASSOCIATED_WITH,,
PH_1245,PH_0139,CALLED,2025-03-28T13:54:51Z,1094
ACC_1132,ACC_1043,TRANSACTED_WITH,2023-04-12T02:34:47Z,330599.93
PH_0636,PH_0503,CALLED,2026-04-18T13:59:40Z,3425
PH_0815,PH_1001,CALLED,2023-10-07T07:32:56Z,2505
ACC_0398,ACC_0012,TRANSACTED_WITH,2026-06-02T21:54:32Z,2282223.22
ACC_0075,ACC_0141,TRANSACTED_WITH,2025-05-02T23:08:15Z,2110796.38
PH_1044,PH_0544,CALLED,2025-11-20T20:27:16Z,3307
PH_0491,PH_1211,CALLED,2024-05-25T17:45:37Z,2504
CASE_0013,PER_0128,PARTICIPATED_IN,,
ACC_0979,ACC_0220,TRANSACTED_WITH,2023-05-26T09:55:58Z,2053616.7
PH_0297,PH_0934,CALLED,2023-05-14T06:42:46Z,206
PER_0647,PH_0565,OWNS,,
ACC_1059,ACC_0640,TRANSACTED_WITH,2024-01-20T21:55:08Z,542119.55
PER_0481,PH_1106,OWNS,,
PER_0246,PH_1278,OWNS,,
PH_0275,PH_0754,CALLED,2023-06-06T00:18:43Z,735
PER_0605,LOC_0106,ASSOCIATED_WITH,,
PER_0752,PH_0534,OWNS,,
PH_1226,PH_0326,CALLED,2026-01-17T22:12:04Z,189
PH_0319,PH_0334,CALLED,2024-06-30T02:29:51Z,763
ACC_0852,ACC_0864,TRANSACTED_WITH,2024-01-04T19:32:02Z,2370070.52
PER_0575,LOC_0083,ASSOCIATED_WITH,,
PH_0983,PH_1113,CALLED,2025-01-31T22:43:51Z,958
PH_0029,PH_1388,CALLED,2024-08-05T15:38:05Z,1380
PER_0927,LOC_0073,ASSOCIATED_WITH,,
PER_0442,LOC_0068,ASSOCIATED_WITH,,
ACC_0533,ACC_0747,TRANSACTED_WITH,2024-11-01T16:58:49Z,38730.28
PH_0833,PH_0039,CALLED,2024-03-14T03:44:02Z,2264
PH_0844,PH_0523,CALLED,2023-10-22T16:31:12Z,826
ACC_1022,ACC_0273,TRANSACTED_WITH,2023-03-09T11:43:15Z,376811.47
PER_0919,PH_0456,OWNS,,
ACC_1183,ACC_0003,TRANSACTED_WITH,2025-10-01T04:53:34Z,1440993.26
PH_0440,PH_0393,CALLED,2023-07-17T03:19:24Z,727
PER_0543,PH_0143,OWNS,,
ACC_0724,ACC_0951,TRANSACTED_WITH,2024-10-18T05:23:17Z,59654.74
PH_0172,PH_1052,CALLED,2025-01-14T17:38:05Z,950
PH_0869,PH_0989,CALLED,2024-07-18T15:08:58Z,3194
PH_0394,PH_1296,CALLED,2025-05-07T20:04:57Z,451
ACC_0419,ACC_0330,TRANSACTED_WITH,2024-03-30T01:54:30Z,414424.18
ACC_0996,ACC_0520,TRANSACTED_WITH,2023-05-01T20:09:43Z,1924602.86
PER_0379,VEH_0426,OWNS,,
PH_0451,PH_0755,CALLED,2024-07-15T14:51:22Z,536
PH_0182,PH_0037,CALLED,2024-06-23T08:13:45Z,3536
PER_0492,ACC_0481,OWNS,,
PER_0539,LOC_0069,ASSOCIATED_WITH,,
PH_0468,PH_0215,CALLED,2023-07-11T03:21:40Z,658
PER_0684,PH_0340,OWNS,,
ACC_0037,ACC_0835,TRANSACTED_WITH,2026-07-11T06:04:04Z,37798.68
PH_1354,PH_0078,CALLED,2023-04-14T17:36:22Z,198
PER_0690,ACC_0864,OWNS,,
PH_0414,PH_0477,CALLED,2026-06-11T11:25:58Z,2608
PH_0956,PH_0018,CALLED,2026-04-17T07:12:32Z,885
PER_0816,ACC_0679,OWNS,,
PER_0198,LOC_0071,ASSOCIATED_WITH,,
PER_0614,LOC_0089,ASSOCIATED_WITH,,
PH_0179,PH_0656,CALLED,2024-08-15T16:07:26Z,3104
ACC_0739,ACC_0400,TRANSACTED_WITH,2025-04-23T22:38:34Z,455323.41
PER_0051,LOC_0064,ASSOCIATED_WITH,,
PER_0270,ORG_0081,ASSOCIATED_WITH,,
PH_0533,PH_0273,CALLED,2024-06-26T20:06:31Z,3010
ACC_0878,ACC_0638,TRANSACTED_WITH,2026-02-20T07:27:56Z,1817508.06
PER_0449,LOC_0113,ASSOCIATED_WITH,,
PER_0051,PH_0936,OWNS,,
PH_0900,PH_0271,CALLED,2024-12-23T13:04:25Z,1810
PER_0651,PH_0803,OWNS,,
PH_0074,PH_1018,CALLED,2023-11-07T19:05:08Z,2049
PER_0042,VEH_0246,OWNS,,
PH_1153,PH_0846,CALLED,2023-12-10T09:53:54Z,1235
PER_0981,PH_0288,OWNS,,
ACC_0007,ACC_0217,TRANSACTED_WITH,2026-06-16T02:06:13Z,310700.4
PH_0637,PH_0105,CALLED,2024-07-06T15:50:36Z,2185
PH_0773,PH_0103,CALLED,2025-04-29T07:45:20Z,2889
PER_0044,VEH_0333,OWNS,,
CASE_0002,PER_0575,PARTICIPATED_IN,,
ACC_0897,ACC_0138,TRANSACTED_WITH,2024-09-28T12:15:10Z,783635.03
CASE_0200,PER_0611,PARTICIPATED_IN,,
ACC_1054,ACC_0246,TRANSACTED_WITH,2025-09-05T02:23:31Z,1952446.46
PH_1333,PH_0639,CALLED,2025-08-05T12:20:33Z,2455
ACC_0624,ACC_0251,TRANSACTED_WITH,2024-12-28T12:22:06Z,1563972.54
PER_0404,ACC_1022,OWNS,,
ACC_0657,ACC_0376,TRANSACTED_WITH,2023-08-23T23:06:37Z,1776701.88
PH_1224,PH_0734,CALLED,2023-11-24T02:13:51Z,1939
ACC_0253,ACC_0838,TRANSACTED_WITH,2023-08-01T20:02:50Z,1218168.19
PH_1186,PH_1271,CALLED,2023-01-05T02:28:43Z,2987
PER_0019,PH_1182,OWNS,,
PER_0527,ACC_0347,OWNS,,
PH_0510,PH_1292,CALLED,2026-03-15T22:47:01Z,2338
PER_0125,PH_0352,OWNS,,
PER_0788,PH_0745,OWNS,,
CASE_0172,PER_0403,PARTICIPATED_IN,,
PH_0010,PH_0281,CALLED,2023-02-28T08:54:18Z,2626
ACC_1040,ACC_1083,TRANSACTED_WITH,2024-06-16T07:35:41Z,2380576.31
PER_0776,LOC_0128,ASSOCIATED_WITH,,
ACC_0194,ACC_0872,TRANSACTED_WITH,2023-08-10T02:57:50Z,1114469.55
PH_0362,PH_1218,CALLED,2026-07-25T08:36:20Z,3199
PER_0141,LOC_0018,ASSOCIATED_WITH,,
PH_0938,PH_0972,CALLED,2023-03-22T09:23:45Z,2811
PER_0673,PH_0820,OWNS,,
PH_0386,PH_0522,CALLED,2026-02-28T05:08:56Z,387
PH_0731,PH_1069,CALLED,2025-11-07T07:32:04Z,3098
PH_0742,PH_0577,CALLED,2024-10-29T04:29:02Z,3067
PER_0680,PH_1199,OWNS,,
PH_0888,PH_0591,CALLED,2023-05-18T05:20:54Z,593
ACC_1159,ACC_0549,TRANSACTED_WITH,2024-02-04T00:29:38Z,145005.52
PH_0413,PH_1122,CALLED,2023-09-04T20:23:24Z,2268
PH_1246,PH_1260,CALLED,2023-05-19T06:50:34Z,2877
PH_1246,PH_0457,CALLED,2026-05-23T16:24:50Z,969
PER_0079,PH_0072,OWNS,,
PER_0860,ACC_1169,OWNS,,
ACC_0226,ACC_1043,TRANSACTED_WITH,2024-06-07T15:36:31Z,2443036.54
PH_0776,PH_0634,CALLED,2023-12-21T00:44:26Z,3133
PER_0081,LOC_0093,ASSOCIATED_WITH,,
PER_0421,ORG_0069,ASSOCIATED_WITH,,
CASE_0144,PER_0733,PARTICIPATED_IN,,
PER_0548,ACC_1011,OWNS,,
PH_0497,PH_0450,CALLED,2023-12-30T11:02:40Z,1235
PER_0721,LOC_0143,ASSOCIATED_WITH,,
ACC_0046,ACC_0592,TRANSACTED_WITH,2024-12-23T05:32:09Z,403507.17
PH_1110,PH_1141,CALLED,2024-01-10T08:58:32Z,1639
PH_1364,PH_1079,CALLED,2025-06-03T12:36:18Z,3413
ACC_0733,ACC_0859,TRANSACTED_WITH,2024-06-21T09:31:29Z,2100196.29
PH_0203,PH_0765,CALLED,2025-12-05T04:58:02Z,2607
ACC_0544,ACC_0570,TRANSACTED_WITH,2023-12-14T12:30:05Z,947794.65
PER_0015,LOC_0058,ASSOCIATED_WITH,,
PH_0374,PH_0616,CALLED,2023-10-29T17:58:34Z,2063
PH_0669,PH_0240,CALLED,2024-07-10T08:34:20Z,350
CASE_0112,PER_0798,PARTICIPATED_IN,,
PER_0253,LOC_0072,ASSOCIATED_WITH,,
PER_0714,VEH_0084,OWNS,,
PH_0153,PH_0687,CALLED,2024-04-30T01:10:13Z,2696
PER_0424,LOC_0129,ASSOCIATED_WITH,,
PH_0995,PH_1039,CALLED,2025-08-29T00:05:26Z,410
PER_0207,LOC_0019,ASSOCIATED_WITH,,
PH_0013,PH_0670,CALLED,2025-11-25T16:30:30Z,2859
PH_0913,PH_0978,CALLED,2025-01-17T16:50:59Z,3383
PER_0666,ACC_0878,OWNS,,
PER_0723,LOC_0142,ASSOCIATED_WITH,,
PER_0161,LOC_0025,ASSOCIATED_WITH,,
PER_0837,PH_0269,OWNS,,
PER_0951,PH_0108,OWNS,,
PH_0136,PH_0060,CALLED,2025-01-29T04:34:35Z,2849
PH_0384,PH_0515,CALLED,2025-11-15T11:18:37Z,2676
ACC_0056,ACC_0899,TRANSACTED_WITH,2024-09-03T03:03:03Z,404705.42
PH_1020,PH_1019,CALLED,2023-10-22T23:36:01Z,2018
CASE_0134,PER_0156,PARTICIPATED_IN,,
PH_0977,PH_0133,CALLED,2023-03-03T14:51:35Z,3440
PH_0217,PH_0971,CALLED,2025-08-31T10:24:48Z,2517
PH_0342,PH_0956,CALLED,2026-01-01T18:35:35Z,1500
PH_0961,PH_0436,CALLED,2023-02-08T02:02:32Z,3410
PER_0451,PH_0805,OWNS,,
PER_0900,LOC_0073,ASSOCIATED_WITH,,
ACC_0275,ACC_1017,TRANSACTED_WITH,2026-07-03T16:55:29Z,509771.12
ACC_0505,ACC_0477,TRANSACTED_WITH,2023-03-16T10:38:28Z,2299944.37
CASE_0009,PER_0526,PARTICIPATED_IN,,
PH_0840,PH_0266,CALLED,2024-04-15T18:22:57Z,2810
PH_0333,PH_1058,CALLED,2026-07-31T12:55:40Z,2246
ACC_1173,ACC_0375,TRANSACTED_WITH,2026-05-24T06:32:16Z,244155.55
PER_0385,PH_0123,OWNS,,
ACC_0271,ACC_0945,TRANSACTED_WITH,2024-04-05T15:43:29Z,704975.96
PH_1118,PH_1278,CALLED,2023-01-04T22:09:22Z,3552
PH_0506,PH_0595,CALLED,2025-12-02T16:06:59Z,2647
PER_0323,LOC_0073,ASSOCIATED_WITH,,
PH_0887,PH_1002,CALLED,2023-12-07T16:36:38Z,66
PER_0489,PH_1065,OWNS,,
PER_0976,LOC_0006,ASSOCIATED_WITH,,
PER_0847,ORG_0073,ASSOCIATED_WITH,,
CASE_0250,PER_0542,PARTICIPATED_IN,,
ACC_0346,ACC_0800,TRANSACTED_WITH,2023-08-09T08:56:02Z,204343.25
ACC_0607,ACC_0370,TRANSACTED_WITH,2026-03-24T16:25:30Z,398365.54
PH_0646,PH_0624,CALLED,2026-01-06T04:13:28Z,1041
PER_0771,LOC_0144,ASSOCIATED_WITH,,
PH_0248,PH_0109,CALLED,2023-05-26T15:15:59Z,1173
CASE_0008,PER_0477,PARTICIPATED_IN,,
PH_0802,PH_0386,CALLED,2023-11-16T06:25:02Z,1261
ACC_0772,ACC_0592,TRANSACTED_WITH,2024-01-06T21:05:50Z,2080406.83
PH_0756,PH_0006,CALLED,2026-04-28T06:00:21Z,2734
ACC_0615,ACC_0307,TRANSACTED_WITH,2025-03-11T08:08:24Z,853466.89
PH_1369,PH_1333,CALLED,2024-01-23T01:08:35Z,2694
PH_0237,PH_0271,CALLED,2023-11-25T15:35:32Z,3008
ACC_0532,ACC_1151,TRANSACTED_WITH,2025-08-14T03:13:40Z,1217179.53
ACC_0538,ACC_0179,TRANSACTED_WITH,2025-04-15T18:44:23Z,1141231.42
PER_0402,ACC_0867,OWNS,,
ACC_0108,ACC_0477,TRANSACTED_WITH,2024-10-30T07:40:15Z,739651.52
PH_0010,PH_0183,CALLED,2025-12-09T07:20:27Z,957
PER_0892,PH_0849,OWNS,,
PER_0562,ACC_1125,OWNS,,
ACC_0645,ACC_0997,TRANSACTED_WITH,2023-05-12T09:38:22Z,552544.53
ACC_0270,ACC_1146,TRANSACTED_WITH,2025-09-01T12:22:44Z,1668293.13
ACC_0011,ACC_0257,TRANSACTED_WITH,2025-10-30T13:42:51Z,446889.32
CASE_0074,PER_0500,PARTICIPATED_IN,,
ACC_0689,ACC_0539,TRANSACTED_WITH,2025-02-19T08:02:27Z,281562.26
PH_0719,PH_0469,CALLED,2024-01-10T08:17:34Z,852
ACC_0851,ACC_0734,TRANSACTED_WITH,2026-07-15T23:59:13Z,1366814.33
ACC_0363,ACC_0108,TRANSACTED_WITH,2023-11-06T18:24:59Z,527153.17
PER_0965,PH_0316,OWNS,,
PH_0715,PH_1039,CALLED,2023-09-12T12:55:07Z,372
PER_0915,LOC_0055,ASSOCIATED_WITH,,
PER_0773,PH_0885,OWNS,,
PH_0015,PH_0961,CALLED,2025-09-02T03:18:57Z,3270
ACC_0265,ACC_1185,TRANSACTED_WITH,2025-07-19T03:48:42Z,900790.87
PH_0338,PH_0432,CALLED,2023-06-16T22:37:32Z,2360
ACC_0975,ACC_0070,TRANSACTED_WITH,2025-10-20T09:12:40Z,2182293.66
PER_0994,ORG_0021,ASSOCIATED_WITH,,
ACC_0592,ACC_0866,TRANSACTED_WITH,2025-02-17T06:08:31Z,1740248.66
ACC_0596,ACC_0663,TRANSACTED_WITH,2026-01-11T14:06:52Z,202702.27
PER_0294,VEH_0333,OWNS,,
ACC_0305,ACC_0266,TRANSACTED_WITH,2023-07-03T02:19:23Z,972150.86
PH_0625,PH_0552,CALLED,2024-07-17T06:44:00Z,1682
PER_0781,VEH_0054,OWNS,,
ACC_0290,ACC_1002,TRANSACTED_WITH,2026-01-24T14:45:44Z,1864988.98
PH_0323,PH_0943,CALLED,2026-02-07T16:20:46Z,1262
ACC_0980,ACC_0466,TRANSACTED_WITH,2024-11-12T04:56:20Z,282085.71
ACC_0110,ACC_1127,TRANSACTED_WITH,2024-08-17T08:54:35Z,2479259.83
PH_1106,PH_0539,CALLED,2024-03-07T08:38:08Z,1323
ACC_0336,ACC_0395,TRANSACTED_WITH,2025-10-15T22:09:13Z,2159147.38
PH_0070,PH_0274,CALLED,2023-07-29T10:48:10Z,3435
PER_0627,PH_0849,OWNS,,
PH_0355,PH_0880,CALLED,2026-04-04T19:41:06Z,3189
PER_0675,LOC_0109,ASSOCIATED_WITH,,
PER_0218,LOC_0068,ASSOCIATED_WITH,,
PH_0981,PH_0201,CALLED,2023-03-26T09:17:18Z,1630
PH_0471,PH_1044,CALLED,2023-01-16T04:06:47Z,784
PER_0301,ACC_1089,OWNS,,
PH_0770,PH_0795,CALLED,2025-04-27T01:54:57Z,1336
ACC_0500,ACC_1039,TRANSACTED_WITH,2025-01-05T05:31:29Z,243262.26
PER_0957,ACC_1148,OWNS,,
PER_0558,LOC_0103,ASSOCIATED_WITH,,
PH_0211,PH_0457,CALLED,2023-01-28T16:18:43Z,946
PER_0703,PH_0070,OWNS,,
PH_0282,PH_0370,CALLED,2023-12-23T15:26:03Z,3547
PH_0152,PH_1146,CALLED,2025-01-24T17:44:29Z,1442
PER_0865,LOC_0103,ASSOCIATED_WITH,,
PH_0032,PH_0648,CALLED,2026-04-28T05:15:03Z,3560
PH_0292,PH_0008,CALLED,2024-02-04T09:03:44Z,3467
PH_0804,PH_0403,CALLED,2024-09-26T20:54:00Z,2778
PER_0822,VEH_0411,OWNS,,
ACC_0810,ACC_0452,TRANSACTED_WITH,2024-01-25T18:11:49Z,2413249.03
ACC_0944,ACC_0992,TRANSACTED_WITH,2024-06-06T11:51:57Z,1546639.1
PH_0335,PH_1369,CALLED,2024-02-09T02:59:55Z,3116
PH_0368,PH_0042,CALLED,2023-05-30T17:03:57Z,3359
PH_0363,PH_0916,CALLED,2024-01-30T00:13:17Z,2062
PH_0055,PH_0041,CALLED,2023-04-21T15:52:36Z,1991
PH_0679,PH_0956,CALLED,2024-06-20T09:21:56Z,2535
PER_0822,ACC_1060,OWNS,,
PER_0627,VEH_0614,OWNS,,
PH_0823,PH_1008,CALLED,2026-02-20T11:15:50Z,2251
PER_0460,PH_0371,OWNS,,
PER_0424,PH_1284,OWNS,,
PH_0295,PH_0462,CALLED,2024-04-18T18:06:18Z,1066
ACC_0282,ACC_0414,TRANSACTED_WITH,2024-07-21T15:55:05Z,822769.97
PER_0234,LOC_0002,ASSOCIATED_WITH,,
PH_1366,PH_1176,CALLED,2023-06-26T19:23:14Z,294
PER_0032,PH_1176,OWNS,,
ACC_0068,ACC_1091,TRANSACTED_WITH,2025-06-18T11:40:05Z,2035826.32
PER_0251,PH_0258,OWNS,,
PER_0801,ACC_0773,OWNS,,
ACC_0102,ACC_0968,TRANSACTED_WITH,2025-09-18T21:24:34Z,1766226.56
ACC_1080,ACC_0694,TRANSACTED_WITH,2025-09-08T00:22:43Z,881443.54
PER_0234,LOC_0091,ASSOCIATED_WITH,,
PH_1098,PH_0623,CALLED,2025-03-26T23:00:45Z,1459
PH_0543,PH_0844,CALLED,2024-03-05T04:17:20Z,2263
ACC_0808,ACC_0877,TRANSACTED_WITH,2025-06-29T12:28:37Z,53175.84
PH_0412,PH_0799,CALLED,2023-08-14T09:27:48Z,2917
PH_0407,PH_0520,CALLED,2024-08-08T15:58:44Z,1602
PER_0966,LOC_0006,ASSOCIATED_WITH,,
ACC_0264,ACC_0409,TRANSACTED_WITH,2023-07-16T18:22:55Z,1813277.1
PER_0112,ORG_0084,ASSOCIATED_WITH,,
CASE_0154,PER_0480,PARTICIPATED_IN,,
PER_0448,ACC_0017,OWNS,,
CASE_0136,PER_0497,PARTICIPATED_IN,,
PER_0365,LOC_0097,ASSOCIATED_WITH,,
PH_0999,PH_0454,CALLED,2024-05-24T03:07:12Z,2834
PER_0634,PH_0920,OWNS,,
ACC_0524,ACC_0940,TRANSACTED_WITH,2024-09-19T13:18:48Z,1443856.22
PH_0207,PH_0596,CALLED,2025-01-04T06:00:55Z,968
PH_0755,PH_0728,CALLED,2023-01-24T19:22:44Z,2298
PH_0599,PH_0828,CALLED,2026-03-20T04:57:29Z,3255
ACC_0554,ACC_0235,TRANSACTED_WITH,2023-06-07T06:07:18Z,2085556.39
PER_0972,ORG_0102,ASSOCIATED_WITH,,
PH_0136,PH_0827,CALLED,2024-08-03T04:21:04Z,1841
PER_0056,LOC_0019,ASSOCIATED_WITH,,
ACC_0070,ACC_0174,TRANSACTED_WITH,2025-11-08T19:51:08Z,1591610.11
PH_1071,PH_0149,CALLED,2026-07-17T09:21:31Z,1198
PER_0665,PH_0510,OWNS,,
ACC_0466,ACC_0221,TRANSACTED_WITH,2025-02-04T07:13:01Z,199364.94
PH_1146,PH_0535,CALLED,2025-11-27T17:32:32Z,2060
ACC_0664,ACC_0746,TRANSACTED_WITH,2026-05-30T02:51:12Z,928072.86
ACC_0990,ACC_0412,TRANSACTED_WITH,2026-05-16T01:42:51Z,1172987.65
PH_0004,PH_1089,CALLED,2024-08-27T17:16:21Z,215
PH_0332,PH_0799,CALLED,2024-09-14T20:36:30Z,3103
PH_0575,PH_0836,CALLED,2026-07-15T02:26:57Z,1055
PH_0490,PH_0515,CALLED,2024-06-13T21:48:33Z,1108
ACC_0568,ACC_0358,TRANSACTED_WITH,2024-09-30T17:32:43Z,2409965.82
PER_0080,LOC_0027,ASSOCIATED_WITH,,
PH_0425,PH_1070,CALLED,2024-11-25T01:09:28Z,2087
PER_0529,LOC_0042,ASSOCIATED_WITH,,
PH_0888,PH_0877,CALLED,2025-01-28T05:50:14Z,542
PH_1161,PH_0694,CALLED,2026-05-29T15:07:10Z,993
PH_0999,PH_1207,CALLED,2024-01-09T17:56:15Z,3010
ACC_0582,ACC_0418,TRANSACTED_WITH,2023-12-21T06:37:43Z,912484.37
CASE_0010,PER_0347,PARTICIPATED_IN,,
ACC_0607,ACC_0770,TRANSACTED_WITH,2023-02-05T20:25:21Z,504300.37
PH_0712,PH_1235,CALLED,2026-01-10T03:47:27Z,706
PER_0942,PH_0104,OWNS,,
PER_0308,LOC_0009,ASSOCIATED_WITH,,
PH_0785,PH_1044,CALLED,2024-03-09T05:42:03Z,136
ACC_0815,ACC_0273,TRANSACTED_WITH,2024-07-29T11:30:00Z,936228.26
PH_0950,PH_0288,CALLED,2025-08-22T03:07:50Z,3048
PER_0824,LOC_0081,ASSOCIATED_WITH,,
PH_0911,PH_0574,CALLED,2024-09-25T23:55:45Z,3015
PER_0075,ACC_0983,OWNS,,
PER_0299,PH_0986,OWNS,,
PH_0550,PH_0746,CALLED,2023-06-30T02:29:06Z,1702
ACC_0219,ACC_0560,TRANSACTED_WITH,2026-07-20T23:17:00Z,139889.63
PER_0065,VEH_0311,OWNS,,
PH_1103,PH_0273,CALLED,2026-07-07T19:10:11Z,2775
PER_0426,LOC_0119,ASSOCIATED_WITH,,
PH_0401,PH_0646,CALLED,2024-10-21T18:54:27Z,1046
PER_0306,ORG_0093,ASSOCIATED_WITH,,
PER_0021,ACC_0119,OWNS,,
PH_1046,PH_0174,CALLED,2024-03-31T16:56:43Z,877
PH_0953,PH_1307,CALLED,2025-11-19T05:55:29Z,1760
PH_0738,PH_0687,CALLED,2025-02-24T11:26:22Z,3340
PH_0799,PH_0982,CALLED,2025-09-05T00:19:36Z,3509
ACC_0867,ACC_0447,TRANSACTED_WITH,2023-10-07T23:40:20Z,2330074.67
PER_0721,ACC_0803,OWNS,,
PER_0769,ACC_0275,OWNS,,
PER_0045,LOC_0010,ASSOCIATED_WITH,,
ACC_0870,ACC_0792,TRANSACTED_WITH,2023-05-28T21:57:35Z,1921121.59
ACC_0509,ACC_0262,TRANSACTED_WITH,2023-07-25T07:15:23Z,1429905.41
PER_0602,LOC_0110,ASSOCIATED_WITH,,
PH_1275,PH_1254,CALLED,2026-03-26T09:15:16Z,2527
PH_0888,PH_1043,CALLED,2025-07-31T23:52:05Z,325
PH_0154,PH_0252,CALLED,2024-10-16T05:27:08Z,3568
PH_0392,PH_0021,CALLED,2026-06-26T11:10:20Z,1040
PER_0157,LOC_0065,ASSOCIATED_WITH,,
PH_1387,PH_1353,CALLED,2025-04-05T00:25:39Z,2409
CASE_0092,PER_0258,PARTICIPATED_IN,,
ACC_0460,ACC_0294,TRANSACTED_WITH,2023-08-06T07:55:57Z,937537.9
ACC_0228,ACC_0283,TRANSACTED_WITH,2023-05-13T08:19:24Z,1132830.73
ACC_0925,ACC_0397,TRANSACTED_WITH,2024-10-06T16:41:58Z,1063643.49
PER_0615,LOC_0116,ASSOCIATED_WITH,,
PER_0500,PH_1302,OWNS,,
PER_0374,LOC_0121,ASSOCIATED_WITH,,
PH_0054,PH_1113,CALLED,2023-09-12T04:43:53Z,3287
PER_0933,PH_0795,OWNS,,
PH_1160,PH_0676,CALLED,2025-07-23T15:35:57Z,97
ACC_0333,ACC_0096,TRANSACTED_WITH,2026-04-21T06:44:21Z,155026.78
PER_0310,ORG_0110,ASSOCIATED_WITH,,
PH_0585,PH_1109,CALLED,2026-02-27T12:45:22Z,1631
PER_0767,LOC_0068,ASSOCIATED_WITH,,
PER_0107,PH_1323,OWNS,,
PER_0124,LOC_0092,ASSOCIATED_WITH,,
PH_0732,PH_0783,CALLED,2024-11-26T15:06:42Z,2833
PER_0816,PH_0230,OWNS,,
PH_0469,PH_0705,CALLED,2024-04-29T17:32:22Z,500
PER_0029,LOC_0080,ASSOCIATED_WITH,,
PH_1361,PH_0271,CALLED,2023-02-23T16:21:11Z,1994
PH_0734,PH_1033,CALLED,2026-01-05T22:23:46Z,2865
PER_0241,PH_0376,OWNS,,
PER_0019,PH_0097,OWNS,,
CASE_0199,PER_0503,PARTICIPATED_IN,,
PH_0861,PH_0547,CALLED,2025-04-04T07:21:11Z,3094
PER_0648,LOC_0124,ASSOCIATED_WITH,,
PER_0496,ORG_0031,ASSOCIATED_WITH,,
PH_0935,PH_0673,CALLED,2025-08-13T21:39:07Z,2512
PER_0702,LOC_0003,ASSOCIATED_WITH,,
PER_0879,ACC_0067,OWNS,,
PER_0624,ORG_0095,ASSOCIATED_WITH,,
PER_0591,PH_0447,OWNS,,
PER_0068,ORG_0099,ASSOCIATED_WITH,,
PH_0446,PH_1157,CALLED,2024-09-30T06:37:34Z,2077
PH_0141,PH_1377,CALLED,2025-07-22T22:56:12Z,3215
ACC_0617,ACC_0603,TRANSACTED_WITH,2023-05-10T13:12:46Z,2103175.34
PER_0728,LOC_0015,ASSOCIATED_WITH,,
PH_0962,PH_0734,CALLED,2023-02-15T16:13:20Z,440
ACC_0126,ACC_0668,TRANSACTED_WITH,2026-05-07T18:19:50Z,2279297.5
CASE_0058,PER_0075,PARTICIPATED_IN,,
ACC_0290,ACC_0187,TRANSACTED_WITH,2025-11-01T20:41:06Z,424027.94
ACC_0534,ACC_1058,TRANSACTED_WITH,2023-03-22T03:26:55Z,311926.68
PH_1056,PH_0880,CALLED,2025-12-15T02:03:20Z,328
PH_0585,PH_1216,CALLED,2023-09-15T18:41:40Z,2635
PER_0178,LOC_0130,ASSOCIATED_WITH,,
PH_1332,PH_0114,CALLED,2024-11-19T14:48:26Z,2087
ACC_0759,ACC_0694,TRANSACTED_WITH,2026-07-19T04:40:44Z,29459.29
PER_0609,LOC_0028,ASSOCIATED_WITH,,
PER_0857,ACC_0866,OWNS,,
PER_0396,PH_0425,OWNS,,
PER_0193,PH_0652,OWNS,,
PH_1075,PH_0017,CALLED,2023-02-11T23:14:30Z,2376
PH_0902,PH_0909,CALLED,2024-03-22T16:35:10Z,337
PH_0171,PH_0618,CALLED,2024-05-19T14:12:51Z,696
PH_1316,PH_1169,CALLED,2023-09-09T03:18:21Z,451
ACC_0219,ACC_1010,TRANSACTED_WITH,2023-12-31T08:51:13Z,2210620.38
CASE_0033,PER_0973,PARTICIPATED_IN,,
PER_0773,ACC_0655,OWNS,,
PER_0772,ACC_0056,OWNS,,
ACC_0084,ACC_0977,TRANSACTED_WITH,2026-01-30T22:29:27Z,90358.57
ACC_1010,ACC_0092,TRANSACTED_WITH,2025-06-02T11:18:41Z,1847449.38
PH_0412,PH_0178,CALLED,2025-10-19T13:44:13Z,1482
PH_0994,PH_1208,CALLED,2025-06-07T03:54:51Z,3322
PER_0016,LOC_0009,ASSOCIATED_WITH,,
PH_0607,PH_0532,CALLED,2024-08-20T23:07:36Z,3075
PH_0735,PH_0452,CALLED,2023-10-06T04:05:56Z,3258
PER_0783,VEH_0721,OWNS,,
ACC_0747,ACC_0562,TRANSACTED_WITH,2024-08-03T01:04:27Z,1050180.23
PH_0844,PH_1258,CALLED,2023-07-06T13:53:34Z,1143
PH_0473,PH_1153,CALLED,2026-06-17T21:15:26Z,3074
PH_0982,PH_0988,CALLED,2023-04-15T03:45:19Z,2129
PH_0943,PH_0210,CALLED,2025-05-30T11:02:47Z,287
PER_0630,ORG_0069,ASSOCIATED_WITH,,
PER_0126,PH_1108,OWNS,,
CASE_0113,PER_0690,PARTICIPATED_IN,,
PH_1300,PH_0043,CALLED,2023-10-22T11:45:51Z,2670
PER_0240,ACC_0639,OWNS,,
PH_0133,PH_0264,CALLED,2025-04-10T16:09:12Z,442
ACC_0273,ACC_1045,TRANSACTED_WITH,2023-02-09T22:21:43Z,1251718.7
PER_0038,LOC_0149,ASSOCIATED_WITH,,
ACC_0125,ACC_1038,TRANSACTED_WITH,2023-11-13T12:12:39Z,1921110.53
PH_0849,PH_0593,CALLED,2023-03-29T22:08:29Z,1090
ACC_0629,ACC_0332,TRANSACTED_WITH,2026-04-13T05:33:28Z,1091973.32
ACC_0458,ACC_0891,TRANSACTED_WITH,2023-08-30T12:01:16Z,1386486.33
PH_0932,PH_0683,CALLED,2023-04-24T09:02:18Z,1007
PER_0408,LOC_0018,ASSOCIATED_WITH,,
PER_0213,PH_0018,OWNS,,
ACC_0246,ACC_1168,TRANSACTED_WITH,2024-03-03T22:19:04Z,988690.95
PH_0728,PH_1186,CALLED,2023-06-13T18:07:25Z,1126
PH_0492,PH_1113,CALLED,2023-11-04T23:54:07Z,1655
PH_0667,PH_0338,CALLED,2024-04-30T09:17:34Z,716
PH_1119,PH_1259,CALLED,2025-06-23T18:43:13Z,2770
PH_0140,PH_0290,CALLED,2023-04-14T02:58:12Z,2698
PH_0989,PH_1362,CALLED,2024-04-02T02:27:25Z,318
PER_0028,ORG_0054,ASSOCIATED_WITH,,
PER_0681,LOC_0114,ASSOCIATED_WITH,,
PH_0562,PH_0814,CALLED,2025-11-02T23:59:46Z,1104
ACC_1023,ACC_1080,TRANSACTED_WITH,2025-06-14T12:07:50Z,1135004.15
PH_1327,PH_0817,CALLED,2023-02-18T20:42:47Z,219
ACC_0580,ACC_0531,TRANSACTED_WITH,2023-04-04T20:38:53Z,1989639.2
ACC_1186,ACC_0178,TRANSACTED_WITH,2025-09-17T01:09:53Z,763074.0
PER_0193,ACC_0943,OWNS,,
ACC_0887,ACC_0288,TRANSACTED_WITH,2025-10-30T09:50:10Z,1592761.52
ACC_0484,ACC_0421,TRANSACTED_WITH,2023-03-30T14:14:59Z,1168911.93
PH_1199,PH_1010,CALLED,2024-05-14T20:39:45Z,919
PH_1277,PH_1327,CALLED,2025-01-15T01:30:58Z,1989
PH_0734,PH_0370,CALLED,2024-10-13T16:49:07Z,10
ACC_0589,ACC_0231,TRANSACTED_WITH,2026-03-03T05:37:52Z,564750.86
PH_0485,PH_0814,CALLED,2023-04-16T17:37:17Z,2679
PER_0700,VEH_0465,OWNS,,
PER_0817,LOC_0059,ASSOCIATED_WITH,,
PER_0463,PH_0653,OWNS,,
PH_1190,PH_1115,CALLED,2024-09-01T19:57:33Z,1809
ACC_0853,ACC_0633,TRANSACTED_WITH,2023-04-08T18:58:56Z,2235074.85
PH_0392,PH_0928,CALLED,2024-08-06T20:09:53Z,354
ACC_0774,ACC_0796,TRANSACTED_WITH,2024-03-18T14:05:55Z,1905780.92
CASE_0169,PER_0633,PARTICIPATED_IN,,
PER_0736,ORG_0077,ASSOCIATED_WITH,,
PER_0839,LOC_0068,ASSOCIATED_WITH,,
PH_0193,PH_0875,CALLED,2025-12-15T16:47:27Z,1194
CASE_0134,PER_0951,PARTICIPATED_IN,,
PER_0051,LOC_0004,ASSOCIATED_WITH,,
ACC_0933,ACC_0381,TRANSACTED_WITH,2025-06-18T13:09:00Z,1170624.36
PER_0161,ACC_0323,OWNS,,
PH_0583,PH_0998,CALLED,2023-08-14T04:59:37Z,1212
PH_0874,PH_0092,CALLED,2024-08-23T11:46:08Z,2362
PER_0094,ACC_0148,OWNS,,
PH_1336,PH_0482,CALLED,2026-06-04T12:46:11Z,1288
CASE_0022,PER_0806,PARTICIPATED_IN,,
ACC_0562,ACC_0086,TRANSACTED_WITH,2023-12-20T21:19:51Z,1848842.11
PH_0972,PH_0122,CALLED,2026-04-08T06:10:44Z,3105
PER_0142,ACC_0268,OWNS,,
ACC_1080,ACC_0178,TRANSACTED_WITH,2024-01-28T13:16:08Z,189587.11
PER_0506,LOC_0142,ASSOCIATED_WITH,,
ACC_1142,ACC_0771,TRANSACTED_WITH,2026-06-22T12:12:47Z,516823.68
PER_0754,LOC_0056,ASSOCIATED_WITH,,
PER_0501,LOC_0122,ASSOCIATED_WITH,,
PH_0883,PH_0610,CALLED,2023-11-19T10:28:58Z,1756
PH_0776,PH_1327,CALLED,2024-08-31T07:27:00Z,690
ACC_0266,ACC_0317,TRANSACTED_WITH,2023-12-31T02:01:32Z,2220547.0
PH_0436,PH_1145,CALLED,2026-04-28T18:24:36Z,921
PH_0478,PH_0753,CALLED,2023-07-19T22:06:51Z,354
PH_0045,PH_0336,CALLED,2023-06-26T11:48:48Z,1852
PER_0987,VEH_0156,OWNS,,
ACC_1142,ACC_0698,TRANSACTED_WITH,2024-06-28T05:38:28Z,1856236.97
PER_0966,PH_0356,OWNS,,
PER_0802,PH_0086,OWNS,,
PER_0200,PH_0581,OWNS,,
PH_0792,PH_0009,CALLED,2026-04-08T20:21:49Z,599
ACC_0190,ACC_0980,TRANSACTED_WITH,2023-05-21T01:05:31Z,1252277.32
ACC_1010,ACC_0638,TRANSACTED_WITH,2025-01-23T10:27:27Z,1182494.27
PH_0442,PH_0233,CALLED,2025-12-30T02:22:33Z,327
ACC_0435,ACC_0378,TRANSACTED_WITH,2024-09-07T11:32:55Z,2389226.87
CASE_0006,PER_0370,PARTICIPATED_IN,,
ACC_0475,ACC_0115,TRANSACTED_WITH,2025-01-28T23:36:53Z,947765.95
PER_0622,LOC_0065,ASSOCIATED_WITH,,
PH_1176,PH_0467,CALLED,2023-04-21T15:45:18Z,3253
PH_1209,PH_0681,CALLED,2024-06-07T10:45:24Z,3050
PER_0799,PH_0034,OWNS,,
PH_0237,PH_0909,CALLED,2026-05-11T12:20:11Z,598
ACC_0970,ACC_0082,TRANSACTED_WITH,2023-06-11T11:05:08Z,757807.2
PER_0366,ACC_0431,OWNS,,
PH_0469,PH_0691,CALLED,2025-11-07T16:33:18Z,2864
ACC_0997,ACC_0799,TRANSACTED_WITH,2025-04-09T22:39:55Z,1500766.45
PH_0378,PH_0506,CALLED,2025-04-09T19:09:23Z,2967
ACC_0107,ACC_0925,TRANSACTED_WITH,2024-09-06T12:04:45Z,1199361.94
ACC_0834,ACC_0287,TRANSACTED_WITH,2024-05-12T15:53:50Z,2201236.41
CASE_0220,PER_0593,PARTICIPATED_IN,,
PH_0722,PH_1158,CALLED,2025-08-11T13:57:23Z,2958
ACC_0984,ACC_0109,TRANSACTED_WITH,2025-03-30T08:47:13Z,1851222.88
ACC_0144,ACC_0923,TRANSACTED_WITH,2023-06-21T08:40:13Z,1919020.78
CASE_0081,PER_0480,PARTICIPATED_IN,,
ACC_0679,ACC_0949,TRANSACTED_WITH,2023-08-25T10:39:07Z,239580.84
PER_0023,PH_1103,OWNS,,
CASE_0212,PER_0010,PARTICIPATED_IN,,
PER_0600,LOC_0100,ASSOCIATED_WITH,,
PH_0719,PH_0196,CALLED,2025-01-07T15:36:10Z,540
PH_1291,PH_0160,CALLED,2026-05-17T19:33:05Z,934
PH_1154,PH_0170,CALLED,2026-07-31T18:26:48Z,3385
PH_1191,PH_0241,CALLED,2026-03-30T05:25:45Z,2586
CASE_0086,PER_0906,PARTICIPATED_IN,,
PER_0871,ACC_0035,OWNS,,
ACC_0958,ACC_0150,TRANSACTED_WITH,2025-04-15T23:48:08Z,1376865.13
CASE_0163,PER_0752,PARTICIPATED_IN,,
PER_0520,ACC_1116,OWNS,,
PER_0456,ACC_0107,OWNS,,
PER_0185,PH_0413,OWNS,,
PH_0691,PH_1268,CALLED,2024-06-30T09:54:20Z,2555
PH_0442,PH_1249,CALLED,2025-02-07T21:52:39Z,997
ACC_0127,ACC_0396,TRANSACTED_WITH,2025-07-18T14:24:21Z,419655.63
PH_1301,PH_1369,CALLED,2026-01-02T23:03:18Z,1087
PER_0590,VEH_0036,OWNS,,
PH_0872,PH_0539,CALLED,2024-07-26T04:16:40Z,470
ACC_0802,ACC_0138,TRANSACTED_WITH,2023-02-16T04:35:03Z,885654.29
CASE_0112,PER_0153,PARTICIPATED_IN,,
PER_0532,ORG_0112,ASSOCIATED_WITH,,
PER_0702,ACC_0773,OWNS,,
CASE_0052,PER_0264,PARTICIPATED_IN,,
PER_0835,ORG_0086,ASSOCIATED_WITH,,
PH_0135,PH_0709,CALLED,2024-05-03T20:27:05Z,2126
PER_0917,PH_0293,OWNS,,
PER_0366,VEH_0082,OWNS,,
PH_0149,PH_0524,CALLED,2023-07-09T21:45:53Z,2230
ACC_0466,ACC_0021,TRANSACTED_WITH,2025-11-16T01:06:09Z,1757732.6
PER_0940,LOC_0023,ASSOCIATED_WITH,,
PH_0245,PH_0496,CALLED,2023-01-17T01:54:04Z,815
CASE_0190,PER_0058,PARTICIPATED_IN,,
PER_0371,ORG_0065,ASSOCIATED_WITH,,
PER_0061,LOC_0115,ASSOCIATED_WITH,,
CASE_0207,PER_0838,PARTICIPATED_IN,,
PH_0055,PH_1334,CALLED,2024-03-10T06:59:13Z,625
PER_0464,LOC_0043,ASSOCIATED_WITH,,
CASE_0030,PER_0511,PARTICIPATED_IN,,
ACC_0314,ACC_0236,TRANSACTED_WITH,2024-09-23T16:47:37Z,2059437.21
PH_0781,PH_0517,CALLED,2024-05-20T16:04:40Z,1074
PER_0101,PH_1300,OWNS,,
ACC_0067,ACC_1068,TRANSACTED_WITH,2023-07-31T19:49:03Z,1837855.86
PER_0789,ORG_0047,ASSOCIATED_WITH,,
ACC_0252,ACC_1052,TRANSACTED_WITH,2025-10-31T10:35:52Z,1050282.62
PH_0174,PH_1139,CALLED,2023-10-18T07:03:08Z,2260
PH_0193,PH_1289,CALLED,2023-03-02T13:47:04Z,1723
PH_1176,PH_0360,CALLED,2026-03-23T08:19:49Z,3200
CASE_0062,PER_0721,PARTICIPATED_IN,,
PH_0647,PH_1080,CALLED,2024-12-22T17:09:55Z,2145
ACC_0886,ACC_0030,TRANSACTED_WITH,2024-01-31T16:08:04Z,48327.01
PH_1325,PH_1303,CALLED,2026-05-02T00:18:36Z,2514
PH_0069,PH_0645,CALLED,2024-02-09T08:41:13Z,232
PH_0797,PH_0497,CALLED,2023-05-08T13:09:40Z,587
PER_0263,PH_0629,OWNS,,
PER_0160,LOC_0140,ASSOCIATED_WITH,,
ACC_1150,ACC_0911,TRANSACTED_WITH,2023-08-24T09:09:52Z,2178776.48
ACC_0052,ACC_0780,TRANSACTED_WITH,2023-04-12T06:51:49Z,1738310.34
ACC_1163,ACC_0831,TRANSACTED_WITH,2026-07-09T08:49:43Z,657881.83
PER_0363,ORG_0107,ASSOCIATED_WITH,,
PER_0307,LOC_0012,ASSOCIATED_WITH,,
ACC_0481,ACC_0499,TRANSACTED_WITH,2023-06-17T23:13:38Z,1303225.26
PH_1234,PH_0137,CALLED,2023-12-31T23:19:17Z,1558
PER_0893,VEH_0602,OWNS,,
PH_1114,PH_0855,CALLED,2025-02-09T05:19:50Z,2593
PER_0165,ACC_0327,OWNS,,
PER_0881,ORG_0047,ASSOCIATED_WITH,,
PER_0488,ACC_0655,OWNS,,
PER_0321,PH_0321,OWNS,,
PH_1293,PH_0178,CALLED,2024-08-02T04:58:02Z,1317
ACC_0451,ACC_0081,TRANSACTED_WITH,2023-01-01T05:25:36Z,1572006.26
PH_0032,PH_0658,CALLED,2023-12-28T09:21:56Z,1463
PH_0147,PH_0629,CALLED,2026-04-24T15:10:44Z,351
ACC_0202,ACC_0291,TRANSACTED_WITH,2024-09-29T01:42:33Z,222524.71
PH_0339,PH_1186,CALLED,2025-06-04T08:06:07Z,1019
PER_0990,LOC_0108,ASSOCIATED_WITH,,
CASE_0135,PER_0787,PARTICIPATED_IN,,
PER_0937,LOC_0127,ASSOCIATED_WITH,,
PH_1155,PH_0612,CALLED,2025-03-12T23:44:47Z,365
PER_0492,LOC_0022,ASSOCIATED_WITH,,
PH_0628,PH_1196,CALLED,2023-09-18T04:37:29Z,2886
ACC_0922,ACC_0165,TRANSACTED_WITH,2023-10-17T05:18:33Z,1214596.99
PER_0551,ACC_0244,OWNS,,
PER_0850,ACC_0156,OWNS,,
PER_0288,LOC_0076,ASSOCIATED_WITH,,
PH_0055,PH_1180,CALLED,2025-04-11T07:42:36Z,242
PER_0860,ACC_0060,OWNS,,
PER_0619,ACC_0220,OWNS,,
PH_0883,PH_1354,CALLED,2024-12-25T15:59:10Z,2106
PH_1257,PH_1399,CALLED,2024-12-03T20:17:18Z,826
PH_0648,PH_0826,CALLED,2026-02-23T14:29:18Z,1276
PER_0797,PH_0745,OWNS,,
PH_1201,PH_0614,CALLED,2025-11-03T06:43:31Z,3003
CASE_0028,PER_0715,PARTICIPATED_IN,,
ACC_0130,ACC_0905,TRANSACTED_WITH,2023-12-06T11:51:36Z,2366483.63
PH_0307,PH_1262,CALLED,2024-05-05T20:54:14Z,1793
PER_0260,LOC_0105,ASSOCIATED_WITH,,
PH_0010,PH_0659,CALLED,2023-07-02T16:52:28Z,2301
PH_0339,PH_0901,CALLED,2024-12-20T19:27:31Z,1719
ACC_1124,ACC_0717,TRANSACTED_WITH,2025-09-06T19:23:07Z,756261.83
PH_1377,PH_0760,CALLED,2023-06-09T11:23:07Z,868
PH_0760,PH_0541,CALLED,2023-11-05T08:52:13Z,2848
PER_0689,ACC_0606,OWNS,,
PH_0250,PH_0814,CALLED,2025-07-27T03:02:54Z,228
PER_0982,PH_0346,OWNS,,
ACC_0223,ACC_0301,TRANSACTED_WITH,2024-08-28T04:26:15Z,591853.69
PER_0020,PH_1148,OWNS,,
PER_0729,PH_1004,OWNS,,
PER_0782,ORG_0118,ASSOCIATED_WITH,,
ACC_0508,ACC_0433,TRANSACTED_WITH,2023-12-26T15:44:27Z,963067.39
PER_0345,LOC_0064,ASSOCIATED_WITH,,
PER_0592,LOC_0076,ASSOCIATED_WITH,,
ACC_0607,ACC_1096,TRANSACTED_WITH,2026-04-23T20:20:57Z,2316212.93
PER_0686,PH_0816,OWNS,,
PH_0468,PH_0644,CALLED,2024-10-04T23:30:02Z,2148
ACC_0830,ACC_0938,TRANSACTED_WITH,2024-11-13T22:38:52Z,2245003.12
ACC_0134,ACC_0327,TRANSACTED_WITH,2024-10-09T19:54:08Z,1171587.86
ACC_1199,ACC_0250,TRANSACTED_WITH,2023-09-11T18:34:06Z,2215210.8
PER_0512,ACC_0501,OWNS,,
PER_0772,LOC_0022,ASSOCIATED_WITH,,
PH_1041,PH_0139,CALLED,2023-03-27T02:43:37Z,620
PER_0598,PH_0285,OWNS,,
ACC_0379,ACC_0636,TRANSACTED_WITH,2024-08-12T15:32:37Z,498694.41
PH_0909,PH_0256,CALLED,2024-02-07T10:01:19Z,2514
PER_0830,ACC_0100,OWNS,,
ACC_0856,ACC_1116,TRANSACTED_WITH,2024-12-07T11:15:31Z,801600.07
PER_0199,LOC_0071,ASSOCIATED_WITH,,
ACC_0394,ACC_0879,TRANSACTED_WITH,2023-06-24T23:48:44Z,2348723.97
PH_0650,PH_0399,CALLED,2023-05-19T00:29:40Z,319
PH_0477,PH_1004,CALLED,2024-01-31T03:59:01Z,741
ACC_0943,ACC_0062,TRANSACTED_WITH,2026-02-28T15:49:59Z,1401172.97
PER_0903,VEH_0685,OWNS,,
ACC_0773,ACC_0247,TRANSACTED_WITH,2023-04-18T14:20:33Z,309419.87
PH_1019,PH_0423,CALLED,2023-08-03T16:48:56Z,2370
PH_0570,PH_0043,CALLED,2025-03-12T09:51:35Z,477
PH_0653,PH_0301,CALLED,2023-04-11T09:33:59Z,3468
PH_0425,PH_0633,CALLED,2024-08-22T10:32:04Z,893
ACC_0829,ACC_0366,TRANSACTED_WITH,2024-01-19T18:22:32Z,1726173.7
PER_0216,PH_1125,OWNS,,
PH_1130,PH_1260,CALLED,2024-12-10T12:57:17Z,3350
PER_0752,LOC_0143,ASSOCIATED_WITH,,
CASE_0234,PER_0498,PARTICIPATED_IN,,
PER_0929,ORG_0047,ASSOCIATED_WITH,,
PH_1154,PH_1105,CALLED,2025-02-28T20:02:21Z,2072
PH_0712,PH_0415,CALLED,2026-06-16T01:55:24Z,2908
PH_1255,PH_0116,CALLED,2023-09-13T21:02:42Z,652
ACC_0768,ACC_0748,TRANSACTED_WITH,2023-12-29T22:47:38Z,1211530.5
ACC_0104,ACC_0358,TRANSACTED_WITH,2025-01-06T06:42:53Z,1178617.53
PER_0632,LOC_0030,ASSOCIATED_WITH,,
ACC_1149,ACC_1135,TRANSACTED_WITH,2025-11-08T09:29:46Z,1281047.61
ACC_0620,ACC_0408,TRANSACTED_WITH,2024-05-29T06:23:41Z,1989369.81
PER_0719,ORG_0071,ASSOCIATED_WITH,,
PER_0511,ACC_0075,OWNS,,
PER_0645,PH_1058,OWNS,,
PER_0255,ACC_0838,OWNS,,
ACC_0991,ACC_0016,TRANSACTED_WITH,2024-08-06T01:13:49Z,288397.12
ACC_1166,ACC_0984,TRANSACTED_WITH,2024-10-16T15:09:40Z,642346.3
PH_0180,PH_0847,CALLED,2024-07-22T09:27:10Z,951
PH_0903,PH_1064,CALLED,2025-06-24T16:02:33Z,2472
CASE_0107,PER_0279,PARTICIPATED_IN,,
PER_0953,PH_1088,OWNS,,
PH_0113,PH_0130,CALLED,2025-03-08T21:39:51Z,887
PH_0965,PH_0334,CALLED,2024-03-12T11:48:15Z,1196
PER_0264,PH_1202,OWNS,,
PER_0296,ACC_0287,OWNS,,
PER_0333,LOC_0076,ASSOCIATED_WITH,,
ACC_0596,ACC_1142,TRANSACTED_WITH,2023-05-04T12:11:19Z,731699.43
ACC_0223,ACC_0703,TRANSACTED_WITH,2026-07-25T17:31:37Z,925283.84
PH_0038,PH_0697,CALLED,2024-07-03T09:38:45Z,1802
PH_0414,PH_1377,CALLED,2026-01-06T08:11:21Z,1212
PH_0792,PH_0659,CALLED,2023-10-11T12:19:05Z,3100
PER_0388,LOC_0143,ASSOCIATED_WITH,,
ACC_0194,ACC_0562,TRANSACTED_WITH,2023-12-25T20:12:38Z,369943.74
PER_0853,ORG_0112,ASSOCIATED_WITH,,
ACC_0266,ACC_1123,TRANSACTED_WITH,2023-08-23T19:21:19Z,115353.54
ACC_0074,ACC_0054,TRANSACTED_WITH,2023-03-27T09:53:49Z,1820537.21
PER_0217,PH_0143,OWNS,,
ACC_1073,ACC_0128,TRANSACTED_WITH,2024-07-02T01:01:12Z,587936.0
PH_1115,PH_0181,CALLED,2025-11-09T07:37:30Z,2612
PH_1039,PH_0214,CALLED,2024-09-20T12:36:52Z,1534
CASE_0007,PER_0172,PARTICIPATED_IN,,
PH_0518,PH_1256,CALLED,2025-02-07T05:37:19Z,1417
PH_0602,PH_1048,CALLED,2024-12-21T20:29:54Z,1084
PER_0888,PH_0438,OWNS,,
PER_0070,ORG_0010,ASSOCIATED_WITH,,
PER_0421,PH_0810,OWNS,,
ACC_0598,ACC_0355,TRANSACTED_WITH,2026-02-03T16:24:03Z,1158424.83
PER_0145,LOC_0066,ASSOCIATED_WITH,,
PH_0939,PH_1233,CALLED,2024-04-01T06:15:03Z,1711
PER_0418,LOC_0065,ASSOCIATED_WITH,,
PER_0232,ACC_0385,OWNS,,
PER_0683,ACC_0587,OWNS,,
PER_0820,LOC_0135,ASSOCIATED_WITH,,
PER_0470,ACC_0235,OWNS,,
PER_0508,LOC_0024,ASSOCIATED_WITH,,
PER_0275,ORG_0013,ASSOCIATED_WITH,,
PH_0804,PH_0504,CALLED,2024-01-04T21:58:03Z,1548
PH_0794,PH_0038,CALLED,2025-07-09T09:37:10Z,515
PH_0949,PH_0332,CALLED,2023-07-30T03:15:39Z,2948
PH_1055,PH_0360,CALLED,2023-10-13T00:33:56Z,494
PH_1110,PH_1188,CALLED,2024-05-21T18:29:24Z,115
ACC_0727,ACC_1074,TRANSACTED_WITH,2023-04-10T12:05:16Z,1650031.24
ACC_1045,ACC_0758,TRANSACTED_WITH,2024-01-24T22:54:56Z,1612737.2
ACC_0208,ACC_0147,TRANSACTED_WITH,2024-05-25T13:59:50Z,619766.17
PH_1133,PH_1045,CALLED,2025-01-06T07:22:50Z,2759
PH_0365,PH_1237,CALLED,2025-10-05T00:06:59Z,418
PER_0445,ORG_0038,ASSOCIATED_WITH,,
PER_0568,ORG_0032,ASSOCIATED_WITH,,
PER_0023,ACC_1128,OWNS,,
ACC_1178,ACC_1179,TRANSACTED_WITH,2024-12-27T18:45:23Z,1035091.35
CASE_0077,PER_0635,PARTICIPATED_IN,,
PH_0463,PH_0748,CALLED,2025-07-18T02:48:58Z,1516
ACC_0680,ACC_1176,TRANSACTED_WITH,2023-05-15T05:40:10Z,1954453.57
ACC_0995,ACC_0950,TRANSACTED_WITH,2026-01-27T00:38:08Z,1413560.22
PH_1216,PH_1124,CALLED,2024-01-25T22:14:58Z,2644
ACC_0380,ACC_1174,TRANSACTED_WITH,2026-04-12T10:08:17Z,1457711.3
CASE_0108,PER_0095,PARTICIPATED_IN,,
ACC_0596,ACC_0484,TRANSACTED_WITH,2026-06-20T21:31:17Z,1789425.92
PH_0544,PH_0783,CALLED,2026-07-31T20:18:10Z,555
ACC_1041,ACC_0970,TRANSACTED_WITH,2025-11-19T16:39:59Z,1074514.79
PH_1320,PH_0097,CALLED,2023-12-27T16:18:09Z,1506
PH_1140,PH_0596,CALLED,2026-06-17T04:31:30Z,1341
PER_0101,ACC_0137,OWNS,,
PH_0182,PH_1032,CALLED,2025-10-02T13:54:35Z,2231
PH_0958,PH_0083,CALLED,2026-06-15T01:22:27Z,2051
PH_0609,PH_1313,CALLED,2023-08-12T07:00:40Z,272
ACC_1116,ACC_0044,TRANSACTED_WITH,2026-05-01T05:23:29Z,1142983.53
PH_1173,PH_0616,CALLED,2024-10-15T06:29:35Z,1081
PER_0916,ORG_0017,ASSOCIATED_WITH,,
ACC_0213,ACC_0445,TRANSACTED_WITH,2024-11-04T03:12:34Z,1715811.91
PER_0941,ACC_0735,OWNS,,
PER_0929,PH_1007,OWNS,,
ACC_0823,ACC_0185,TRANSACTED_WITH,2023-02-27T04:38:14Z,1809774.6
ACC_0922,ACC_0891,TRANSACTED_WITH,2023-10-22T23:05:29Z,1344585.3
PER_0662,LOC_0059,ASSOCIATED_WITH,,
PER_0574,LOC_0139,ASSOCIATED_WITH,,
ACC_0893,ACC_0532,TRANSACTED_WITH,2025-03-21T11:43:13Z,1204662.57
PER_0984,ACC_0527,OWNS,,
PER_0109,LOC_0081,ASSOCIATED_WITH,,
PER_0880,LOC_0135,ASSOCIATED_WITH,,
PER_0576,PH_0974,OWNS,,
PH_0681,PH_0387,CALLED,2023-03-22T11:07:25Z,489
PH_0129,PH_0912,CALLED,2024-06-29T08:17:56Z,504
PER_0729,LOC_0143,ASSOCIATED_WITH,,
PH_1219,PH_0164,CALLED,2025-08-07T20:25:32Z,1488
PH_0910,PH_0010,CALLED,2023-09-12T12:56:56Z,1992
PER_0454,LOC_0003,ASSOCIATED_WITH,,
PH_0981,PH_0218,CALLED,2026-07-02T15:24:10Z,783
PER_0764,ORG_0008,ASSOCIATED_WITH,,
PH_0800,PH_1304,CALLED,2026-07-10T04:26:42Z,153
PER_0878,ACC_0443,OWNS,,
PER_0246,LOC_0009,ASSOCIATED_WITH,,
PER_0899,LOC_0010,ASSOCIATED_WITH,,
PH_0879,PH_0889,CALLED,2025-12-02T20:21:01Z,2872
PER_0465,ACC_0940,OWNS,,
PER_0031,LOC_0001,ASSOCIATED_WITH,,
PER_0404,ORG_0033,ASSOCIATED_WITH,,
PH_0844,PH_0621,CALLED,2024-12-03T12:32:11Z,560
PH_0526,PH_0272,CALLED,2024-08-12T10:19:38Z,2945
PH_0097,PH_0425,CALLED,2023-07-25T22:41:32Z,664
PH_0630,PH_1389,CALLED,2024-04-22T12:33:16Z,3599
PH_0267,PH_1291,CALLED,2025-07-01T08:10:38Z,1110
PER_0639,LOC_0001,ASSOCIATED_WITH,,
PER_0572,LOC_0076,ASSOCIATED_WITH,,
ACC_0230,ACC_0024,TRANSACTED_WITH,2026-05-17T00:55:08Z,2118618.81
ACC_0151,ACC_1182,TRANSACTED_WITH,2025-11-21T22:58:32Z,1563439.31
PER_0455,LOC_0144,ASSOCIATED_WITH,,
PH_1244,PH_0369,CALLED,2024-01-26T08:57:53Z,2803
ACC_0682,ACC_0605,TRANSACTED_WITH,2023-01-15T20:28:55Z,255520.46
PH_0451,PH_0477,CALLED,2023-06-25T20:08:12Z,3118
CASE_0026,PER_0590,PARTICIPATED_IN,,
ACC_0922,ACC_0602,TRANSACTED_WITH,2023-07-06T19:37:06Z,1774968.56
PH_1271,PH_0127,CALLED,2025-03-06T12:06:50Z,1353
ACC_0010,ACC_0130,TRANSACTED_WITH,2023-02-16T10:48:21Z,1710609.02
CASE_0139,PER_0101,PARTICIPATED_IN,,
PH_0542,PH_1145,CALLED,2026-01-31T01:30:19Z,22
PH_0260,PH_0446,CALLED,2024-09-08T14:15:10Z,1029
PH_0481,PH_0016,CALLED,2026-04-27T22:49:59Z,2633
PER_0347,PH_0758,OWNS,,
ACC_0336,ACC_0437,TRANSACTED_WITH,2023-02-03T10:49:09Z,178498.78
PH_0992,PH_1369,CALLED,2026-05-17T07:47:59Z,2848
CASE_0102,PER_0542,PARTICIPATED_IN,,
PER_0734,ACC_0316,OWNS,,
PH_0069,PH_1109,CALLED,2025-11-11T23:57:06Z,3379
PER_0403,LOC_0100,ASSOCIATED_WITH,,
ACC_0291,ACC_0273,TRANSACTED_WITH,2024-11-30T18:10:50Z,2168287.59
PH_0789,PH_1083,CALLED,2026-05-15T05:28:12Z,869
PH_0956,PH_0897,CALLED,2024-08-28T14:45:04Z,247
PER_0602,LOC_0017,ASSOCIATED_WITH,,
PER_0910,PH_0646,OWNS,,
ACC_0418,ACC_0651,TRANSACTED_WITH,2024-10-17T00:32:19Z,2307507.94
PH_0534,PH_0433,CALLED,2024-01-13T15:43:34Z,2622
PER_0798,ORG_0072,ASSOCIATED_WITH,,
ACC_0077,ACC_0126,TRANSACTED_WITH,2026-02-11T02:30:20Z,1618059.55
ACC_0928,ACC_0561,TRANSACTED_WITH,2023-05-05T13:49:56Z,1340899.68
PER_0886,ORG_0008,ASSOCIATED_WITH,,
ACC_0240,ACC_0382,TRANSACTED_WITH,2026-07-15T10:41:32Z,489415.14
PER_0200,LOC_0149,ASSOCIATED_WITH,,
PH_1147,PH_0206,CALLED,2023-11-14T15:20:09Z,328
PH_0860,PH_0992,CALLED,2026-05-23T23:21:33Z,1154
ACC_1172,ACC_0516,TRANSACTED_WITH,2025-11-06T05:49:18Z,1192567.84
PER_0875,ORG_0079,ASSOCIATED_WITH,,
PH_0740,PH_0884,CALLED,2023-05-02T15:52:56Z,1117
PH_0368,PH_0414,CALLED,2024-02-17T18:14:53Z,50
ACC_1006,ACC_0907,TRANSACTED_WITH,2024-09-28T19:59:56Z,272490.91
PH_1062,PH_0496,CALLED,2024-12-01T15:18:36Z,3555
PH_1384,PH_1047,CALLED,2024-01-18T06:34:26Z,2835
ACC_0441,ACC_0623,TRANSACTED_WITH,2024-07-18T07:51:26Z,1361781.63
ACC_0609,ACC_0120,TRANSACTED_WITH,2023-06-18T15:15:16Z,746811.86
PH_0122,PH_0986,CALLED,2023-04-20T03:45:24Z,254
PER_0785,LOC_0028,ASSOCIATED_WITH,,
PH_0885,PH_0354,CALLED,2024-04-23T20:55:39Z,2778
ACC_0083,ACC_0027,TRANSACTED_WITH,2026-04-14T15:05:13Z,2068772.34
PH_0660,PH_0361,CALLED,2025-07-15T14:38:35Z,1114
ACC_1031,ACC_0259,TRANSACTED_WITH,2026-05-14T06:22:25Z,1160607.96
CASE_0111,PER_0080,PARTICIPATED_IN,,
CASE_0232,PER_0162,PARTICIPATED_IN,,
PH_1162,PH_0696,CALLED,2025-11-11T17:11:08Z,2548
PER_0594,ORG_0040,ASSOCIATED_WITH,,
ACC_0473,ACC_0506,TRANSACTED_WITH,2024-08-14T22:43:30Z,637175.08
PER_0691,ACC_0982,OWNS,,
PH_0804,PH_0333,CALLED,2024-04-20T14:39:15Z,3311
PER_0371,PH_1212,OWNS,,
CASE_0058,PER_0217,PARTICIPATED_IN,,
PH_1287,PH_0796,CALLED,2025-03-07T16:43:48Z,146
ACC_0089,ACC_0569,TRANSACTED_WITH,2024-11-23T13:46:53Z,2128997.99
PH_0739,PH_1132,CALLED,2023-07-23T04:25:13Z,3099
ACC_0653,ACC_0853,TRANSACTED_WITH,2023-09-04T09:41:48Z,933018.61
PH_0540,PH_0179,CALLED,2023-02-09T15:07:45Z,1741
PH_0837,PH_1090,CALLED,2024-12-27T04:14:16Z,1683
PER_0801,LOC_0025,ASSOCIATED_WITH,,
PH_0869,PH_1135,CALLED,2023-10-16T15:15:55Z,580
PER_0665,VEH_0431,OWNS,,
CASE_0081,PER_0296,PARTICIPATED_IN,,
PER_0380,ACC_0864,OWNS,,
PER_0882,ACC_0535,OWNS,,
PH_0797,PH_0627,CALLED,2023-10-14T05:38:27Z,457
PER_0185,PH_0936,OWNS,,
CASE_0071,PER_0659,PARTICIPATED_IN,,
PH_0222,PH_0261,CALLED,2024-11-16T15:39:27Z,1653
PH_0814,PH_1149,CALLED,2025-06-24T16:06:43Z,742
PH_0275,PH_0706,CALLED,2026-04-22T14:33:09Z,1033
ACC_0678,ACC_0347,TRANSACTED_WITH,2026-07-28T11:07:49Z,2180544.45
ACC_0860,ACC_0625,TRANSACTED_WITH,2025-12-04T18:19:31Z,2383797.62
PH_1020,PH_0588,CALLED,2025-11-15T09:19:40Z,3456
PER_0254,ACC_0011,OWNS,,
PER_0097,ACC_0938,OWNS,,
PH_0591,PH_0596,CALLED,2023-12-24T00:15:21Z,2000
PH_0722,PH_0403,CALLED,2024-06-15T06:54:29Z,2269
PH_1299,PH_1145,CALLED,2026-02-09T08:04:09Z,2917
PER_0473,ORG_0048,ASSOCIATED_WITH,,
ACC_0753,ACC_0299,TRANSACTED_WITH,2024-12-28T04:18:14Z,1638588.56
PH_0832,PH_0777,CALLED,2023-01-22T09:39:16Z,2147
PER_0029,LOC_0001,ASSOCIATED_WITH,,
ACC_0124,ACC_0299,TRANSACTED_WITH,2023-08-07T05:15:04Z,64622.17
ACC_0745,ACC_0405,TRANSACTED_WITH,2024-05-02T19:56:33Z,202945.22
ACC_0737,ACC_0191,TRANSACTED_WITH,2024-06-30T17:47:47Z,2153495.92
ACC_0017,ACC_0541,TRANSACTED_WITH,2026-06-18T14:21:13Z,1915277.13
PER_0938,LOC_0084,ASSOCIATED_WITH,,
PH_0089,PH_0468,CALLED,2024-04-18T21:50:28Z,1507
ACC_0120,ACC_1039,TRANSACTED_WITH,2026-06-13T10:46:56Z,2430519.8
PH_0961,PH_0115,CALLED,2023-07-25T11:33:25Z,499
PER_0087,ORG_0001,ASSOCIATED_WITH,,
PH_1213,PH_0437,CALLED,2025-11-28T08:07:09Z,1678
CASE_0044,PER_0258,PARTICIPATED_IN,,
PER_0671,LOC_0133,ASSOCIATED_WITH,,
PH_0297,PH_0335,CALLED,2023-11-28T15:12:59Z,2638
PER_0413,LOC_0132,ASSOCIATED_WITH,,
ACC_0807,ACC_1106,TRANSACTED_WITH,2023-12-27T21:41:24Z,2476639.42
PER_0953,LOC_0014,ASSOCIATED_WITH,,
PH_1145,PH_0598,CALLED,2024-03-28T22:24:47Z,716
PH_0673,PH_0027,CALLED,2025-01-30T13:52:41Z,420
PH_0626,PH_1188,CALLED,2023-09-07T23:57:51Z,1686
ACC_0359,ACC_0016,TRANSACTED_WITH,2023-07-27T05:00:48Z,99656.7
PH_0729,PH_0784,CALLED,2023-09-21T10:08:35Z,1360
PH_0174,PH_0758,CALLED,2025-12-08T15:59:42Z,2732
PH_0350,PH_0093,CALLED,2024-06-20T09:26:18Z,2433
PH_1266,PH_0805,CALLED,2025-01-28T20:34:58Z,2231
CASE_0224,PER_0224,PARTICIPATED_IN,,
PER_0893,PH_0816,OWNS,,
PER_0693,PH_1076,OWNS,,
PER_0117,PH_0839,OWNS,,
ACC_0588,ACC_0548,TRANSACTED_WITH,2023-07-08T03:34:45Z,2438473.47
PER_0562,ACC_0879,OWNS,,
PER_0363,LOC_0110,ASSOCIATED_WITH,,
PER_0333,LOC_0067,ASSOCIATED_WITH,,
ACC_0614,ACC_1149,TRANSACTED_WITH,2023-06-23T05:02:28Z,529689.35
ACC_0334,ACC_0838,TRANSACTED_WITH,2024-08-08T02:30:27Z,1835846.66
PER_0064,ACC_0142,OWNS,,
PER_0121,LOC_0077,ASSOCIATED_WITH,,
PER_0625,PH_1390,OWNS,,
PH_1256,PH_0416,CALLED,2024-01-17T19:00:39Z,2075
ACC_0544,ACC_0997,TRANSACTED_WITH,2023-02-07T11:16:58Z,1200463.33
ACC_0051,ACC_0512,TRANSACTED_WITH,2024-04-23T09:25:11Z,1723884.41
CASE_0038,PER_0726,PARTICIPATED_IN,,
ACC_0014,ACC_0107,TRANSACTED_WITH,2026-05-21T05:16:47Z,195024.99
PER_0522,LOC_0021,ASSOCIATED_WITH,,
ACC_0343,ACC_0459,TRANSACTED_WITH,2023-03-06T10:16:38Z,1652963.15
PER_0424,VEH_0417,OWNS,,
ACC_0009,ACC_0821,TRANSACTED_WITH,2025-05-25T15:04:47Z,1404006.56
PER_0307,PH_0437,OWNS,,
PH_0706,PH_1288,CALLED,2024-06-04T07:43:19Z,3137
ACC_0559,ACC_0682,TRANSACTED_WITH,2026-01-31T21:24:28Z,450293.36
PER_0428,ACC_1060,OWNS,,
PH_1132,PH_0588,CALLED,2023-03-29T15:02:14Z,1482
PH_1081,PH_1097,CALLED,2026-01-10T05:20:38Z,2498
PER_0760,ORG_0066,ASSOCIATED_WITH,,
PER_0187,LOC_0043,ASSOCIATED_WITH,,
PH_0789,PH_1370,CALLED,2023-12-04T14:00:40Z,764
PER_0136,ORG_0103,ASSOCIATED_WITH,,
PER_0610,ACC_1106,OWNS,,
ACC_0009,ACC_0191,TRANSACTED_WITH,2025-11-30T17:54:49Z,2429059.23
PER_0007,LOC_0142,ASSOCIATED_WITH,,
PER_0230,ORG_0046,ASSOCIATED_WITH,,
PH_1242,PH_0740,CALLED,2026-06-03T19:31:02Z,2380
PER_0722,LOC_0065,ASSOCIATED_WITH,,
PER_0702,VEH_0489,OWNS,,
PER_0937,PH_0051,OWNS,,
PH_0652,PH_1195,CALLED,2026-05-08T10:54:33Z,3166
ACC_0833,ACC_0505,TRANSACTED_WITH,2023-02-27T08:11:42Z,2292446.14
ACC_0132,ACC_0080,TRANSACTED_WITH,2025-07-19T18:53:59Z,2489256.27
ACC_1185,ACC_0198,TRANSACTED_WITH,2024-03-16T04:17:07Z,302811.57
PER_0388,LOC_0007,ASSOCIATED_WITH,,
ACC_0060,ACC_0675,TRANSACTED_WITH,2023-02-05T16:47:04Z,1029885.77
PER_0714,ACC_0642,OWNS,,
CASE_0055,PER_0258,PARTICIPATED_IN,,
PH_0814,PH_1365,CALLED,2025-09-19T00:43:19Z,2763
PH_0439,PH_0971,CALLED,2023-01-29T19:16:03Z,343
ACC_0857,ACC_0693,TRANSACTED_WITH,2023-07-07T10:23:41Z,187779.83
PER_0799,ACC_0280,OWNS,,
PER_0458,LOC_0076,ASSOCIATED_WITH,,
PER_0386,LOC_0068,ASSOCIATED_WITH,,
PER_0072,ORG_0049,ASSOCIATED_WITH,,
PER_0755,PH_0969,OWNS,,
PER_0297,VEH_0226,OWNS,,
PH_0885,PH_0530,CALLED,2024-08-27T00:58:23Z,1764
ACC_0176,ACC_1018,TRANSACTED_WITH,2025-01-21T04:39:10Z,248274.66
PER_0974,ORG_0064,ASSOCIATED_WITH,,
ACC_0867,ACC_1111,TRANSACTED_WITH,2023-04-13T22:34:13Z,1836680.82
PH_0647,PH_1390,CALLED,2025-06-11T17:57:20Z,3116
ACC_0366,ACC_0709,TRANSACTED_WITH,2026-06-14T03:24:08Z,37338.86
PH_0824,PH_0967,CALLED,2023-03-31T23:04:09Z,669
ACC_0240,ACC_0099,TRANSACTED_WITH,2024-12-19T02:21:51Z,886396.74
PER_0482,LOC_0090,ASSOCIATED_WITH,,
PH_0127,PH_0928,CALLED,2025-03-22T16:05:00Z,3535
PH_0297,PH_0225,CALLED,2024-10-16T00:09:42Z,1435
ACC_0835,ACC_0682,TRANSACTED_WITH,2023-01-04T19:04:26Z,622334.62
PER_0287,LOC_0114,ASSOCIATED_WITH,,
ACC_0930,ACC_0881,TRANSACTED_WITH,2025-07-08T19:54:58Z,2153075.59
ACC_0967,ACC_0060,TRANSACTED_WITH,2023-03-04T18:41:06Z,2202371.97
PH_0889,PH_0228,CALLED,2026-05-07T02:00:38Z,918
ACC_1075,ACC_0018,TRANSACTED_WITH,2023-05-04T14:09:51Z,1687941.53
CASE_0065,PER_0696,PARTICIPATED_IN,,
PH_1253,PH_1029,CALLED,2023-06-12T19:51:09Z,2588
PER_0105,ACC_1122,OWNS,,
ACC_0387,ACC_0539,TRANSACTED_WITH,2023-12-25T07:39:03Z,952584.02
PER_0313,LOC_0063,ASSOCIATED_WITH,,
PER_0140,PH_1204,OWNS,,
PH_0540,PH_0521,CALLED,2023-09-14T18:49:33Z,722
PER_0347,PH_0892,OWNS,,
PER_0348,PH_0960,OWNS,,
PER_0556,PH_0281,OWNS,,
PER_0101,LOC_0058,ASSOCIATED_WITH,,
ACC_1044,ACC_0164,TRANSACTED_WITH,2026-02-04T12:29:08Z,1768595.86
ACC_0825,ACC_0207,TRANSACTED_WITH,2025-09-30T20:13:16Z,370533.2
PH_1189,PH_1024,CALLED,2023-10-27T22:59:02Z,1053
PH_0221,PH_1391,CALLED,2026-06-06T20:27:18Z,2406
ACC_0216,ACC_1012,TRANSACTED_WITH,2025-12-10T14:25:16Z,320349.87
PH_0107,PH_0471,CALLED,2025-09-21T01:21:08Z,1998
PH_1168,PH_0837,CALLED,2025-09-19T03:55:57Z,970
PER_0613,LOC_0084,ASSOCIATED_WITH,,
ACC_0564,ACC_0546,TRANSACTED_WITH,2024-06-06T22:34:27Z,1835866.55
PER_0480,ORG_0091,ASSOCIATED_WITH,,
PH_0610,PH_0115,CALLED,2024-05-12T09:02:32Z,2626
PER_0984,LOC_0115,ASSOCIATED_WITH,,
ACC_1149,ACC_0598,TRANSACTED_WITH,2023-06-16T17:31:03Z,748964.27
PER_0225,LOC_0121,ASSOCIATED_WITH,,
PER_0779,ORG_0034,ASSOCIATED_WITH,,
PH_0764,PH_0847,CALLED,2025-02-08T11:34:35Z,1744
ACC_0754,ACC_0939,TRANSACTED_WITH,2024-11-16T05:02:03Z,2042473.87
PER_0787,ORG_0084,ASSOCIATED_WITH,,
ACC_0917,ACC_0238,TRANSACTED_WITH,2025-06-05T00:29:26Z,215161.99
PER_0910,ACC_0730,OWNS,,
ACC_0886,ACC_0983,TRANSACTED_WITH,2025-09-06T13:50:37Z,281236.13
ACC_0935,ACC_0389,TRANSACTED_WITH,2024-03-10T16:41:29Z,2162030.19
PH_0504,PH_0684,CALLED,2024-03-22T07:29:48Z,2688
PER_0080,ORG_0112,ASSOCIATED_WITH,,
PER_0151,ACC_0624,OWNS,,
PER_0805,LOC_0055,ASSOCIATED_WITH,,
PER_0986,LOC_0023,ASSOCIATED_WITH,,
PH_0229,PH_0839,CALLED,2023-05-15T07:49:07Z,2766
CASE_0107,PER_0755,PARTICIPATED_IN,,
ACC_0860,ACC_0271,TRANSACTED_WITH,2024-01-02T23:39:32Z,2359791.78
PER_0302,ACC_0493,OWNS,,
PH_0745,PH_0595,CALLED,2026-03-09T14:40:15Z,828
ACC_0593,ACC_0834,TRANSACTED_WITH,2024-12-19T01:28:03Z,178857.52
PH_0213,PH_1218,CALLED,2025-06-12T15:05:31Z,1172
PER_0220,ORG_0100,ASSOCIATED_WITH,,
PH_1245,PH_1281,CALLED,2025-10-16T13:55:11Z,2057
PER_0926,PH_0335,OWNS,,
CASE_0025,PER_0874,PARTICIPATED_IN,,
ACC_0079,ACC_0093,TRANSACTED_WITH,2025-01-04T16:44:11Z,466679.09
PH_1184,PH_0168,CALLED,2026-03-24T09:49:14Z,2804
ACC_0954,ACC_0063,TRANSACTED_WITH,2023-03-09T07:03:27Z,682930.56
ACC_1097,ACC_0121,TRANSACTED_WITH,2026-04-02T04:13:19Z,2475960.28
PH_0268,PH_1082,CALLED,2025-08-28T22:42:56Z,2899
ACC_0143,ACC_0466,TRANSACTED_WITH,2023-11-13T23:04:29Z,859550.55
PH_1158,PH_1160,CALLED,2024-12-19T09:58:29Z,940
PER_0895,PH_0425,OWNS,,
PER_0980,LOC_0124,ASSOCIATED_WITH,,
PH_0280,PH_1114,CALLED,2026-05-03T04:27:47Z,500
PER_0168,ACC_1181,OWNS,,
PER_0046,PH_0381,OWNS,,
PH_0668,PH_1139,CALLED,2026-03-09T07:08:50Z,1215
PH_0708,PH_0902,CALLED,2024-10-11T14:19:52Z,3357
PER_0141,ORG_0116,ASSOCIATED_WITH,,
ACC_1047,ACC_1059,TRANSACTED_WITH,2025-11-12T06:36:07Z,36774.12
PER_0842,LOC_0105,ASSOCIATED_WITH,,
PER_0335,LOC_0107,ASSOCIATED_WITH,,
PH_0944,PH_0673,CALLED,2023-06-03T00:48:00Z,2829
PH_1128,PH_0340,CALLED,2025-04-06T05:07:36Z,2733
ACC_0951,ACC_0637,TRANSACTED_WITH,2023-05-31T13:27:48Z,2010737.06
PH_1262,PH_0861,CALLED,2026-07-09T07:36:21Z,288
ACC_0070,ACC_0541,TRANSACTED_WITH,2025-07-02T21:23:10Z,1882487.31
ACC_0377,ACC_0879,TRANSACTED_WITH,2023-07-08T23:23:17Z,837230.47
PER_0884,ORG_0026,ASSOCIATED_WITH,,
PH_0262,PH_0657,CALLED,2024-11-10T07:29:53Z,3091
CASE_0182,PER_0883,PARTICIPATED_IN,,
PH_0855,PH_1055,CALLED,2026-06-10T19:50:23Z,668
PER_0861,PH_1155,OWNS,,
PER_0774,PH_1036,OWNS,,
CASE_0239,PER_0062,PARTICIPATED_IN,,
ACC_1004,ACC_0409,TRANSACTED_WITH,2025-05-19T03:31:22Z,683230.25
PER_0011,LOC_0004,ASSOCIATED_WITH,,
PH_0573,PH_1368,CALLED,2025-11-28T16:16:30Z,699
PER_0820,ACC_0877,OWNS,,
PER_0229,LOC_0123,ASSOCIATED_WITH,,
PH_0665,PH_0009,CALLED,2023-10-11T08:55:43Z,1444
PER_0743,PH_0157,OWNS,,
ACC_1016,ACC_0628,TRANSACTED_WITH,2025-01-15T16:42:34Z,2299701.76
ACC_0687,ACC_0023,TRANSACTED_WITH,2023-09-10T12:12:24Z,496942.15
PH_0849,PH_0200,CALLED,2026-06-13T10:57:53Z,2210
ACC_0756,ACC_0629,TRANSACTED_WITH,2023-04-09T15:10:06Z,774478.93
PER_0232,LOC_0139,ASSOCIATED_WITH,,
PER_0170,ACC_0309,OWNS,,
ACC_1187,ACC_0389,TRANSACTED_WITH,2025-05-25T15:53:36Z,200066.27
PH_0701,PH_0371,CALLED,2025-06-04T13:45:19Z,917
ACC_0222,ACC_0358,TRANSACTED_WITH,2025-03-29T17:55:47Z,1563594.47
PER_0155,ACC_0507,OWNS,,
PER_0509,LOC_0033,ASSOCIATED_WITH,,
PH_1288,PH_0335,CALLED,2026-04-04T00:59:17Z,3289
PH_0568,PH_1163,CALLED,2023-06-23T21:36:24Z,2685
ACC_0399,ACC_0215,TRANSACTED_WITH,2026-01-26T06:25:33Z,1092225.41
PER_0039,LOC_0064,ASSOCIATED_WITH,,
PH_0895,PH_1091,CALLED,2025-08-25T18:51:36Z,2508
PH_0243,PH_0638,CALLED,2024-07-31T16:36:09Z,149
PER_0341,PH_0202,OWNS,,
PER_0025,ACC_0817,OWNS,,
PH_0506,PH_0293,CALLED,2023-06-06T23:09:03Z,1529
PH_0343,PH_0812,CALLED,2023-05-19T22:13:22Z,2271
PH_0568,PH_0795,CALLED,2025-08-15T03:01:02Z,1592
PH_0754,PH_0343,CALLED,2025-08-25T08:05:20Z,1742
CASE_0176,PER_0476,PARTICIPATED_IN,,
ACC_0263,ACC_0823,TRANSACTED_WITH,2023-07-22T21:06:18Z,2223173.94
PER_0050,LOC_0133,ASSOCIATED_WITH,,
PER_0460,ORG_0025,ASSOCIATED_WITH,,
CASE_0219,PER_0402,PARTICIPATED_IN,,
CASE_0153,PER_0104,PARTICIPATED_IN,,
PER_0400,LOC_0111,ASSOCIATED_WITH,,
PH_0944,PH_1307,CALLED,2023-09-09T10:48:46Z,2039
ACC_0713,ACC_0867,TRANSACTED_WITH,2024-02-24T08:25:33Z,1590089.86
PH_0823,PH_0587,CALLED,2025-01-31T07:37:35Z,1694
ACC_1199,ACC_0533,TRANSACTED_WITH,2025-08-13T15:19:34Z,2272710.4
PER_0913,ORG_0111,ASSOCIATED_WITH,,
ACC_0038,ACC_0754,TRANSACTED_WITH,2024-08-22T09:06:51Z,2357839.5
PER_0054,ACC_1177,OWNS,,
PH_1064,PH_1373,CALLED,2023-02-05T19:48:08Z,1467
PH_0332,PH_0771,CALLED,2024-06-12T21:05:29Z,645
CASE_0079,PER_0502,PARTICIPATED_IN,,
ACC_0310,ACC_0711,TRANSACTED_WITH,2025-04-20T21:56:52Z,1746628.49
PER_0329,ACC_0434,OWNS,,
ACC_0383,ACC_0169,TRANSACTED_WITH,2023-01-16T05:47:24Z,1503852.81
PH_0569,PH_0529,CALLED,2024-12-24T06:41:54Z,1164
PER_0641,ORG_0083,ASSOCIATED_WITH,,
PER_0695,PH_1236,OWNS,,
PER_0447,ORG_0086,ASSOCIATED_WITH,,
PER_0345,VEH_0580,OWNS,,
ACC_0591,ACC_0413,TRANSACTED_WITH,2025-02-08T15:51:43Z,937551.75
PER_0390,ACC_1085,OWNS,,
PH_0721,PH_1300,CALLED,2025-06-14T06:08:02Z,752
PH_0163,PH_0846,CALLED,2025-12-24T03:31:07Z,799
PH_0485,PH_0421,CALLED,2023-06-04T08:00:42Z,3141
ACC_1074,ACC_0012,TRANSACTED_WITH,2024-02-27T03:28:17Z,1318735.81
PER_0563,LOC_0140,ASSOCIATED_WITH,,
PER_0454,ORG_0041,ASSOCIATED_WITH,,
PER_0374,ACC_0533,OWNS,,
PH_0642,PH_0072,CALLED,2023-10-24T09:36:15Z,1284
PH_0332,PH_0921,CALLED,2025-11-24T04:35:45Z,1486
PH_1182,PH_1203,CALLED,2024-07-27T06:58:46Z,1312
PH_1336,PH_1392,CALLED,2024-05-14T17:35:37Z,329
PH_0558,PH_1303,CALLED,2023-12-07T13:46:25Z,322
PER_0596,PH_0050,OWNS,,
PH_1170,PH_0920,CALLED,2025-01-02T00:34:43Z,178
PER_0478,PH_0955,OWNS,,
PER_0903,PH_0752,OWNS,,
PH_0553,PH_1216,CALLED,2024-10-24T07:42:25Z,1655
PER_0555,PH_0758,OWNS,,
PH_0090,PH_0028,CALLED,2025-05-11T06:24:32Z,38
PER_0397,LOC_0034,ASSOCIATED_WITH,,
PH_0287,PH_0536,CALLED,2023-05-26T16:27:41Z,400
PER_0918,LOC_0014,ASSOCIATED_WITH,,
ACC_1092,ACC_0182,TRANSACTED_WITH,2024-09-09T04:33:30Z,1257781.37
PER_0079,ORG_0038,ASSOCIATED_WITH,,
PER_0717,LOC_0107,ASSOCIATED_WITH,,
PER_0321,LOC_0086,ASSOCIATED_WITH,,
ACC_0978,ACC_0202,TRANSACTED_WITH,2024-06-14T15:59:36Z,858990.44
PER_0516,LOC_0097,ASSOCIATED_WITH,,
ACC_1163,ACC_0654,TRANSACTED_WITH,2023-04-04T17:16:24Z,774251.42
PH_0574,PH_0287,CALLED,2025-12-03T17:35:32Z,180
ACC_0386,ACC_0044,TRANSACTED_WITH,2023-09-08T07:44:13Z,317168.15
PER_0277,ORG_0005,ASSOCIATED_WITH,,
PH_0753,PH_1235,CALLED,2024-08-20T17:19:54Z,1775
PH_1245,PH_0388,CALLED,2024-05-30T08:12:30Z,3558
PER_0788,LOC_0128,ASSOCIATED_WITH,,
CASE_0186,PER_0466,PARTICIPATED_IN,,
PH_1315,PH_0264,CALLED,2026-02-12T09:26:27Z,2243
PH_0248,PH_1155,CALLED,2024-01-10T14:06:49Z,3554
PH_0720,PH_0828,CALLED,2026-02-06T14:14:07Z,672
PER_0128,PH_1342,OWNS,,
PH_1285,PH_0582,CALLED,2023-11-01T21:48:54Z,3008
PER_0985,ACC_0652,OWNS,,
ACC_0422,ACC_0874,TRANSACTED_WITH,2024-04-05T09:39:35Z,1191700.87
PER_0884,PH_0663,OWNS,,
PER_0805,ACC_0166,OWNS,,
PER_0659,VEH_0555,OWNS,,
ACC_0899,ACC_0618,TRANSACTED_WITH,2023-10-27T23:35:26Z,1097651.22
PH_0384,PH_0590,CALLED,2024-06-11T23:09:24Z,1417
PH_0603,PH_1196,CALLED,2025-12-01T15:45:48Z,623
PER_0320,ACC_0619,OWNS,,
PER_0787,ACC_0210,OWNS,,
PH_0211,PH_0020,CALLED,2025-06-11T21:54:25Z,1414
PH_0192,PH_1022,CALLED,2026-03-25T18:32:15Z,3424
ACC_1023,ACC_0641,TRANSACTED_WITH,2024-03-19T01:12:14Z,172998.82
PER_0549,ACC_0823,OWNS,,
ACC_0885,ACC_0694,TRANSACTED_WITH,2025-01-12T03:53:37Z,1097759.16
CASE_0118,PER_0762,PARTICIPATED_IN,,
PER_0395,ACC_0025,OWNS,,
PER_0532,ACC_0607,OWNS,,
CASE_0021,PER_0300,PARTICIPATED_IN,,
PH_0624,PH_0475,CALLED,2023-04-04T07:50:07Z,1634
CASE_0194,PER_0909,PARTICIPATED_IN,,
PER_0043,ORG_0096,ASSOCIATED_WITH,,
PER_0610,ORG_0017,ASSOCIATED_WITH,,
ACC_0648,ACC_0853,TRANSACTED_WITH,2024-07-12T06:29:55Z,708238.62
PER_0002,LOC_0048,ASSOCIATED_WITH,,
ACC_0456,ACC_0193,TRANSACTED_WITH,2025-07-28T01:57:19Z,651683.26
PH_0048,PH_0865,CALLED,2025-04-28T01:48:13Z,3184
PER_0989,LOC_0023,ASSOCIATED_WITH,,
ACC_0586,ACC_0656,TRANSACTED_WITH,2026-05-11T02:35:31Z,777380.08
PH_0257,PH_0888,CALLED,2023-05-09T05:50:44Z,2620
ACC_0261,ACC_0301,TRANSACTED_WITH,2024-02-13T09:25:45Z,2212954.33
ACC_0517,ACC_1037,TRANSACTED_WITH,2023-12-30T22:29:29Z,767613.84
PH_1340,PH_1247,CALLED,2024-02-20T18:55:15Z,3319
PER_0212,ORG_0073,ASSOCIATED_WITH,,
PER_0480,ACC_0047,OWNS,,
PH_0642,PH_1030,CALLED,2024-10-31T04:21:28Z,1251
PH_1241,PH_0206,CALLED,2023-11-20T04:49:19Z,736
ACC_0702,ACC_1108,TRANSACTED_WITH,2025-08-25T15:46:59Z,658436.96
PER_0122,ORG_0007,ASSOCIATED_WITH,,
PER_0502,LOC_0004,ASSOCIATED_WITH,,
PER_0024,ORG_0007,ASSOCIATED_WITH,,
CASE_0206,PER_0245,PARTICIPATED_IN,,
PER_0608,LOC_0025,ASSOCIATED_WITH,,
PH_0012,PH_0682,CALLED,2024-10-03T16:20:33Z,3164
CASE_0205,PER_0079,PARTICIPATED_IN,,
PER_0074,PH_0656,OWNS,,
PH_1363,PH_1049,CALLED,2025-08-31T21:41:16Z,788
PER_0191,ORG_0048,ASSOCIATED_WITH,,
PH_0990,PH_0745,CALLED,2025-02-27T18:19:54Z,1462
PER_0906,LOC_0115,ASSOCIATED_WITH,,
PER_0147,LOC_0108,ASSOCIATED_WITH,,
PER_0165,LOC_0005,ASSOCIATED_WITH,,
PER_0599,PH_0933,OWNS,,
PER_0439,LOC_0083,ASSOCIATED_WITH,,
ACC_0345,ACC_0769,TRANSACTED_WITH,2023-05-22T01:45:30Z,1577270.94
PH_1380,PH_0095,CALLED,2023-07-19T23:19:07Z,817
PER_0778,LOC_0146,ASSOCIATED_WITH,,
PER_0533,ACC_1090,OWNS,,
PER_0655,LOC_0121,ASSOCIATED_WITH,,
CASE_0014,PER_0109,PARTICIPATED_IN,,
PER_0770,ORG_0104,ASSOCIATED_WITH,,
ACC_1030,ACC_1100,TRANSACTED_WITH,2025-03-13T08:07:15Z,1702901.32
ACC_1056,ACC_1079,TRANSACTED_WITH,2023-11-03T18:28:58Z,845192.85
PH_0971,PH_0416,CALLED,2023-04-04T11:25:09Z,3128
PH_0903,PH_0369,CALLED,2025-06-14T14:58:27Z,780
ACC_0111,ACC_0262,TRANSACTED_WITH,2024-12-07T19:20:33Z,968019.0
PH_1053,PH_0955,CALLED,2026-03-23T04:46:22Z,1316
PH_0421,PH_0344,CALLED,2026-03-07T05:02:21Z,1717
PER_0100,VEH_0650,OWNS,,
ACC_0864,ACC_0060,TRANSACTED_WITH,2025-04-17T20:24:51Z,2065844.47
PER_0930,LOC_0144,ASSOCIATED_WITH,,
PH_0704,PH_0688,CALLED,2025-02-23T09:20:23Z,280
PH_1043,PH_0179,CALLED,2024-05-13T12:30:11Z,2952
PH_0822,PH_0446,CALLED,2023-01-26T15:31:58Z,257
PER_0808,ACC_0886,OWNS,,
PH_1193,PH_1379,CALLED,2023-03-16T19:18:14Z,1878
PER_0836,PH_1312,OWNS,,
CASE_0203,PER_0967,PARTICIPATED_IN,,
PER_0122,LOC_0082,ASSOCIATED_WITH,,
PH_0390,PH_1125,CALLED,2023-09-03T18:10:21Z,2122
PER_0939,ORG_0078,ASSOCIATED_WITH,,
ACC_0153,ACC_0903,TRANSACTED_WITH,2024-07-07T02:59:08Z,218348.09
PH_0728,PH_0934,CALLED,2026-05-14T04:04:54Z,1219
ACC_0323,ACC_0482,TRANSACTED_WITH,2023-10-15T11:35:41Z,1449919.86
ACC_0578,ACC_0691,TRANSACTED_WITH,2025-08-20T04:28:48Z,1144137.99
ACC_0314,ACC_0067,TRANSACTED_WITH,2024-08-03T06:31:04Z,2284144.22
PER_0211,ACC_1185,OWNS,,
PER_0807,ACC_0211,OWNS,,
PH_0283,PH_0405,CALLED,2024-08-10T13:45:47Z,1130
PER_0600,ACC_0768,OWNS,,
PH_0659,PH_0481,CALLED,2024-08-15T22:55:32Z,3449
ACC_0860,ACC_0598,TRANSACTED_WITH,2024-06-12T01:59:22Z,2442574.82
PH_0943,PH_0282,CALLED,2026-01-20T22:17:51Z,1279
PER_0490,ORG_0079,ASSOCIATED_WITH,,
PH_0871,PH_1057,CALLED,2023-07-12T00:58:41Z,1739
PH_0347,PH_0782,CALLED,2023-01-31T00:34:39Z,3059
PH_0770,PH_1285,CALLED,2025-11-09T07:57:34Z,981
PER_0828,LOC_0072,ASSOCIATED_WITH,,
ACC_0473,ACC_0956,TRANSACTED_WITH,2023-06-22T12:00:38Z,717462.09
PH_0959,PH_0480,CALLED,2023-12-18T12:31:52Z,957
PER_0297,LOC_0083,ASSOCIATED_WITH,,
PH_0204,PH_0344,CALLED,2024-07-05T05:14:12Z,2860
PH_1382,PH_0533,CALLED,2023-10-31T16:33:30Z,2334
PH_0843,PH_1075,CALLED,2023-07-26T18:36:31Z,792
ACC_1124,ACC_1103,TRANSACTED_WITH,2024-07-07T10:18:17Z,1200535.96
PH_1282,PH_1219,CALLED,2023-02-22T07:19:33Z,588
PER_0087,LOC_0021,ASSOCIATED_WITH,,
PER_0006,ACC_0697,OWNS,,
PER_0353,LOC_0134,ASSOCIATED_WITH,,
PH_0041,PH_0489,CALLED,2026-07-12T01:02:30Z,1431
PER_0205,ACC_0976,OWNS,,
CASE_0182,PER_0153,PARTICIPATED_IN,,
PER_0588,PH_1177,OWNS,,
ACC_0069,ACC_0998,TRANSACTED_WITH,2026-04-15T12:15:50Z,33131.76
ACC_1107,ACC_0645,TRANSACTED_WITH,2023-07-07T00:02:39Z,2316512.23
CASE_0163,PER_0051,PARTICIPATED_IN,,
ACC_0500,ACC_0885,TRANSACTED_WITH,2023-04-28T02:27:25Z,1781260.06
PH_0006,PH_0055,CALLED,2024-10-26T06:24:28Z,714
ACC_0787,ACC_1053,TRANSACTED_WITH,2024-09-09T03:15:02Z,1938459.67
ACC_0341,ACC_0447,TRANSACTED_WITH,2024-04-28T06:40:54Z,308464.24
PER_0624,PH_1349,OWNS,,
PER_0999,LOC_0049,ASSOCIATED_WITH,,
PH_1351,PH_0131,CALLED,2023-04-18T23:27:24Z,2486
PH_1046,PH_0937,CALLED,2024-04-20T10:29:20Z,2173
PH_1360,PH_0725,CALLED,2026-06-13T20:20:00Z,1059
PH_1388,PH_0713,CALLED,2023-09-11T13:05:00Z,1617
PER_0391,ACC_1138,OWNS,,
PH_1193,PH_0430,CALLED,2024-07-28T19:46:34Z,861
ACC_0186,ACC_0144,TRANSACTED_WITH,2023-01-20T08:39:54Z,294825.58
PH_0466,PH_0051,CALLED,2023-01-12T11:40:37Z,822
PH_1385,PH_0039,CALLED,2025-05-19T15:56:12Z,2676
PER_0541,LOC_0093,ASSOCIATED_WITH,,
PH_0122,PH_0534,CALLED,2026-01-29T03:10:10Z,290
PER_0268,PH_0202,OWNS,,
ACC_1176,ACC_0408,TRANSACTED_WITH,2023-05-05T05:24:04Z,1329318.79
PH_0850,PH_0692,CALLED,2024-01-07T01:19:59Z,973
PH_0285,PH_0941,CALLED,2025-01-28T06:30:04Z,927
PER_0978,ORG_0001,ASSOCIATED_WITH,,
PH_0116,PH_0011,CALLED,2024-06-29T07:31:43Z,499
PER_0056,PH_0526,OWNS,,
ACC_0068,ACC_0104,TRANSACTED_WITH,2024-06-02T23:11:23Z,1510568.99
PER_0213,LOC_0129,ASSOCIATED_WITH,,
PH_0338,PH_0286,CALLED,2024-06-11T16:06:52Z,1940
PER_0331,ORG_0094,ASSOCIATED_WITH,,
PER_0926,ACC_0855,OWNS,,
PER_0852,ACC_0067,OWNS,,
PER_0880,LOC_0053,ASSOCIATED_WITH,,
PER_0608,LOC_0107,ASSOCIATED_WITH,,
PER_0928,ACC_0824,OWNS,,
PH_1057,PH_0439,CALLED,2025-05-14T00:29:16Z,2155
ACC_1177,ACC_0934,TRANSACTED_WITH,2025-09-20T05:13:28Z,521254.44
PH_0536,PH_0733,CALLED,2026-01-12T22:16:42Z,2969
PER_0584,LOC_0135,ASSOCIATED_WITH,,
PH_0229,PH_0749,CALLED,2024-11-05T16:53:18Z,1963
PH_0362,PH_0077,CALLED,2024-11-15T12:44:32Z,1577
PER_0953,ORG_0030,ASSOCIATED_WITH,,
PER_0489,ACC_0574,OWNS,,
ACC_0145,ACC_0147,TRANSACTED_WITH,2026-07-16T21:49:32Z,2304005.02
PH_0630,PH_0549,CALLED,2025-04-01T11:16:04Z,2232
CASE_0020,PER_0693,PARTICIPATED_IN,,
PER_0960,LOC_0050,ASSOCIATED_WITH,,
PH_0672,PH_0525,CALLED,2023-02-27T17:53:48Z,464
CASE_0188,PER_0808,PARTICIPATED_IN,,
ACC_1138,ACC_0952,TRANSACTED_WITH,2024-12-23T00:30:07Z,707581.76
ACC_0288,ACC_0499,TRANSACTED_WITH,2023-02-24T16:33:15Z,2442456.04
PH_0259,PH_0121,CALLED,2023-01-05T15:11:53Z,3487
PH_0981,PH_0842,CALLED,2026-04-28T07:52:02Z,939
PER_0482,PH_0620,OWNS,,
PER_0788,PH_0571,OWNS,,
PER_0219,PH_0065,OWNS,,
PH_1170,PH_0349,CALLED,2023-09-16T08:12:59Z,844
CASE_0085,PER_0759,PARTICIPATED_IN,,
PH_0405,PH_0178,CALLED,2024-07-25T14:21:05Z,1244
PH_0446,PH_0889,CALLED,2026-07-20T08:22:07Z,830
PER_0754,ORG_0099,ASSOCIATED_WITH,,
PER_0612,VEH_0068,OWNS,,
ACC_0033,ACC_1187,TRANSACTED_WITH,2023-06-12T11:56:48Z,45299.73
PH_0757,PH_0722,CALLED,2025-02-19T20:20:51Z,2646
ACC_0676,ACC_0961,TRANSACTED_WITH,2024-07-07T17:29:49Z,1658029.25
PH_1101,PH_0926,CALLED,2025-02-12T20:42:18Z,1955
PH_0028,PH_0741,CALLED,2023-07-09T15:39:07Z,858
PH_0305,PH_0877,CALLED,2024-10-02T22:29:44Z,3534
PH_0525,PH_1103,CALLED,2026-05-08T20:47:52Z,749
PER_0258,LOC_0075,ASSOCIATED_WITH,,
ACC_0803,ACC_0300,TRANSACTED_WITH,2024-06-02T23:21:07Z,1162307.05
ACC_1021,ACC_0578,TRANSACTED_WITH,2023-12-24T15:57:47Z,353532.11
CASE_0013,PER_0786,PARTICIPATED_IN,,
PH_1354,PH_0559,CALLED,2025-06-26T13:03:15Z,2778
PH_0379,PH_0595,CALLED,2024-09-26T23:17:45Z,519
PER_0172,LOC_0094,ASSOCIATED_WITH,,
PH_1328,PH_0035,CALLED,2024-03-11T04:28:41Z,3411
PH_0087,PH_1162,CALLED,2023-08-23T08:13:59Z,2767
PH_1175,PH_0068,CALLED,2024-12-24T07:50:14Z,42
PH_1092,PH_1348,CALLED,2026-02-01T02:30:34Z,520
PER_0099,PH_0492,OWNS,,
PH_0821,PH_1256,CALLED,2025-04-20T07:29:14Z,387
PER_0998,ORG_0004,ASSOCIATED_WITH,,
PH_0774,PH_0031,CALLED,2024-04-20T13:18:44Z,2847
ACC_0029,ACC_0195,TRANSACTED_WITH,2025-12-02T08:38:37Z,2401570.35
CASE_0083,PER_0985,PARTICIPATED_IN,,
PH_0830,PH_1182,CALLED,2024-03-09T06:52:09Z,2156
PER_0199,ACC_0068,OWNS,,
PER_0573,VEH_0244,OWNS,,
PH_1091,PH_0088,CALLED,2023-10-01T18:09:25Z,960
ACC_0375,ACC_0937,TRANSACTED_WITH,2026-04-21T06:40:31Z,802497.45
ACC_0622,ACC_0926,TRANSACTED_WITH,2024-12-22T05:48:20Z,1510940.54
PH_1020,PH_0903,CALLED,2025-12-03T13:28:47Z,113
ACC_0505,ACC_0318,TRANSACTED_WITH,2024-05-14T15:47:26Z,792427.13
ACC_0908,ACC_0175,TRANSACTED_WITH,2026-03-05T17:38:25Z,2315847.77
PH_0923,PH_0614,CALLED,2025-02-24T23:44:54Z,3066
PH_0619,PH_0689,CALLED,2025-08-22T22:56:36Z,1509
PER_0464,PH_0785,OWNS,,
ACC_0714,ACC_0520,TRANSACTED_WITH,2024-07-24T11:03:25Z,413618.09
PER_0588,PH_0974,OWNS,,
PH_1095,PH_0165,CALLED,2025-04-24T06:08:42Z,3047
PH_0072,PH_0213,CALLED,2025-02-07T23:22:28Z,561
PER_0006,ORG_0075,ASSOCIATED_WITH,,
PH_0264,PH_0272,CALLED,2024-02-26T11:09:43Z,3569
PER_0404,LOC_0132,ASSOCIATED_WITH,,
ACC_0941,ACC_1081,TRANSACTED_WITH,2026-01-20T14:47:38Z,1337037.61
PER_0310,ACC_0776,OWNS,,
PER_0769,PH_0424,OWNS,,
ACC_1066,ACC_0461,TRANSACTED_WITH,2023-10-19T02:34:57Z,2495787.39
ACC_0606,ACC_1105,TRANSACTED_WITH,2025-07-15T01:59:57Z,1808366.55
PH_0679,PH_1025,CALLED,2025-10-23T10:49:04Z,1206
PH_1177,PH_0190,CALLED,2026-01-19T17:30:50Z,3524
PH_0377,PH_0720,CALLED,2024-09-17T19:09:21Z,2756
PER_0384,ACC_0009,OWNS,,
PH_1204,PH_0997,CALLED,2024-12-01T10:39:09Z,972
PH_0190,PH_0636,CALLED,2024-10-30T19:07:16Z,2132
PER_0365,ACC_0846,OWNS,,
PH_1246,PH_1206,CALLED,2024-11-07T02:43:25Z,2415
PER_0527,PH_0031,OWNS,,
PER_0524,PH_0820,OWNS,,
PER_0083,LOC_0039,ASSOCIATED_WITH,,
PH_1188,PH_0090,CALLED,2024-07-24T10:31:16Z,1933
PH_0045,PH_1385,CALLED,2025-06-25T02:14:03Z,958
CASE_0114,PER_0027,PARTICIPATED_IN,,
PER_0570,PH_0720,OWNS,,
ACC_0535,ACC_0985,TRANSACTED_WITH,2024-06-09T10:57:43Z,647448.09
CASE_0105,PER_0580,PARTICIPATED_IN,,
PER_0486,PH_0196,OWNS,,
ACC_0570,ACC_0943,TRANSACTED_WITH,2025-10-28T23:12:57Z,1360038.01
PER_0985,ACC_0729,OWNS,,
ACC_0685,ACC_1025,TRANSACTED_WITH,2023-04-03T08:29:33Z,2344486.64
PH_0448,PH_0994,CALLED,2024-03-26T18:19:08Z,851
PH_0004,PH_0702,CALLED,2025-09-26T06:15:02Z,1494
PER_0605,PH_1184,OWNS,,
PH_0051,PH_0069,CALLED,2023-01-31T01:20:37Z,888
PH_0222,PH_1167,CALLED,2025-09-30T15:34:58Z,510
PH_0045,PH_0208,CALLED,2024-01-10T00:10:55Z,1137
PH_0662,PH_1140,CALLED,2025-01-31T13:42:09Z,2741
PH_0905,PH_0892,CALLED,2026-06-07T05:07:28Z,1879
PER_0299,ORG_0032,ASSOCIATED_WITH,,
PER_0097,ORG_0098,ASSOCIATED_WITH,,
PER_0435,ACC_0506,OWNS,,
PH_0013,PH_0137,CALLED,2024-10-23T15:34:59Z,3465
PH_0383,PH_0651,CALLED,2024-06-24T05:32:37Z,887
PH_1377,PH_0546,CALLED,2024-08-09T07:42:42Z,1326
PER_0310,LOC_0012,ASSOCIATED_WITH,,
ACC_1078,ACC_0299,TRANSACTED_WITH,2025-09-20T23:09:57Z,2393641.09
ACC_0280,ACC_0380,TRANSACTED_WITH,2023-12-12T14:24:23Z,110107.73
PER_0285,ACC_0654,OWNS,,
PER_0582,PH_0871,OWNS,,
ACC_0142,ACC_0393,TRANSACTED_WITH,2023-10-18T00:06:24Z,1851402.66
ACC_0593,ACC_0290,TRANSACTED_WITH,2026-01-16T06:25:08Z,2172197.63
PER_0339,LOC_0063,ASSOCIATED_WITH,,
PH_1230,PH_0559,CALLED,2023-09-19T00:36:19Z,369
ACC_0650,ACC_0381,TRANSACTED_WITH,2023-10-31T12:49:50Z,292389.01
ACC_1027,ACC_0061,TRANSACTED_WITH,2025-10-27T05:34:26Z,1685724.06
PH_0261,PH_0651,CALLED,2025-06-23T22:22:42Z,906
ACC_0734,ACC_0898,TRANSACTED_WITH,2025-11-23T07:20:21Z,2375234.66
PER_0994,LOC_0002,ASSOCIATED_WITH,,
PH_0910,PH_0778,CALLED,2025-04-16T07:49:53Z,2392
PER_0225,ACC_0278,OWNS,,
PER_0433,LOC_0148,ASSOCIATED_WITH,,
ACC_0991,ACC_0596,TRANSACTED_WITH,2023-06-11T20:37:04Z,2364930.57
PH_0758,PH_0058,CALLED,2024-11-20T15:35:56Z,107
PH_0007,PH_0133,CALLED,2026-01-11T00:03:00Z,989
PH_0144,PH_0938,CALLED,2023-04-17T07:35:16Z,951
CASE_0198,PER_0518,PARTICIPATED_IN,,
ACC_0938,ACC_1049,TRANSACTED_WITH,2025-08-16T20:02:37Z,2465618.8
ACC_1173,ACC_0316,TRANSACTED_WITH,2026-06-12T18:22:39Z,635457.5
ACC_0155,ACC_1049,TRANSACTED_WITH,2024-04-05T06:46:42Z,2048499.17
ACC_0296,ACC_0438,TRANSACTED_WITH,2025-09-18T13:03:22Z,1880951.95
PH_0696,PH_0355,CALLED,2023-04-10T12:32:25Z,1446
PER_0819,ORG_0085,ASSOCIATED_WITH,,
PER_0473,PH_0651,OWNS,,
PH_0899,PH_0367,CALLED,2025-02-11T12:54:03Z,1997
PH_0258,PH_0528,CALLED,2025-02-06T10:58:03Z,1663
PER_0765,ACC_0242,OWNS,,
PER_0020,LOC_0129,ASSOCIATED_WITH,,
PH_0205,PH_0274,CALLED,2024-11-22T15:05:04Z,443
PER_0063,PH_0997,OWNS,,
ACC_0631,ACC_0732,TRANSACTED_WITH,2023-06-11T10:35:45Z,1026799.98
ACC_0098,ACC_0389,TRANSACTED_WITH,2025-11-16T09:08:19Z,653248.12
PER_0426,ORG_0090,ASSOCIATED_WITH,,
PER_0841,LOC_0096,ASSOCIATED_WITH,,
PER_0058,PH_0663,OWNS,,
PH_0498,PH_0359,CALLED,2026-06-20T14:28:02Z,3006
PH_0842,PH_0446,CALLED,2024-11-03T01:39:20Z,2381
PER_0693,ACC_0045,OWNS,,
CASE_0025,PER_0256,PARTICIPATED_IN,,
PER_0002,PH_1214,OWNS,,
CASE_0230,PER_0680,PARTICIPATED_IN,,
PH_1341,PH_0110,CALLED,2025-04-23T03:08:10Z,1446
PH_0504,PH_0239,CALLED,2026-04-13T19:19:38Z,2838
CASE_0241,PER_0425,PARTICIPATED_IN,,
PH_1300,PH_0673,CALLED,2024-11-06T05:56:33Z,1227
PER_0659,ORG_0018,ASSOCIATED_WITH,,
PH_0759,PH_0354,CALLED,2023-10-26T16:46:11Z,1297
CASE_0158,PER_0347,PARTICIPATED_IN,,
ACC_0044,ACC_0849,TRANSACTED_WITH,2023-06-26T13:26:35Z,1496237.64
PH_1397,PH_0773,CALLED,2025-01-28T07:16:29Z,1481
ACC_0250,ACC_0528,TRANSACTED_WITH,2025-12-03T19:58:05Z,840599.94
PH_1268,PH_0319,CALLED,2025-05-20T10:02:15Z,151
PER_0251,ACC_0170,OWNS,,
ACC_0272,ACC_0836,TRANSACTED_WITH,2024-10-14T06:15:59Z,47747.47
PER_0774,ORG_0027,ASSOCIATED_WITH,,
PH_1322,PH_1327,CALLED,2025-07-21T03:24:07Z,2922
PER_0300,PH_1097,OWNS,,
PER_0605,LOC_0080,ASSOCIATED_WITH,,
CASE_0089,PER_0186,PARTICIPATED_IN,,
ACC_0420,ACC_1170,TRANSACTED_WITH,2026-07-26T12:58:54Z,1865164.55
CASE_0214,PER_0831,PARTICIPATED_IN,,
PH_0682,PH_0090,CALLED,2025-09-10T07:26:03Z,3501
PER_0675,ORG_0059,ASSOCIATED_WITH,,
PH_0354,PH_1314,CALLED,2026-04-11T13:53:48Z,2462
PH_0930,PH_0084,CALLED,2023-01-11T01:20:17Z,2051
PH_1177,PH_0746,CALLED,2024-07-11T12:32:12Z,2827
PH_0884,PH_1316,CALLED,2024-03-18T11:40:01Z,2642
ACC_0011,ACC_0027,TRANSACTED_WITH,2026-01-23T06:24:44Z,253327.06
PH_0194,PH_1100,CALLED,2025-02-01T09:20:20Z,3057
PH_0255,PH_0817,CALLED,2025-01-28T09:26:47Z,2576
PH_1060,PH_0786,CALLED,2026-06-16T13:45:23Z,587
PH_0987,PH_0928,CALLED,2025-01-18T05:34:54Z,2931
PH_1041,PH_1328,CALLED,2026-01-11T03:08:07Z,2849
PER_0745,ACC_0878,OWNS,,
ACC_0879,ACC_0761,TRANSACTED_WITH,2023-04-05T12:13:18Z,2437705.14
ACC_0430,ACC_0103,TRANSACTED_WITH,2026-06-09T12:34:20Z,2483339.22
CASE_0176,PER_0412,PARTICIPATED_IN,,
ACC_0468,ACC_0763,TRANSACTED_WITH,2025-10-07T12:45:14Z,597800.85
PER_0766,PH_0311,OWNS,,
CASE_0062,PER_0314,PARTICIPATED_IN,,
PH_1323,PH_0529,CALLED,2025-04-11T21:21:18Z,198
PER_0308,ACC_0578,OWNS,,
PH_0944,PH_0696,CALLED,2023-10-28T07:44:27Z,2816
PER_0860,LOC_0133,ASSOCIATED_WITH,,
PH_0939,PH_1353,CALLED,2023-01-02T01:11:38Z,3061
PER_0023,PH_1034,OWNS,,
PH_0789,PH_0329,CALLED,2025-05-02T07:47:24Z,2121
PER_0930,LOC_0017,ASSOCIATED_WITH,,
PH_0628,PH_1021,CALLED,2024-01-09T12:26:13Z,980
PH_0758,PH_1325,CALLED,2025-09-27T21:10:14Z,1821
CASE_0234,PER_0918,PARTICIPATED_IN,,
PH_1031,PH_1308,CALLED,2023-04-06T22:32:19Z,2096
PER_0272,PH_0823,OWNS,,
ACC_0142,ACC_0648,TRANSACTED_WITH,2023-12-12T17:36:19Z,607046.49
ACC_0284,ACC_0856,TRANSACTED_WITH,2025-03-03T01:47:54Z,1505392.82
PER_0797,ACC_0830,OWNS,,
PER_0542,PH_0369,OWNS,,
PH_0309,PH_0426,CALLED,2025-04-02T18:03:52Z,916
PH_1194,PH_1115,CALLED,2025-05-28T01:35:54Z,3389
ACC_0375,ACC_0630,TRANSACTED_WITH,2025-07-28T15:21:49Z,2485863.52
PH_0384,PH_0749,CALLED,2026-02-15T06:31:27Z,1427
PER_0727,PH_1353,OWNS,,
PH_0615,PH_0789,CALLED,2024-01-12T10:57:33Z,1946
PH_1210,PH_0983,CALLED,2023-10-25T22:47:09Z,2107
PER_0372,ACC_1002,OWNS,,
PH_0099,PH_0916,CALLED,2024-06-23T00:32:10Z,16
PER_0640,PH_0931,OWNS,,
PH_0077,PH_1378,CALLED,2026-02-22T12:22:13Z,3350
ACC_0308,ACC_0273,TRANSACTED_WITH,2025-07-18T06:05:46Z,935812.71
ACC_0269,ACC_0224,TRANSACTED_WITH,2025-09-17T13:44:08Z,1897637.21
PER_0508,ORG_0096,ASSOCIATED_WITH,,
CASE_0049,PER_0610,PARTICIPATED_IN,,
ACC_0743,ACC_0543,TRANSACTED_WITH,2024-10-01T17:56:00Z,26898.64
PER_0878,LOC_0089,ASSOCIATED_WITH,,
ACC_0815,ACC_0433,TRANSACTED_WITH,2023-01-12T21:10:02Z,1688388.32
PH_0130,PH_0327,CALLED,2025-01-25T12:12:16Z,2413
ACC_0253,ACC_0857,TRANSACTED_WITH,2025-03-13T08:15:56Z,1544744.03
PER_0245,PH_1118,OWNS,,
CASE_0094,PER_0170,PARTICIPATED_IN,,
PER_0820,ORG_0005,ASSOCIATED_WITH,,
CASE_0081,PER_0961,PARTICIPATED_IN,,
PH_1295,PH_1193,CALLED,2023-02-22T14:47:24Z,2579
ACC_0586,ACC_0136,TRANSACTED_WITH,2025-12-08T10:39:21Z,1148363.64
PH_0902,PH_0493,CALLED,2026-05-26T23:41:46Z,2545
PH_0696,PH_0386,CALLED,2026-06-13T11:11:46Z,1269
CASE_0027,PER_0390,PARTICIPATED_IN,,
PH_0709,PH_0578,CALLED,2023-12-16T06:56:39Z,3170
PH_0954,PH_1029,CALLED,2026-03-05T11:03:31Z,2388
ACC_0025,ACC_1161,TRANSACTED_WITH,2025-01-01T00:29:12Z,1455800.25
ACC_0535,ACC_0513,TRANSACTED_WITH,2026-06-10T04:36:06Z,1345232.9
PER_0341,PH_0275,OWNS,,
PER_0767,PH_1246,OWNS,,
PER_0444,ACC_0523,OWNS,,
ACC_1133,ACC_0187,TRANSACTED_WITH,2025-04-11T05:32:36Z,205794.97
PH_0214,PH_0177,CALLED,2024-08-01T05:40:37Z,2277
PER_0318,ACC_0907,OWNS,,
CASE_0109,PER_0236,PARTICIPATED_IN,,
PH_0667,PH_0435,CALLED,2024-01-17T06:52:14Z,2021
CASE_0163,PER_0504,PARTICIPATED_IN,,
ACC_1011,ACC_0503,TRANSACTED_WITH,2024-07-01T01:20:06Z,22451.16
PER_0461,ACC_0481,OWNS,,
PH_0845,PH_0522,CALLED,2024-07-11T08:28:43Z,1036
ACC_0139,ACC_1175,TRANSACTED_WITH,2023-05-23T17:13:28Z,516376.83
ACC_0683,ACC_0302,TRANSACTED_WITH,2026-04-21T23:50:55Z,483730.0
ACC_0910,ACC_0694,TRANSACTED_WITH,2025-10-29T09:53:10Z,2331282.79
ACC_0705,ACC_0893,TRANSACTED_WITH,2024-03-19T08:04:16Z,2147001.85
PER_0952,LOC_0078,ASSOCIATED_WITH,,
PH_0998,PH_0712,CALLED,2024-09-24T18:13:36Z,1403
PH_0914,PH_0536,CALLED,2025-10-08T08:42:37Z,1625
ACC_0221,ACC_0191,TRANSACTED_WITH,2023-06-22T04:01:00Z,83630.05
ACC_1033,ACC_0524,TRANSACTED_WITH,2024-12-21T17:50:22Z,1686814.67
ACC_0415,ACC_0953,TRANSACTED_WITH,2024-07-17T02:06:16Z,1721971.88
PER_0717,PH_1330,OWNS,,
CASE_0021,PER_0041,PARTICIPATED_IN,,
ACC_1154,ACC_0419,TRANSACTED_WITH,2024-08-02T19:46:59Z,1526703.9
PH_0358,PH_0307,CALLED,2023-12-20T15:13:39Z,686
CASE_0181,PER_0359,PARTICIPATED_IN,,
PER_0941,PH_0413,OWNS,,
PER_0108,LOC_0062,ASSOCIATED_WITH,,
PER_0262,ACC_0582,OWNS,,
PH_0400,PH_0797,CALLED,2025-05-28T19:17:08Z,3304
ACC_0562,ACC_0081,TRANSACTED_WITH,2024-02-16T08:37:04Z,1662465.65
PER_0620,LOC_0100,ASSOCIATED_WITH,,
PH_0758,PH_0516,CALLED,2024-06-13T19:14:50Z,2766
PH_0340,PH_0587,CALLED,2026-03-13T00:41:47Z,2362
PH_1312,PH_0943,CALLED,2024-07-22T02:31:03Z,1464
PER_0197,LOC_0128,ASSOCIATED_WITH,,
PER_0706,LOC_0002,ASSOCIATED_WITH,,
ACC_0767,ACC_0776,TRANSACTED_WITH,2026-05-06T20:55:52Z,532072.86
PER_0504,LOC_0149,ASSOCIATED_WITH,,
ACC_0922,ACC_0281,TRANSACTED_WITH,2023-06-08T03:17:38Z,1528020.12
PH_0197,PH_0622,CALLED,2026-02-28T07:33:08Z,2200
PER_0108,ACC_0818,OWNS,,
CASE_0070,PER_0135,PARTICIPATED_IN,,
PH_0027,PH_0343,CALLED,2023-09-27T11:04:47Z,1491
PER_0716,ACC_0722,OWNS,,
PER_0903,ORG_0103,ASSOCIATED_WITH,,
PER_0673,ORG_0082,ASSOCIATED_WITH,,
PH_0404,PH_1025,CALLED,2024-05-20T12:58:01Z,728
PER_0009,LOC_0022,ASSOCIATED_WITH,,
ACC_0225,ACC_0545,TRANSACTED_WITH,2026-04-16T03:38:07Z,1898814.46
ACC_0018,ACC_0554,TRANSACTED_WITH,2025-05-05T21:09:11Z,425535.46
PH_0839,PH_0185,CALLED,2024-12-25T16:09:55Z,2301
CASE_0165,PER_0918,PARTICIPATED_IN,,
PER_0836,ACC_0182,OWNS,,
ACC_0535,ACC_0790,TRANSACTED_WITH,2024-05-19T15:24:48Z,1997631.11
ACC_0271,ACC_0728,TRANSACTED_WITH,2024-12-01T05:00:17Z,856562.35
PH_1108,PH_0738,CALLED,2023-02-08T00:18:34Z,2973
PH_0194,PH_1352,CALLED,2025-03-04T14:26:58Z,327
PH_0074,PH_0953,CALLED,2025-04-30T00:42:49Z,1819
PER_0262,PH_1370,OWNS,,
PER_0600,LOC_0053,ASSOCIATED_WITH,,
CASE_0088,PER_0581,PARTICIPATED_IN,,
PH_1139,PH_0916,CALLED,2025-03-23T00:10:10Z,1162
PH_0270,PH_1205,CALLED,2025-05-28T21:42:27Z,2819
PER_0685,ACC_0361,OWNS,,
PER_0089,LOC_0118,ASSOCIATED_WITH,,
PER_0811,ORG_0098,ASSOCIATED_WITH,,
PER_0534,ACC_0903,OWNS,,
PER_0954,LOC_0084,ASSOCIATED_WITH,,
PH_0973,PH_0398,CALLED,2026-05-14T02:56:33Z,745
PER_0682,PH_0104,OWNS,,
PH_0358,PH_1018,CALLED,2025-10-10T22:47:20Z,2906
CASE_0040,PER_0025,PARTICIPATED_IN,,
PH_0426,PH_0038,CALLED,2025-12-20T14:48:02Z,2611
PER_0703,LOC_0023,ASSOCIATED_WITH,,
PER_0741,ACC_0529,OWNS,,
PH_0184,PH_0530,CALLED,2025-10-14T01:55:23Z,2868
ACC_1149,ACC_0633,TRANSACTED_WITH,2024-07-25T13:35:59Z,408583.08
PER_0151,ORG_0014,ASSOCIATED_WITH,,
ACC_1191,ACC_0055,TRANSACTED_WITH,2026-07-01T02:31:05Z,437527.52
PH_1214,PH_0365,CALLED,2023-04-14T08:27:16Z,1957
PH_0109,PH_0433,CALLED,2023-05-04T20:43:10Z,2726
PER_0526,LOC_0002,ASSOCIATED_WITH,,
PER_0986,PH_0575,OWNS,,
ACC_0824,ACC_0635,TRANSACTED_WITH,2024-01-14T10:39:53Z,39019.23
PH_1363,PH_0259,CALLED,2023-12-12T06:54:01Z,403
PH_1142,PH_0889,CALLED,2025-04-16T13:33:03Z,424
ACC_1018,ACC_0136,TRANSACTED_WITH,2026-05-07T06:04:28Z,2102204.17
PER_0995,ACC_0893,OWNS,,
PH_0612,PH_0644,CALLED,2023-11-18T23:36:21Z,3019
PH_0650,PH_0422,CALLED,2025-03-21T03:14:19Z,1742
PER_0117,PH_0403,OWNS,,
PH_0862,PH_1354,CALLED,2025-04-08T19:32:59Z,2713
PH_0296,PH_0401,CALLED,2025-09-13T18:28:07Z,1420
PER_0500,VEH_0459,OWNS,,
ACC_0179,ACC_0995,TRANSACTED_WITH,2026-06-30T13:05:30Z,793585.02
PH_1210,PH_0202,CALLED,2026-04-15T21:06:28Z,2893
CASE_0034,PER_0720,PARTICIPATED_IN,,
PER_0826,LOC_0059,ASSOCIATED_WITH,,
ACC_0586,ACC_1168,TRANSACTED_WITH,2023-03-06T14:55:42Z,460824.58
ACC_0695,ACC_0129,TRANSACTED_WITH,2024-09-25T18:30:06Z,2231741.94
PH_0876,PH_0109,CALLED,2026-02-24T07:25:18Z,1257
PH_0897,PH_1084,CALLED,2023-06-04T20:43:51Z,1197
PH_1137,PH_1392,CALLED,2024-06-19T21:04:01Z,2067
PH_0999,PH_0340,CALLED,2024-04-22T10:32:48Z,1803
PH_0553,PH_0453,CALLED,2025-11-29T11:38:44Z,2231
PH_0368,PH_0635,CALLED,2024-09-14T11:36:03Z,3547
PER_0323,ACC_0430,OWNS,,
ACC_0693,ACC_1159,TRANSACTED_WITH,2024-02-15T09:05:58Z,1050203.57
ACC_0771,ACC_0757,TRANSACTED_WITH,2024-08-29T03:29:15Z,2072843.69
PH_0107,PH_0489,CALLED,2025-05-06T22:20:08Z,329
PER_0451,LOC_0104,ASSOCIATED_WITH,,
ACC_0826,ACC_1130,TRANSACTED_WITH,2023-08-31T20:25:50Z,855837.12
ACC_0204,ACC_0795,TRANSACTED_WITH,2026-02-09T16:00:49Z,2138413.7
ACC_0063,ACC_0594,TRANSACTED_WITH,2025-06-10T12:23:38Z,408451.22
PH_0394,PH_1160,CALLED,2023-02-24T21:34:45Z,3400
PH_0533,PH_0520,CALLED,2025-02-15T00:30:34Z,1787
PER_0366,ORG_0114,ASSOCIATED_WITH,,
PER_0242,ACC_1077,OWNS,,
PER_0244,ACC_0120,OWNS,,
PH_1364,PH_1225,CALLED,2024-06-27T18:22:06Z,2426
PER_0661,LOC_0013,ASSOCIATED_WITH,,
PER_0632,PH_1348,OWNS,,
PH_0769,PH_0713,CALLED,2023-06-13T08:40:17Z,2462
PER_0647,ACC_0813,OWNS,,
PER_0806,PH_1326,OWNS,,
PER_0507,VEH_0777,OWNS,,
PER_0194,ORG_0022,ASSOCIATED_WITH,,
ACC_0139,ACC_0981,TRANSACTED_WITH,2026-05-23T11:35:49Z,1318966.03
ACC_0538,ACC_0447,TRANSACTED_WITH,2025-07-16T20:23:19Z,1432505.76
ACC_0140,ACC_1155,TRANSACTED_WITH,2024-12-30T20:49:52Z,2498572.05
PH_0784,PH_0114,CALLED,2024-07-27T08:49:18Z,2283
ACC_0095,ACC_0190,TRANSACTED_WITH,2024-06-04T15:24:58Z,440209.8
CASE_0078,PER_0571,PARTICIPATED_IN,,
ACC_1199,ACC_0367,TRANSACTED_WITH,2025-10-03T21:29:43Z,1314968.49
PER_0302,PH_0218,OWNS,,
PH_0383,PH_0389,CALLED,2025-08-04T21:21:31Z,2946
ACC_0962,ACC_0049,TRANSACTED_WITH,2026-01-06T13:58:18Z,761140.38
ACC_0130,ACC_0748,TRANSACTED_WITH,2025-08-29T11:30:31Z,1610217.19
PER_0659,PH_0013,OWNS,,
CASE_0174,PER_0316,PARTICIPATED_IN,,
PH_0542,PH_1337,CALLED,2024-01-12T01:17:12Z,1711
PH_0488,PH_0572,CALLED,2025-12-07T00:21:30Z,1735
ACC_0737,ACC_1117,TRANSACTED_WITH,2023-12-07T07:02:03Z,2000449.28
PH_0875,PH_0291,CALLED,2025-01-06T14:56:16Z,443
PH_0539,PH_0392,CALLED,2024-11-25T22:17:04Z,2096
PH_1031,PH_0668,CALLED,2024-06-04T08:50:09Z,50
ACC_0269,ACC_0467,TRANSACTED_WITH,2023-08-12T22:55:40Z,2061607.83
PER_0742,ACC_0652,OWNS,,
PH_1241,PH_0195,CALLED,2024-08-18T06:26:07Z,3522
PH_0688,PH_0393,CALLED,2025-09-14T16:12:51Z,1916
CASE_0017,PER_0089,PARTICIPATED_IN,,
PH_0551,PH_0456,CALLED,2023-08-14T08:08:36Z,3012
PH_0240,PH_0245,CALLED,2025-04-16T15:11:53Z,2151
ACC_0447,ACC_0232,TRANSACTED_WITH,2024-04-04T20:56:01Z,1891923.73
ACC_1100,ACC_1136,TRANSACTED_WITH,2024-04-09T06:27:52Z,1955376.05
PER_0077,LOC_0087,ASSOCIATED_WITH,,
PH_0873,PH_1389,CALLED,2023-03-19T15:24:04Z,2628
PER_0896,LOC_0127,ASSOCIATED_WITH,,
ACC_0678,ACC_0531,TRANSACTED_WITH,2025-12-21T05:41:38Z,2194679.28
PER_0345,PH_0330,OWNS,,
PH_1199,PH_0907,CALLED,2024-09-22T15:46:20Z,256
PER_0874,PH_0374,OWNS,,
PH_1062,PH_0671,CALLED,2025-08-23T06:40:26Z,1634
PH_1216,PH_1157,CALLED,2024-08-06T11:41:34Z,2707
PH_0939,PH_0072,CALLED,2025-07-23T23:35:35Z,1454
PER_0328,ORG_0016,ASSOCIATED_WITH,,
PER_0274,ACC_0210,OWNS,,
PER_0744,LOC_0135,ASSOCIATED_WITH,,
ACC_1009,ACC_0383,TRANSACTED_WITH,2025-10-13T04:02:15Z,1974757.99
PER_0539,ACC_0115,OWNS,,
PH_0145,PH_0063,CALLED,2025-04-18T18:30:24Z,1112
PH_0302,PH_0813,CALLED,2025-10-23T01:58:50Z,2870
PER_0541,ORG_0068,ASSOCIATED_WITH,,
PER_0604,LOC_0133,ASSOCIATED_WITH,,
CASE_0035,PER_0262,PARTICIPATED_IN,,
ACC_0748,ACC_0030,TRANSACTED_WITH,2026-03-10T12:12:32Z,1633347.93
ACC_1097,ACC_1198,TRANSACTED_WITH,2025-11-23T13:14:24Z,1168431.01
PER_0666,ORG_0033,ASSOCIATED_WITH,,
PH_0875,PH_0535,CALLED,2024-05-13T04:03:41Z,1081
PH_1324,PH_0075,CALLED,2024-02-19T06:15:09Z,1323
ACC_0359,ACC_0233,TRANSACTED_WITH,2025-04-24T08:30:29Z,1628752.69
PH_0603,PH_1140,CALLED,2024-11-15T21:44:40Z,1686
PER_0091,ACC_0897,OWNS,,
PER_0026,PH_0249,OWNS,,
PH_0231,PH_1172,CALLED,2024-05-24T11:54:20Z,2508
PH_0136,PH_1358,CALLED,2023-03-12T04:44:08Z,844
PER_0659,LOC_0095,ASSOCIATED_WITH,,
PER_0991,ORG_0095,ASSOCIATED_WITH,,
ACC_1077,ACC_1104,TRANSACTED_WITH,2024-09-28T03:14:28Z,1509829.23
PER_0250,VEH_0148,OWNS,,
ACC_0687,ACC_0049,TRANSACTED_WITH,2024-04-30T01:20:14Z,1750183.67
ACC_1060,ACC_0228,TRANSACTED_WITH,2025-10-09T20:43:18Z,2209889.87
PH_0606,PH_1003,CALLED,2026-04-12T11:35:24Z,1511
PH_0402,PH_0551,CALLED,2026-02-02T05:43:01Z,2413
ACC_0887,ACC_0816,TRANSACTED_WITH,2024-09-18T16:43:48Z,1026044.52
PER_0349,LOC_0020,ASSOCIATED_WITH,,
PER_0865,VEH_0343,OWNS,,
ACC_0246,ACC_1124,TRANSACTED_WITH,2025-02-02T12:49:58Z,2165372.03
ACC_0907,ACC_0241,TRANSACTED_WITH,2023-05-26T04:11:00Z,1824645.44
PH_0015,PH_0626,CALLED,2024-06-11T04:21:54Z,32
ACC_0450,ACC_0427,TRANSACTED_WITH,2024-05-02T07:02:33Z,828844.34
PH_1344,PH_0224,CALLED,2023-02-20T15:31:42Z,2684
ACC_0620,ACC_0631,TRANSACTED_WITH,2023-06-08T01:47:55Z,1834376.96
ACC_0654,ACC_0660,TRANSACTED_WITH,2023-11-21T17:29:26Z,1896024.27
PH_0465,PH_0999,CALLED,2025-12-11T11:22:31Z,1672
PER_0783,LOC_0030,ASSOCIATED_WITH,,
PH_0628,PH_1223,CALLED,2026-04-30T20:18:03Z,359
PH_1061,PH_0636,CALLED,2024-10-24T04:49:37Z,2302
PH_0601,PH_0982,CALLED,2025-02-03T05:32:14Z,325
PH_0749,PH_0862,CALLED,2025-02-02T13:41:03Z,1954
PER_0414,ACC_0586,OWNS,,
PER_0042,PH_1284,OWNS,,
PH_1105,PH_0453,CALLED,2024-04-04T20:22:08Z,2295
ACC_0008,ACC_0312,TRANSACTED_WITH,2026-05-20T12:47:11Z,1289986.95
PER_0055,LOC_0080,ASSOCIATED_WITH,,
PH_1124,PH_1326,CALLED,2026-05-25T22:01:27Z,792
PER_0339,PH_0228,OWNS,,
ACC_1107,ACC_0792,TRANSACTED_WITH,2026-03-09T01:28:14Z,169333.47
PH_0494,PH_0427,CALLED,2026-07-09T21:33:02Z,1244
PER_0600,PH_1327,OWNS,,
ACC_0783,ACC_0260,TRANSACTED_WITH,2023-04-18T11:42:02Z,2444791.2
PER_0693,PH_0354,OWNS,,
ACC_0102,ACC_1098,TRANSACTED_WITH,2024-07-25T01:36:47Z,76498.96
ACC_0079,ACC_0889,TRANSACTED_WITH,2024-10-07T14:07:49Z,962669.06
ACC_0456,ACC_1005,TRANSACTED_WITH,2024-02-13T09:40:47Z,953713.44
PH_1151,PH_0850,CALLED,2023-11-02T06:50:49Z,170
PH_0080,PH_0112,CALLED,2023-05-30T06:20:53Z,1948
PH_1258,PH_0344,CALLED,2023-03-06T08:44:43Z,615
PH_1119,PH_1067,CALLED,2024-10-24T10:35:51Z,3450
PER_0342,ACC_0214,OWNS,,
PER_0849,LOC_0128,ASSOCIATED_WITH,,
ACC_0753,ACC_0033,TRANSACTED_WITH,2025-07-13T18:11:42Z,2018438.65
CASE_0220,PER_0070,PARTICIPATED_IN,,
PER_0394,PH_1182,OWNS,,
PH_0420,PH_0656,CALLED,2026-06-27T04:43:12Z,2202
PH_0619,PH_0675,CALLED,2026-07-11T21:42:01Z,525
PH_0416,PH_1099,CALLED,2025-11-01T05:31:30Z,3079
PH_0484,PH_0536,CALLED,2024-05-24T04:36:22Z,2392
ACC_0914,ACC_0988,TRANSACTED_WITH,2024-03-03T06:12:13Z,1619308.81
PH_0563,PH_1196,CALLED,2023-04-11T16:57:43Z,2811
ACC_0889,ACC_0122,TRANSACTED_WITH,2023-12-17T02:22:20Z,1205626.61
PER_0579,LOC_0055,ASSOCIATED_WITH,,
PER_0150,ACC_0688,OWNS,,
PER_0125,LOC_0116,ASSOCIATED_WITH,,
PER_0349,ORG_0021,ASSOCIATED_WITH,,
ACC_1040,ACC_0670,TRANSACTED_WITH,2023-02-01T12:11:33Z,2475495.59
PER_0974,PH_0225,OWNS,,
PH_1387,PH_0635,CALLED,2025-11-20T16:52:51Z,1896
PER_0954,LOC_0103,ASSOCIATED_WITH,,
PER_0624,PH_0503,OWNS,,
ACC_0484,ACC_0708,TRANSACTED_WITH,2023-12-14T15:07:22Z,1134959.6
PER_0295,PH_0851,OWNS,,
PER_0566,ACC_0328,OWNS,,
PH_0440,PH_0949,CALLED,2023-03-28T17:49:16Z,2641
PH_0489,PH_0661,CALLED,2024-11-29T17:45:30Z,2216
ACC_0643,ACC_0916,TRANSACTED_WITH,2025-06-22T23:36:33Z,1646779.9
PH_0549,PH_0587,CALLED,2025-12-04T21:14:58Z,1910
ACC_0022,ACC_1085,TRANSACTED_WITH,2023-06-01T07:35:23Z,405843.14
ACC_0279,ACC_0249,TRANSACTED_WITH,2025-12-16T09:18:00Z,1697732.86
ACC_0010,ACC_0288,TRANSACTED_WITH,2025-10-11T03:49:42Z,2027807.5
PER_0971,VEH_0350,OWNS,,
ACC_0097,ACC_0793,TRANSACTED_WITH,2025-01-13T17:06:40Z,864590.94
PH_0785,PH_0629,CALLED,2026-02-03T15:02:01Z,1300
PER_0184,PH_0482,OWNS,,
PER_0154,PH_0829,OWNS,,
PER_0129,ACC_0763,OWNS,,
CASE_0071,PER_0055,PARTICIPATED_IN,,
PH_1236,PH_0816,CALLED,2026-05-30T19:31:53Z,425
ACC_1010,ACC_0083,TRANSACTED_WITH,2023-09-18T06:27:48Z,2257996.11
PER_0338,ACC_0960,OWNS,,
ACC_1185,ACC_0662,TRANSACTED_WITH,2025-03-23T19:32:40Z,1591544.15
PH_0076,PH_0856,CALLED,2024-01-24T02:55:45Z,1098
PER_0469,LOC_0071,ASSOCIATED_WITH,,
PH_0844,PH_0521,CALLED,2026-03-12T23:12:47Z,1982
PH_0096,PH_1153,CALLED,2023-04-19T01:41:06Z,2220
PH_0088,PH_0863,CALLED,2026-06-24T17:00:42Z,2048
PER_0500,LOC_0022,ASSOCIATED_WITH,,
PH_0365,PH_0418,CALLED,2025-07-25T07:24:57Z,203
PH_0187,PH_1131,CALLED,2024-04-29T15:40:39Z,2433
PH_0324,PH_0289,CALLED,2024-10-02T09:53:31Z,2692
ACC_0044,ACC_0625,TRANSACTED_WITH,2023-09-22T06:53:21Z,316756.24
ACC_0184,ACC_1177,TRANSACTED_WITH,2025-11-24T07:32:43Z,1334115.32
ACC_1186,ACC_0927,TRANSACTED_WITH,2023-09-08T02:17:05Z,1023314.37
PER_0918,PH_0894,OWNS,,
PH_1057,PH_1369,CALLED,2023-05-25T23:34:13Z,2166
PH_1043,PH_0210,CALLED,2024-03-02T14:13:16Z,2499
ACC_0852,ACC_1148,TRANSACTED_WITH,2025-07-24T03:02:02Z,554628.61
PH_0507,PH_0896,CALLED,2024-08-20T19:09:16Z,1692
ACC_0906,ACC_0873,TRANSACTED_WITH,2026-01-30T02:38:44Z,424536.87
PH_0368,PH_1242,CALLED,2025-03-30T22:18:48Z,615
PH_0163,PH_0717,CALLED,2026-02-25T08:20:01Z,1891
PER_0670,PH_0721,OWNS,,
CASE_0085,PER_0553,PARTICIPATED_IN,,
PER_0569,ORG_0039,ASSOCIATED_WITH,,
PH_1196,PH_0600,CALLED,2025-01-28T23:11:02Z,3597
PER_0972,ACC_0994,OWNS,,
ACC_0074,ACC_1062,TRANSACTED_WITH,2025-12-15T09:14:30Z,179056.58
ACC_0024,ACC_0768,TRANSACTED_WITH,2024-03-21T00:31:47Z,1895405.25
PER_0536,VEH_0706,OWNS,,
ACC_0230,ACC_0430,TRANSACTED_WITH,2023-02-28T01:07:36Z,2277333.07
PH_1028,PH_1005,CALLED,2023-10-15T10:13:52Z,1917
ACC_0939,ACC_0838,TRANSACTED_WITH,2025-05-31T07:47:31Z,449600.5
ACC_0848,ACC_0427,TRANSACTED_WITH,2023-04-16T12:24:07Z,1273122.09
PER_0909,PH_0580,OWNS,,
PER_0233,VEH_0147,OWNS,,
PH_0838,PH_1242,CALLED,2024-10-07T07:31:38Z,1841
PER_0930,ACC_1174,OWNS,,
PER_0450,LOC_0119,ASSOCIATED_WITH,,
ACC_0675,ACC_0740,TRANSACTED_WITH,2024-01-02T04:17:21Z,2289699.97
ACC_0466,ACC_0951,TRANSACTED_WITH,2024-08-20T17:41:52Z,755528.52
PH_0112,PH_0052,CALLED,2024-09-17T07:53:32Z,2511
PH_0854,PH_0651,CALLED,2024-08-26T03:56:13Z,1424
ACC_0275,ACC_0697,TRANSACTED_WITH,2023-12-28T16:44:09Z,1834334.39
PH_0846,PH_1289,CALLED,2023-05-25T05:10:40Z,160
PER_0746,ORG_0019,ASSOCIATED_WITH,,
PH_0459,PH_0895,CALLED,2025-12-27T22:11:51Z,2500
PER_0555,ACC_0532,OWNS,,
PER_0981,LOC_0003,ASSOCIATED_WITH,,
PER_0941,VEH_0329,OWNS,,
PH_0338,PH_1113,CALLED,2025-07-15T11:48:47Z,5
ACC_0520,ACC_0589,TRANSACTED_WITH,2026-03-12T04:35:54Z,163991.45
ACC_1116,ACC_1086,TRANSACTED_WITH,2023-09-30T17:33:55Z,506756.55
PER_0095,ACC_0247,OWNS,,
CASE_0206,PER_0926,PARTICIPATED_IN,,
PER_0796,LOC_0079,ASSOCIATED_WITH,,
ACC_0252,ACC_0041,TRANSACTED_WITH,2026-03-16T19:53:33Z,1831397.1
PER_0272,ACC_0493,OWNS,,
PER_0634,LOC_0142,ASSOCIATED_WITH,,
CASE_0069,PER_0617,PARTICIPATED_IN,,
PER_0799,LOC_0114,ASSOCIATED_WITH,,
ACC_1038,ACC_0377,TRANSACTED_WITH,2023-01-17T04:27:04Z,250837.39
PER_0360,PH_0808,OWNS,,
ACC_1137,ACC_0922,TRANSACTED_WITH,2025-02-04T12:39:43Z,1099073.19
ACC_0062,ACC_0304,TRANSACTED_WITH,2025-03-14T14:51:32Z,1984833.65
ACC_0832,ACC_0694,TRANSACTED_WITH,2024-04-06T01:18:59Z,2404843.84
PER_0056,VEH_0214,OWNS,,
PER_0836,ACC_0864,OWNS,,
ACC_0525,ACC_0113,TRANSACTED_WITH,2025-01-04T13:07:14Z,1650130.82
PH_1230,PH_0160,CALLED,2023-03-19T10:32:49Z,605
PER_0880,PH_1239,OWNS,,
PER_0812,ORG_0113,ASSOCIATED_WITH,,
CASE_0246,PER_0460,PARTICIPATED_IN,,
PER_0320,LOC_0040,ASSOCIATED_WITH,,
PER_0537,LOC_0070,ASSOCIATED_WITH,,
PER_0336,ORG_0113,ASSOCIATED_WITH,,
CASE_0030,PER_0989,PARTICIPATED_IN,,
PH_1314,PH_0612,CALLED,2026-06-23T14:30:00Z,2032
PER_0644,ACC_0500,OWNS,,
PH_0939,PH_1160,CALLED,2024-05-01T19:51:18Z,2915
PER_0270,PH_0637,OWNS,,
PER_0592,VEH_0142,OWNS,,
ACC_0343,ACC_0879,TRANSACTED_WITH,2026-07-24T07:50:39Z,419972.07
PH_0613,PH_0128,CALLED,2023-08-06T09:24:12Z,2578
ACC_0523,ACC_0695,TRANSACTED_WITH,2024-02-19T06:01:43Z,1818870.51
PER_0535,ORG_0106,ASSOCIATED_WITH,,
ACC_0604,ACC_0265,TRANSACTED_WITH,2023-12-08T02:33:21Z,1626056.54
PER_0208,LOC_0080,ASSOCIATED_WITH,,
ACC_0514,ACC_0316,TRANSACTED_WITH,2024-11-05T11:07:17Z,195967.93
PH_0903,PH_1321,CALLED,2023-12-09T03:53:31Z,1216
ACC_0533,ACC_0303,TRANSACTED_WITH,2026-04-25T15:39:33Z,1819837.43
PH_0157,PH_0362,CALLED,2025-04-04T22:30:11Z,2527
PER_0686,PH_0149,OWNS,,
PER_0016,ACC_0662,OWNS,,
ACC_0909,ACC_0038,TRANSACTED_WITH,2023-12-05T02:41:18Z,2320261.55
PH_0097,PH_0168,CALLED,2025-09-02T19:53:59Z,1375
ACC_1038,ACC_0463,TRANSACTED_WITH,2024-11-29T14:32:06Z,689986.71
PH_0960,PH_0904,CALLED,2025-09-18T22:47:24Z,3530
ACC_0601,ACC_0506,TRANSACTED_WITH,2026-01-10T13:57:40Z,1591663.67
ACC_0048,ACC_0092,TRANSACTED_WITH,2024-04-30T23:40:06Z,950265.11
PH_1206,PH_0079,CALLED,2024-09-22T01:15:12Z,1807
PH_0061,PH_0974,CALLED,2024-05-24T19:11:08Z,773
PER_0126,ORG_0017,ASSOCIATED_WITH,,
PH_0105,PH_0981,CALLED,2024-06-17T20:37:02Z,873
ACC_0978,ACC_0803,TRANSACTED_WITH,2026-07-08T22:05:51Z,1988779.29
PH_0834,PH_0694,CALLED,2025-02-27T18:24:41Z,1542
ACC_0574,ACC_1019,TRANSACTED_WITH,2025-02-21T13:59:12Z,1833363.03
ACC_1131,ACC_0477,TRANSACTED_WITH,2025-11-07T02:03:00Z,1696161.76
PER_0620,ORG_0075,ASSOCIATED_WITH,,
PH_0209,PH_1259,CALLED,2026-07-06T09:45:01Z,2436
PH_0222,PH_1263,CALLED,2025-04-20T14:15:33Z,2047
PH_0714,PH_0208,CALLED,2023-11-08T03:54:01Z,2108
PER_0716,PH_1165,OWNS,,
PER_0785,PH_0301,OWNS,,
PER_0118,LOC_0100,ASSOCIATED_WITH,,
PH_0597,PH_0087,CALLED,2026-01-22T01:44:42Z,2820
PER_0411,LOC_0011,ASSOCIATED_WITH,,
ACC_0831,ACC_0874,TRANSACTED_WITH,2023-06-09T07:38:30Z,1678392.66
ACC_1138,ACC_0035,TRANSACTED_WITH,2025-05-16T02:15:57Z,1302367.97
CASE_0055,PER_0022,PARTICIPATED_IN,,
ACC_0136,ACC_0016,TRANSACTED_WITH,2025-05-25T01:55:23Z,1177269.69
ACC_0604,ACC_1085,TRANSACTED_WITH,2024-09-07T23:34:53Z,1369963.88
ACC_0570,ACC_1186,TRANSACTED_WITH,2023-08-20T09:48:30Z,1724309.59
ACC_1193,ACC_0375,TRANSACTED_WITH,2024-04-27T10:54:04Z,1189668.2
PER_0477,LOC_0055,ASSOCIATED_WITH,,
PER_0237,PH_0532,OWNS,,
PER_0852,PH_1173,OWNS,,
PER_0565,PH_0537,OWNS,,
PER_0554,LOC_0103,ASSOCIATED_WITH,,
PH_0586,PH_0042,CALLED,2024-02-14T21:52:48Z,322
PER_0725,VEH_0082,OWNS,,
PER_0256,VEH_0103,OWNS,,
PER_0499,ORG_0010,ASSOCIATED_WITH,,
PH_0049,PH_1111,CALLED,2023-02-04T09:04:18Z,1976
PH_0492,PH_1194,CALLED,2023-04-04T06:02:03Z,812
PER_0218,ORG_0062,ASSOCIATED_WITH,,
PER_0839,PH_0146,OWNS,,
PER_0793,LOC_0047,ASSOCIATED_WITH,,
ACC_0924,ACC_0063,TRANSACTED_WITH,2026-04-27T20:53:30Z,709781.18
PH_0310,PH_1208,CALLED,2026-06-14T16:32:07Z,1337
PER_0484,ACC_1021,OWNS,,
PER_0446,PH_0271,OWNS,,
PH_1288,PH_0474,CALLED,2025-08-18T16:48:18Z,1745
PER_0187,PH_1113,OWNS,,
PER_0667,PH_0512,OWNS,,
PER_0123,LOC_0146,ASSOCIATED_WITH,,
ACC_0226,ACC_0739,TRANSACTED_WITH,2025-10-09T07:54:28Z,2171716.16
PER_0446,LOC_0054,ASSOCIATED_WITH,,
ACC_0136,ACC_1092,TRANSACTED_WITH,2024-05-16T23:02:56Z,277816.91
PH_1105,PH_1339,CALLED,2026-07-12T01:43:57Z,919
PH_0943,PH_1074,CALLED,2023-05-04T05:41:27Z,3013
CASE_0179,PER_0955,PARTICIPATED_IN,,
PER_0566,ORG_0119,ASSOCIATED_WITH,,
ACC_1101,ACC_0404,TRANSACTED_WITH,2025-01-04T00:37:32Z,796769.98
PER_0058,ACC_1037,OWNS,,
PH_0496,PH_0980,CALLED,2024-06-28T07:20:59Z,1477
PH_0361,PH_1297,CALLED,2024-02-13T02:11:42Z,2745
CASE_0149,PER_0560,PARTICIPATED_IN,,
PH_0101,PH_0268,CALLED,2024-11-09T15:08:14Z,2659
ACC_0637,ACC_0968,TRANSACTED_WITH,2025-09-11T10:46:59Z,1616910.7
CASE_0214,PER_0170,PARTICIPATED_IN,,
PH_1031,PH_0985,CALLED,2024-07-29T14:37:38Z,2045
PH_0015,PH_1171,CALLED,2025-12-12T13:02:58Z,185
PER_0893,LOC_0093,ASSOCIATED_WITH,,
PER_0463,VEH_0057,OWNS,,
PER_0184,ACC_1135,OWNS,,
PER_0478,ACC_1168,OWNS,,
ACC_0353,ACC_0072,TRANSACTED_WITH,2025-08-06T07:10:56Z,1936039.51
ACC_0292,ACC_0028,TRANSACTED_WITH,2024-03-14T22:43:57Z,806444.6
ACC_0769,ACC_0624,TRANSACTED_WITH,2023-09-01T20:02:13Z,313550.58
PH_0426,PH_0048,CALLED,2026-05-22T17:11:43Z,745
PER_0678,LOC_0111,ASSOCIATED_WITH,,
CASE_0244,PER_0172,PARTICIPATED_IN,,
PER_0605,ACC_0328,OWNS,,
ACC_0529,ACC_0312,TRANSACTED_WITH,2025-06-14T16:23:52Z,786122.6
ACC_0579,ACC_1188,TRANSACTED_WITH,2024-01-19T13:39:17Z,712017.25
PER_0980,ACC_0132,OWNS,,
PH_0570,PH_1231,CALLED,2025-03-16T23:46:14Z,215
PER_0947,ACC_1042,OWNS,,
PER_0161,ORG_0078,ASSOCIATED_WITH,,
PER_0210,LOC_0025,ASSOCIATED_WITH,,
PER_0557,ORG_0014,ASSOCIATED_WITH,,
PER_0265,PH_0133,OWNS,,
CASE_0088,PER_0249,PARTICIPATED_IN,,
PH_1135,PH_1050,CALLED,2023-11-23T14:43:42Z,2264
ACC_0609,ACC_0679,TRANSACTED_WITH,2025-08-02T05:50:08Z,1715422.07
CASE_0147,PER_0290,PARTICIPATED_IN,,
PER_0560,LOC_0087,ASSOCIATED_WITH,,
PH_0339,PH_1265,CALLED,2023-03-27T16:25:08Z,3062
ACC_0751,ACC_0081,TRANSACTED_WITH,2023-10-21T09:07:29Z,1099841.44
ACC_0573,ACC_0249,TRANSACTED_WITH,2024-01-31T13:47:50Z,1449012.59
PER_0864,ORG_0003,ASSOCIATED_WITH,,
PER_0294,LOC_0042,ASSOCIATED_WITH,,
PER_0918,ACC_1144,OWNS,,
PER_0295,ACC_0142,OWNS,,
PH_1043,PH_0530,CALLED,2025-04-23T09:45:53Z,3480
PER_0043,PH_0882,OWNS,,
PH_0055,PH_0093,CALLED,2025-05-17T05:27:56Z,1339
PER_1000,ORG_0003,ASSOCIATED_WITH,,
ACC_0847,ACC_1142,TRANSACTED_WITH,2023-07-04T15:43:06Z,406831.21
PER_0293,LOC_0039,ASSOCIATED_WITH,,
ACC_1128,ACC_0709,TRANSACTED_WITH,2023-10-29T11:21:05Z,1322598.87
PER_0714,PH_0874,OWNS,,
PH_1266,PH_0607,CALLED,2023-06-19T00:04:26Z,2809
CASE_0244,PER_0766,PARTICIPATED_IN,,
PER_0916,LOC_0014,ASSOCIATED_WITH,,
PER_0211,ACC_0171,OWNS,,
PER_0294,ORG_0090,ASSOCIATED_WITH,,
ACC_0755,ACC_1169,TRANSACTED_WITH,2023-04-19T21:50:14Z,1939489.55
ACC_0692,ACC_0559,TRANSACTED_WITH,2025-02-08T09:21:53Z,1861937.08
PER_0971,ACC_1045,OWNS,,
PH_1355,PH_0599,CALLED,2024-09-11T00:34:52Z,1666
PER_0547,PH_0614,OWNS,,
PER_0868,LOC_0063,ASSOCIATED_WITH,,
PER_0881,LOC_0061,ASSOCIATED_WITH,,
PER_0837,LOC_0122,ASSOCIATED_WITH,,
PER_0241,LOC_0103,ASSOCIATED_WITH,,
PH_0897,PH_0329,CALLED,2024-10-17T16:39:19Z,3566
PH_0482,PH_1299,CALLED,2025-11-30T01:54:46Z,1639
ACC_0268,ACC_0445,TRANSACTED_WITH,2024-01-21T14:57:32Z,1281506.35
PER_0514,LOC_0126,ASSOCIATED_WITH,,
PH_1287,PH_0348,CALLED,2023-10-09T11:44:07Z,2814
PER_0986,PH_1067,OWNS,,
PH_0238,PH_0105,CALLED,2025-06-07T22:48:52Z,1662
ACC_0244,ACC_0604,TRANSACTED_WITH,2026-05-20T11:40:04Z,552344.49
PER_0559,LOC_0128,ASSOCIATED_WITH,,
PER_0164,ORG_0087,ASSOCIATED_WITH,,
PH_0424,PH_1280,CALLED,2026-05-13T07:32:17Z,851
PH_0946,PH_0759,CALLED,2024-10-13T06:53:34Z,3462
CASE_0172,PER_0685,PARTICIPATED_IN,,
PH_0070,PH_0509,CALLED,2026-01-03T03:14:24Z,1989
PER_0282,PH_0203,OWNS,,
PER_0052,LOC_0014,ASSOCIATED_WITH,,
PH_0652,PH_0328,CALLED,2024-05-07T13:22:11Z,556
PH_0117,PH_1048,CALLED,2023-06-16T04:57:51Z,1371
ACC_0939,ACC_0748,TRANSACTED_WITH,2026-01-20T17:32:53Z,2093335.76
PER_0708,ACC_1181,OWNS,,
PH_1094,PH_0320,CALLED,2024-08-25T20:13:12Z,680
PH_1008,PH_0227,CALLED,2023-12-08T07:59:15Z,1958
PER_0194,LOC_0133,ASSOCIATED_WITH,,
ACC_1155,ACC_0377,TRANSACTED_WITH,2024-08-06T19:46:46Z,1270689.65
PER_0631,LOC_0021,ASSOCIATED_WITH,,
PH_0787,PH_0258,CALLED,2023-09-17T23:46:08Z,1681
PER_0481,LOC_0006,ASSOCIATED_WITH,,
PH_0793,PH_0851,CALLED,2023-01-24T22:52:13Z,3162
PER_0579,LOC_0133,ASSOCIATED_WITH,,
ACC_0120,ACC_0166,TRANSACTED_WITH,2024-01-12T17:05:50Z,516546.51
PH_0745,PH_0335,CALLED,2026-02-19T20:44:59Z,3527
PER_0268,LOC_0079,ASSOCIATED_WITH,,
PER_0107,LOC_0103,ASSOCIATED_WITH,,
PER_0632,PH_1190,OWNS,,
PH_0662,PH_0857,CALLED,2025-08-20T14:34:08Z,2309
PH_0493,PH_0213,CALLED,2026-07-25T10:08:18Z,3143
PER_0095,LOC_0127,ASSOCIATED_WITH,,
PER_0348,VEH_0134,OWNS,,
ACC_1105,ACC_0016,TRANSACTED_WITH,2026-05-26T01:39:52Z,938715.76
PH_0374,PH_0806,CALLED,2024-04-24T08:13:32Z,2615
ACC_0260,ACC_0195,TRANSACTED_WITH,2023-11-23T13:31:59Z,1198526.57
ACC_0434,ACC_0215,TRANSACTED_WITH,2023-12-13T14:03:23Z,313566.29
PER_0945,PH_0203,OWNS,,
ACC_0287,ACC_0536,TRANSACTED_WITH,2025-08-22T18:57:47Z,1984238.6
PH_1180,PH_1340,CALLED,2025-11-10T10:54:42Z,2561
PER_0541,PH_0515,OWNS,,
PH_1307,PH_0037,CALLED,2026-07-23T11:02:56Z,3115
CASE_0237,PER_0873,PARTICIPATED_IN,,
PH_0698,PH_0885,CALLED,2026-05-27T09:35:54Z,2757
PER_0375,VEH_0543,OWNS,,
ACC_0079,ACC_0113,TRANSACTED_WITH,2023-01-07T10:07:43Z,488256.11
ACC_0949,ACC_0180,TRANSACTED_WITH,2025-11-25T08:40:09Z,1024821.71
ACC_0374,ACC_0888,TRANSACTED_WITH,2024-10-13T23:14:41Z,1539230.31
ACC_0145,ACC_0596,TRANSACTED_WITH,2024-12-09T19:18:13Z,1581247.69
PER_0753,LOC_0053,ASSOCIATED_WITH,,
PH_0792,PH_0932,CALLED,2023-01-26T02:30:32Z,2675
PH_0510,PH_1086,CALLED,2023-03-29T07:09:45Z,3257
PER_0957,LOC_0055,ASSOCIATED_WITH,,
PER_0509,ACC_0940,OWNS,,
PH_0612,PH_0323,CALLED,2024-08-24T12:01:03Z,3299
ACC_1055,ACC_0251,TRANSACTED_WITH,2024-10-25T22:52:30Z,897416.39
PH_1294,PH_1313,CALLED,2023-08-14T09:33:30Z,1957
PH_0995,PH_0933,CALLED,2025-01-20T17:49:06Z,1560
CASE_0026,PER_0602,PARTICIPATED_IN,,
PER_0771,LOC_0079,ASSOCIATED_WITH,,
CASE_0156,PER_0454,PARTICIPATED_IN,,
PH_0898,PH_0472,CALLED,2024-08-12T23:22:31Z,1324
PH_1351,PH_0171,CALLED,2025-07-18T22:21:18Z,2855
PER_0643,LOC_0025,ASSOCIATED_WITH,,
PER_0519,ORG_0055,ASSOCIATED_WITH,,
ACC_1041,ACC_0110,TRANSACTED_WITH,2025-10-23T23:24:38Z,2459022.12
PER_0382,LOC_0003,ASSOCIATED_WITH,,
PH_0380,PH_0708,CALLED,2026-06-10T03:35:44Z,1958
PH_1050,PH_1077,CALLED,2024-01-20T16:27:12Z,1368
PH_0384,PH_0355,CALLED,2023-05-21T01:54:00Z,1743
PH_0313,PH_0152,CALLED,2023-10-19T06:24:33Z,3583
PER_0607,LOC_0111,ASSOCIATED_WITH,,
PH_0544,PH_1177,CALLED,2023-07-01T21:10:42Z,2001
ACC_1032,ACC_0293,TRANSACTED_WITH,2026-07-01T22:28:06Z,1572924.61
PH_1063,PH_0905,CALLED,2025-01-25T19:00:11Z,388
ACC_0792,ACC_0080,TRANSACTED_WITH,2026-06-22T19:01:40Z,1992218.01
PH_0420,PH_0778,CALLED,2025-07-22T12:55:07Z,1287
PER_0563,ACC_0725,OWNS,,
PH_0115,PH_0929,CALLED,2023-04-01T15:41:16Z,770
ACC_1093,ACC_0653,TRANSACTED_WITH,2024-05-17T17:19:33Z,2171287.95
ACC_0548,ACC_0027,TRANSACTED_WITH,2025-07-07T13:09:54Z,2440571.65
PER_0485,ACC_0081,OWNS,,
PH_0597,PH_0162,CALLED,2024-10-15T00:35:06Z,1174
PH_0938,PH_0652,CALLED,2023-10-15T17:21:39Z,2453
ACC_1051,ACC_0512,TRANSACTED_WITH,2024-03-04T04:39:46Z,617240.35
PH_0594,PH_1167,CALLED,2024-01-18T02:41:27Z,478
PH_0581,PH_0846,CALLED,2025-01-19T06:47:47Z,295
PH_0329,PH_1039,CALLED,2026-03-19T23:50:52Z,2146
PER_0952,ORG_0028,ASSOCIATED_WITH,,
PER_0261,LOC_0068,ASSOCIATED_WITH,,
PER_0820,ACC_0354,OWNS,,
PER_0741,ORG_0030,ASSOCIATED_WITH,,
PER_0663,LOC_0131,ASSOCIATED_WITH,,
CASE_0125,PER_0834,PARTICIPATED_IN,,
PER_0026,LOC_0144,ASSOCIATED_WITH,,
PER_0244,VEH_0548,OWNS,,
PER_0667,ACC_0725,OWNS,,
PH_1240,PH_0291,CALLED,2024-03-14T02:31:19Z,1628
PER_0523,ORG_0094,ASSOCIATED_WITH,,
PH_0239,PH_0781,CALLED,2024-06-18T11:50:54Z,538
CASE_0117,PER_0442,PARTICIPATED_IN,,
PER_0382,ACC_0903,OWNS,,
PH_0157,PH_0110,CALLED,2023-05-12T18:59:57Z,372
ACC_0779,ACC_0379,TRANSACTED_WITH,2025-03-02T05:21:41Z,2019270.05
PH_1001,PH_0509,CALLED,2025-01-02T00:50:38Z,520
PH_0842,PH_1101,CALLED,2024-06-25T20:41:31Z,1936
PER_0103,PH_0310,OWNS,,
PER_0970,LOC_0053,ASSOCIATED_WITH,,
PH_0602,PH_0736,CALLED,2023-11-09T14:59:11Z,2274
PH_0443,PH_0386,CALLED,2023-10-24T04:34:03Z,356
ACC_0382,ACC_0537,TRANSACTED_WITH,2025-04-28T18:21:26Z,1452944.6
ACC_1145,ACC_0815,TRANSACTED_WITH,2025-10-07T07:23:14Z,421384.16
PH_0134,PH_0591,CALLED,2024-04-29T07:23:52Z,3310
ACC_0612,ACC_0110,TRANSACTED_WITH,2024-11-07T11:41:29Z,2419348.96
PH_1264,PH_1068,CALLED,2025-10-02T03:36:52Z,2064
PH_1307,PH_0413,CALLED,2024-06-09T00:21:00Z,2327
PER_0862,PH_0053,OWNS,,
PER_0204,ACC_0558,OWNS,,
PER_0720,LOC_0084,ASSOCIATED_WITH,,
PH_1040,PH_1155,CALLED,2026-01-01T11:16:34Z,2827
PER_0023,LOC_0055,ASSOCIATED_WITH,,
PER_0635,LOC_0078,ASSOCIATED_WITH,,
PH_1158,PH_0343,CALLED,2023-08-30T17:32:41Z,1340
PH_1037,PH_0077,CALLED,2025-07-16T21:42:50Z,1300
PER_0839,PH_0056,OWNS,,
PER_0783,PH_0229,OWNS,,
PH_1075,PH_0030,CALLED,2023-09-19T21:52:28Z,979
ACC_0980,ACC_0926,TRANSACTED_WITH,2024-04-06T05:21:54Z,767948.91
ACC_0879,ACC_0694,TRANSACTED_WITH,2025-12-02T14:36:13Z,2164385.99
PH_0564,PH_0201,CALLED,2023-10-16T23:59:45Z,1184
PER_0834,PH_0635,OWNS,,
CASE_0033,PER_0202,PARTICIPATED_IN,,
PH_0407,PH_0957,CALLED,2023-05-15T05:50:44Z,2021
CASE_0166,PER_0454,PARTICIPATED_IN,,
PER_0358,PH_0371,OWNS,,
PER_0115,LOC_0090,ASSOCIATED_WITH,,
PER_0976,PH_0951,OWNS,,
ACC_0633,ACC_0130,TRANSACTED_WITH,2025-03-29T19:59:12Z,122184.22
ACC_0137,ACC_0946,TRANSACTED_WITH,2023-02-13T16:43:02Z,296286.76
PER_0968,ORG_0033,ASSOCIATED_WITH,,
PER_0743,PH_1246,OWNS,,
PER_0433,ORG_0003,ASSOCIATED_WITH,,
PH_0934,PH_0669,CALLED,2023-05-08T07:08:50Z,1423
ACC_1150,ACC_0902,TRANSACTED_WITH,2024-05-05T21:31:46Z,1192847.45
PH_1292,PH_0087,CALLED,2026-03-23T16:22:40Z,2886
ACC_1171,ACC_0826,TRANSACTED_WITH,2023-01-17T20:49:59Z,1382194.03
ACC_1089,ACC_0778,TRANSACTED_WITH,2024-11-05T14:45:05Z,1776850.01
ACC_0884,ACC_0223,TRANSACTED_WITH,2025-10-10T12:08:11Z,591809.9
PER_0854,PH_0880,OWNS,,
PH_0996,PH_0165,CALLED,2023-02-16T09:52:13Z,3398
PER_0641,PH_0308,OWNS,,
PH_1052,PH_1000,CALLED,2023-10-20T01:25:43Z,596
PER_0472,ACC_0311,OWNS,,
ACC_0990,ACC_0210,TRANSACTED_WITH,2025-07-28T18:05:16Z,1954313.59
ACC_0530,ACC_1126,TRANSACTED_WITH,2025-06-17T02:35:24Z,1373070.94
PER_0161,ACC_0758,OWNS,,
PH_0715,PH_1289,CALLED,2025-04-17T01:34:05Z,218
ACC_1049,ACC_1153,TRANSACTED_WITH,2023-02-11T10:52:36Z,2209221.83
PH_1392,PH_0993,CALLED,2023-09-09T08:12:34Z,659
PH_0928,PH_1181,CALLED,2024-05-07T17:59:52Z,2240
PER_0603,LOC_0003,ASSOCIATED_WITH,,
PER_0071,LOC_0097,ASSOCIATED_WITH,,
ACC_0339,ACC_0354,TRANSACTED_WITH,2025-06-12T19:34:48Z,810102.35
PER_0252,PH_0430,OWNS,,
PER_0810,LOC_0068,ASSOCIATED_WITH,,
ACC_1066,ACC_0030,TRANSACTED_WITH,2023-04-01T22:46:50Z,1008620.21
PH_1210,PH_1018,CALLED,2026-05-10T20:40:20Z,3071
PH_0803,PH_1143,CALLED,2024-08-24T22:30:51Z,1845
PER_0215,LOC_0048,ASSOCIATED_WITH,,
ACC_0884,ACC_0552,TRANSACTED_WITH,2025-11-05T16:26:13Z,2255738.0
PER_0502,LOC_0002,ASSOCIATED_WITH,,
PER_0826,PH_1289,OWNS,,
PH_0063,PH_0393,CALLED,2023-05-20T06:17:06Z,2679
PH_0457,PH_0588,CALLED,2023-11-14T19:07:17Z,1091
PH_0599,PH_0144,CALLED,2023-12-12T23:02:20Z,3188
PH_0337,PH_0303,CALLED,2023-11-23T19:18:39Z,1911
PER_0521,ACC_0180,OWNS,,
PER_0391,LOC_0128,ASSOCIATED_WITH,,
PH_0549,PH_0147,CALLED,2026-04-10T01:18:59Z,1610
PH_0794,PH_1221,CALLED,2024-03-18T22:50:25Z,3275
PH_0005,PH_0317,CALLED,2023-01-26T20:06:22Z,1645
ACC_0297,ACC_0599,TRANSACTED_WITH,2024-10-11T01:32:29Z,202756.1
ACC_0030,ACC_1165,TRANSACTED_WITH,2024-07-27T09:06:52Z,615828.46
PER_0613,ORG_0089,ASSOCIATED_WITH,,
PH_0069,PH_0355,CALLED,2024-08-26T22:31:43Z,706
PER_0457,ACC_0916,OWNS,,
PH_1092,PH_0401,CALLED,2025-07-11T16:02:53Z,775
PH_1045,PH_1152,CALLED,2026-05-21T20:27:27Z,2403
PH_0091,PH_0802,CALLED,2024-08-30T11:09:35Z,2881
ACC_0400,ACC_0847,TRANSACTED_WITH,2024-10-02T05:26:27Z,936786.75
ACC_0057,ACC_0073,TRANSACTED_WITH,2024-08-08T03:17:47Z,304910.89
ACC_0460,ACC_0025,TRANSACTED_WITH,2023-03-25T19:54:07Z,1931421.45
PER_0706,PH_0312,OWNS,,
PER_0378,PH_0843,OWNS,,
CASE_0028,PER_0048,PARTICIPATED_IN,,
PER_0607,PH_1043,OWNS,,
PH_0993,PH_0504,CALLED,2024-02-09T00:53:04Z,3319
PER_0550,PH_0548,OWNS,,
PER_0498,VEH_0513,OWNS,,
PH_0182,PH_1290,CALLED,2026-05-02T01:25:53Z,2717
PH_0693,PH_0455,CALLED,2024-01-28T05:13:55Z,2809
PER_0540,LOC_0114,ASSOCIATED_WITH,,
PER_0657,PH_1334,OWNS,,
ACC_0671,ACC_0291,TRANSACTED_WITH,2024-12-14T12:22:58Z,1470047.9
PER_0910,VEH_0082,OWNS,,
ACC_0045,ACC_0643,TRANSACTED_WITH,2024-03-21T23:51:19Z,477610.52
PER_0203,ORG_0038,ASSOCIATED_WITH,,
PH_0132,PH_0077,CALLED,2025-05-26T15:47:28Z,2510
PER_0014,LOC_0061,ASSOCIATED_WITH,,
ACC_0285,ACC_0132,TRANSACTED_WITH,2023-02-05T10:50:52Z,713089.57
PH_1056,PH_1331,CALLED,2023-12-10T09:55:11Z,1080
PER_0453,LOC_0127,ASSOCIATED_WITH,,
PER_0723,VEH_0647,OWNS,,
ACC_1007,ACC_0355,TRANSACTED_WITH,2026-04-28T18:19:22Z,1918629.18
PH_1241,PH_1351,CALLED,2026-06-19T10:02:50Z,3010
PH_1222,PH_0112,CALLED,2023-02-02T18:59:19Z,2559
PER_0352,LOC_0060,ASSOCIATED_WITH,,
PH_0082,PH_1325,CALLED,2023-10-21T16:04:54Z,1193
PH_0362,PH_0220,CALLED,2023-09-28T08:32:23Z,2430
ACC_0440,ACC_0580,TRANSACTED_WITH,2023-02-26T18:29:06Z,1867545.22
ACC_0691,ACC_0747,TRANSACTED_WITH,2023-08-31T21:59:12Z,2061310.4
PER_0427,ACC_0219,OWNS,,
PER_0461,PH_0156,OWNS,,
PER_0543,ACC_0716,OWNS,,
PER_0161,PH_1157,OWNS,,
PER_0465,LOC_0102,ASSOCIATED_WITH,,
PH_1076,PH_0618,CALLED,2023-08-15T23:01:22Z,77
PER_0197,ORG_0063,ASSOCIATED_WITH,,
ACC_0127,ACC_0579,TRANSACTED_WITH,2024-07-22T07:39:19Z,1917051.05
PER_0247,LOC_0030,ASSOCIATED_WITH,,
PH_1362,PH_1070,CALLED,2025-09-07T22:44:24Z,3397
PH_1199,PH_1014,CALLED,2025-11-09T17:59:39Z,2167
ACC_1109,ACC_1025,TRANSACTED_WITH,2025-07-04T20:26:00Z,848688.86
PH_1211,PH_0749,CALLED,2025-04-19T13:24:11Z,973
CASE_0085,PER_0634,PARTICIPATED_IN,,
PER_0422,ORG_0091,ASSOCIATED_WITH,,
ACC_0144,ACC_0887,TRANSACTED_WITH,2023-09-01T20:13:54Z,1672717.96
PER_0270,LOC_0001,ASSOCIATED_WITH,,
PH_0494,PH_1176,CALLED,2023-04-26T15:19:27Z,111
PER_0299,PH_0515,OWNS,,
PH_0716,PH_0169,CALLED,2026-05-23T21:06:47Z,782
ACC_0441,ACC_0221,TRANSACTED_WITH,2023-07-09T10:39:19Z,1731100.31
ACC_0428,ACC_0160,TRANSACTED_WITH,2025-04-08T08:18:11Z,760841.82
PH_0848,PH_0175,CALLED,2025-01-04T15:46:52Z,1789
PER_0431,LOC_0042,ASSOCIATED_WITH,,
PH_0227,PH_1203,CALLED,2023-07-30T19:54:36Z,2715
PH_0297,PH_0994,CALLED,2025-11-24T21:08:14Z,117
PH_0884,PH_1013,CALLED,2025-02-09T04:06:45Z,3501
PH_1322,PH_1040,CALLED,2024-07-03T20:25:28Z,325
PH_1291,PH_0409,CALLED,2023-04-30T23:26:15Z,2780
PH_0615,PH_0520,CALLED,2026-01-12T10:01:05Z,3356
PH_0237,PH_0290,CALLED,2023-05-21T23:29:11Z,895
PER_0606,LOC_0121,ASSOCIATED_WITH,,
CASE_0022,PER_0404,PARTICIPATED_IN,,
PH_1096,PH_0725,CALLED,2023-06-26T17:40:51Z,1645
PER_0037,LOC_0057,ASSOCIATED_WITH,,
PH_0682,PH_0267,CALLED,2025-11-18T10:33:47Z,2803
PH_0164,PH_0294,CALLED,2023-08-03T23:28:56Z,160
PER_0304,ORG_0107,ASSOCIATED_WITH,,
PER_0738,ACC_0218,OWNS,,
PH_1334,PH_1333,CALLED,2026-03-19T18:51:37Z,1705
PER_0526,PH_0448,OWNS,,
PER_0433,PH_1270,OWNS,,
ACC_1032,ACC_1161,TRANSACTED_WITH,2025-09-10T01:42:02Z,1500152.97
ACC_0365,ACC_0408,TRANSACTED_WITH,2024-09-27T00:03:45Z,2118551.98
ACC_0773,ACC_0226,TRANSACTED_WITH,2024-07-02T04:22:27Z,1182093.05
PER_0812,LOC_0007,ASSOCIATED_WITH,,
PER_0658,LOC_0009,ASSOCIATED_WITH,,
ACC_0945,ACC_0990,TRANSACTED_WITH,2023-01-10T10:44:33Z,2488886.03
PER_0616,LOC_0068,ASSOCIATED_WITH,,
PH_0800,PH_0996,CALLED,2025-02-13T04:33:00Z,566
PH_0376,PH_0978,CALLED,2026-02-17T08:17:36Z,2807
PER_0734,LOC_0092,ASSOCIATED_WITH,,
PH_0689,PH_0187,CALLED,2025-06-04T10:21:23Z,1079
ACC_0994,ACC_0505,TRANSACTED_WITH,2025-08-15T15:46:49Z,1396500.93
ACC_0818,ACC_0781,TRANSACTED_WITH,2024-08-03T01:18:23Z,1911463.51
ACC_0352,ACC_1105,TRANSACTED_WITH,2023-12-04T00:39:44Z,2308634.01
PH_0198,PH_0847,CALLED,2024-05-31T11:27:07Z,16
ACC_0954,ACC_0645,TRANSACTED_WITH,2023-10-01T02:25:37Z,2104685.84
PER_0862,LOC_0052,ASSOCIATED_WITH,,
ACC_0506,ACC_0182,TRANSACTED_WITH,2026-06-24T21:13:30Z,248035.7
PH_0510,PH_0885,CALLED,2026-03-25T03:40:32Z,2474
ACC_0946,ACC_0826,TRANSACTED_WITH,2025-11-08T13:56:30Z,315432.52
PER_0110,LOC_0066,ASSOCIATED_WITH,,
PH_0766,PH_0195,CALLED,2026-06-06T22:04:37Z,918
PER_0922,ORG_0061,ASSOCIATED_WITH,,
PER_0754,LOC_0102,ASSOCIATED_WITH,,
ACC_0875,ACC_1004,TRANSACTED_WITH,2023-12-25T08:00:31Z,1135072.16
PH_0369,PH_1086,CALLED,2024-06-19T03:17:19Z,1172
PER_0454,PH_0406,OWNS,,
ACC_0895,ACC_0592,TRANSACTED_WITH,2026-05-25T03:25:55Z,1598513.47
PH_0174,PH_0405,CALLED,2024-03-02T16:44:11Z,3486
PER_0160,ACC_0548,OWNS,,
PH_0244,PH_0980,CALLED,2024-11-07T10:52:57Z,1802
PH_0196,PH_0676,CALLED,2024-01-27T05:00:07Z,2195
ACC_0691,ACC_0454,TRANSACTED_WITH,2023-05-24T07:45:25Z,327868.85
PH_1149,PH_0844,CALLED,2023-04-10T00:32:24Z,254
PER_0668,LOC_0089,ASSOCIATED_WITH,,
PH_0985,PH_1100,CALLED,2023-04-26T18:57:11Z,716
PER_0842,PH_0867,OWNS,,
PER_0838,PH_0750,OWNS,,
PER_0288,PH_0020,OWNS,,
PER_0583,ORG_0083,ASSOCIATED_WITH,,
PER_0538,ACC_0165,OWNS,,
PH_1214,PH_0292,CALLED,2025-12-17T06:43:34Z,2825
PER_0260,LOC_0070,ASSOCIATED_WITH,,
PH_0577,PH_1258,CALLED,2024-04-18T16:04:32Z,330
PH_0097,PH_1209,CALLED,2024-11-13T20:53:48Z,3532
PER_0242,LOC_0005,ASSOCIATED_WITH,,
PER_0870,ORG_0104,ASSOCIATED_WITH,,
CASE_0128,PER_0236,PARTICIPATED_IN,,
PH_0227,PH_0706,CALLED,2023-08-22T04:35:06Z,3365
ACC_1059,ACC_0420,TRANSACTED_WITH,2025-07-13T08:01:36Z,2378937.52
PER_0884,PH_0894,OWNS,,
ACC_0204,ACC_0314,TRANSACTED_WITH,2024-12-01T10:23:37Z,1892962.35
PH_0403,PH_0739,CALLED,2023-03-13T17:50:13Z,236
PER_0151,LOC_0037,ASSOCIATED_WITH,,
PER_0353,PH_0986,OWNS,,
PER_0796,ACC_0670,OWNS,,
PH_0213,PH_0209,CALLED,2025-10-21T19:34:40Z,2612
PER_0793,VEH_0589,OWNS,,
PER_0893,LOC_0089,ASSOCIATED_WITH,,
PH_1107,PH_0766,CALLED,2023-12-03T22:26:01Z,540
PH_0257,PH_1092,CALLED,2025-11-04T05:56:35Z,3541
PER_0686,LOC_0121,ASSOCIATED_WITH,,
PH_0923,PH_0326,CALLED,2026-03-08T00:52:36Z,2987
PH_1087,PH_0547,CALLED,2024-11-25T06:06:31Z,2994
ACC_0306,ACC_0986,TRANSACTED_WITH,2025-09-21T21:32:06Z,1938269.75
PER_0736,PH_0611,OWNS,,
PER_0870,ACC_0756,OWNS,,
PER_0120,ORG_0060,ASSOCIATED_WITH,,
PER_0945,ACC_0193,OWNS,,
PER_0557,LOC_0137,ASSOCIATED_WITH,,
PH_0238,PH_0615,CALLED,2025-05-22T15:48:57Z,2290
ACC_0917,ACC_1166,TRANSACTED_WITH,2026-02-23T19:05:32Z,2030572.9
PER_0586,VEH_0710,OWNS,,
PER_0871,ACC_1079,OWNS,,
ACC_0166,ACC_0768,TRANSACTED_WITH,2024-10-28T08:30:57Z,1231657.28
CASE_0143,PER_0505,PARTICIPATED_IN,,
PH_1155,PH_0087,CALLED,2026-05-05T05:11:16Z,2910
PER_0571,PH_0958,OWNS,,
PER_0316,ACC_0573,OWNS,,
PH_1250,PH_0596,CALLED,2025-04-17T21:43:16Z,3079
PH_0307,PH_1240,CALLED,2025-03-05T05:35:40Z,901
PH_0400,PH_1322,CALLED,2025-01-26T02:15:48Z,3249
PH_1042,PH_1041,CALLED,2025-02-13T04:59:36Z,2938
PH_0899,PH_1312,CALLED,2023-09-03T03:37:05Z,330
ACC_0836,ACC_0428,TRANSACTED_WITH,2023-12-21T08:52:29Z,637873.09
ACC_0450,ACC_0899,TRANSACTED_WITH,2024-12-02T19:38:43Z,616723.58
PH_0112,PH_0854,CALLED,2023-08-17T10:12:43Z,3464
PH_0822,PH_0519,CALLED,2023-01-22T01:16:50Z,3134
ACC_0589,ACC_0590,TRANSACTED_WITH,2025-05-20T18:13:47Z,1513900.22
ACC_0007,ACC_0881,TRANSACTED_WITH,2024-07-14T06:53:47Z,317951.59
PH_0078,PH_1227,CALLED,2024-09-23T01:05:36Z,3074
CASE_0163,PER_0671,PARTICIPATED_IN,,
PER_0394,ACC_0132,OWNS,,
ACC_0977,ACC_0600,TRANSACTED_WITH,2024-07-01T16:41:35Z,75888.54
PER_0266,ORG_0054,ASSOCIATED_WITH,,
CASE_0197,PER_0301,PARTICIPATED_IN,,
ACC_0480,ACC_1012,TRANSACTED_WITH,2024-10-17T09:16:55Z,1326391.94
PH_0915,PH_0801,CALLED,2023-07-21T13:43:48Z,1897
PH_0484,PH_0165,CALLED,2023-12-16T09:20:18Z,593
PH_1168,PH_0458,CALLED,2024-01-01T18:56:38Z,2663
PH_0965,PH_0402,CALLED,2023-03-25T18:10:01Z,2157
PH_1196,PH_0198,CALLED,2025-07-23T22:14:50Z,1268
PH_0677,PH_0140,CALLED,2026-05-15T00:42:12Z,455
ACC_1169,ACC_1048,TRANSACTED_WITH,2025-07-15T10:52:38Z,2423934.21
PER_0477,ORG_0087,ASSOCIATED_WITH,,
ACC_1059,ACC_0358,TRANSACTED_WITH,2025-06-22T10:58:40Z,764931.46
PER_0759,ORG_0105,ASSOCIATED_WITH,,
ACC_1049,ACC_0760,TRANSACTED_WITH,2023-03-27T00:44:20Z,797785.57
CASE_0075,PER_0756,PARTICIPATED_IN,,
ACC_1084,ACC_0476,TRANSACTED_WITH,2023-07-15T19:00:34Z,478130.04
PER_0341,ORG_0073,ASSOCIATED_WITH,,
PER_0303,ACC_0357,OWNS,,
PH_1260,PH_1398,CALLED,2026-02-08T22:34:29Z,2830
ACC_0228,ACC_0282,TRANSACTED_WITH,2024-07-25T20:50:21Z,23431.24
PH_0775,PH_0818,CALLED,2026-05-16T09:45:47Z,2070
PER_0501,ORG_0036,ASSOCIATED_WITH,,
PER_0264,ACC_0066,OWNS,,
ACC_0204,ACC_0012,TRANSACTED_WITH,2026-03-04T08:08:17Z,2287374.69
PH_0581,PH_1165,CALLED,2025-07-22T13:01:08Z,856
ACC_0305,ACC_0506,TRANSACTED_WITH,2024-04-24T09:31:05Z,1431101.53
PH_0526,PH_1154,CALLED,2025-10-06T11:46:12Z,1383
PER_0553,VEH_0734,OWNS,,
ACC_0479,ACC_0120,TRANSACTED_WITH,2023-06-27T21:33:42Z,1203383.23
PH_0142,PH_0565,CALLED,2024-05-02T17:38:52Z,547
PH_0309,PH_0705,CALLED,2023-11-10T05:20:42Z,1688
PER_0559,PH_1338,OWNS,,
ACC_0010,ACC_0871,TRANSACTED_WITH,2026-01-03T17:17:17Z,1726008.23
PER_0562,ORG_0101,ASSOCIATED_WITH,,
ACC_0723,ACC_0278,TRANSACTED_WITH,2023-01-17T19:20:29Z,1109093.63
PER_0432,ORG_0108,ASSOCIATED_WITH,,
PER_0311,PH_0722,OWNS,,
PH_0453,PH_1260,CALLED,2025-04-30T00:18:26Z,7
PER_0771,PH_0410,OWNS,,
PER_0921,LOC_0058,ASSOCIATED_WITH,,
PER_0902,ORG_0034,ASSOCIATED_WITH,,
PH_0873,PH_0381,CALLED,2023-07-02T04:28:52Z,1277
ACC_0577,ACC_1170,TRANSACTED_WITH,2023-02-24T19:06:49Z,1035958.39
PER_0563,VEH_0021,OWNS,,
PH_0693,PH_0141,CALLED,2024-10-17T16:23:36Z,22
ACC_0653,ACC_0328,TRANSACTED_WITH,2023-04-23T08:44:23Z,1228127.34
ACC_0208,ACC_0614,TRANSACTED_WITH,2025-03-03T13:36:40Z,594648.37
PH_1185,PH_0938,CALLED,2026-03-08T05:39:24Z,2941
PH_0490,PH_0430,CALLED,2024-10-20T02:05:37Z,3489
PER_0142,LOC_0054,ASSOCIATED_WITH,,
ACC_0187,ACC_1094,TRANSACTED_WITH,2026-01-26T13:41:19Z,2169371.36
PER_0949,PH_1011,OWNS,,
CASE_0129,PER_0029,PARTICIPATED_IN,,
PER_0702,ORG_0101,ASSOCIATED_WITH,,
PER_0044,LOC_0102,ASSOCIATED_WITH,,
CASE_0108,PER_0272,PARTICIPATED_IN,,
ACC_0976,ACC_0480,TRANSACTED_WITH,2023-12-09T22:12:41Z,1622617.02
ACC_0210,ACC_0705,TRANSACTED_WITH,2024-08-31T05:09:30Z,1167809.43
ACC_0787,ACC_0410,TRANSACTED_WITH,2024-07-22T23:32:24Z,181728.73
PER_0396,VEH_0799,OWNS,,
PER_0594,LOC_0093,ASSOCIATED_WITH,,
PER_0741,LOC_0053,ASSOCIATED_WITH,,
PER_0765,LOC_0070,ASSOCIATED_WITH,,
CASE_0028,PER_0977,PARTICIPATED_IN,,
CASE_0048,PER_0006,PARTICIPATED_IN,,
PH_0717,PH_0041,CALLED,2025-11-26T08:24:23Z,1313
PER_0490,LOC_0100,ASSOCIATED_WITH,,
PH_0373,PH_0265,CALLED,2024-04-16T05:44:53Z,1647
ACC_0088,ACC_0398,TRANSACTED_WITH,2026-07-15T11:56:36Z,38566.2
PER_0992,ACC_0441,OWNS,,
ACC_0971,ACC_0897,TRANSACTED_WITH,2024-05-11T23:31:15Z,982420.65
ACC_0174,ACC_0532,TRANSACTED_WITH,2024-03-09T18:23:01Z,1276853.82
PER_0094,LOC_0068,ASSOCIATED_WITH,,
ACC_0428,ACC_0799,TRANSACTED_WITH,2025-10-23T21:41:25Z,1418554.58
PER_0183,ORG_0087,ASSOCIATED_WITH,,
CASE_0221,PER_0219,PARTICIPATED_IN,,
PH_0761,PH_0804,CALLED,2023-01-11T12:45:24Z,2398
ACC_0899,ACC_1093,TRANSACTED_WITH,2024-03-04T02:42:57Z,922528.5
PH_0577,PH_1226,CALLED,2024-02-11T13:36:26Z,250
PH_1010,PH_1220,CALLED,2026-06-23T04:44:26Z,2914
ACC_0377,ACC_0575,TRANSACTED_WITH,2023-08-28T17:23:52Z,2229407.7
PH_0731,PH_0132,CALLED,2023-05-08T09:28:34Z,2721
PER_0996,PH_0502,OWNS,,
CASE_0243,PER_0892,PARTICIPATED_IN,,
PER_0117,LOC_0148,ASSOCIATED_WITH,,
ACC_0442,ACC_0429,TRANSACTED_WITH,2023-04-28T18:54:19Z,107792.25
PER_0570,ACC_0516,OWNS,,
PER_0961,PH_0652,OWNS,,
PER_0631,ORG_0029,ASSOCIATED_WITH,,
PER_0490,ACC_0821,OWNS,,
ACC_0453,ACC_0380,TRANSACTED_WITH,2024-12-06T00:02:31Z,190262.26
PH_1293,PH_0658,CALLED,2024-09-19T15:12:11Z,3079
PH_0631,PH_1187,CALLED,2023-01-29T13:21:27Z,584
PH_0874,PH_1008,CALLED,2024-09-18T09:56:57Z,3016
ACC_0646,ACC_0464,TRANSACTED_WITH,2026-01-02T07:24:28Z,1006611.6
ACC_0159,ACC_0474,TRANSACTED_WITH,2026-06-29T21:24:20Z,2414249.69
ACC_0149,ACC_0682,TRANSACTED_WITH,2025-08-24T00:33:34Z,2097680.05
PH_0814,PH_0020,CALLED,2024-04-01T21:04:17Z,2205
ACC_0903,ACC_0033,TRANSACTED_WITH,2024-02-17T20:17:45Z,646855.69
PER_0168,LOC_0142,ASSOCIATED_WITH,,
ACC_0168,ACC_0382,TRANSACTED_WITH,2023-06-07T05:00:11Z,266202.81
CASE_0165,PER_0736,PARTICIPATED_IN,,
PH_1264,PH_0514,CALLED,2023-06-12T03:10:21Z,1715
PER_0781,LOC_0007,ASSOCIATED_WITH,,
PH_0229,PH_1166,CALLED,2025-02-20T13:42:36Z,3429
PER_0015,VEH_0610,OWNS,,
CASE_0017,PER_0405,PARTICIPATED_IN,,
PH_0808,PH_0679,CALLED,2025-09-18T17:54:18Z,1808
PH_0006,PH_0147,CALLED,2024-02-09T00:05:57Z,1687
PH_1293,PH_1318,CALLED,2025-07-03T05:21:49Z,3516
PER_0185,LOC_0100,ASSOCIATED_WITH,,
PH_1314,PH_0965,CALLED,2025-11-03T04:53:53Z,3554
PER_0512,LOC_0063,ASSOCIATED_WITH,,
PH_0794,PH_0016,CALLED,2023-12-04T09:55:59Z,239
PH_0720,PH_0247,CALLED,2024-02-17T23:02:32Z,2951
PH_0117,PH_0939,CALLED,2025-04-27T16:49:00Z,188
PER_0706,LOC_0022,ASSOCIATED_WITH,,
PH_1248,PH_1288,CALLED,2025-02-10T06:49:31Z,161
PH_0686,PH_0358,CALLED,2023-06-20T17:31:11Z,760
ACC_0316,ACC_0780,TRANSACTED_WITH,2024-08-03T05:55:09Z,274134.06
PH_1299,PH_0026,CALLED,2024-07-13T16:44:18Z,1547
CASE_0076,PER_0951,PARTICIPATED_IN,,
PER_0208,PH_0069,OWNS,,
ACC_0203,ACC_0835,TRANSACTED_WITH,2026-04-21T19:25:56Z,2023954.93
ACC_0268,ACC_0658,TRANSACTED_WITH,2025-10-04T14:17:23Z,1995573.7
ACC_0527,ACC_0704,TRANSACTED_WITH,2025-11-03T06:39:17Z,2493923.59
PH_0026,PH_1173,CALLED,2023-01-23T14:56:34Z,792
PER_0587,PH_0376,OWNS,,
PH_0786,PH_1257,CALLED,2024-04-11T03:53:13Z,305
PH_0303,PH_0371,CALLED,2023-08-14T10:40:32Z,409
PH_0216,PH_0283,CALLED,2026-05-30T20:34:42Z,3048
PER_0087,ACC_0276,OWNS,,
PH_0978,PH_0669,CALLED,2024-09-18T22:47:19Z,2114
ACC_0955,ACC_1049,TRANSACTED_WITH,2023-09-06T17:09:52Z,177047.1
PER_0032,LOC_0117,ASSOCIATED_WITH,,
PH_1249,PH_0878,CALLED,2025-11-13T09:59:07Z,2433
PER_0649,LOC_0053,ASSOCIATED_WITH,,
PH_0631,PH_1358,CALLED,2025-08-06T20:29:47Z,3163
PH_1268,PH_1198,CALLED,2023-06-29T07:43:00Z,1303
PH_1170,PH_0294,CALLED,2024-11-26T01:26:57Z,1418
PH_0772,PH_0225,CALLED,2026-02-21T14:14:18Z,1797
PER_0445,ACC_0338,OWNS,,
PH_0320,PH_0172,CALLED,2026-07-16T04:25:31Z,2875
PH_0363,PH_0271,CALLED,2023-09-09T01:28:17Z,1821
PH_1013,PH_1147,CALLED,2025-05-27T03:03:18Z,386
PER_0991,ACC_0354,OWNS,,
PER_0678,LOC_0143,ASSOCIATED_WITH,,
PER_0175,ACC_0806,OWNS,,
PER_0744,PH_0070,OWNS,,
PER_0338,PH_0251,OWNS,,
PER_0004,PH_0948,OWNS,,
PER_0292,ACC_0942,OWNS,,
PH_0306,PH_1186,CALLED,2023-11-11T09:45:02Z,260
PH_0436,PH_1087,CALLED,2023-02-08T15:36:23Z,453
CASE_0116,PER_0704,PARTICIPATED_IN,,
PH_1231,PH_1334,CALLED,2025-03-05T03:00:49Z,1997
PER_0822,PH_1141,OWNS,,
ACC_0807,ACC_0774,TRANSACTED_WITH,2025-05-07T08:10:37Z,631541.57
CASE_0102,PER_0961,PARTICIPATED_IN,,
ACC_0799,ACC_0430,TRANSACTED_WITH,2024-08-17T21:05:51Z,2015830.24
ACC_1022,ACC_0277,TRANSACTED_WITH,2025-11-02T00:18:51Z,781851.8
ACC_0258,ACC_1047,TRANSACTED_WITH,2026-02-15T05:43:15Z,2061644.94
ACC_0711,ACC_0970,TRANSACTED_WITH,2026-07-08T02:31:48Z,2072898.34
PH_1036,PH_1329,CALLED,2025-10-07T00:08:25Z,283
PER_0923,LOC_0130,ASSOCIATED_WITH,,
PER_0378,LOC_0087,ASSOCIATED_WITH,,
PH_1254,PH_0346,CALLED,2024-12-20T18:21:46Z,3029
PER_0032,VEH_0664,OWNS,,
PER_0688,ORG_0065,ASSOCIATED_WITH,,
ACC_0239,ACC_0981,TRANSACTED_WITH,2026-07-22T16:14:32Z,2391874.41
PER_0081,ACC_0061,OWNS,,
ACC_0398,ACC_0266,TRANSACTED_WITH,2024-03-05T15:38:41Z,1031851.73
PH_1087,PH_1204,CALLED,2024-05-07T12:59:36Z,1574
PER_0520,LOC_0030,ASSOCIATED_WITH,,
PER_0494,PH_0988,OWNS,,
PER_0195,ACC_0225,OWNS,,
PH_1031,PH_0611,CALLED,2024-09-03T18:30:40Z,2795
ACC_1101,ACC_0734,TRANSACTED_WITH,2026-06-18T22:19:23Z,1095601.39
PER_0966,ACC_0342,OWNS,,
PER_0082,LOC_0034,ASSOCIATED_WITH,,
PH_0523,PH_0604,CALLED,2024-11-10T16:02:57Z,435
PER_0790,LOC_0118,ASSOCIATED_WITH,,
ACC_0661,ACC_0045,TRANSACTED_WITH,2023-11-22T12:51:02Z,841642.56
PH_1035,PH_0047,CALLED,2026-03-11T00:47:37Z,1998
PH_0412,PH_1052,CALLED,2026-01-22T09:15:01Z,1324
ACC_0255,ACC_0316,TRANSACTED_WITH,2025-11-10T01:52:24Z,2059769.43
ACC_0383,ACC_0293,TRANSACTED_WITH,2023-07-05T23:50:25Z,2340038.16
ACC_0338,ACC_0207,TRANSACTED_WITH,2023-12-14T13:06:13Z,2019558.82
PH_0869,PH_0348,CALLED,2024-04-27T16:17:11Z,3063
PER_0297,ACC_1049,OWNS,,
PER_0903,LOC_0051,ASSOCIATED_WITH,,
PER_0488,ACC_0036,OWNS,,
PH_0905,PH_0354,CALLED,2026-07-27T03:07:52Z,47
ACC_0044,ACC_0268,TRANSACTED_WITH,2026-06-17T11:51:36Z,1776532.78
PH_1259,PH_1204,CALLED,2024-11-05T17:30:00Z,1217
ACC_0154,ACC_0445,TRANSACTED_WITH,2024-08-18T04:26:24Z,1223153.34
ACC_0904,ACC_0679,TRANSACTED_WITH,2023-12-15T12:24:08Z,2321979.13
PH_1308,PH_0086,CALLED,2025-09-02T11:48:20Z,2704
PH_0280,PH_1242,CALLED,2026-03-14T16:34:56Z,3226
PER_0732,LOC_0001,ASSOCIATED_WITH,,
PER_0687,LOC_0097,ASSOCIATED_WITH,,
PER_0360,ACC_0499,OWNS,,
PH_0204,PH_0637,CALLED,2023-05-19T11:36:03Z,476
PER_0443,PH_1278,OWNS,,
ACC_0516,ACC_0949,TRANSACTED_WITH,2025-10-06T20:17:49Z,2482440.3
PH_0831,PH_1356,CALLED,2026-04-12T15:22:50Z,3240
PER_0013,PH_1082,OWNS,,
PH_1319,PH_0977,CALLED,2026-03-14T02:30:21Z,1004
PH_0215,PH_0492,CALLED,2024-02-25T18:30:09Z,1054
PH_0421,PH_1242,CALLED,2025-07-29T18:32:08Z,2606
PER_0227,PH_1342,OWNS,,
ACC_1196,ACC_0370,TRANSACTED_WITH,2023-06-27T22:06:50Z,1553279.02
PH_0955,PH_0029,CALLED,2023-10-21T06:13:26Z,2784
PER_0533,PH_0235,OWNS,,
PH_0822,PH_0325,CALLED,2024-07-09T17:53:12Z,195
PER_0220,LOC_0069,ASSOCIATED_WITH,,
ACC_0361,ACC_0971,TRANSACTED_WITH,2025-06-17T05:04:51Z,567450.86
PH_0492,PH_1043,CALLED,2024-07-29T18:15:41Z,2421
PH_1384,PH_0426,CALLED,2026-01-25T01:13:48Z,1977
PH_0387,PH_0295,CALLED,2023-11-10T02:19:59Z,1297
PER_0632,ACC_1043,OWNS,,
PH_0755,PH_0516,CALLED,2024-12-18T12:15:58Z,1770
CASE_0147,PER_0643,PARTICIPATED_IN,,
ACC_0912,ACC_0266,TRANSACTED_WITH,2026-05-23T15:01:31Z,1101306.33
ACC_1025,ACC_0731,TRANSACTED_WITH,2023-08-18T00:41:00Z,1789617.65
PER_0654,ACC_0354,OWNS,,
PH_0452,PH_0272,CALLED,2025-01-28T08:54:20Z,2524
ACC_0964,ACC_0048,TRANSACTED_WITH,2023-10-18T09:33:43Z,606699.41
ACC_0476,ACC_0444,TRANSACTED_WITH,2023-10-21T19:28:39Z,880986.77
PER_0103,ACC_0996,OWNS,,
PH_0990,PH_1169,CALLED,2023-08-26T22:15:37Z,2061
PER_0250,LOC_0022,ASSOCIATED_WITH,,
PER_0755,PH_0006,OWNS,,
PER_0690,PH_0819,OWNS,,
CASE_0198,PER_0113,PARTICIPATED_IN,,
PER_0667,LOC_0104,ASSOCIATED_WITH,,
ACC_1191,ACC_0429,TRANSACTED_WITH,2025-01-10T18:43:03Z,504478.83
PER_0791,LOC_0124,ASSOCIATED_WITH,,
PER_0317,PH_0796,OWNS,,
PER_0317,LOC_0129,ASSOCIATED_WITH,,
PH_0172,PH_0661,CALLED,2023-02-28T15:44:47Z,124
PER_0179,VEH_0740,OWNS,,
ACC_0771,ACC_1174,TRANSACTED_WITH,2024-01-16T17:35:01Z,1525574.64
ACC_1169,ACC_0698,TRANSACTED_WITH,2023-06-13T16:40:43Z,304209.09
PER_0137,LOC_0121,ASSOCIATED_WITH,,
PH_0874,PH_0783,CALLED,2025-11-22T05:13:57Z,980
PER_0941,LOC_0024,ASSOCIATED_WITH,,
PH_1057,PH_0186,CALLED,2023-12-19T20:42:51Z,147
PH_0132,PH_1314,CALLED,2024-03-03T14:10:03Z,2087
ACC_0573,ACC_0624,TRANSACTED_WITH,2024-06-07T18:52:03Z,2373498.46
ACC_0188,ACC_1139,TRANSACTED_WITH,2024-04-24T13:43:46Z,1309339.97
ACC_0253,ACC_0914,TRANSACTED_WITH,2024-10-10T06:29:23Z,396436.44
ACC_0060,ACC_0725,TRANSACTED_WITH,2024-11-26T01:19:53Z,2415902.68
ACC_0838,ACC_1148,TRANSACTED_WITH,2024-06-16T02:06:22Z,1294866.31
PER_0715,LOC_0112,ASSOCIATED_WITH,,
PER_0077,PH_0044,OWNS,,
PER_0452,LOC_0064,ASSOCIATED_WITH,,
ACC_0136,ACC_0277,TRANSACTED_WITH,2025-01-14T10:13:29Z,1321008.26
PER_0530,LOC_0005,ASSOCIATED_WITH,,
PH_0725,PH_0025,CALLED,2024-04-01T04:35:27Z,165
PH_0680,PH_1237,CALLED,2023-08-30T04:09:18Z,1801
PER_0452,LOC_0063,ASSOCIATED_WITH,,
PH_0410,PH_1050,CALLED,2025-11-12T21:51:28Z,3526
PH_1022,PH_0545,CALLED,2024-10-02T13:54:00Z,1139
PER_0337,LOC_0017,ASSOCIATED_WITH,,
PER_0854,ORG_0018,ASSOCIATED_WITH,,
CASE_0008,PER_0290,PARTICIPATED_IN,,
PER_0708,LOC_0057,ASSOCIATED_WITH,,
PER_0730,LOC_0035,ASSOCIATED_WITH,,
PER_0359,PH_1153,OWNS,,
PH_0570,PH_0207,CALLED,2025-11-23T06:12:30Z,1759
ACC_1171,ACC_0262,TRANSACTED_WITH,2025-11-03T18:04:31Z,237213.02
ACC_0622,ACC_0281,TRANSACTED_WITH,2023-10-19T15:07:02Z,1796497.99
PER_0657,LOC_0103,ASSOCIATED_WITH,,
PER_0870,ACC_0273,OWNS,,
PH_0642,PH_0973,CALLED,2025-06-02T09:19:37Z,1791
PER_0089,PH_0382,OWNS,,
PH_1355,PH_0295,CALLED,2024-12-17T01:25:11Z,1358
CASE_0203,PER_0078,PARTICIPATED_IN,,
ACC_0627,ACC_0100,TRANSACTED_WITH,2023-08-07T16:18:12Z,1089616.5
PER_0248,PH_1309,OWNS,,
ACC_0025,ACC_0663,TRANSACTED_WITH,2023-04-14T21:47:25Z,2362187.37
ACC_1196,ACC_0612,TRANSACTED_WITH,2026-04-03T03:46:39Z,343386.55
PER_0892,ORG_0082,ASSOCIATED_WITH,,
PH_0967,PH_1048,CALLED,2023-12-05T20:53:19Z,1612
PER_0044,LOC_0126,ASSOCIATED_WITH,,
PH_0796,PH_0292,CALLED,2023-02-09T00:06:03Z,1360
PER_0673,ACC_0543,OWNS,,
ACC_0138,ACC_0817,TRANSACTED_WITH,2025-02-19T07:19:23Z,511114.09
PH_1118,PH_1360,CALLED,2026-04-02T05:56:08Z,312
CASE_0007,PER_0202,PARTICIPATED_IN,,
PER_0553,LOC_0124,ASSOCIATED_WITH,,
ACC_1046,ACC_0761,TRANSACTED_WITH,2025-12-13T16:20:39Z,1571303.77
ACC_0596,ACC_0333,TRANSACTED_WITH,2024-01-29T06:08:24Z,2041389.47
PER_0976,ORG_0061,ASSOCIATED_WITH,,
CASE_0217,PER_0954,PARTICIPATED_IN,,
ACC_0276,ACC_0591,TRANSACTED_WITH,2024-10-05T21:32:13Z,302603.89
PER_0320,LOC_0068,ASSOCIATED_WITH,,
ACC_0464,ACC_0679,TRANSACTED_WITH,2025-02-01T09:43:33Z,894534.01
PER_0132,LOC_0065,ASSOCIATED_WITH,,
PH_0436,PH_0143,CALLED,2023-05-19T02:12:14Z,1582
PER_0401,ORG_0094,ASSOCIATED_WITH,,
PER_0746,LOC_0040,ASSOCIATED_WITH,,
CASE_0092,PER_0216,PARTICIPATED_IN,,
ACC_0571,ACC_0204,TRANSACTED_WITH,2026-06-05T15:59:46Z,1164742.59
ACC_0387,ACC_0071,TRANSACTED_WITH,2025-03-24T13:26:29Z,2444560.11
PER_0125,ACC_0617,OWNS,,
PER_0353,LOC_0021,ASSOCIATED_WITH,,
PER_0138,LOC_0017,ASSOCIATED_WITH,,
PER_0724,PH_0528,OWNS,,
PH_0849,PH_1251,CALLED,2025-11-23T02:00:32Z,171
ACC_0545,ACC_0944,TRANSACTED_WITH,2024-07-29T15:23:44Z,772499.4
PH_0956,PH_0819,CALLED,2025-08-25T17:15:41Z,2669
ACC_0163,ACC_0268,TRANSACTED_WITH,2026-06-19T06:59:17Z,782302.12
ACC_0262,ACC_0443,TRANSACTED_WITH,2023-08-26T10:22:44Z,583197.6
PH_0015,PH_0525,CALLED,2026-05-23T19:27:50Z,432
PER_0082,LOC_0122,ASSOCIATED_WITH,,
PER_0486,LOC_0106,ASSOCIATED_WITH,,
PH_0823,PH_0638,CALLED,2024-07-14T19:20:15Z,2463
PER_0192,ORG_0043,ASSOCIATED_WITH,,
PH_0712,PH_1208,CALLED,2025-05-17T10:08:19Z,2498
PER_0815,LOC_0113,ASSOCIATED_WITH,,
PER_0421,LOC_0084,ASSOCIATED_WITH,,
PER_0231,PH_0364,OWNS,,
ACC_0314,ACC_0540,TRANSACTED_WITH,2023-02-27T10:30:10Z,1388286.37
PER_0570,LOC_0004,ASSOCIATED_WITH,,
ACC_0584,ACC_0144,TRANSACTED_WITH,2025-04-01T09:42:22Z,296714.58
PH_0456,PH_0158,CALLED,2024-11-02T20:39:02Z,2470
PH_1063,PH_1364,CALLED,2025-06-05T16:17:02Z,1476
ACC_0866,ACC_1031,TRANSACTED_WITH,2024-12-07T01:44:06Z,849720.58
ACC_1198,ACC_0346,TRANSACTED_WITH,2024-11-16T06:59:11Z,2398036.59
PH_1136,PH_0497,CALLED,2023-03-31T14:39:22Z,1081
ACC_0396,ACC_0509,TRANSACTED_WITH,2025-04-07T16:02:04Z,1620193.59
PER_0296,ORG_0073,ASSOCIATED_WITH,,
ACC_0997,ACC_0262,TRANSACTED_WITH,2024-08-14T10:45:17Z,1082441.27
PER_0990,LOC_0038,ASSOCIATED_WITH,,
PER_0814,VEH_0420,OWNS,,
PH_0037,PH_0400,CALLED,2025-08-19T18:30:01Z,46
PER_0500,PH_1360,OWNS,,
ACC_0609,ACC_0449,TRANSACTED_WITH,2025-11-20T13:51:28Z,1141684.12
CASE_0130,PER_0989,PARTICIPATED_IN,,
PER_0290,LOC_0121,ASSOCIATED_WITH,,
PER_0721,PH_0838,OWNS,,
PER_0130,LOC_0075,ASSOCIATED_WITH,,
PH_0201,PH_0539,CALLED,2024-07-28T18:24:14Z,670
PER_0513,LOC_0055,ASSOCIATED_WITH,,
CASE_0092,PER_0298,PARTICIPATED_IN,,
PH_1018,PH_1116,CALLED,2023-09-05T01:48:40Z,1846
ACC_0116,ACC_0164,TRANSACTED_WITH,2023-07-13T14:31:18Z,1043516.71
PH_1305,PH_0262,CALLED,2024-02-02T20:54:02Z,1489
PH_0419,PH_0018,CALLED,2024-12-04T00:07:53Z,1373
ACC_0599,ACC_1023,TRANSACTED_WITH,2025-01-26T00:49:42Z,721080.79
ACC_0393,ACC_0494,TRANSACTED_WITH,2023-02-21T09:21:21Z,2256282.72
PH_1279,PH_0305,CALLED,2023-06-27T17:19:30Z,2567
PH_1342,PH_0442,CALLED,2025-10-03T01:44:43Z,2117
PH_1049,PH_0803,CALLED,2025-12-29T00:35:52Z,3285
PH_1216,PH_0649,CALLED,2024-01-16T17:28:56Z,3394
PH_1010,PH_0965,CALLED,2025-02-12T03:06:01Z,2534
PH_1129,PH_0086,CALLED,2023-09-27T20:54:28Z,2103
PER_0404,PH_0913,OWNS,,
PH_0168,PH_0818,CALLED,2025-02-08T05:36:04Z,3351
PH_1394,PH_0135,CALLED,2023-04-29T09:40:08Z,1668
ACC_0165,ACC_0801,TRANSACTED_WITH,2024-10-17T06:13:07Z,1722562.79
PH_0814,PH_1347,CALLED,2024-11-14T02:39:29Z,3241
PER_0571,VEH_0271,OWNS,,
PER_0069,ORG_0032,ASSOCIATED_WITH,,
PH_0028,PH_0225,CALLED,2023-11-25T21:46:32Z,3118
ACC_0474,ACC_0183,TRANSACTED_WITH,2024-03-11T06:09:22Z,765544.16
PH_0696,PH_0457,CALLED,2026-04-23T10:44:10Z,3028
CASE_0045,PER_0951,PARTICIPATED_IN,,
PH_0766,PH_0039,CALLED,2023-01-20T03:09:52Z,1726
ACC_0845,ACC_0604,TRANSACTED_WITH,2025-03-18T07:24:12Z,808766.11
PER_0151,VEH_0260,OWNS,,
PER_0086,PH_0194,OWNS,,
PH_0833,PH_0745,CALLED,2024-10-06T17:17:20Z,3459
ACC_0747,ACC_1184,TRANSACTED_WITH,2025-02-09T01:30:01Z,1435952.3
ACC_1038,ACC_0243,TRANSACTED_WITH,2024-01-02T22:57:11Z,1366273.97
PH_0773,PH_0369,CALLED,2026-02-18T16:12:17Z,1680
ACC_0223,ACC_0289,TRANSACTED_WITH,2024-11-19T01:07:17Z,1553233.63
ACC_0255,ACC_0851,TRANSACTED_WITH,2024-08-03T15:53:02Z,943002.91
PER_0461,PH_0470,OWNS,,
ACC_0608,ACC_0408,TRANSACTED_WITH,2024-10-15T11:56:02Z,2455404.45
PER_0322,PH_1270,OWNS,,
ACC_0337,ACC_0484,TRANSACTED_WITH,2025-01-31T20:35:46Z,163415.83
PH_1056,PH_0377,CALLED,2026-07-29T22:45:34Z,650
ACC_0825,ACC_0683,TRANSACTED_WITH,2024-05-26T14:46:57Z,656154.57
PER_0873,ORG_0012,ASSOCIATED_WITH,,
PH_0546,PH_0811,CALLED,2023-09-20T14:39:20Z,1259
PH_1328,PH_0249,CALLED,2024-02-21T07:23:30Z,1607
PH_0425,PH_1030,CALLED,2025-01-15T20:34:39Z,555
PH_0313,PH_0170,CALLED,2025-12-13T22:41:39Z,3243
PER_0482,LOC_0070,ASSOCIATED_WITH,,
PER_0420,PH_0257,OWNS,,
PER_0334,ORG_0009,ASSOCIATED_WITH,,
PER_0662,PH_0836,OWNS,,
PH_0775,PH_0435,CALLED,2025-09-12T19:40:04Z,613
PH_0291,PH_0493,CALLED,2024-06-03T12:01:43Z,3112
PER_0949,ORG_0035,ASSOCIATED_WITH,,
PER_0359,LOC_0057,ASSOCIATED_WITH,,
PH_0243,PH_0225,CALLED,2026-03-28T06:39:38Z,3403
PER_0516,VEH_0523,OWNS,,
PH_0250,PH_0430,CALLED,2025-03-15T09:14:10Z,237
ACC_0100,ACC_0316,TRANSACTED_WITH,2023-03-03T15:36:06Z,309671.65
PER_0039,LOC_0059,ASSOCIATED_WITH,,
PH_1182,PH_0049,CALLED,2023-09-06T05:59:34Z,3481
PER_0864,VEH_0011,OWNS,,
PH_1058,PH_0217,CALLED,2023-01-02T05:29:22Z,2317
PH_0153,PH_0963,CALLED,2026-07-31T07:27:47Z,2929
PER_0450,LOC_0103,ASSOCIATED_WITH,,
PER_0134,ACC_0345,OWNS,,
PER_0375,ACC_0338,OWNS,,
ACC_0103,ACC_0947,TRANSACTED_WITH,2026-06-25T06:46:26Z,420685.75
PER_0723,PH_0014,OWNS,,
PH_0404,PH_1070,CALLED,2026-01-24T14:24:24Z,3225
PH_0353,PH_0481,CALLED,2025-08-16T11:28:42Z,2703
PH_0668,PH_0115,CALLED,2025-06-01T04:48:04Z,1145
PER_0939,LOC_0044,ASSOCIATED_WITH,,
PH_1254,PH_0886,CALLED,2023-12-24T21:36:36Z,133
ACC_0488,ACC_0649,TRANSACTED_WITH,2026-03-18T09:51:17Z,855009.93
PH_1209,PH_1204,CALLED,2025-04-14T09:33:17Z,1940
PER_0207,PH_1222,OWNS,,
PER_0423,VEH_0342,OWNS,,
PER_0696,PH_1228,OWNS,,
PH_1113,PH_1003,CALLED,2025-01-01T18:52:39Z,1149
PH_1064,PH_0528,CALLED,2023-01-09T15:11:39Z,205
PER_0813,ACC_1181,OWNS,,
PER_0729,PH_1016,OWNS,,
PH_0227,PH_0931,CALLED,2023-05-25T18:52:03Z,150
PH_0558,PH_1283,CALLED,2024-08-30T22:06:15Z,3575
ACC_0491,ACC_0396,TRANSACTED_WITH,2023-02-17T02:02:20Z,953825.75
ACC_0494,ACC_0027,TRANSACTED_WITH,2026-06-07T13:16:14Z,616308.11
PER_0874,VEH_0717,OWNS,,
PER_0694,LOC_0076,ASSOCIATED_WITH,,
ACC_1055,ACC_0291,TRANSACTED_WITH,2023-11-01T20:11:59Z,2180366.14
ACC_0494,ACC_0432,TRANSACTED_WITH,2025-06-09T03:21:10Z,965509.68
PH_0737,PH_0972,CALLED,2024-03-29T06:15:13Z,309
PH_0559,PH_0704,CALLED,2026-02-02T08:00:21Z,621
PH_0992,PH_1305,CALLED,2025-09-09T05:28:05Z,3357
ACC_0521,ACC_0244,TRANSACTED_WITH,2023-05-15T02:31:15Z,1815011.87
PH_0816,PH_0488,CALLED,2026-06-22T06:35:40Z,422
PH_0076,PH_0543,CALLED,2024-02-12T18:25:20Z,3142
PER_0276,PH_0109,OWNS,,
PER_0432,ACC_0682,OWNS,,
ACC_0687,ACC_0470,TRANSACTED_WITH,2025-09-03T20:42:56Z,2374424.11
PER_0873,VEH_0690,OWNS,,
PH_1375,PH_0563,CALLED,2025-11-30T04:48:40Z,852
PER_0947,LOC_0099,ASSOCIATED_WITH,,
PH_0282,PH_0696,CALLED,2025-01-02T05:12:40Z,1511
ACC_0873,ACC_1144,TRANSACTED_WITH,2023-05-18T01:03:53Z,1866372.48
PH_0369,PH_1173,CALLED,2023-01-25T21:55:27Z,58
ACC_1039,ACC_0699,TRANSACTED_WITH,2023-10-08T09:54:59Z,534607.1
PH_0871,PH_0820,CALLED,2026-03-16T14:21:45Z,239
PH_0307,PH_0562,CALLED,2024-03-03T22:02:15Z,2247
PER_0156,PH_0877,OWNS,,
CASE_0122,PER_0897,PARTICIPATED_IN,,
PER_0881,PH_1246,OWNS,,
PH_0157,PH_0719,CALLED,2025-01-06T09:17:40Z,938
PH_1008,PH_0692,CALLED,2024-02-05T13:26:24Z,438
ACC_0142,ACC_1020,TRANSACTED_WITH,2025-12-04T14:46:31Z,2247403.25
PH_1283,PH_0672,CALLED,2024-08-18T16:01:23Z,638
ACC_0041,ACC_0618,TRANSACTED_WITH,2025-02-03T22:20:05Z,429503.75
ACC_1128,ACC_0060,TRANSACTED_WITH,2025-08-19T14:15:31Z,1468157.09
PH_0355,PH_0482,CALLED,2025-05-04T01:49:32Z,3204
PER_0606,LOC_0132,ASSOCIATED_WITH,,
PH_0718,PH_1104,CALLED,2024-01-29T07:27:28Z,1609
PH_0096,PH_1125,CALLED,2023-09-25T19:08:25Z,2337
ACC_0298,ACC_1146,TRANSACTED_WITH,2023-09-18T03:59:24Z,272850.98
PH_0154,PH_0441,CALLED,2025-10-26T03:57:19Z,1843
PH_0292,PH_0236,CALLED,2025-03-11T11:06:20Z,3475
ACC_0216,ACC_0073,TRANSACTED_WITH,2026-03-26T02:29:00Z,1743020.75
PH_1342,PH_1256,CALLED,2025-06-12T08:59:57Z,978
PH_1279,PH_0534,CALLED,2026-04-04T13:21:17Z,598
ACC_0540,ACC_0227,TRANSACTED_WITH,2024-09-12T05:37:34Z,2072238.89
ACC_0182,ACC_0977,TRANSACTED_WITH,2024-02-23T05:57:52Z,220602.7
PER_0186,ACC_0242,OWNS,,
CASE_0168,PER_0262,PARTICIPATED_IN,,
ACC_0795,ACC_0275,TRANSACTED_WITH,2023-12-27T13:29:08Z,135243.34
PER_0585,LOC_0127,ASSOCIATED_WITH,,
PH_0588,PH_1109,CALLED,2025-04-13T19:31:43Z,491
PER_0415,PH_0261,OWNS,,
PH_0450,PH_1190,CALLED,2025-09-23T02:38:44Z,3334
PH_0089,PH_0949,CALLED,2025-11-10T22:35:30Z,1124
PH_0975,PH_0161,CALLED,2024-03-05T06:00:06Z,450
PH_1380,PH_0274,CALLED,2023-12-31T08:48:16Z,1991
PER_0932,ORG_0065,ASSOCIATED_WITH,,
PER_0358,VEH_0605,OWNS,,
ACC_0171,ACC_1111,TRANSACTED_WITH,2024-02-26T20:03:50Z,874922.02
PER_0178,LOC_0002,ASSOCIATED_WITH,,
PH_0943,PH_1374,CALLED,2023-02-23T06:45:29Z,2077
ACC_1170,ACC_0172,TRANSACTED_WITH,2024-02-16T04:34:53Z,498092.38
ACC_1154,ACC_0287,TRANSACTED_WITH,2025-07-10T03:01:19Z,1888560.91
PER_0229,ACC_0280,OWNS,,
PH_1135,PH_0773,CALLED,2025-10-05T07:35:51Z,2439
PER_0780,ACC_1110,OWNS,,
PH_1096,PH_0374,CALLED,2024-04-01T08:46:16Z,3086
CASE_0072,PER_0281,PARTICIPATED_IN,,
PH_0809,PH_1267,CALLED,2026-06-05T06:00:12Z,2586
PER_0033,LOC_0055,ASSOCIATED_WITH,,
ACC_0231,ACC_1070,TRANSACTED_WITH,2025-01-24T16:30:19Z,534878.67
ACC_1046,ACC_0609,TRANSACTED_WITH,2026-01-07T02:59:13Z,186256.14
CASE_0187,PER_0246,PARTICIPATED_IN,,
ACC_0937,ACC_0912,TRANSACTED_WITH,2025-05-29T15:41:17Z,797189.43
PER_0778,ORG_0010,ASSOCIATED_WITH,,
PER_0422,ACC_0578,OWNS,,
ACC_0787,ACC_0914,TRANSACTED_WITH,2025-09-06T11:40:36Z,2121368.91
ACC_1185,ACC_0907,TRANSACTED_WITH,2023-01-05T04:50:33Z,1408443.11
ACC_0538,ACC_0729,TRANSACTED_WITH,2024-03-10T16:30:23Z,1082344.7
PER_0658,LOC_0034,ASSOCIATED_WITH,,
PH_1017,PH_0003,CALLED,2025-03-15T20:55:45Z,433
PH_0746,PH_0615,CALLED,2024-05-24T00:07:43Z,356
ACC_0305,ACC_0488,TRANSACTED_WITH,2023-02-24T06:23:06Z,707883.95
PH_1083,PH_0535,CALLED,2023-12-22T02:37:51Z,1088
PH_1333,PH_0284,CALLED,2024-10-12T18:51:08Z,886
PH_0319,PH_0673,CALLED,2024-01-06T08:14:24Z,3243
PER_0133,ACC_0039,OWNS,,
ACC_1183,ACC_0144,TRANSACTED_WITH,2023-10-28T04:45:40Z,2234835.74
CASE_0047,PER_0532,PARTICIPATED_IN,,
PER_0428,ORG_0111,ASSOCIATED_WITH,,
ACC_0610,ACC_0841,TRANSACTED_WITH,2026-01-16T02:17:33Z,1538226.43
ACC_0600,ACC_0162,TRANSACTED_WITH,2024-11-12T20:48:08Z,697109.87
PH_1381,PH_0115,CALLED,2025-04-18T08:14:23Z,1204
PH_0318,PH_1265,CALLED,2023-04-29T04:06:26Z,2640
PER_0162,ORG_0111,ASSOCIATED_WITH,,
PH_0185,PH_0777,CALLED,2025-11-11T01:35:10Z,2369
PER_0221,ORG_0011,ASSOCIATED_WITH,,
CASE_0178,PER_0461,PARTICIPATED_IN,,
ACC_0601,ACC_0694,TRANSACTED_WITH,2024-03-04T02:45:48Z,1427345.03
ACC_0466,ACC_0387,TRANSACTED_WITH,2026-03-13T04:41:57Z,1019961.35
PH_1130,PH_1263,CALLED,2023-09-03T13:01:28Z,3548
PER_0204,LOC_0149,ASSOCIATED_WITH,,
PH_0665,PH_0674,CALLED,2023-02-24T02:31:50Z,2897
ACC_0846,ACC_1003,TRANSACTED_WITH,2025-11-28T00:20:42Z,2155957.71
PH_0053,PH_1250,CALLED,2025-05-22T12:23:59Z,2553
PER_0510,ORG_0013,ASSOCIATED_WITH,,
CASE_0233,PER_0843,PARTICIPATED_IN,,
ACC_0538,ACC_1040,TRANSACTED_WITH,2024-11-28T01:16:44Z,1141616.57
PER_0127,LOC_0004,ASSOCIATED_WITH,,
PER_0694,LOC_0126,ASSOCIATED_WITH,,
ACC_0279,ACC_0588,TRANSACTED_WITH,2026-02-13T00:20:43Z,856392.88
ACC_0269,ACC_0588,TRANSACTED_WITH,2025-02-08T15:02:18Z,1814996.97
PER_0028,PH_0510,OWNS,,
PER_0388,PH_0154,OWNS,,
PER_0627,ORG_0060,ASSOCIATED_WITH,,
PER_0041,ORG_0013,ASSOCIATED_WITH,,
CASE_0078,PER_0099,PARTICIPATED_IN,,
PH_0729,PH_0920,CALLED,2026-05-03T22:19:14Z,1002
PH_1210,PH_0807,CALLED,2025-10-04T03:34:54Z,499
PER_0096,LOC_0018,ASSOCIATED_WITH,,
ACC_0666,ACC_0985,TRANSACTED_WITH,2024-06-26T15:28:52Z,765757.01
PER_0923,PH_0591,OWNS,,
CASE_0102,PER_0885,PARTICIPATED_IN,,
PH_0856,PH_0044,CALLED,2024-08-02T00:04:41Z,801
PH_0053,PH_1250,CALLED,2025-05-21T08:26:12Z,406
PER_0300,ACC_0662,OWNS,,
PER_0023,ACC_1049,OWNS,,
PER_0489,LOC_0121,ASSOCIATED_WITH,,
ACC_0235,ACC_0711,TRANSACTED_WITH,2025-06-11T14:43:58Z,1669641.88
PER_0092,ACC_0863,OWNS,,
PH_0559,PH_0494,CALLED,2023-12-18T21:09:30Z,1859
PER_0939,ACC_0779,OWNS,,
ACC_0653,ACC_0249,TRANSACTED_WITH,2024-03-24T09:56:15Z,2117058.53
ACC_0106,ACC_0905,TRANSACTED_WITH,2024-08-20T03:21:21Z,2368442.26
PH_0530,PH_0548,CALLED,2026-03-05T08:40:45Z,2256
PH_1188,PH_0782,CALLED,2024-06-07T21:57:07Z,1515
PH_0211,PH_0040,CALLED,2025-11-26T20:03:38Z,2750
PH_0040,PH_0667,CALLED,2024-01-11T01:16:50Z,3102
ACC_0200,ACC_0950,TRANSACTED_WITH,2024-04-14T04:03:09Z,1970327.42
PER_0405,LOC_0042,ASSOCIATED_WITH,,
ACC_0377,ACC_0457,TRANSACTED_WITH,2025-02-12T08:02:59Z,842337.78
ACC_0286,ACC_0802,TRANSACTED_WITH,2024-08-15T17:21:02Z,679555.59
PH_0856,PH_0167,CALLED,2024-08-30T08:07:56Z,2593
PER_0221,LOC_0075,ASSOCIATED_WITH,,
PH_0062,PH_0815,CALLED,2025-10-11T09:05:19Z,996
PER_0922,PH_1353,OWNS,,
PER_0329,VEH_0781,OWNS,,
PH_0863,PH_0382,CALLED,2023-10-18T01:02:00Z,2241
PER_0562,LOC_0121,ASSOCIATED_WITH,,
PER_0639,ACC_0003,OWNS,,
PER_0199,PH_0062,OWNS,,
ACC_0574,ACC_0700,TRANSACTED_WITH,2024-11-18T06:39:28Z,567809.34
PER_0239,VEH_0161,OWNS,,
PER_0498,ACC_0008,OWNS,,
PER_0946,LOC_0036,ASSOCIATED_WITH,,
PH_0284,PH_0773,CALLED,2026-07-29T14:26:06Z,2413
PER_0793,ACC_0045,OWNS,,
ACC_0753,ACC_0505,TRANSACTED_WITH,2024-02-14T17:12:57Z,593379.32
ACC_0567,ACC_0456,TRANSACTED_WITH,2025-11-14T21:41:36Z,1573437.86
PH_1293,PH_0585,CALLED,2023-06-06T16:26:47Z,2732
PER_0062,PH_0017,OWNS,,
PER_0268,ORG_0028,ASSOCIATED_WITH,,
ACC_0368,ACC_0535,TRANSACTED_WITH,2024-01-01T04:28:20Z,2462564.28
ACC_0119,ACC_0722,TRANSACTED_WITH,2026-03-27T20:25:29Z,351664.5
PH_1125,PH_0633,CALLED,2023-10-02T21:46:31Z,2528
ACC_0776,ACC_0091,TRANSACTED_WITH,2023-10-07T23:14:49Z,1934229.6
PER_0365,ACC_0702,OWNS,,
CASE_0183,PER_0242,PARTICIPATED_IN,,
PER_0160,ORG_0037,ASSOCIATED_WITH,,
PER_0560,ORG_0007,ASSOCIATED_WITH,,
PER_0958,ORG_0099,ASSOCIATED_WITH,,
PER_0794,LOC_0012,ASSOCIATED_WITH,,
PH_0450,PH_0470,CALLED,2025-07-12T05:03:00Z,1000
PH_0440,PH_1356,CALLED,2024-03-12T20:58:28Z,549
PH_1249,PH_0056,CALLED,2025-12-02T01:57:01Z,339
ACC_0820,ACC_0337,TRANSACTED_WITH,2024-06-04T20:24:29Z,2022857.01
PH_0800,PH_0283,CALLED,2023-08-29T23:51:47Z,1471
ACC_0354,ACC_0068,TRANSACTED_WITH,2023-11-18T04:21:42Z,628468.76
PH_1151,PH_0370,CALLED,2025-11-09T15:45:49Z,1024
PER_0015,ORG_0095,ASSOCIATED_WITH,,
ACC_1193,ACC_0477,TRANSACTED_WITH,2023-04-10T03:26:32Z,633196.48
PER_0999,PH_1276,OWNS,,
PH_0613,PH_1042,CALLED,2025-08-10T12:26:58Z,2313
ACC_0068,ACC_0075,TRANSACTED_WITH,2023-12-03T12:37:19Z,805413.85
PER_0453,ACC_0407,OWNS,,
ACC_0624,ACC_0235,TRANSACTED_WITH,2024-01-25T17:36:25Z,1658941.98
PH_1035,PH_0030,CALLED,2026-06-27T18:46:20Z,1086
ACC_1181,ACC_0314,TRANSACTED_WITH,2023-04-12T11:14:50Z,1127527.51
CASE_0234,PER_0470,PARTICIPATED_IN,,
PER_0676,LOC_0104,ASSOCIATED_WITH,,
PH_0468,PH_1002,CALLED,2026-03-20T11:26:17Z,180
PH_0252,PH_0308,CALLED,2025-11-03T07:14:08Z,3370
ACC_0963,ACC_0157,TRANSACTED_WITH,2026-06-20T13:25:35Z,2026951.27
PH_1386,PH_0718,CALLED,2023-09-06T15:48:28Z,3543
PER_0356,LOC_0135,ASSOCIATED_WITH,,
PER_0590,ORG_0003,ASSOCIATED_WITH,,
PH_0931,PH_0672,CALLED,2024-10-24T20:15:01Z,479
ACC_0254,ACC_0165,TRANSACTED_WITH,2024-03-07T19:36:47Z,1641492.43
PH_0593,PH_0973,CALLED,2023-10-19T12:27:35Z,1221
PH_0111,PH_0645,CALLED,2025-11-05T22:56:09Z,16
ACC_0882,ACC_0969,TRANSACTED_WITH,2024-11-28T02:26:16Z,1393051.59
PER_0110,VEH_0133,OWNS,,
PER_0700,LOC_0100,ASSOCIATED_WITH,,
PH_0774,PH_0033,CALLED,2025-06-07T18:56:25Z,2186
PER_0995,LOC_0011,ASSOCIATED_WITH,,
PER_0431,LOC_0135,ASSOCIATED_WITH,,
ACC_0541,ACC_0197,TRANSACTED_WITH,2023-12-16T03:19:02Z,954446.54
PH_0728,PH_0841,CALLED,2023-10-04T10:03:32Z,2681
ACC_0508,ACC_0404,TRANSACTED_WITH,2023-01-30T16:47:46Z,2129166.99
CASE_0149,PER_0078,PARTICIPATED_IN,,
PH_0856,PH_0135,CALLED,2025-02-21T21:45:17Z,1770
PER_0925,LOC_0021,ASSOCIATED_WITH,,
PH_0973,PH_1312,CALLED,2024-12-04T01:47:42Z,2089
CASE_0050,PER_0390,PARTICIPATED_IN,,
PER_0394,PH_1134,OWNS,,
PER_0096,PH_0136,OWNS,,
PER_0240,LOC_0010,ASSOCIATED_WITH,,
PH_0507,PH_0423,CALLED,2024-06-12T14:00:23Z,1496
PH_0528,PH_0660,CALLED,2026-06-02T10:51:38Z,2845
PER_0016,PH_1104,OWNS,,
CASE_0211,PER_0080,PARTICIPATED_IN,,
PH_0838,PH_1123,CALLED,2025-12-07T19:18:20Z,458
ACC_0635,ACC_0537,TRANSACTED_WITH,2024-05-25T19:37:24Z,745410.07
PH_0568,PH_0402,CALLED,2026-07-10T04:24:12Z,2571
PH_1107,PH_0485,CALLED,2023-07-01T14:49:48Z,3430
PER_0889,LOC_0132,ASSOCIATED_WITH,,
PER_0175,LOC_0057,ASSOCIATED_WITH,,
PH_1378,PH_0660,CALLED,2025-07-29T02:10:52Z,3084
PH_0815,PH_0052,CALLED,2025-06-04T11:55:51Z,116
PH_0367,PH_0198,CALLED,2026-06-17T03:50:38Z,1715
PH_1108,PH_0637,CALLED,2025-04-02T11:48:28Z,578
PER_0864,LOC_0093,ASSOCIATED_WITH,,
ACC_0743,ACC_0246,TRANSACTED_WITH,2026-06-11T05:38:07Z,735493.26
PH_1055,PH_1309,CALLED,2023-07-30T18:14:22Z,875
ACC_0737,ACC_0806,TRANSACTED_WITH,2023-04-01T15:30:32Z,2088619.85
PER_0952,PH_1068,OWNS,,
PER_0626,PH_0955,OWNS,,
PER_0553,LOC_0143,ASSOCIATED_WITH,,
PH_0282,PH_0707,CALLED,2024-12-16T05:58:14Z,1729
PH_0082,PH_0628,CALLED,2025-03-20T10:27:32Z,805
PH_0569,PH_0838,CALLED,2023-03-02T16:39:39Z,1642
CASE_0004,PER_0252,PARTICIPATED_IN,,
PER_0372,ORG_0067,ASSOCIATED_WITH,,
ACC_0631,ACC_0800,TRANSACTED_WITH,2025-03-10T07:43:42Z,1501191.88
PH_0217,PH_0261,CALLED,2024-05-27T12:20:21Z,1340
ACC_0273,ACC_0070,TRANSACTED_WITH,2023-08-19T03:48:55Z,229095.3
PH_0759,PH_1290,CALLED,2025-11-15T11:38:14Z,2827
PER_0144,LOC_0009,ASSOCIATED_WITH,,
PER_0419,LOC_0043,ASSOCIATED_WITH,,
PH_1168,PH_0517,CALLED,2023-01-22T18:17:52Z,2160
PH_0633,PH_1001,CALLED,2024-03-11T02:48:24Z,1495
PER_0550,PH_0160,OWNS,,
PH_0652,PH_0253,CALLED,2024-08-31T01:22:59Z,1799
PH_0887,PH_1138,CALLED,2026-04-18T08:24:56Z,2677
PH_1360,PH_0616,CALLED,2023-08-21T12:48:36Z,1082
CASE_0237,PER_0492,PARTICIPATED_IN,,
ACC_0160,ACC_0670,TRANSACTED_WITH,2023-08-10T15:31:23Z,1302747.4
CASE_0078,PER_0179,PARTICIPATED_IN,,
PER_0123,PH_0443,OWNS,,
ACC_0618,ACC_1136,TRANSACTED_WITH,2024-08-07T17:08:50Z,1972130.26
PH_0927,PH_0714,CALLED,2023-06-12T11:18:52Z,1226
PER_0274,PH_1018,OWNS,,
PER_0112,LOC_0012,ASSOCIATED_WITH,,
ACC_0390,ACC_0351,TRANSACTED_WITH,2024-01-30T12:36:48Z,1978292.14
PER_0833,PH_0861,OWNS,,
ACC_0117,ACC_0985,TRANSACTED_WITH,2024-10-07T02:44:31Z,2249515.52
PER_0943,ORG_0046,ASSOCIATED_WITH,,
PH_1377,PH_0716,CALLED,2023-08-28T23:32:45Z,3463
PER_0529,PH_0556,OWNS,,
PER_0814,LOC_0067,ASSOCIATED_WITH,,
PH_1291,PH_0188,CALLED,2024-05-04T12:19:42Z,2750
ACC_0235,ACC_0470,TRANSACTED_WITH,2025-10-09T22:31:11Z,2311907.37
PH_0153,PH_0092,CALLED,2024-08-13T20:04:16Z,16
PH_1385,PH_0588,CALLED,2023-09-05T00:36:19Z,2175
PH_0277,PH_0775,CALLED,2023-10-23T18:47:15Z,2795
PH_0786,PH_1380,CALLED,2024-06-11T04:14:17Z,936
PH_1224,PH_1030,CALLED,2023-03-27T16:32:35Z,111
PH_0756,PH_1105,CALLED,2026-07-18T12:46:59Z,3060
PH_1061,PH_0557,CALLED,2024-01-05T02:58:29Z,2654
PH_0233,PH_1304,CALLED,2023-11-01T17:23:32Z,1378
PER_0046,LOC_0025,ASSOCIATED_WITH,,
PH_0234,PH_0390,CALLED,2024-02-02T02:42:46Z,2811
ACC_0743,ACC_1163,TRANSACTED_WITH,2025-08-18T05:56:59Z,1232065.43
CASE_0142,PER_0885,PARTICIPATED_IN,,
PH_0189,PH_0163,CALLED,2025-04-08T02:00:20Z,1305
ACC_0975,ACC_0939,TRANSACTED_WITH,2026-02-25T05:35:47Z,2195371.88
PER_0098,ACC_0890,OWNS,,
ACC_0470,ACC_0326,TRANSACTED_WITH,2023-10-14T05:11:54Z,448454.5
PER_0773,ACC_0786,OWNS,,
PH_0197,PH_0211,CALLED,2025-01-10T20:23:37Z,3114
ACC_1086,ACC_0245,TRANSACTED_WITH,2023-05-01T03:17:00Z,2487838.2
ACC_0738,ACC_0860,TRANSACTED_WITH,2023-10-26T10:09:52Z,1792976.89
ACC_0847,ACC_0668,TRANSACTED_WITH,2025-05-22T07:06:49Z,235753.46
PH_0223,PH_0004,CALLED,2025-05-23T01:19:33Z,2633
ACC_1040,ACC_0512,TRANSACTED_WITH,2023-04-15T14:21:14Z,1114218.05
PH_0350,PH_0592,CALLED,2026-04-04T10:28:27Z,1335
PH_0210,PH_0333,CALLED,2025-03-10T21:21:44Z,3470
PH_0241,PH_0506,CALLED,2023-04-29T04:15:05Z,1462
PH_0344,PH_0916,CALLED,2026-01-02T13:58:30Z,1655
PER_0298,LOC_0089,ASSOCIATED_WITH,,
PER_0879,ORG_0057,ASSOCIATED_WITH,,
PH_0491,PH_1343,CALLED,2023-11-19T07:18:39Z,212
CASE_0080,PER_0449,PARTICIPATED_IN,,
PH_0496,PH_1296,CALLED,2023-06-13T09:37:33Z,3105
PER_0499,PH_0218,OWNS,,
CASE_0196,PER_0957,PARTICIPATED_IN,,
PH_0491,PH_0160,CALLED,2023-09-28T10:09:41Z,447
ACC_0869,ACC_0728,TRANSACTED_WITH,2024-12-23T14:14:06Z,2415556.98
PH_0069,PH_0626,CALLED,2023-01-19T23:13:46Z,2601
PER_0779,LOC_0019,ASSOCIATED_WITH,,
PH_0265,PH_0659,CALLED,2023-10-25T04:56:49Z,1384
PH_0483,PH_0716,CALLED,2023-04-11T09:15:45Z,3209
PH_0074,PH_0720,CALLED,2024-07-29T23:18:10Z,1770
PH_0866,PH_0766,CALLED,2026-07-13T22:31:51Z,3230
ACC_0323,ACC_0198,TRANSACTED_WITH,2023-10-10T14:24:52Z,1128348.28
PH_0595,PH_1151,CALLED,2026-06-24T19:25:59Z,2798
PH_1159,PH_0352,CALLED,2024-10-04T17:01:35Z,645
PER_0918,ACC_0246,OWNS,,
PER_0849,LOC_0064,ASSOCIATED_WITH,,
PER_0645,LOC_0096,ASSOCIATED_WITH,,
PER_0850,ACC_0181,OWNS,,
PER_0101,ORG_0009,ASSOCIATED_WITH,,
ACC_0085,ACC_0046,TRANSACTED_WITH,2023-06-14T14:56:37Z,1034471.24
PH_0121,PH_0657,CALLED,2025-11-12T21:02:51Z,454
PH_0532,PH_0991,CALLED,2023-01-07T07:24:44Z,1715
PH_0251,PH_0163,CALLED,2024-03-22T01:00:41Z,2492
PH_0771,PH_0414,CALLED,2025-07-21T06:55:51Z,1842
PH_0661,PH_0730,CALLED,2023-06-01T02:25:14Z,2803
PH_1097,PH_0016,CALLED,2024-04-13T10:20:55Z,2867
ACC_0911,ACC_0155,TRANSACTED_WITH,2025-09-07T14:02:19Z,2004924.3
ACC_0660,ACC_0383,TRANSACTED_WITH,2024-01-15T10:24:28Z,2330713.69
PER_0106,PH_0380,OWNS,,
ACC_0559,ACC_0306,TRANSACTED_WITH,2023-10-20T15:16:44Z,524646.11
ACC_1056,ACC_1097,TRANSACTED_WITH,2025-02-01T02:14:20Z,2142081.76
PH_0796,PH_0507,CALLED,2024-11-28T16:49:09Z,2520
ACC_0829,ACC_0276,TRANSACTED_WITH,2024-06-16T12:23:16Z,977516.08
PER_0270,VEH_0120,OWNS,,
ACC_0154,ACC_0024,TRANSACTED_WITH,2025-07-24T18:09:22Z,997996.95
PH_0215,PH_0651,CALLED,2024-10-07T07:01:38Z,2034
PH_0834,PH_0139,CALLED,2025-03-28T05:45:56Z,696
PER_0393,ORG_0113,ASSOCIATED_WITH,,
CASE_0129,PER_0405,PARTICIPATED_IN,,
PH_0665,PH_0721,CALLED,2024-05-07T18:28:39Z,8
CASE_0207,PER_0763,PARTICIPATED_IN,,
PER_0770,LOC_0120,ASSOCIATED_WITH,,
PER_0159,ACC_0760,OWNS,,
PER_0662,LOC_0051,ASSOCIATED_WITH,,
PER_0941,LOC_0086,ASSOCIATED_WITH,,
PER_0021,LOC_0149,ASSOCIATED_WITH,,
PH_1269,PH_0534,CALLED,2026-05-30T23:04:21Z,1358
CASE_0005,PER_0215,PARTICIPATED_IN,,
PER_0003,LOC_0145,ASSOCIATED_WITH,,
ACC_1053,ACC_0590,TRANSACTED_WITH,2026-01-23T07:57:07Z,1336879.99
PH_1365,PH_0790,CALLED,2023-11-26T08:14:19Z,3139
PER_0420,VEH_0791,OWNS,,
PH_0251,PH_1127,CALLED,2024-05-20T09:27:58Z,3556
PER_0340,ACC_0904,OWNS,,
PER_0584,PH_1321,OWNS,,
PH_0510,PH_1172,CALLED,2024-08-21T08:49:02Z,603
ACC_0962,ACC_0824,TRANSACTED_WITH,2023-03-28T20:59:09Z,1366902.29
PER_0576,ACC_0916,OWNS,,
PH_0358,PH_0088,CALLED,2024-11-12T10:50:49Z,690
ACC_0044,ACC_0784,TRANSACTED_WITH,2023-12-15T23:30:27Z,1145239.61
PER_0430,PH_1158,OWNS,,
PH_1053,PH_1122,CALLED,2023-06-10T18:32:39Z,1638
ACC_0121,ACC_1075,TRANSACTED_WITH,2025-01-01T01:01:40Z,1735648.06
PH_1105,PH_1290,CALLED,2024-07-29T08:11:14Z,1866
PER_0234,VEH_0657,OWNS,,
PER_0715,ACC_0193,OWNS,,
CASE_0193,PER_0895,PARTICIPATED_IN,,
ACC_0468,ACC_0890,TRANSACTED_WITH,2023-06-21T16:06:26Z,539582.34
ACC_0339,ACC_0259,TRANSACTED_WITH,2026-01-06T09:26:09Z,385111.57
PER_0295,LOC_0045,ASSOCIATED_WITH,,
CASE_0081,PER_0100,PARTICIPATED_IN,,
PER_0434,PH_1111,OWNS,,
PER_0800,PH_0443,OWNS,,
PER_0927,PH_0615,OWNS,,
PER_0237,LOC_0086,ASSOCIATED_WITH,,
PER_0832,LOC_0148,ASSOCIATED_WITH,,
ACC_1091,ACC_0122,TRANSACTED_WITH,2025-03-30T23:36:34Z,472821.85
ACC_1047,ACC_0010,TRANSACTED_WITH,2026-03-22T20:48:11Z,445719.85
ACC_0521,ACC_1030,TRANSACTED_WITH,2023-07-23T14:34:03Z,531212.23
CASE_0120,PER_0163,PARTICIPATED_IN,,
PER_0062,LOC_0133,ASSOCIATED_WITH,,
PER_0982,PH_0003,OWNS,,
CASE_0068,PER_0037,PARTICIPATED_IN,,
PER_0148,LOC_0034,ASSOCIATED_WITH,,
PH_1025,PH_0861,CALLED,2023-10-12T19:46:45Z,970
PER_0622,ACC_0226,OWNS,,
PH_1293,PH_1311,CALLED,2024-08-02T20:54:24Z,1386
PER_0609,ACC_1012,OWNS,,
PER_0999,ACC_0449,OWNS,,
ACC_0638,ACC_0481,TRANSACTED_WITH,2026-07-17T13:13:44Z,2487278.46
PER_0543,ORG_0097,ASSOCIATED_WITH,,
PER_0108,LOC_0119,ASSOCIATED_WITH,,
PH_1160,PH_0195,CALLED,2025-02-24T23:18:27Z,2431
PH_1022,PH_0921,CALLED,2025-08-25T12:27:16Z,907
ACC_1171,ACC_0832,TRANSACTED_WITH,2025-12-03T10:40:36Z,1792713.68
PH_0719,PH_1126,CALLED,2024-02-21T13:48:19Z,2276
PH_0624,PH_0834,CALLED,2024-06-18T15:40:40Z,1921
PH_0600,PH_1380,CALLED,2026-04-20T06:44:32Z,1899
PH_1120,PH_0552,CALLED,2026-05-30T18:04:48Z,1504
ACC_0019,ACC_0245,TRANSACTED_WITH,2023-05-29T01:39:00Z,1121198.7
PH_0040,PH_1165,CALLED,2023-06-02T01:52:04Z,2249
PER_0781,PH_0694,OWNS,,
ACC_1159,ACC_0912,TRANSACTED_WITH,2023-02-01T12:44:24Z,648710.53
PH_0851,PH_0829,CALLED,2026-01-05T09:45:38Z,1003
PER_0568,ACC_0969,OWNS,,
ACC_0519,ACC_0806,TRANSACTED_WITH,2025-02-15T02:18:15Z,730017.27
ACC_0800,ACC_1127,TRANSACTED_WITH,2023-08-26T18:44:23Z,796403.96
PH_0737,PH_0095,CALLED,2026-06-04T15:16:04Z,2256
CASE_0056,PER_0403,PARTICIPATED_IN,,
PER_0657,LOC_0100,ASSOCIATED_WITH,,
PH_1274,PH_0716,CALLED,2024-04-08T00:43:53Z,2012
PER_0181,ORG_0075,ASSOCIATED_WITH,,
PER_0457,VEH_0397,OWNS,,
PH_0873,PH_0010,CALLED,2026-02-16T11:26:23Z,1401
ACC_0387,ACC_0879,TRANSACTED_WITH,2025-04-07T03:11:29Z,1038131.88
PER_0640,ORG_0104,ASSOCIATED_WITH,,
ACC_0648,ACC_0986,TRANSACTED_WITH,2025-04-04T07:41:09Z,933596.47
PH_1019,PH_0551,CALLED,2025-09-23T10:03:35Z,2276
PH_1393,PH_0983,CALLED,2023-01-10T17:44:32Z,3160
PH_0694,PH_0329,CALLED,2023-10-16T04:52:14Z,2422
PH_0957,PH_0359,CALLED,2025-07-12T22:31:34Z,1619
PH_0761,PH_0688,CALLED,2025-10-28T03:54:38Z,2532
PER_0881,ACC_0519,OWNS,,
PER_0146,ACC_0458,OWNS,,
PH_1177,PH_1158,CALLED,2026-04-14T04:15:11Z,3122
PER_0097,ACC_0129,OWNS,,
ACC_0132,ACC_1153,TRANSACTED_WITH,2023-04-28T20:17:03Z,1702326.59
ACC_0799,ACC_0885,TRANSACTED_WITH,2026-04-04T08:58:57Z,2367393.74
PER_0729,LOC_0100,ASSOCIATED_WITH,,
PH_0928,PH_1381,CALLED,2023-02-11T15:39:51Z,2770
ACC_0634,ACC_0228,TRANSACTED_WITH,2023-05-25T16:33:05Z,2452102.37
PER_0850,PH_0438,OWNS,,
PER_0525,PH_0113,OWNS,,
ACC_0872,ACC_0424,TRANSACTED_WITH,2024-09-25T11:53:38Z,618482.15
PER_0452,ACC_0288,OWNS,,
PER_0364,LOC_0121,ASSOCIATED_WITH,,
PER_0005,LOC_0111,ASSOCIATED_WITH,,
ACC_0802,ACC_0627,TRANSACTED_WITH,2023-11-13T10:57:58Z,1075602.04
ACC_0320,ACC_0636,TRANSACTED_WITH,2023-04-06T22:32:31Z,2311454.47
PH_0272,PH_0737,CALLED,2024-01-14T05:11:37Z,3534
ACC_0634,ACC_0349,TRANSACTED_WITH,2025-04-01T03:15:59Z,1398936.57
PH_0746,PH_1067,CALLED,2026-06-25T02:51:44Z,2136
PER_0782,VEH_0395,OWNS,,
PH_0632,PH_0456,CALLED,2025-03-28T16:09:57Z,3462
PER_0447,LOC_0128,ASSOCIATED_WITH,,
PH_0189,PH_0924,CALLED,2024-07-12T09:39:42Z,1704
PH_0477,PH_0098,CALLED,2025-02-18T03:10:01Z,2711
PH_0773,PH_0048,CALLED,2024-03-02T19:34:00Z,580
ACC_0549,ACC_0491,TRANSACTED_WITH,2023-04-23T11:23:53Z,710172.31
ACC_1195,ACC_0145,TRANSACTED_WITH,2025-03-22T05:44:28Z,985781.02
PER_0630,PH_0704,OWNS,,
PH_1299,PH_0726,CALLED,2026-05-31T12:08:34Z,90
PER_0558,PH_0355,OWNS,,
ACC_0277,ACC_0516,TRANSACTED_WITH,2023-08-14T17:11:41Z,54824.61
PER_0661,LOC_0111,ASSOCIATED_WITH,,
PH_1205,PH_0747,CALLED,2025-04-15T21:39:11Z,660
PH_0480,PH_0026,CALLED,2026-04-25T16:02:58Z,151
PH_0120,PH_0310,CALLED,2025-01-18T15:14:37Z,1668
ACC_0762,ACC_0574,TRANSACTED_WITH,2025-07-25T02:12:45Z,803838.08
PH_0718,PH_0815,CALLED,2023-09-05T23:01:36Z,266
ACC_0307,ACC_0147,TRANSACTED_WITH,2023-05-28T11:26:16Z,1807058.81
ACC_0285,ACC_0933,TRANSACTED_WITH,2025-05-24T21:00:40Z,1592115.95
PER_0913,PH_1177,OWNS,,
PER_0208,LOC_0079,ASSOCIATED_WITH,,
CASE_0045,PER_0756,PARTICIPATED_IN,,
PH_1336,PH_0452,CALLED,2023-05-20T02:43:14Z,3111
PER_0442,LOC_0095,ASSOCIATED_WITH,,
PH_0904,PH_0640,CALLED,2025-08-05T06:29:47Z,1149
CASE_0061,PER_0926,PARTICIPATED_IN,,
ACC_0949,ACC_1110,TRANSACTED_WITH,2024-05-26T07:17:34Z,1985020.36
PER_0705,ORG_0086,ASSOCIATED_WITH,,
ACC_0806,ACC_0323,TRANSACTED_WITH,2026-05-15T23:43:44Z,1903463.28
ACC_1086,ACC_0114,TRANSACTED_WITH,2025-07-30T14:59:01Z,2480577.26
ACC_1053,ACC_0017,TRANSACTED_WITH,2023-12-04T05:59:07Z,2287776.02
PH_0920,PH_0612,CALLED,2023-07-17T06:06:49Z,1227
ACC_0036,ACC_0632,TRANSACTED_WITH,2023-01-28T20:20:45Z,1604938.92
ACC_1105,ACC_0183,TRANSACTED_WITH,2024-10-18T17:23:38Z,1681975.05
PER_0353,LOC_0076,ASSOCIATED_WITH,,
PER_0038,ACC_0914,OWNS,,
PH_0157,PH_0184,CALLED,2025-08-12T03:14:01Z,3402
PH_0665,PH_0440,CALLED,2023-01-07T14:41:58Z,2380
PER_0815,ACC_0148,OWNS,,
CASE_0184,PER_0701,PARTICIPATED_IN,,
PH_1072,PH_0801,CALLED,2024-01-22T19:53:32Z,2429
PER_0285,PH_1040,OWNS,,
PH_0079,PH_0164,CALLED,2025-07-22T18:59:12Z,698
ACC_0075,ACC_0095,TRANSACTED_WITH,2023-12-28T23:05:17Z,876820.17
ACC_0900,ACC_0228,TRANSACTED_WITH,2024-05-16T05:22:47Z,1086270.75
PER_0328,LOC_0118,ASSOCIATED_WITH,,
PH_0511,PH_0016,CALLED,2025-08-08T19:40:41Z,2205
PER_0591,LOC_0091,ASSOCIATED_WITH,,
PER_0194,PH_0531,OWNS,,
PH_0770,PH_0917,CALLED,2023-06-21T06:44:49Z,240
ACC_0991,ACC_0872,TRANSACTED_WITH,2024-07-20T21:58:28Z,1714701.94
ACC_0307,ACC_0883,TRANSACTED_WITH,2025-03-06T23:53:44Z,397898.23
PER_0648,PH_0005,OWNS,,
PH_0519,PH_0746,CALLED,2025-03-20T05:09:09Z,1917
PER_0282,LOC_0132,ASSOCIATED_WITH,,
PER_0525,LOC_0128,ASSOCIATED_WITH,,
PER_0339,LOC_0109,ASSOCIATED_WITH,,
ACC_0219,ACC_0353,TRANSACTED_WITH,2025-02-05T13:40:53Z,1045103.18
PER_0477,LOC_0080,ASSOCIATED_WITH,,
PH_0323,PH_1371,CALLED,2024-05-11T03:24:56Z,2785
PH_0798,PH_1185,CALLED,2024-03-22T02:16:18Z,3567
PER_0247,ACC_0299,OWNS,,
PER_0693,VEH_0198,OWNS,,
PH_0156,PH_0934,CALLED,2024-04-29T09:09:31Z,102
PH_1046,PH_1092,CALLED,2026-02-16T21:09:14Z,3057
PER_0547,LOC_0089,ASSOCIATED_WITH,,
ACC_0524,ACC_1071,TRANSACTED_WITH,2026-05-01T19:15:28Z,732831.26
ACC_0460,ACC_0399,TRANSACTED_WITH,2025-11-14T21:49:48Z,1901540.14
PH_0940,PH_0696,CALLED,2023-12-22T05:55:20Z,3525
PER_0419,PH_1336,OWNS,,
PH_0484,PH_0733,CALLED,2025-10-08T17:48:24Z,3472
ACC_0906,ACC_0408,TRANSACTED_WITH,2025-12-25T18:01:19Z,18632.73
ACC_0943,ACC_0601,TRANSACTED_WITH,2023-10-11T13:46:34Z,164557.75
PER_0173,PH_0304,OWNS,,
PH_0103,PH_0015,CALLED,2023-01-09T07:18:08Z,280
PH_1060,PH_0410,CALLED,2024-10-14T06:56:33Z,2840
ACC_0617,ACC_0154,TRANSACTED_WITH,2026-07-11T22:43:03Z,807149.47
ACC_0394,ACC_0193,TRANSACTED_WITH,2026-03-27T19:09:47Z,2469405.26
PH_1196,PH_0688,CALLED,2023-06-11T22:38:45Z,1727
PER_0373,ACC_0644,OWNS,,
PER_0983,PH_0302,OWNS,,
PER_0658,ORG_0085,ASSOCIATED_WITH,,
PER_0369,PH_1033,OWNS,,
PER_0965,LOC_0148,ASSOCIATED_WITH,,
PER_0645,PH_0302,OWNS,,
PH_0437,PH_1252,CALLED,2024-10-21T11:38:04Z,3224
PH_0118,PH_0095,CALLED,2026-01-29T12:55:37Z,2861
ACC_0792,ACC_0056,TRANSACTED_WITH,2024-06-29T13:29:52Z,1221237.7
PH_1203,PH_0032,CALLED,2025-08-01T13:19:49Z,1788
PER_0571,ACC_1097,OWNS,,
PH_1265,PH_0732,CALLED,2023-03-14T01:24:28Z,3478
PH_0077,PH_0685,CALLED,2023-04-19T20:24:02Z,3142
PH_0661,PH_1400,CALLED,2024-06-02T04:07:56Z,582
ACC_0318,ACC_0852,TRANSACTED_WITH,2023-11-16T15:59:19Z,609087.42
PER_0977,ACC_0167,OWNS,,
PER_0816,LOC_0009,ASSOCIATED_WITH,,
PH_1159,PH_0593,CALLED,2023-08-15T20:36:54Z,1833
ACC_0423,ACC_0406,TRANSACTED_WITH,2026-02-06T15:47:12Z,729167.77
PER_0268,PH_0207,OWNS,,
PH_0292,PH_0231,CALLED,2026-05-31T20:08:31Z,88
PER_0933,LOC_0003,ASSOCIATED_WITH,,
PER_0084,ORG_0060,ASSOCIATED_WITH,,
PH_0639,PH_0747,CALLED,2024-04-19T08:24:25Z,1710
PER_0237,ORG_0090,ASSOCIATED_WITH,,
PH_0714,PH_0353,CALLED,2025-03-17T00:00:34Z,3574
PH_0929,PH_0318,CALLED,2023-10-28T07:03:51Z,3023
PH_0635,PH_0472,CALLED,2026-06-24T18:03:14Z,2075
PER_0238,ACC_0796,OWNS,,
PER_0451,ORG_0056,ASSOCIATED_WITH,,
ACC_0912,ACC_1066,TRANSACTED_WITH,2024-12-30T15:12:17Z,2121182.45
ACC_0941,ACC_0741,TRANSACTED_WITH,2025-07-13T09:25:47Z,603674.27
ACC_0147,ACC_0412,TRANSACTED_WITH,2023-02-17T16:30:44Z,801330.71
PER_0145,ORG_0120,ASSOCIATED_WITH,,
PER_0043,LOC_0060,ASSOCIATED_WITH,,
PH_0885,PH_0344,CALLED,2026-01-10T19:38:30Z,3094
PER_0988,ORG_0017,ASSOCIATED_WITH,,
PH_0810,PH_0625,CALLED,2025-01-13T22:46:48Z,274
PH_0088,PH_0639,CALLED,2023-03-16T03:36:41Z,3194
PH_1302,PH_0934,CALLED,2023-03-22T13:05:01Z,2002
PER_0206,ORG_0103,ASSOCIATED_WITH,,
CASE_0057,PER_0469,PARTICIPATED_IN,,
ACC_0339,ACC_0634,TRANSACTED_WITH,2024-12-07T05:06:31Z,1931909.73
PH_0849,PH_0686,CALLED,2025-07-22T14:08:48Z,1101
PH_0492,PH_0733,CALLED,2024-10-19T05:45:04Z,1273
ACC_0184,ACC_0468,TRANSACTED_WITH,2023-10-27T18:49:43Z,795664.18
PH_0964,PH_1207,CALLED,2026-03-24T00:15:54Z,694
PH_0526,PH_1299,CALLED,2023-02-21T17:24:12Z,536
PER_0429,LOC_0023,ASSOCIATED_WITH,,
PH_0423,PH_0220,CALLED,2025-01-21T08:16:44Z,1848
ACC_0222,ACC_1082,TRANSACTED_WITH,2023-03-31T07:21:09Z,2171830.95
ACC_0530,ACC_1078,TRANSACTED_WITH,2024-02-18T01:56:00Z,1483637.71
PH_0191,PH_1335,CALLED,2026-06-13T12:35:05Z,719
PER_0348,ACC_0320,OWNS,,
PER_0745,ORG_0120,ASSOCIATED_WITH,,
PH_1079,PH_0044,CALLED,2023-08-26T13:07:18Z,1185
PH_0573,PH_1108,CALLED,2026-06-24T09:57:47Z,51
PER_0705,LOC_0063,ASSOCIATED_WITH,,
PH_0009,PH_1325,CALLED,2025-12-28T16:41:33Z,3288
ACC_0752,ACC_0953,TRANSACTED_WITH,2026-06-16T19:19:05Z,18911.06
ACC_1153,ACC_1183,TRANSACTED_WITH,2023-06-10T11:59:24Z,1032027.21
ACC_0447,ACC_0147,TRANSACTED_WITH,2025-12-28T06:40:48Z,2101756.39
PER_0817,LOC_0137,ASSOCIATED_WITH,,
PER_0524,ACC_1055,OWNS,,
ACC_0587,ACC_1191,TRANSACTED_WITH,2024-10-06T23:16:33Z,2193033.21
CASE_0162,PER_0517,PARTICIPATED_IN,,
ACC_0171,ACC_0880,TRANSACTED_WITH,2023-11-07T05:19:34Z,1843162.32
CASE_0132,PER_0783,PARTICIPATED_IN,,
CASE_0250,PER_0089,PARTICIPATED_IN,,
PH_0493,PH_0455,CALLED,2025-12-10T05:03:28Z,2127
PER_0844,LOC_0121,ASSOCIATED_WITH,,
ACC_0015,ACC_0166,TRANSACTED_WITH,2025-07-04T23:57:56Z,450925.89
CASE_0027,PER_0595,PARTICIPATED_IN,,
PH_1081,PH_1237,CALLED,2024-03-12T17:55:38Z,3282
PER_0759,PH_1238,OWNS,,
PER_0128,PH_0155,OWNS,,
ACC_0566,ACC_0529,TRANSACTED_WITH,2023-01-04T10:27:55Z,41095.18
PER_0545,ORG_0057,ASSOCIATED_WITH,,
PH_0649,PH_0953,CALLED,2026-02-21T04:12:58Z,1029
ACC_0749,ACC_0556,TRANSACTED_WITH,2025-04-18T22:57:39Z,1416260.2
ACC_1159,ACC_1079,TRANSACTED_WITH,2023-10-19T00:01:10Z,1436715.46
PER_0518,ACC_0816,OWNS,,
CASE_0199,PER_0771,PARTICIPATED_IN,,
ACC_0216,ACC_0026,TRANSACTED_WITH,2025-01-03T04:26:45Z,1726696.21
PER_0324,LOC_0079,ASSOCIATED_WITH,,
ACC_0927,ACC_0481,TRANSACTED_WITH,2026-02-08T18:45:50Z,1206962.56
PH_0030,PH_0482,CALLED,2023-06-14T10:59:49Z,3192
PH_0030,PH_0794,CALLED,2025-06-01T19:24:07Z,3202
PH_0722,PH_0392,CALLED,2024-03-14T17:11:24Z,639
ACC_0711,ACC_0083,TRANSACTED_WITH,2023-08-16T17:41:14Z,1554156.99
PH_0398,PH_0271,CALLED,2026-05-02T21:04:26Z,1694
ACC_0265,ACC_0051,TRANSACTED_WITH,2025-10-02T20:18:25Z,2041901.35
PH_0792,PH_0154,CALLED,2025-02-06T19:35:33Z,142
PH_0118,PH_0782,CALLED,2025-09-22T04:36:15Z,864
CASE_0160,PER_0331,PARTICIPATED_IN,,
PER_0928,LOC_0056,ASSOCIATED_WITH,,
PH_0369,PH_1222,CALLED,2025-09-14T12:24:26Z,3083
PER_0535,LOC_0107,ASSOCIATED_WITH,,
PH_1329,PH_0552,CALLED,2023-04-06T16:28:29Z,119
PH_0775,PH_0499,CALLED,2024-05-18T14:22:36Z,2949
PER_0201,LOC_0073,ASSOCIATED_WITH,,
PER_0506,PH_1217,OWNS,,
PH_1333,PH_1283,CALLED,2025-11-03T16:15:56Z,1566
PH_1059,PH_0637,CALLED,2026-01-11T06:51:45Z,1926
PER_0102,ACC_0782,OWNS,,
PH_0651,PH_0181,CALLED,2026-03-22T01:21:17Z,2872
PH_1125,PH_0652,CALLED,2024-04-27T16:55:31Z,1112
PH_1343,PH_0807,CALLED,2023-11-25T00:49:46Z,2308
PER_0666,LOC_0111,ASSOCIATED_WITH,,
PER_0944,LOC_0145,ASSOCIATED_WITH,,
PER_0152,ACC_0612,OWNS,,
ACC_1183,ACC_0716,TRANSACTED_WITH,2024-06-03T10:18:09Z,1965098.78
ACC_1048,ACC_1185,TRANSACTED_WITH,2026-01-03T04:43:28Z,2449069.63
PER_0470,LOC_0101,ASSOCIATED_WITH,,
PH_1228,PH_0849,CALLED,2026-02-21T06:46:56Z,2446
PH_0296,PH_0143,CALLED,2024-09-21T12:49:12Z,862
PER_0166,ACC_0890,OWNS,,
PH_0127,PH_0435,CALLED,2025-06-27T11:43:41Z,2032
PER_0095,PH_0946,OWNS,,
PH_1099,PH_0372,CALLED,2024-02-14T10:15:46Z,3318
ACC_0537,ACC_0575,TRANSACTED_WITH,2023-09-19T04:50:39Z,1029738.01
ACC_1032,ACC_0326,TRANSACTED_WITH,2025-03-11T15:36:26Z,352373.66
PER_0068,LOC_0027,ASSOCIATED_WITH,,
CASE_0063,PER_0371,PARTICIPATED_IN,,
ACC_0782,ACC_1103,TRANSACTED_WITH,2025-01-13T22:58:51Z,1163503.74
CASE_0248,PER_0824,PARTICIPATED_IN,,
PH_0599,PH_1187,CALLED,2025-07-03T14:40:12Z,2743
PER_0219,ORG_0064,ASSOCIATED_WITH,,
PH_0195,PH_0968,CALLED,2023-08-07T11:37:19Z,2515
ACC_0898,ACC_0841,TRANSACTED_WITH,2024-03-08T05:44:23Z,1854848.65
PER_0425,LOC_0055,ASSOCIATED_WITH,,
PER_0373,LOC_0087,ASSOCIATED_WITH,,
PH_0180,PH_0634,CALLED,2024-01-18T21:35:25Z,329
ACC_0686,ACC_0196,TRANSACTED_WITH,2023-01-17T04:03:54Z,1765366.2
ACC_0986,ACC_0353,TRANSACTED_WITH,2024-10-20T08:32:14Z,2145225.24
PER_0538,LOC_0046,ASSOCIATED_WITH,,
PER_0629,LOC_0016,ASSOCIATED_WITH,,
PH_0197,PH_0437,CALLED,2025-01-09T03:17:54Z,2680
PH_1282,PH_0423,CALLED,2024-04-13T04:16:00Z,2086
PH_0333,PH_0154,CALLED,2026-03-26T01:33:47Z,1972
ACC_1039,ACC_0877,TRANSACTED_WITH,2025-12-30T18:23:17Z,2043725.07
ACC_0430,ACC_1160,TRANSACTED_WITH,2023-02-16T19:50:28Z,2042575.89
PH_0911,PH_0968,CALLED,2023-02-25T01:33:25Z,1486
PH_0427,PH_0332,CALLED,2025-07-04T03:14:23Z,1200
PER_0923,LOC_0148,ASSOCIATED_WITH,,
PH_0369,PH_0583,CALLED,2025-03-12T03:21:51Z,2430
ACC_0014,ACC_0743,TRANSACTED_WITH,2023-09-29T17:05:38Z,1941349.32
PER_0789,LOC_0023,ASSOCIATED_WITH,,
PH_0053,PH_0710,CALLED,2024-12-05T16:37:21Z,3110
PH_0920,PH_0107,CALLED,2024-11-25T00:18:02Z,1012
PH_1013,PH_0241,CALLED,2024-10-30T09:54:18Z,2143
PH_1109,PH_0348,CALLED,2023-04-03T19:46:10Z,2363
ACC_0957,ACC_0468,TRANSACTED_WITH,2024-10-16T20:43:01Z,2344865.77
PER_0189,LOC_0111,ASSOCIATED_WITH,,
ACC_0942,ACC_0601,TRANSACTED_WITH,2026-05-21T18:04:29Z,437484.09
PER_0421,LOC_0040,ASSOCIATED_WITH,,
PH_0837,PH_0890,CALLED,2025-02-18T05:50:41Z,1777
PER_0302,VEH_0355,OWNS,,
ACC_0780,ACC_0458,TRANSACTED_WITH,2023-08-10T08:41:55Z,874986.29
PH_1352,PH_0319,CALLED,2023-01-13T00:11:40Z,2108
PH_1266,PH_0578,CALLED,2023-02-25T14:00:56Z,2626
PER_0190,PH_0449,OWNS,,
PER_0490,LOC_0054,ASSOCIATED_WITH,,
PH_1283,PH_0692,CALLED,2023-06-21T06:26:11Z,1575
ACC_0853,ACC_0790,TRANSACTED_WITH,2025-10-23T12:33:49Z,2353912.63
PER_0657,ORG_0082,ASSOCIATED_WITH,,
PH_0934,PH_0759,CALLED,2023-02-10T17:47:08Z,425
ACC_0954,ACC_0490,TRANSACTED_WITH,2023-11-01T00:33:19Z,2184345.35
PH_1219,PH_0801,CALLED,2023-04-10T01:23:05Z,1046
PER_0951,LOC_0132,ASSOCIATED_WITH,,
CASE_0088,PER_0714,PARTICIPATED_IN,,
PH_0534,PH_0956,CALLED,2024-03-09T03:48:45Z,767
PER_1000,ACC_0996,OWNS,,
PER_0205,LOC_0119,ASSOCIATED_WITH,,
ACC_0390,ACC_0760,TRANSACTED_WITH,2023-05-26T13:44:04Z,913069.04
PH_0023,PH_1101,CALLED,2023-06-03T08:24:04Z,2333
PH_0296,PH_0523,CALLED,2024-05-06T02:00:29Z,2157
ACC_0739,ACC_0402,TRANSACTED_WITH,2023-01-18T04:13:26Z,1495680.21
PER_0841,ACC_0085,OWNS,,
ACC_0130,ACC_0204,TRANSACTED_WITH,2024-09-26T10:59:38Z,2161639.72
PH_0869,PH_0920,CALLED,2023-04-07T02:30:50Z,263
PH_1254,PH_0526,CALLED,2025-07-17T01:03:17Z,2910
ACC_0254,ACC_0649,TRANSACTED_WITH,2023-06-08T08:04:57Z,820594.59
PER_0983,LOC_0087,ASSOCIATED_WITH,,
PER_0668,ACC_0104,OWNS,,
PH_0285,PH_0283,CALLED,2024-01-27T18:43:16Z,655
PH_0659,PH_0789,CALLED,2025-10-02T08:25:17Z,2060
PER_0134,VEH_0322,OWNS,,
ACC_1076,ACC_0457,TRANSACTED_WITH,2025-01-17T21:56:34Z,1911971.17
ACC_0634,ACC_0146,TRANSACTED_WITH,2024-08-22T20:51:41Z,911691.86
PER_0777,ACC_0344,OWNS,,
PH_0231,PH_0433,CALLED,2026-03-27T07:13:47Z,1500
ACC_0716,ACC_1163,TRANSACTED_WITH,2023-11-12T09:57:39Z,1960746.57
PER_0426,VEH_0237,OWNS,,
PER_0109,ORG_0009,ASSOCIATED_WITH,,
PH_0170,PH_0575,CALLED,2026-03-17T23:06:48Z,814
PER_0082,PH_1124,OWNS,,
PH_0836,PH_1381,CALLED,2023-04-14T19:55:26Z,2708
PER_0837,LOC_0068,ASSOCIATED_WITH,,
PER_0684,LOC_0012,ASSOCIATED_WITH,,
PER_0154,LOC_0143,ASSOCIATED_WITH,,
PER_0027,PH_1198,OWNS,,
PH_0041,PH_0759,CALLED,2024-05-09T20:35:54Z,2859
PH_0158,PH_0238,CALLED,2023-12-17T14:12:25Z,2515
PER_0257,ORG_0096,ASSOCIATED_WITH,,
PER_0380,VEH_0496,OWNS,,
PER_0012,LOC_0039,ASSOCIATED_WITH,,
PH_0687,PH_0341,CALLED,2026-03-20T14:30:50Z,589
PH_0349,PH_0211,CALLED,2026-01-27T11:31:52Z,2674
PH_1002,PH_0200,CALLED,2023-01-27T18:49:14Z,3109
PER_0744,ORG_0113,ASSOCIATED_WITH,,
PER_0337,LOC_0054,ASSOCIATED_WITH,,
ACC_0823,ACC_1022,TRANSACTED_WITH,2023-02-24T01:31:02Z,453133.74
ACC_0685,ACC_0179,TRANSACTED_WITH,2024-02-07T17:58:27Z,1189439.78
PER_0194,LOC_0139,ASSOCIATED_WITH,,
PER_0259,LOC_0129,ASSOCIATED_WITH,,
PER_0165,LOC_0105,ASSOCIATED_WITH,,
CASE_0165,PER_0087,PARTICIPATED_IN,,
PER_0148,ORG_0086,ASSOCIATED_WITH,,
PER_0215,PH_1130,OWNS,,
PER_0524,LOC_0133,ASSOCIATED_WITH,,
PH_0936,PH_0517,CALLED,2025-03-19T13:42:59Z,1884
PER_0691,PH_0924,OWNS,,
PER_0102,LOC_0112,ASSOCIATED_WITH,,
PH_0711,PH_0101,CALLED,2024-08-12T23:34:28Z,2225
CASE_0039,PER_0600,PARTICIPATED_IN,,
PH_0677,PH_0357,CALLED,2023-08-26T04:10:43Z,2446
PER_0907,ORG_0094,ASSOCIATED_WITH,,
ACC_1194,ACC_0081,TRANSACTED_WITH,2025-07-24T00:33:51Z,37478.58
CASE_0186,PER_0255,PARTICIPATED_IN,,
PH_0739,PH_0022,CALLED,2023-06-01T06:55:29Z,572
PH_0570,PH_1217,CALLED,2024-11-13T05:44:18Z,581
PER_0384,LOC_0046,ASSOCIATED_WITH,,
ACC_0340,ACC_0678,TRANSACTED_WITH,2023-02-14T21:00:35Z,941576.3
PH_0110,PH_1188,CALLED,2025-05-07T18:15:36Z,3571
PER_0130,ORG_0095,ASSOCIATED_WITH,,
PER_0670,LOC_0056,ASSOCIATED_WITH,,
ACC_1025,ACC_0588,TRANSACTED_WITH,2026-02-13T21:54:52Z,2360878.78
ACC_0938,ACC_1197,TRANSACTED_WITH,2025-05-02T05:54:11Z,1424637.57
PH_0017,PH_0578,CALLED,2023-08-10T04:38:54Z,531
PH_1214,PH_1370,CALLED,2025-04-15T13:06:59Z,3479
PH_0350,PH_1256,CALLED,2024-03-30T13:08:30Z,175
PH_0943,PH_0755,CALLED,2024-09-22T06:10:30Z,2570
ACC_0463,ACC_0572,TRANSACTED_WITH,2025-12-17T20:26:35Z,1550109.3
PER_0783,ACC_0603,OWNS,,
ACC_0452,ACC_0225,TRANSACTED_WITH,2026-06-04T17:55:49Z,2136851.88
ACC_0447,ACC_0171,TRANSACTED_WITH,2024-05-21T21:44:03Z,246838.6
PH_1294,PH_0926,CALLED,2023-04-24T03:20:09Z,1016
ACC_0643,ACC_0774,TRANSACTED_WITH,2026-07-04T19:50:23Z,1862077.76
PH_0615,PH_1181,CALLED,2024-08-27T14:33:38Z,1607
PH_1045,PH_0517,CALLED,2025-08-17T03:13:45Z,1824
ACC_0041,ACC_0572,TRANSACTED_WITH,2025-08-01T01:41:24Z,2122018.86
PH_0834,PH_0526,CALLED,2024-02-28T09:59:11Z,3385
PER_0617,LOC_0082,ASSOCIATED_WITH,,
ACC_0900,ACC_0529,TRANSACTED_WITH,2023-09-23T05:05:35Z,1369166.33
PH_0689,PH_0485,CALLED,2023-11-11T01:45:18Z,1528
PH_0165,PH_1275,CALLED,2024-10-14T01:15:42Z,2868
PER_0508,LOC_0012,ASSOCIATED_WITH,,
ACC_0495,ACC_0705,TRANSACTED_WITH,2024-03-21T03:34:37Z,308963.29
CASE_0129,PER_0594,PARTICIPATED_IN,,
PER_0769,ORG_0046,ASSOCIATED_WITH,,
PH_0518,PH_0597,CALLED,2026-05-04T18:11:22Z,589
CASE_0058,PER_0325,PARTICIPATED_IN,,
PER_0700,LOC_0134,ASSOCIATED_WITH,,
PER_0258,PH_1317,OWNS,,
PER_0674,ACC_0532,OWNS,,
PH_0242,PH_0190,CALLED,2026-03-14T17:47:37Z,167
PER_0347,ACC_0977,OWNS,,
PER_0231,PH_1342,OWNS,,
PH_1281,PH_0399,CALLED,2023-11-13T17:34:35Z,1171
ACC_0071,ACC_1178,TRANSACTED_WITH,2024-06-29T19:22:14Z,681306.17
PER_0319,LOC_0071,ASSOCIATED_WITH,,
PH_0573,PH_0790,CALLED,2025-02-02T01:45:05Z,158
PH_0143,PH_1275,CALLED,2026-04-12T08:21:54Z,769
PH_1370,PH_0923,CALLED,2023-02-12T20:35:16Z,1757
PH_1270,PH_1357,CALLED,2024-12-25T03:16:19Z,2941
ACC_0433,ACC_1197,TRANSACTED_WITH,2026-04-09T22:04:25Z,1714644.76
PER_0492,VEH_0308,OWNS,,
PER_0908,ACC_0606,OWNS,,
PH_0584,PH_0792,CALLED,2024-03-07T12:15:15Z,2957
PER_0263,LOC_0116,ASSOCIATED_WITH,,
PER_0159,LOC_0149,ASSOCIATED_WITH,,
PER_0259,LOC_0149,ASSOCIATED_WITH,,
PH_1284,PH_1206,CALLED,2024-04-05T20:44:02Z,605
PH_0591,PH_0336,CALLED,2024-05-27T17:56:57Z,1129
ACC_1075,ACC_0846,TRANSACTED_WITH,2026-05-18T23:06:12Z,436949.21
PER_0294,ACC_0295,OWNS,,
PER_0484,LOC_0069,ASSOCIATED_WITH,,
PER_0063,ACC_0465,OWNS,,
PH_0779,PH_1005,CALLED,2026-06-30T00:36:21Z,3452
PH_0575,PH_0458,CALLED,2026-05-03T00:29:56Z,2421
PH_0626,PH_0290,CALLED,2024-02-15T20:51:34Z,3187
PH_0577,PH_1352,CALLED,2025-11-15T22:23:29Z,500
ACC_0863,ACC_0139,TRANSACTED_WITH,2023-05-01T04:36:40Z,1626924.52
PH_0441,PH_1116,CALLED,2023-06-29T22:48:07Z,1346
ACC_1199,ACC_0882,TRANSACTED_WITH,2023-08-06T23:25:28Z,1265329.28
PER_0593,LOC_0002,ASSOCIATED_WITH,,
ACC_0613,ACC_0770,TRANSACTED_WITH,2024-02-02T14:58:02Z,182810.0
CASE_0041,PER_0465,PARTICIPATED_IN,,
PH_0308,PH_0816,CALLED,2023-02-15T10:29:10Z,3360
PER_0469,ACC_0980,OWNS,,
PER_0533,ACC_0051,OWNS,,
PH_1123,PH_0975,CALLED,2023-09-14T08:11:29Z,1159
PER_0899,PH_1291,OWNS,,
ACC_0337,ACC_0405,TRANSACTED_WITH,2025-03-02T14:58:19Z,568540.25
PH_1355,PH_0539,CALLED,2026-06-03T19:33:35Z,2387
PH_1263,PH_0395,CALLED,2024-02-13T22:28:20Z,463
PER_0455,PH_1205,OWNS,,
PER_0223,PH_1070,OWNS,,
PER_0169,LOC_0141,ASSOCIATED_WITH,,
PER_0820,LOC_0011,ASSOCIATED_WITH,,
PER_0311,ACC_0126,OWNS,,
PER_0665,LOC_0030,ASSOCIATED_WITH,,
PER_0345,ACC_0257,OWNS,,
PH_0122,PH_0691,CALLED,2024-05-03T15:06:48Z,1966
PH_0848,PH_0069,CALLED,2023-07-01T00:52:42Z,1527
PH_0086,PH_1153,CALLED,2026-01-20T21:12:40Z,1011
PH_0621,PH_0632,CALLED,2025-05-05T06:40:36Z,3483
ACC_1021,ACC_0010,TRANSACTED_WITH,2023-09-19T01:52:01Z,2326072.54
PH_1166,PH_0264,CALLED,2023-01-29T01:39:09Z,3449
ACC_0054,ACC_0991,TRANSACTED_WITH,2024-12-22T16:27:09Z,1255423.53
PER_0254,ACC_0211,OWNS,,
PER_0775,LOC_0051,ASSOCIATED_WITH,,
PER_0652,ACC_0092,OWNS,,
PER_0426,LOC_0046,ASSOCIATED_WITH,,
CASE_0021,PER_0451,PARTICIPATED_IN,,
PER_0069,LOC_0040,ASSOCIATED_WITH,,
PER_0444,LOC_0127,ASSOCIATED_WITH,,
PH_1293,PH_1110,CALLED,2023-05-17T03:26:29Z,1006
PER_0629,PH_0556,OWNS,,
PH_0313,PH_0560,CALLED,2025-12-29T04:32:08Z,771
ACC_0108,ACC_0878,TRANSACTED_WITH,2025-07-17T05:09:11Z,647158.76
PH_0338,PH_0570,CALLED,2026-05-30T03:49:40Z,2616
PH_1342,PH_1264,CALLED,2024-06-24T23:55:09Z,1339
PER_0977,LOC_0110,ASSOCIATED_WITH,,
PER_0062,ORG_0031,ASSOCIATED_WITH,,
CASE_0022,PER_0183,PARTICIPATED_IN,,
PER_0484,LOC_0023,ASSOCIATED_WITH,,
ACC_1018,ACC_0680,TRANSACTED_WITH,2026-01-06T05:13:40Z,2468718.16
ACC_0167,ACC_1129,TRANSACTED_WITH,2025-07-02T13:14:59Z,49496.5
PH_0213,PH_0537,CALLED,2023-06-12T01:41:40Z,624
PH_0205,PH_1233,CALLED,2025-08-21T16:30:10Z,1112
PER_0009,ACC_0451,OWNS,,
PH_0764,PH_1278,CALLED,2026-05-22T18:56:20Z,26
ACC_0391,ACC_0464,TRANSACTED_WITH,2026-02-27T22:12:07Z,177605.99
PH_0110,PH_0928,CALLED,2023-08-02T22:05:54Z,1488
CASE_0200,PER_0601,PARTICIPATED_IN,,
ACC_0221,ACC_0688,TRANSACTED_WITH,2024-07-08T17:04:07Z,2239419.88
PH_0151,PH_0278,CALLED,2024-11-18T07:25:41Z,2011
ACC_0072,ACC_0916,TRANSACTED_WITH,2025-09-01T07:39:30Z,274710.9
ACC_0843,ACC_0688,TRANSACTED_WITH,2025-09-03T12:34:40Z,732757.03
PER_0241,ORG_0026,ASSOCIATED_WITH,,
ACC_0807,ACC_0720,TRANSACTED_WITH,2023-10-16T10:49:04Z,2173127.07
PH_0662,PH_0336,CALLED,2026-05-11T05:36:55Z,2173
PH_0999,PH_1023,CALLED,2026-01-25T23:07:08Z,2355
PH_0582,PH_0522,CALLED,2024-02-25T23:45:12Z,1442
PH_0683,PH_0419,CALLED,2023-11-11T21:12:42Z,684
PER_0361,ACC_0425,OWNS,,
ACC_0912,ACC_0200,TRANSACTED_WITH,2023-03-18T23:47:53Z,1055800.34
PH_0145,PH_1019,CALLED,2024-02-03T19:19:11Z,296
CASE_0196,PER_0151,PARTICIPATED_IN,,
PH_0064,PH_0567,CALLED,2024-10-28T05:22:46Z,3406
PER_0453,ORG_0030,ASSOCIATED_WITH,,
PER_0131,ORG_0052,ASSOCIATED_WITH,,
PH_0731,PH_0948,CALLED,2025-01-04T23:05:32Z,3258
PH_0308,PH_1183,CALLED,2026-04-26T22:55:49Z,2081
PER_0439,ACC_0877,OWNS,,
ACC_0191,ACC_0899,TRANSACTED_WITH,2024-08-24T00:20:06Z,366896.73
ACC_0836,ACC_0508,TRANSACTED_WITH,2023-07-05T22:22:48Z,1118912.23
PH_1232,PH_1317,CALLED,2023-02-06T14:43:44Z,2687
PER_0634,LOC_0090,ASSOCIATED_WITH,,
ACC_0884,ACC_1070,TRANSACTED_WITH,2025-04-24T09:29:00Z,2025683.78
PER_0966,LOC_0088,ASSOCIATED_WITH,,
PER_0586,LOC_0148,ASSOCIATED_WITH,,
PH_1351,PH_0869,CALLED,2024-10-17T09:05:45Z,731
PH_0385,PH_0712,CALLED,2026-07-05T08:17:39Z,2492
PER_0957,PH_0533,OWNS,,
ACC_0417,ACC_1086,TRANSACTED_WITH,2024-05-10T09:20:48Z,1183322.1
PH_0624,PH_0425,CALLED,2025-06-27T09:40:54Z,3408
PH_0239,PH_1303,CALLED,2025-01-22T22:41:53Z,1687
PER_0682,ACC_1013,OWNS,,
PER_0948,LOC_0014,ASSOCIATED_WITH,,
PER_0498,LOC_0086,ASSOCIATED_WITH,,
PH_0098,PH_1053,CALLED,2023-11-09T06:39:51Z,3007
ACC_0407,ACC_0842,TRANSACTED_WITH,2025-08-31T15:26:06Z,2086466.65
ACC_1007,ACC_0034,TRANSACTED_WITH,2024-03-29T00:03:04Z,1189967.03
ACC_0731,ACC_0994,TRANSACTED_WITH,2026-05-04T20:12:22Z,891383.77
PH_0930,PH_0306,CALLED,2023-12-12T16:24:31Z,2137
PER_0302,LOC_0075,ASSOCIATED_WITH,,
PER_0915,LOC_0053,ASSOCIATED_WITH,,
PER_0415,ORG_0050,ASSOCIATED_WITH,,
ACC_0751,ACC_0637,TRANSACTED_WITH,2025-12-30T11:47:41Z,448967.78
PER_0597,ACC_0852,OWNS,,
PER_0562,PH_0571,OWNS,,
PER_0789,PH_1090,OWNS,,
PH_1373,PH_0854,CALLED,2023-01-04T18:37:18Z,2892
PER_0907,LOC_0078,ASSOCIATED_WITH,,
PH_0232,PH_1294,CALLED,2025-08-08T19:46:35Z,2197
PER_0736,LOC_0055,ASSOCIATED_WITH,,
PH_0320,PH_0882,CALLED,2023-09-22T12:04:17Z,2061
ACC_0521,ACC_0310,TRANSACTED_WITH,2025-11-07T18:32:33Z,1161946.85
PER_0957,PH_0620,OWNS,,
ACC_0207,ACC_0667,TRANSACTED_WITH,2025-08-10T05:30:28Z,2301302.74
PH_0873,PH_0746,CALLED,2023-08-22T12:55:25Z,1941
ACC_0336,ACC_0216,TRANSACTED_WITH,2023-08-21T07:47:12Z,1855960.27
PH_0592,PH_0921,CALLED,2026-07-04T01:36:55Z,728
CASE_0173,PER_0916,PARTICIPATED_IN,,
CASE_0124,PER_0560,PARTICIPATED_IN,,
PH_0690,PH_0054,CALLED,2023-10-14T05:06:08Z,750
PH_0507,PH_0500,CALLED,2023-08-29T05:48:22Z,1682
PH_0487,PH_0776,CALLED,2024-03-22T21:49:25Z,2309
PER_0383,LOC_0128,ASSOCIATED_WITH,,
PER_0366,LOC_0115,ASSOCIATED_WITH,,
PH_0018,PH_0655,CALLED,2025-09-10T22:40:49Z,20
PH_0376,PH_1034,CALLED,2024-07-30T18:20:39Z,134
PER_0124,PH_0071,OWNS,,
ACC_0220,ACC_0311,TRANSACTED_WITH,2026-01-27T05:56:44Z,297482.96
PH_0516,PH_0660,CALLED,2023-07-16T21:30:16Z,3369
ACC_0581,ACC_0330,TRANSACTED_WITH,2026-07-12T07:39:53Z,1645512.62
PH_1115,PH_0630,CALLED,2026-02-08T11:38:04Z,3554
PER_0386,PH_0360,OWNS,,
PH_0740,PH_1152,CALLED,2026-06-10T13:37:51Z,977
PH_1217,PH_0968,CALLED,2025-04-13T03:59:34Z,40
ACC_0665,ACC_0495,TRANSACTED_WITH,2026-06-22T22:42:29Z,1056347.25
PH_1363,PH_1017,CALLED,2023-05-20T21:35:18Z,3101
PH_0926,PH_1363,CALLED,2023-05-26T16:57:33Z,493
ACC_0798,ACC_0904,TRANSACTED_WITH,2025-12-15T11:47:40Z,1518958.52
PH_0923,PH_0469,CALLED,2025-10-31T05:28:20Z,2610
PH_0049,PH_0385,CALLED,2023-11-10T07:22:56Z,1165
PH_0113,PH_0316,CALLED,2023-11-16T06:52:20Z,413
PER_0336,PH_1022,OWNS,,
PH_1189,PH_1349,CALLED,2024-09-28T03:31:59Z,763
ACC_0390,ACC_0450,TRANSACTED_WITH,2023-08-19T14:03:22Z,1971828.35
PH_1166,PH_1024,CALLED,2025-10-18T03:39:36Z,2337
PH_0987,PH_1266,CALLED,2024-09-09T05:50:51Z,2702
PH_0885,PH_0246,CALLED,2023-01-13T20:52:40Z,595
PH_1148,PH_1207,CALLED,2023-03-04T22:29:44Z,2284
ACC_0609,ACC_0476,TRANSACTED_WITH,2023-10-22T06:47:32Z,263715.54
PER_0300,ORG_0030,ASSOCIATED_WITH,,
PH_0566,PH_0243,CALLED,2025-01-01T05:31:19Z,2027
PH_1148,PH_1031,CALLED,2025-02-06T22:00:45Z,2299
PER_0307,ORG_0054,ASSOCIATED_WITH,,
PH_1116,PH_1176,CALLED,2024-08-24T12:07:52Z,51
ACC_0206,ACC_1149,TRANSACTED_WITH,2023-04-28T08:37:47Z,483795.08
PER_0802,ORG_0014,ASSOCIATED_WITH,,
PH_0642,PH_0458,CALLED,2025-09-08T21:05:36Z,3550
PH_0972,PH_1398,CALLED,2023-03-11T00:42:14Z,478
PER_0170,LOC_0114,ASSOCIATED_WITH,,
PER_0596,LOC_0009,ASSOCIATED_WITH,,
PH_0722,PH_0406,CALLED,2023-09-03T08:26:48Z,1743
PH_1016,PH_1398,CALLED,2025-08-27T10:04:41Z,2536
ACC_1113,ACC_0381,TRANSACTED_WITH,2023-04-11T22:42:00Z,1767660.98
PH_1383,PH_0115,CALLED,2024-05-22T05:37:07Z,1794
ACC_0277,ACC_0453,TRANSACTED_WITH,2024-12-19T13:24:04Z,2107468.01
PH_0969,PH_0229,CALLED,2023-12-15T05:26:34Z,189
PH_0481,PH_0831,CALLED,2024-04-04T08:22:01Z,3416
PH_0920,PH_1169,CALLED,2026-02-27T20:10:37Z,3486
PER_0837,LOC_0119,ASSOCIATED_WITH,,
ACC_1021,ACC_0169,TRANSACTED_WITH,2025-12-02T11:21:40Z,1263348.65
PER_0733,LOC_0100,ASSOCIATED_WITH,,
PER_0037,LOC_0007,ASSOCIATED_WITH,,
PH_0757,PH_0098,CALLED,2024-10-22T04:49:18Z,2730
ACC_0020,ACC_0388,TRANSACTED_WITH,2024-06-13T06:02:42Z,649258.54
ACC_0506,ACC_0642,TRANSACTED_WITH,2023-10-30T09:58:15Z,1227167.04
ACC_0334,ACC_0994,TRANSACTED_WITH,2023-05-11T23:13:39Z,1778576.31
ACC_0605,ACC_0125,TRANSACTED_WITH,2025-06-04T10:04:28Z,1879235.4
PER_0791,PH_0909,OWNS,,
PER_0349,LOC_0054,ASSOCIATED_WITH,,
PER_0008,ORG_0091,ASSOCIATED_WITH,,
ACC_0130,ACC_1111,TRANSACTED_WITH,2025-01-17T00:14:02Z,498416.68
PH_0394,PH_1126,CALLED,2025-04-14T22:52:50Z,2958
PH_0282,PH_1028,CALLED,2023-05-03T17:12:32Z,2286
PER_0584,PH_0902,OWNS,,
PER_0130,PH_0520,OWNS,,
PH_0774,PH_0050,CALLED,2026-06-01T04:21:35Z,1220
CASE_0043,PER_0451,PARTICIPATED_IN,,
PH_0888,PH_1281,CALLED,2025-07-13T15:18:58Z,3503
PER_0960,PH_1095,OWNS,,
CASE_0236,PER_0469,PARTICIPATED_IN,,
PER_0905,ACC_0107,OWNS,,
PH_0162,PH_0891,CALLED,2025-05-18T01:59:17Z,3085
ACC_0030,ACC_0072,TRANSACTED_WITH,2024-08-16T08:15:24Z,1840614.46
PER_0600,LOC_0119,ASSOCIATED_WITH,,
PER_0088,ORG_0051,ASSOCIATED_WITH,,
PER_0932,PH_0676,OWNS,,
ACC_0447,ACC_0128,TRANSACTED_WITH,2026-07-05T14:59:11Z,959896.4
ACC_1149,ACC_0202,TRANSACTED_WITH,2025-06-03T09:06:24Z,1442536.71
PER_0326,LOC_0027,ASSOCIATED_WITH,,
PER_0804,ORG_0080,ASSOCIATED_WITH,,
PH_0058,PH_0376,CALLED,2025-01-21T02:22:40Z,3548
PER_0323,LOC_0017,ASSOCIATED_WITH,,
PH_1067,PH_0568,CALLED,2023-03-03T00:20:31Z,1555
PER_0046,PH_1164,OWNS,,
PER_0496,VEH_0501,OWNS,,
PER_0059,LOC_0024,ASSOCIATED_WITH,,
PH_1075,PH_0852,CALLED,2026-07-25T09:15:49Z,2249
PER_0085,PH_0973,OWNS,,
CASE_0014,PER_0411,PARTICIPATED_IN,,
ACC_0241,ACC_0084,TRANSACTED_WITH,2025-01-02T02:52:00Z,546161.32
ACC_0457,ACC_0798,TRANSACTED_WITH,2024-10-17T23:34:39Z,71141.96
PH_0775,PH_0787,CALLED,2023-10-29T12:48:29Z,2665
PH_0900,PH_0290,CALLED,2023-03-20T05:30:16Z,714
PH_0423,PH_1261,CALLED,2026-05-30T20:04:38Z,2616
PH_0494,PH_0160,CALLED,2026-03-07T02:35:22Z,768
PER_0857,PH_1121,OWNS,,
ACC_0639,ACC_0958,TRANSACTED_WITH,2023-04-17T13:08:15Z,296423.44
ACC_0672,ACC_0535,TRANSACTED_WITH,2025-02-25T10:56:14Z,1279096.94
PER_0673,LOC_0105,ASSOCIATED_WITH,,
PER_0992,ORG_0044,ASSOCIATED_WITH,,
PER_0202,LOC_0091,ASSOCIATED_WITH,,
PER_0100,ACC_1003,OWNS,,
ACC_0561,ACC_1191,TRANSACTED_WITH,2024-09-29T03:25:29Z,85679.01
ACC_0826,ACC_0365,TRANSACTED_WITH,2024-10-23T08:16:05Z,2390213.38
ACC_0457,ACC_0127,TRANSACTED_WITH,2023-12-11T18:01:46Z,490822.24
PH_0614,PH_0418,CALLED,2024-02-02T10:48:13Z,664
ACC_0445,ACC_0351,TRANSACTED_WITH,2025-02-01T14:22:30Z,1559649.82
PH_1231,PH_1286,CALLED,2023-09-27T06:40:58Z,1325
ACC_0707,ACC_0334,TRANSACTED_WITH,2026-05-20T07:51:08Z,419437.44
ACC_0072,ACC_0268,TRANSACTED_WITH,2023-10-10T17:52:00Z,706686.71
ACC_0315,ACC_0517,TRANSACTED_WITH,2024-10-06T10:32:50Z,729619.53
CASE_0075,PER_0888,PARTICIPATED_IN,,
PH_0093,PH_0899,CALLED,2023-05-06T18:10:13Z,614
ACC_0484,ACC_1115,TRANSACTED_WITH,2023-07-28T01:15:58Z,2387738.03
ACC_0440,ACC_0828,TRANSACTED_WITH,2026-06-22T22:29:50Z,1182018.68
PER_0287,ACC_0043,OWNS,,
PH_0313,PH_0572,CALLED,2025-03-17T21:08:16Z,2494
PH_1191,PH_0344,CALLED,2023-10-28T05:36:39Z,1505
PH_1204,PH_1025,CALLED,2023-01-04T16:09:49Z,1163
CASE_0191,PER_0277,PARTICIPATED_IN,,
PER_0100,LOC_0124,ASSOCIATED_WITH,,
PH_0553,PH_0591,CALLED,2024-05-31T00:23:25Z,471
ACC_0675,ACC_0076,TRANSACTED_WITH,2024-08-18T04:01:11Z,1887068.05
ACC_1113,ACC_0664,TRANSACTED_WITH,2024-09-11T22:20:01Z,127259.33
PER_0045,PH_0770,OWNS,,
PER_0067,LOC_0099,ASSOCIATED_WITH,,
PH_0240,PH_0891,CALLED,2025-03-12T03:29:53Z,3579
PH_0215,PH_1083,CALLED,2026-01-16T05:18:19Z,897
PH_0506,PH_0248,CALLED,2024-12-04T18:58:08Z,1376
PER_0395,PH_0360,OWNS,,
PER_0621,LOC_0077,ASSOCIATED_WITH,,
ACC_0171,ACC_0754,TRANSACTED_WITH,2025-03-09T18:34:49Z,2350729.63
PH_1020,PH_0895,CALLED,2024-10-10T20:43:58Z,2395
PH_0648,PH_0214,CALLED,2024-04-13T12:07:55Z,46
ACC_0908,ACC_0251,TRANSACTED_WITH,2025-06-14T21:50:30Z,1774531.89
PER_0073,PH_1043,OWNS,,
PER_0053,PH_0775,OWNS,,
PER_0967,PH_0100,OWNS,,
PER_0898,PH_1278,OWNS,,
PER_0378,VEH_0034,OWNS,,
PH_0343,PH_0208,CALLED,2023-09-20T06:10:24Z,1420
PER_0228,PH_1020,OWNS,,
CASE_0184,PER_0484,PARTICIPATED_IN,,
PER_0899,ACC_1122,OWNS,,
ACC_0598,ACC_1069,TRANSACTED_WITH,2024-01-28T13:57:42Z,1440250.58
ACC_0978,ACC_0542,TRANSACTED_WITH,2023-11-07T19:47:45Z,1709043.75
PH_0552,PH_0470,CALLED,2025-12-21T07:31:24Z,559
ACC_0999,ACC_0583,TRANSACTED_WITH,2024-10-29T09:27:26Z,1229254.14
PH_0300,PH_0737,CALLED,2023-07-22T17:06:43Z,2904
PH_0181,PH_1354,CALLED,2024-10-26T01:03:24Z,2497
ACC_1164,ACC_0247,TRANSACTED_WITH,2023-11-04T02:19:22Z,1971332.59
PER_0852,PH_0253,OWNS,,
ACC_0528,ACC_0092,TRANSACTED_WITH,2025-10-13T12:04:31Z,1427269.86
PER_0616,PH_0670,OWNS,,
PER_0544,ORG_0111,ASSOCIATED_WITH,,
ACC_1003,ACC_0048,TRANSACTED_WITH,2023-10-10T01:54:19Z,299250.52
PER_0488,ORG_0039,ASSOCIATED_WITH,,
PH_0530,PH_0108,CALLED,2024-07-23T16:37:53Z,1504
PH_0003,PH_0261,CALLED,2023-09-24T01:08:27Z,2653
ACC_0583,ACC_0362,TRANSACTED_WITH,2023-07-07T18:27:14Z,918098.69
PER_0994,ACC_1163,OWNS,,
ACC_0842,ACC_0474,TRANSACTED_WITH,2025-12-05T22:24:54Z,633178.36
PH_0681,PH_1102,CALLED,2026-04-09T11:04:28Z,3494
PH_0766,PH_0671,CALLED,2025-03-20T23:52:44Z,2752
PH_1262,PH_0153,CALLED,2024-06-19T19:51:09Z,7
PER_0810,LOC_0114,ASSOCIATED_WITH,,
PER_0604,LOC_0111,ASSOCIATED_WITH,,
PH_0749,PH_0108,CALLED,2024-09-07T15:34:29Z,1905
PER_0464,LOC_0061,ASSOCIATED_WITH,,
PH_0985,PH_0930,CALLED,2025-08-22T16:22:03Z,2923
PER_0850,LOC_0130,ASSOCIATED_WITH,,
PER_0744,ACC_1068,OWNS,,
PH_1007,PH_1218,CALLED,2023-08-08T08:28:42Z,21
PH_0063,PH_0379,CALLED,2025-03-14T08:59:08Z,679
PER_0522,ACC_0942,OWNS,,
PH_0069,PH_0012,CALLED,2024-10-08T20:29:08Z,2407
ACC_0459,ACC_0572,TRANSACTED_WITH,2025-07-30T13:08:24Z,2268345.14
ACC_0790,ACC_0601,TRANSACTED_WITH,2024-10-03T07:58:33Z,2073102.73
PH_0713,PH_0228,CALLED,2026-01-08T12:05:41Z,3046
PER_0588,LOC_0023,ASSOCIATED_WITH,,
ACC_0223,ACC_0265,TRANSACTED_WITH,2024-03-19T14:32:37Z,604143.38
PER_0815,ACC_0966,OWNS,,
PER_0410,ORG_0107,ASSOCIATED_WITH,,
PER_0118,LOC_0061,ASSOCIATED_WITH,,
PH_0181,PH_0410,CALLED,2024-09-09T12:48:56Z,1998
PH_1243,PH_0637,CALLED,2024-10-26T10:58:50Z,2254
PER_0019,LOC_0068,ASSOCIATED_WITH,,
ACC_0258,ACC_1078,TRANSACTED_WITH,2025-07-10T03:40:25Z,2019593.85
ACC_0776,ACC_1126,TRANSACTED_WITH,2023-04-16T03:09:48Z,1170720.42
PH_0986,PH_0475,CALLED,2025-08-31T20:23:58Z,1502
ACC_0596,ACC_0202,TRANSACTED_WITH,2026-04-29T12:49:23Z,1370356.39
PER_0449,VEH_0782,OWNS,,
ACC_0891,ACC_0712,TRANSACTED_WITH,2024-05-31T13:22:56Z,1687289.45
PER_0759,LOC_0141,ASSOCIATED_WITH,,
PER_0383,ACC_0284,OWNS,,
CASE_0041,PER_0430,PARTICIPATED_IN,,
PH_0262,PH_0239,CALLED,2026-03-20T22:59:34Z,2856
PH_0102,PH_0738,CALLED,2025-05-13T23:19:52Z,2363
PER_0649,ORG_0087,ASSOCIATED_WITH,,
PER_0636,PH_1227,OWNS,,
ACC_0331,ACC_0125,TRANSACTED_WITH,2025-05-09T21:39:40Z,28803.37
PER_0068,PH_0045,OWNS,,
PER_0945,ORG_0068,ASSOCIATED_WITH,,
PER_0597,ORG_0112,ASSOCIATED_WITH,,
PH_1030,PH_0898,CALLED,2026-07-19T08:57:27Z,521
PH_0563,PH_0673,CALLED,2024-02-13T23:00:47Z,2222
PER_0760,PH_0365,OWNS,,
ACC_0734,ACC_0840,TRANSACTED_WITH,2023-11-20T16:39:23Z,863440.28
ACC_0927,ACC_0952,TRANSACTED_WITH,2025-08-12T15:29:40Z,2431572.2
PER_0804,LOC_0122,ASSOCIATED_WITH,,
PH_0721,PH_0215,CALLED,2024-05-05T09:23:04Z,2476
PER_0258,ORG_0034,ASSOCIATED_WITH,,
PER_0309,ORG_0119,ASSOCIATED_WITH,,
ACC_0166,ACC_0413,TRANSACTED_WITH,2025-08-20T13:32:09Z,1736976.55
PER_0007,PH_0168,OWNS,,
ACC_1012,ACC_0910,TRANSACTED_WITH,2023-04-20T03:13:23Z,2069975.0
CASE_0049,PER_0175,PARTICIPATED_IN,,
PH_1020,PH_0006,CALLED,2023-06-25T12:52:38Z,2303
PH_1220,PH_0986,CALLED,2026-06-14T06:53:32Z,2600
ACC_0221,ACC_0680,TRANSACTED_WITH,2026-07-14T12:38:23Z,889703.17
PER_0975,LOC_0118,ASSOCIATED_WITH,,
ACC_0986,ACC_0870,TRANSACTED_WITH,2025-06-27T05:46:14Z,1636102.99
PER_0739,PH_0555,OWNS,,
ACC_0268,ACC_0889,TRANSACTED_WITH,2025-11-03T22:26:28Z,1604601.35
ACC_0724,ACC_0013,TRANSACTED_WITH,2025-12-13T11:43:42Z,30959.53
PH_0040,PH_0023,CALLED,2023-09-21T15:13:30Z,2919
ACC_0412,ACC_0672,TRANSACTED_WITH,2023-10-29T02:08:28Z,713819.54
PER_0149,ACC_0325,OWNS,,
ACC_0168,ACC_0672,TRANSACTED_WITH,2023-02-10T20:24:40Z,338091.56
PH_0083,PH_0602,CALLED,2023-02-28T02:44:57Z,97
ACC_0246,ACC_1148,TRANSACTED_WITH,2023-05-16T23:39:25Z,824245.64
PER_0382,LOC_0098,ASSOCIATED_WITH,,
PH_0682,PH_0040,CALLED,2025-10-30T11:58:48Z,3399
PH_1399,PH_1284,CALLED,2025-11-03T08:02:57Z,661
PER_0376,LOC_0089,ASSOCIATED_WITH,,
ACC_0089,ACC_1037,TRANSACTED_WITH,2026-02-24T09:34:51Z,754920.63
ACC_0147,ACC_1150,TRANSACTED_WITH,2023-03-30T10:12:31Z,1201554.42
ACC_0234,ACC_0963,TRANSACTED_WITH,2023-07-31T06:43:10Z,2225117.05
PER_0852,ORG_0050,ASSOCIATED_WITH,,
PER_0693,LOC_0012,ASSOCIATED_WITH,,
PER_0646,LOC_0148,ASSOCIATED_WITH,,
ACC_0668,ACC_0290,TRANSACTED_WITH,2023-01-03T15:28:54Z,1634271.7
PH_1088,PH_0803,CALLED,2025-04-15T14:02:40Z,2817
ACC_0993,ACC_0035,TRANSACTED_WITH,2024-07-04T21:41:43Z,1272468.5
PH_0135,PH_0242,CALLED,2026-06-18T03:20:24Z,2031
PH_0857,PH_0522,CALLED,2025-06-07T20:00:38Z,1930
PER_0793,PH_1265,OWNS,,
PER_0053,LOC_0002,ASSOCIATED_WITH,,
PH_0792,PH_0855,CALLED,2024-08-31T00:43:55Z,3556
PH_0982,PH_1059,CALLED,2023-09-26T20:04:38Z,2535
PH_0779,PH_0788,CALLED,2023-07-18T22:09:05Z,3052
PER_0902,LOC_0028,ASSOCIATED_WITH,,
PH_0928,PH_1088,CALLED,2023-03-12T08:24:27Z,1322
PH_0751,PH_0552,CALLED,2023-04-18T08:01:37Z,1432
PH_0054,PH_1287,CALLED,2024-08-05T04:21:40Z,3469
CASE_0242,PER_0712,PARTICIPATED_IN,,
PH_1192,PH_0003,CALLED,2025-12-11T16:01:45Z,541
PER_0991,LOC_0039,ASSOCIATED_WITH,,
PER_0457,LOC_0056,ASSOCIATED_WITH,,
PH_0198,PH_0043,CALLED,2025-04-17T03:59:19Z,3528
PER_0459,LOC_0002,ASSOCIATED_WITH,,
PH_1049,PH_0033,CALLED,2023-06-13T17:36:13Z,1635
PER_0821,ACC_1054,OWNS,,
ACC_1088,ACC_1067,TRANSACTED_WITH,2023-09-17T13:36:09Z,1949480.72
ACC_1176,ACC_0275,TRANSACTED_WITH,2023-07-02T23:49:02Z,2499338.58
PER_0037,PH_0777,OWNS,,
ACC_0392,ACC_1123,TRANSACTED_WITH,2024-11-24T01:18:15Z,70107.42
PER_0419,VEH_0214,OWNS,,
PH_1015,PH_0405,CALLED,2023-04-08T22:55:01Z,1200
ACC_0758,ACC_0885,TRANSACTED_WITH,2026-05-27T12:19:52Z,2251448.43
PER_0772,VEH_0229,OWNS,,
PER_0651,PH_0832,OWNS,,
PER_0061,ORG_0089,ASSOCIATED_WITH,,
PH_0213,PH_0350,CALLED,2023-11-24T23:28:02Z,576
PER_0386,ORG_0041,ASSOCIATED_WITH,,
PER_0946,ORG_0018,ASSOCIATED_WITH,,
PH_0457,PH_0761,CALLED,2025-10-13T13:29:23Z,3403
PER_0766,ACC_0689,OWNS,,
PER_0517,PH_1104,OWNS,,
PH_0857,PH_0113,CALLED,2024-09-28T14:49:59Z,2738
PH_0350,PH_0089,CALLED,2024-07-13T06:34:52Z,2451
CASE_0087,PER_0461,PARTICIPATED_IN,,
PH_0527,PH_0199,CALLED,2026-06-16T13:12:56Z,3152
PH_0457,PH_0504,CALLED,2024-06-23T16:54:17Z,2137
PH_0592,PH_0157,CALLED,2025-08-14T22:05:46Z,2740
ACC_0194,ACC_1079,TRANSACTED_WITH,2026-06-01T03:42:35Z,278868.89
PER_0147,PH_0838,OWNS,,
PH_0049,PH_0403,CALLED,2024-08-16T04:16:49Z,823
PH_0350,PH_0636,CALLED,2023-05-12T05:18:43Z,917
PER_0547,LOC_0100,ASSOCIATED_WITH,,
PER_0828,PH_0816,OWNS,,
PER_0342,LOC_0016,ASSOCIATED_WITH,,
PER_1000,LOC_0095,ASSOCIATED_WITH,,
PH_0071,PH_0193,CALLED,2025-10-29T19:32:26Z,1752
PH_0681,PH_0525,CALLED,2025-05-27T05:32:21Z,1011
PH_0889,PH_0155,CALLED,2024-03-18T07:59:31Z,2482
PER_0501,LOC_0034,ASSOCIATED_WITH,,
PH_1096,PH_1321,CALLED,2024-11-15T20:58:56Z,3509
PH_1161,PH_0172,CALLED,2023-01-10T20:55:35Z,197
ACC_0281,ACC_0629,TRANSACTED_WITH,2026-05-26T00:12:01Z,1547181.21
PH_0201,PH_1286,CALLED,2025-12-26T01:01:17Z,1389
PER_0030,LOC_0129,ASSOCIATED_WITH,,
PER_0070,PH_1351,OWNS,,
PH_0369,PH_1044,CALLED,2024-01-12T07:41:50Z,2478
PER_0436,PH_0395,OWNS,,
PER_0681,ACC_0903,OWNS,,
PER_0715,ORG_0099,ASSOCIATED_WITH,,
PER_0166,ORG_0028,ASSOCIATED_WITH,,
PH_1035,PH_0618,CALLED,2025-07-31T22:35:09Z,2044
PH_1396,PH_0952,CALLED,2025-01-21T09:56:28Z,524
ACC_1185,ACC_0978,TRANSACTED_WITH,2024-12-27T08:32:35Z,1550918.23
PH_1377,PH_0593,CALLED,2023-06-04T22:39:59Z,334
PER_0206,PH_1337,OWNS,,
ACC_0203,ACC_0781,TRANSACTED_WITH,2024-01-01T22:37:53Z,1670701.41
PH_0894,PH_0907,CALLED,2023-09-15T11:17:46Z,2079
PH_0714,PH_0370,CALLED,2026-02-27T20:45:59Z,586
PER_0104,ORG_0095,ASSOCIATED_WITH,,
PER_0372,LOC_0015,ASSOCIATED_WITH,,
PH_0986,PH_0189,CALLED,2024-03-05T07:08:39Z,1442
ACC_0357,ACC_0856,TRANSACTED_WITH,2024-10-20T00:30:12Z,49446.64
PER_0400,ACC_0795,OWNS,,
PER_0945,LOC_0133,ASSOCIATED_WITH,,
PER_0444,PH_0395,OWNS,,
PH_1172,PH_1175,CALLED,2026-05-16T20:06:41Z,3276
ACC_1155,ACC_0092,TRANSACTED_WITH,2025-04-09T23:57:30Z,709676.55
ACC_1094,ACC_0466,TRANSACTED_WITH,2025-03-24T09:05:03Z,613355.77
ACC_0514,ACC_0547,TRANSACTED_WITH,2026-06-01T09:57:58Z,774230.98
PER_0367,PH_0856,OWNS,,
PER_0266,ACC_0237,OWNS,,
PH_1289,PH_1007,CALLED,2025-02-26T07:55:53Z,286
PER_0693,LOC_0032,ASSOCIATED_WITH,,
ACC_0589,ACC_0236,TRANSACTED_WITH,2025-02-05T14:51:47Z,1784676.7
PER_0679,LOC_0067,ASSOCIATED_WITH,,
ACC_0656,ACC_0312,TRANSACTED_WITH,2025-03-09T04:02:48Z,2231166.69
PH_0593,PH_0214,CALLED,2024-07-27T10:09:11Z,534
PH_1312,PH_0502,CALLED,2026-01-11T18:10:37Z,2018
PH_0527,PH_0533,CALLED,2025-02-07T18:18:21Z,3550
PER_0597,PH_0045,OWNS,,
PER_0672,ACC_0166,OWNS,,
PH_0934,PH_0036,CALLED,2026-05-08T13:26:19Z,1281
ACC_0990,ACC_0788,TRANSACTED_WITH,2023-07-29T02:47:57Z,209861.2
PH_0552,PH_1046,CALLED,2024-04-26T03:23:15Z,2519
PH_1230,PH_0766,CALLED,2025-01-10T00:59:10Z,1795
PH_0715,PH_0598,CALLED,2026-04-27T02:52:35Z,1853
PH_1175,PH_0489,CALLED,2023-09-07T18:52:22Z,485
PH_1187,PH_1040,CALLED,2023-07-01T20:43:42Z,129
PH_1221,PH_0225,CALLED,2024-12-09T00:00:40Z,699
PER_0798,LOC_0121,ASSOCIATED_WITH,,
PER_0385,LOC_0120,ASSOCIATED_WITH,,
PH_1111,PH_0658,CALLED,2025-12-13T17:56:29Z,472
ACC_0008,ACC_0269,TRANSACTED_WITH,2023-02-10T14:14:50Z,2226207.72
PH_0108,PH_0584,CALLED,2023-06-03T20:36:47Z,972
ACC_0977,ACC_0410,TRANSACTED_WITH,2025-08-31T22:22:08Z,707519.98
ACC_1055,ACC_0041,TRANSACTED_WITH,2024-05-03T12:45:03Z,1289895.99
CASE_0247,PER_0729,PARTICIPATED_IN,,
ACC_0067,ACC_0430,TRANSACTED_WITH,2023-07-04T16:51:47Z,1377163.91
PER_0268,ACC_0338,OWNS,,
PH_0915,PH_0891,CALLED,2025-01-17T08:52:35Z,972
CASE_0026,PER_0884,PARTICIPATED_IN,,
PH_0229,PH_1142,CALLED,2026-05-28T21:18:42Z,3142
PER_0687,LOC_0082,ASSOCIATED_WITH,,
PH_0848,PH_0294,CALLED,2023-10-21T10:56:36Z,2385
ACC_0084,ACC_0710,TRANSACTED_WITH,2024-03-28T13:44:47Z,1307497.53
PER_0118,ACC_0195,OWNS,,
ACC_0825,ACC_0069,TRANSACTED_WITH,2025-07-11T02:30:07Z,903600.42
PH_1065,PH_0665,CALLED,2025-08-12T07:03:17Z,91
PH_0005,PH_0350,CALLED,2024-04-02T08:00:03Z,585
PER_0726,PH_1345,OWNS,,
PER_0865,ACC_0823,OWNS,,
ACC_0709,ACC_0646,TRANSACTED_WITH,2025-10-08T05:55:09Z,1134263.21
PER_0242,LOC_0048,ASSOCIATED_WITH,,
PH_0456,PH_0953,CALLED,2023-04-06T14:12:53Z,1750
PH_0524,PH_0964,CALLED,2023-06-08T11:04:35Z,1471
PER_0282,ACC_0952,OWNS,,
CASE_0171,PER_0068,PARTICIPATED_IN,,
ACC_0784,ACC_0705,TRANSACTED_WITH,2026-06-17T05:06:50Z,1157419.23
ACC_0580,ACC_0971,TRANSACTED_WITH,2025-10-28T02:05:36Z,2440042.94
PER_0065,ORG_0093,ASSOCIATED_WITH,,
PER_0704,LOC_0070,ASSOCIATED_WITH,,
PER_0929,ACC_0063,OWNS,,
PER_0372,LOC_0010,ASSOCIATED_WITH,,
PH_0308,PH_0456,CALLED,2023-12-15T10:50:35Z,2365
PER_0638,LOC_0026,ASSOCIATED_WITH,,
PH_0594,PH_1073,CALLED,2026-04-13T06:50:00Z,42
CASE_0034,PER_0470,PARTICIPATED_IN,,
ACC_1016,ACC_0890,TRANSACTED_WITH,2023-04-13T23:50:48Z,1227934.91
PER_0577,LOC_0034,ASSOCIATED_WITH,,
PH_0158,PH_0687,CALLED,2026-01-07T21:54:26Z,2426
ACC_0615,ACC_0951,TRANSACTED_WITH,2024-08-22T02:37:41Z,1999128.93
PER_0014,ORG_0119,ASSOCIATED_WITH,,
PER_0331,PH_0828,OWNS,,
PH_1157,PH_1112,CALLED,2025-08-05T20:25:07Z,2945
ACC_0340,ACC_1124,TRANSACTED_WITH,2023-03-19T19:02:10Z,832415.82
PER_0968,LOC_0140,ASSOCIATED_WITH,,
PER_0590,ACC_0376,OWNS,,
PER_0953,LOC_0068,ASSOCIATED_WITH,,
PER_0446,ORG_0056,ASSOCIATED_WITH,,
PER_0746,ACC_1187,OWNS,,
PH_0243,PH_0843,CALLED,2024-03-15T10:12:54Z,3230
ACC_0358,ACC_0304,TRANSACTED_WITH,2023-01-15T10:34:18Z,1321712.71
PH_0900,PH_0876,CALLED,2023-11-01T10:17:45Z,3098
PH_0363,PH_0520,CALLED,2023-03-20T19:05:41Z,1192
PER_0804,LOC_0088,ASSOCIATED_WITH,,
ACC_0754,ACC_1155,TRANSACTED_WITH,2024-09-11T00:32:26Z,1881353.85
ACC_0154,ACC_0363,TRANSACTED_WITH,2023-09-15T23:09:00Z,851701.19
ACC_1070,ACC_0159,TRANSACTED_WITH,2025-11-15T01:15:09Z,590157.44
PH_0492,PH_0504,CALLED,2026-03-04T08:56:13Z,2093
PH_0531,PH_0116,CALLED,2024-11-22T19:13:27Z,2095
PER_0029,ACC_0202,OWNS,,
PH_0999,PH_1002,CALLED,2023-11-09T02:41:07Z,323
PER_0409,PH_0328,OWNS,,
PH_0118,PH_1324,CALLED,2025-10-13T00:21:49Z,1151
ACC_0319,ACC_0441,TRANSACTED_WITH,2025-11-07T08:12:39Z,1461475.18
ACC_0927,ACC_0860,TRANSACTED_WITH,2026-03-26T05:20:01Z,352784.37
PER_0047,LOC_0010,ASSOCIATED_WITH,,
PER_0330,ORG_0056,ASSOCIATED_WITH,,
CASE_0057,PER_0624,PARTICIPATED_IN,,
PER_0883,ORG_0091,ASSOCIATED_WITH,,
PH_0802,PH_1142,CALLED,2026-06-11T13:14:13Z,2764
ACC_0993,ACC_0130,TRANSACTED_WITH,2025-10-11T00:35:49Z,8228.99
ACC_0393,ACC_0658,TRANSACTED_WITH,2023-10-23T09:17:37Z,566677.77
PER_0466,VEH_0020,OWNS,,
PER_0478,ACC_0187,OWNS,,
PH_0955,PH_0839,CALLED,2024-01-20T01:32:54Z,2103
PER_0519,LOC_0001,ASSOCIATED_WITH,,
ACC_0589,ACC_0378,TRANSACTED_WITH,2023-11-02T01:20:49Z,1717471.3
ACC_0229,ACC_0741,TRANSACTED_WITH,2025-03-05T14:40:11Z,2260952.45
PER_0093,ORG_0093,ASSOCIATED_WITH,,
PER_0673,VEH_0463,OWNS,,
PH_0882,PH_0169,CALLED,2026-04-06T20:57:43Z,636
ACC_0792,ACC_1154,TRANSACTED_WITH,2025-07-17T05:34:48Z,925526.95
ACC_0946,ACC_0004,TRANSACTED_WITH,2024-01-27T16:41:41Z,106128.02
ACC_1194,ACC_0776,TRANSACTED_WITH,2024-02-27T16:12:35Z,536902.09
PER_0598,ACC_0906,OWNS,,
PH_1155,PH_0060,CALLED,2025-07-21T05:39:10Z,291
PH_0148,PH_0681,CALLED,2024-09-18T06:03:47Z,91
PER_0133,ORG_0058,ASSOCIATED_WITH,,
PH_1383,PH_0107,CALLED,2023-04-29T06:11:13Z,3579
PH_1309,PH_0549,CALLED,2024-06-12T14:28:17Z,2304
CASE_0053,PER_0714,PARTICIPATED_IN,,
PH_0288,PH_1217,CALLED,2024-10-24T01:17:39Z,1833
PH_1317,PH_0336,CALLED,2023-01-26T02:10:21Z,342
PH_0757,PH_0060,CALLED,2026-05-19T14:24:40Z,3179
PH_0541,PH_0571,CALLED,2025-05-04T19:09:33Z,2795
ACC_1109,ACC_0048,TRANSACTED_WITH,2026-06-15T23:10:54Z,858099.4
PH_0634,PH_0999,CALLED,2023-03-11T02:56:27Z,2583
ACC_0294,ACC_0592,TRANSACTED_WITH,2024-03-10T22:02:05Z,1830262.66
PH_0650,PH_1335,CALLED,2023-01-03T05:40:55Z,268
PH_0803,PH_1242,CALLED,2025-09-21T11:15:26Z,1222
ACC_1068,ACC_0544,TRANSACTED_WITH,2025-03-11T10:03:09Z,1198742.19
PER_0481,ORG_0008,ASSOCIATED_WITH,,
ACC_0138,ACC_0361,TRANSACTED_WITH,2023-11-14T23:10:36Z,2036763.53
PH_1040,PH_1134,CALLED,2024-11-22T21:12:36Z,1175
PER_0708,PH_1320,OWNS,,
PER_0102,PH_1115,OWNS,,
PH_0727,PH_0459,CALLED,2025-01-12T20:33:00Z,2035
PER_0791,ACC_1136,OWNS,,
PH_0559,PH_0797,CALLED,2023-07-02T20:32:25Z,714
PER_0514,ACC_0286,OWNS,,
CASE_0008,PER_0069,PARTICIPATED_IN,,
PER_0845,ACC_0057,OWNS,,
PH_1041,PH_0001,CALLED,2025-04-21T20:57:35Z,1163
ACC_1064,ACC_0157,TRANSACTED_WITH,2025-12-14T05:22:01Z,837065.96
PER_0901,PH_0271,OWNS,,
PH_0461,PH_0465,CALLED,2025-10-12T20:13:44Z,369
ACC_0620,ACC_0669,TRANSACTED_WITH,2024-08-28T13:59:20Z,947714.65
PER_0584,ORG_0025,ASSOCIATED_WITH,,
CASE_0032,PER_0053,PARTICIPATED_IN,,
ACC_0929,ACC_1005,TRANSACTED_WITH,2025-05-06T08:23:58Z,1962932.3
ACC_0004,ACC_0081,TRANSACTED_WITH,2023-11-27T10:55:56Z,982583.68
PER_0955,PH_0784,OWNS,,
PH_0555,PH_0512,CALLED,2024-06-14T07:59:50Z,2227
PER_0647,LOC_0148,ASSOCIATED_WITH,,
ACC_0280,ACC_0274,TRANSACTED_WITH,2024-09-24T23:58:35Z,659130.93
PH_1190,PH_0236,CALLED,2025-07-31T03:53:38Z,2285
CASE_0232,PER_0345,PARTICIPATED_IN,,
PH_0225,PH_1339,CALLED,2025-06-07T07:26:13Z,2089
PH_0708,PH_0883,CALLED,2023-06-26T14:23:50Z,3344
PH_0867,PH_0626,CALLED,2025-05-02T09:39:05Z,496
PH_0888,PH_0942,CALLED,2023-03-31T14:26:49Z,1363
ACC_0084,ACC_1116,TRANSACTED_WITH,2025-06-03T16:48:36Z,1115009.78
PER_0095,LOC_0120,ASSOCIATED_WITH,,
PH_0135,PH_1004,CALLED,2025-09-26T13:15:50Z,1710
PH_1250,PH_0109,CALLED,2025-12-03T05:10:05Z,1157
ACC_0251,ACC_1183,TRANSACTED_WITH,2023-04-14T06:52:41Z,598250.14
ACC_0815,ACC_0142,TRANSACTED_WITH,2025-09-05T13:38:34Z,20679.77
ACC_0663,ACC_1068,TRANSACTED_WITH,2024-02-18T09:50:28Z,2342257.12
ACC_0605,ACC_0396,TRANSACTED_WITH,2023-03-04T23:18:39Z,510261.21
PER_0038,ORG_0034,ASSOCIATED_WITH,,
ACC_0419,ACC_0374,TRANSACTED_WITH,2023-09-10T06:32:33Z,2100644.07
PER_0272,ACC_1074,OWNS,,
ACC_1013,ACC_0978,TRANSACTED_WITH,2026-07-09T01:34:15Z,1906643.35
ACC_1003,ACC_0475,TRANSACTED_WITH,2025-09-12T03:19:57Z,41887.38
PH_1085,PH_1262,CALLED,2023-09-24T20:33:33Z,263
PH_0847,PH_0353,CALLED,2025-04-11T02:24:34Z,385
PH_0678,PH_0888,CALLED,2023-09-05T01:47:10Z,2960
PH_1222,PH_1348,CALLED,2025-07-11T14:45:46Z,1402
ACC_0086,ACC_0444,TRANSACTED_WITH,2024-09-28T09:12:39Z,1622515.93
PER_0390,LOC_0063,ASSOCIATED_WITH,,
PH_0341,PH_0390,CALLED,2026-03-24T10:02:04Z,2542
PER_0556,PH_0857,OWNS,,
ACC_1048,ACC_0573,TRANSACTED_WITH,2025-08-11T16:29:02Z,1159764.26
PER_0678,PH_0781,OWNS,,
PER_0520,LOC_0148,ASSOCIATED_WITH,,
CASE_0142,PER_0523,PARTICIPATED_IN,,
PH_0131,PH_0173,CALLED,2024-07-28T22:02:35Z,815
ACC_0095,ACC_1068,TRANSACTED_WITH,2025-03-09T10:05:26Z,1194105.55
PER_0841,LOC_0122,ASSOCIATED_WITH,,
PH_0201,PH_0587,CALLED,2026-04-11T07:13:37Z,2340
ACC_0485,ACC_0020,TRANSACTED_WITH,2023-02-09T15:02:35Z,452848.08
PH_0395,PH_0583,CALLED,2025-02-14T07:19:40Z,2013
PER_0793,ACC_1183,OWNS,,
PH_0645,PH_0977,CALLED,2026-02-13T18:00:16Z,2078
PER_0007,ORG_0019,ASSOCIATED_WITH,,
ACC_0042,ACC_0104,TRANSACTED_WITH,2023-12-11T23:47:58Z,1364684.42
PH_1315,PH_1187,CALLED,2025-01-26T17:05:53Z,2055
ACC_0347,ACC_0089,TRANSACTED_WITH,2024-09-13T01:13:44Z,432736.05
PER_0265,ACC_0238,OWNS,,
PH_0218,PH_0795,CALLED,2025-11-30T13:00:48Z,2967
PH_0319,PH_0632,CALLED,2024-02-10T21:35:08Z,1890
PH_0763,PH_0109,CALLED,2023-05-24T17:45:26Z,3499
CASE_0153,PER_0768,PARTICIPATED_IN,,
PH_1048,PH_0849,CALLED,2023-06-03T23:56:37Z,3526
ACC_0021,ACC_0428,TRANSACTED_WITH,2025-01-15T15:34:25Z,783689.3
ACC_0716,ACC_0704,TRANSACTED_WITH,2024-04-29T04:18:08Z,677737.65
ACC_0064,ACC_0551,TRANSACTED_WITH,2023-10-04T08:59:06Z,1666518.97
ACC_1199,ACC_0480,TRANSACTED_WITH,2026-04-19T22:21:32Z,2133119.41
PH_0615,PH_1047,CALLED,2025-09-13T00:53:12Z,1668
ACC_0038,ACC_0437,TRANSACTED_WITH,2026-07-13T17:01:16Z,808881.61
PER_0251,ORG_0118,ASSOCIATED_WITH,,
ACC_0491,ACC_0016,TRANSACTED_WITH,2025-04-17T08:09:57Z,862280.15
PH_0058,PH_0319,CALLED,2025-09-26T04:15:02Z,415
CASE_0065,PER_0636,PARTICIPATED_IN,,
PH_0900,PH_0349,CALLED,2024-08-03T21:12:28Z,142
ACC_0359,ACC_0488,TRANSACTED_WITH,2024-07-11T12:34:56Z,1259566.22
ACC_0935,ACC_1082,TRANSACTED_WITH,2025-06-15T23:34:50Z,2490019.77
PER_0971,PH_0136,OWNS,,
ACC_0770,ACC_0258,TRANSACTED_WITH,2025-09-06T15:27:05Z,1183151.64
PH_1273,PH_0708,CALLED,2025-01-10T12:08:22Z,2252
PH_1005,PH_1057,CALLED,2026-03-16T12:50:09Z,460
ACC_0447,ACC_0172,TRANSACTED_WITH,2025-12-31T07:09:06Z,1490989.27
ACC_0979,ACC_0391,TRANSACTED_WITH,2023-01-16T02:13:16Z,1270597.27
PER_0937,ACC_0382,OWNS,,
ACC_0304,ACC_1174,TRANSACTED_WITH,2026-01-04T19:32:12Z,2022129.91
ACC_0178,ACC_0440,TRANSACTED_WITH,2024-12-30T20:18:37Z,2077457.02
PH_1083,PH_0493,CALLED,2023-03-26T14:48:43Z,49
PER_0507,LOC_0132,ASSOCIATED_WITH,,
PER_0703,LOC_0051,ASSOCIATED_WITH,,
ACC_0201,ACC_0831,TRANSACTED_WITH,2026-06-26T19:14:33Z,866015.92
ACC_0804,ACC_0792,TRANSACTED_WITH,2025-09-12T09:51:56Z,585631.0
ACC_0635,ACC_0791,TRANSACTED_WITH,2025-10-12T07:58:44Z,2061324.16
ACC_0637,ACC_0639,TRANSACTED_WITH,2025-11-07T18:55:25Z,716373.29
PH_0064,PH_1303,CALLED,2023-10-19T02:47:47Z,3191
PER_0260,PH_1120,OWNS,,
PH_0016,PH_1260,CALLED,2026-03-31T17:48:46Z,2992
PER_0754,PH_0816,OWNS,,
PER_0195,LOC_0027,ASSOCIATED_WITH,,
PH_0689,PH_1143,CALLED,2025-07-21T02:54:06Z,646
PER_0974,PH_0430,OWNS,,
PH_0007,PH_1016,CALLED,2026-01-31T20:01:50Z,3061
PH_0910,PH_1296,CALLED,2023-07-17T06:43:28Z,1118
PH_1304,PH_0953,CALLED,2026-05-12T15:27:21Z,85
PH_0398,PH_0942,CALLED,2023-02-15T10:04:24Z,486
PER_0860,PH_0013,OWNS,,
PER_0578,ACC_0010,OWNS,,
PER_0770,VEH_0575,OWNS,,
ACC_0275,ACC_1060,TRANSACTED_WITH,2023-11-19T20:21:00Z,1617240.82
PH_0600,PH_0366,CALLED,2023-07-20T11:53:16Z,951
PH_0286,PH_0700,CALLED,2023-05-06T07:32:08Z,431
PER_0473,VEH_0203,OWNS,,
PH_0169,PH_1339,CALLED,2023-08-14T09:10:06Z,117
PER_0642,LOC_0076,ASSOCIATED_WITH,,
PER_0486,ACC_0043,OWNS,,
PH_0355,PH_0277,CALLED,2025-06-12T01:42:30Z,1862
ACC_0665,ACC_0500,TRANSACTED_WITH,2026-06-16T07:39:44Z,1646785.37
ACC_0524,ACC_1178,TRANSACTED_WITH,2024-04-15T06:04:49Z,1787487.62
ACC_0388,ACC_0828,TRANSACTED_WITH,2023-01-09T11:36:54Z,2198902.65
ACC_0849,ACC_1184,TRANSACTED_WITH,2026-05-19T11:49:27Z,2157858.77
PER_0577,ORG_0070,ASSOCIATED_WITH,,
PER_0328,LOC_0021,ASSOCIATED_WITH,,
PH_0539,PH_0238,CALLED,2023-09-02T05:21:49Z,1204
ACC_0439,ACC_0127,TRANSACTED_WITH,2024-06-14T16:17:20Z,1508734.96
CASE_0238,PER_0166,PARTICIPATED_IN,,
PER_0190,LOC_0127,ASSOCIATED_WITH,,
PER_0310,LOC_0114,ASSOCIATED_WITH,,
PH_0687,PH_0449,CALLED,2024-08-20T10:33:14Z,3310
PER_0182,LOC_0023,ASSOCIATED_WITH,,
PER_0236,ORG_0025,ASSOCIATED_WITH,,
ACC_0007,ACC_1064,TRANSACTED_WITH,2024-07-07T18:18:39Z,282323.28
CASE_0158,PER_0954,PARTICIPATED_IN,,
CASE_0037,PER_0904,PARTICIPATED_IN,,
ACC_1005,ACC_0385,TRANSACTED_WITH,2024-05-30T08:31:23Z,427179.36
PER_0359,LOC_0043,ASSOCIATED_WITH,,
PH_1083,PH_1219,CALLED,2024-04-15T00:53:27Z,3512
ACC_0506,ACC_0988,TRANSACTED_WITH,2026-03-01T09:45:45Z,1214085.23
PH_1010,PH_0730,CALLED,2026-05-06T01:10:50Z,866
PER_0329,LOC_0138,ASSOCIATED_WITH,,
PH_0864,PH_0142,CALLED,2025-01-31T00:10:00Z,3060
PER_0732,PH_0093,OWNS,,
PH_0825,PH_0536,CALLED,2026-07-10T10:26:58Z,401
ACC_0370,ACC_0305,TRANSACTED_WITH,2025-07-10T23:41:59Z,814321.09
PH_0611,PH_1333,CALLED,2025-12-09T05:54:25Z,645
ACC_1155,ACC_0422,TRANSACTED_WITH,2023-02-04T08:24:22Z,437638.46
PER_0073,LOC_0052,ASSOCIATED_WITH,,
CASE_0066,PER_0795,PARTICIPATED_IN,,
PH_1285,PH_1349,CALLED,2023-09-01T14:54:29Z,2675
PER_0023,VEH_0777,OWNS,,
PH_0963,PH_1096,CALLED,2025-09-13T12:37:24Z,3295
PH_0325,PH_1326,CALLED,2023-01-27T16:56:59Z,1489
CASE_0205,PER_0027,PARTICIPATED_IN,,
PER_0652,PH_1087,OWNS,,
PH_0534,PH_0640,CALLED,2024-02-18T00:01:29Z,2459
PH_1114,PH_0508,CALLED,2023-06-15T06:45:43Z,2809
PH_1219,PH_0574,CALLED,2024-01-23T08:31:20Z,3227
PH_0585,PH_0771,CALLED,2026-02-24T17:48:49Z,2383
PER_0756,LOC_0057,ASSOCIATED_WITH,,
PH_0115,PH_0240,CALLED,2023-10-20T20:55:26Z,1354
PER_0557,ACC_0051,OWNS,,
ACC_0046,ACC_1108,TRANSACTED_WITH,2023-05-07T07:19:45Z,1997618.88
ACC_0386,ACC_0286,TRANSACTED_WITH,2023-10-25T18:51:32Z,609355.62
PH_1223,PH_0682,CALLED,2024-06-23T04:41:46Z,804
PER_0274,ORG_0114,ASSOCIATED_WITH,,
ACC_1182,ACC_0764,TRANSACTED_WITH,2023-07-17T12:24:04Z,159025.25
PER_0455,VEH_0518,OWNS,,
ACC_0576,ACC_0745,TRANSACTED_WITH,2024-09-04T23:06:59Z,1075167.79
ACC_0102,ACC_0418,TRANSACTED_WITH,2024-09-06T06:47:49Z,2006631.32
PH_1397,PH_0394,CALLED,2025-10-30T17:27:03Z,1032
PH_0103,PH_0662,CALLED,2023-09-13T16:20:14Z,477
PH_0312,PH_0857,CALLED,2025-01-21T20:36:40Z,832
ACC_0591,ACC_0370,TRANSACTED_WITH,2024-12-30T18:51:46Z,787194.75
PER_0505,PH_0179,OWNS,,
PH_0264,PH_1062,CALLED,2025-08-12T20:40:20Z,925
PER_0411,ORG_0113,ASSOCIATED_WITH,,
ACC_0295,ACC_0762,TRANSACTED_WITH,2025-05-30T23:21:07Z,1606414.86
PER_0024,LOC_0072,ASSOCIATED_WITH,,
PH_0257,PH_1343,CALLED,2023-08-10T00:35:08Z,577
PER_0862,ACC_0864,OWNS,,
PER_0025,ORG_0025,ASSOCIATED_WITH,,
PH_1024,PH_0478,CALLED,2023-01-11T13:57:37Z,762
PH_0448,PH_1007,CALLED,2024-01-29T02:58:53Z,2114
PH_0986,PH_0372,CALLED,2026-03-31T05:16:45Z,1305
PER_0676,VEH_0164,OWNS,,
PER_0038,LOC_0135,ASSOCIATED_WITH,,
PER_0130,LOC_0042,ASSOCIATED_WITH,,
PH_0919,PH_1116,CALLED,2025-10-01T08:46:11Z,2283
CASE_0222,PER_0481,PARTICIPATED_IN,,
CASE_0120,PER_0459,PARTICIPATED_IN,,
ACC_0110,ACC_0347,TRANSACTED_WITH,2024-01-14T18:30:06Z,753770.5
ACC_1024,ACC_0046,TRANSACTED_WITH,2024-12-14T10:33:43Z,2441304.53
ACC_0772,ACC_1056,TRANSACTED_WITH,2026-03-09T08:26:52Z,1495894.87
PER_0990,ACC_0393,OWNS,,
PER_0437,LOC_0003,ASSOCIATED_WITH,,
PH_0797,PH_0960,CALLED,2024-11-06T08:07:44Z,3212
PH_1011,PH_0649,CALLED,2025-05-25T19:14:35Z,3031
ACC_0334,ACC_1039,TRANSACTED_WITH,2025-08-03T08:58:07Z,2190486.4
PH_1107,PH_1372,CALLED,2023-03-23T12:06:28Z,3523
PER_0047,LOC_0100,ASSOCIATED_WITH,,
PER_0404,LOC_0094,ASSOCIATED_WITH,,
ACC_0650,ACC_1127,TRANSACTED_WITH,2024-05-16T19:52:58Z,1700881.37
CASE_0036,PER_0742,PARTICIPATED_IN,,
PH_0466,PH_0467,CALLED,2026-04-20T00:25:12Z,2944
PH_0430,PH_1191,CALLED,2023-08-08T09:03:28Z,688
PH_0074,PH_0787,CALLED,2024-08-06T07:40:32Z,2527
ACC_0002,ACC_1018,TRANSACTED_WITH,2023-03-21T08:24:56Z,1165038.42
PH_0349,PH_0742,CALLED,2024-06-16T14:46:51Z,878
PH_0561,PH_0872,CALLED,2025-06-07T20:09:01Z,1431
ACC_0302,ACC_0071,TRANSACTED_WITH,2024-06-28T19:21:47Z,1588860.62
CASE_0232,PER_0821,PARTICIPATED_IN,,
PER_0305,ORG_0061,ASSOCIATED_WITH,,
PH_0903,PH_1393,CALLED,2025-01-26T12:24:52Z,1865
PH_0611,PH_0280,CALLED,2023-08-15T05:57:02Z,1075
PH_0506,PH_1284,CALLED,2024-05-08T02:44:47Z,580
PER_0121,VEH_0739,OWNS,,
PH_0757,PH_0338,CALLED,2023-10-13T19:09:29Z,1592
PER_0154,LOC_0099,ASSOCIATED_WITH,,
PER_0830,ACC_0443,OWNS,,
PER_0073,PH_1257,OWNS,,
ACC_0496,ACC_1175,TRANSACTED_WITH,2025-06-11T11:07:08Z,1988695.6
ACC_0592,ACC_0300,TRANSACTED_WITH,2024-05-04T11:49:28Z,1733851.57
PH_0039,PH_0698,CALLED,2024-02-22T04:55:02Z,3202
PH_1310,PH_0041,CALLED,2023-10-27T18:11:02Z,1721
ACC_0647,ACC_1008,TRANSACTED_WITH,2024-05-21T09:50:58Z,1886596.42
CASE_0043,PER_0411,PARTICIPATED_IN,,
PER_0429,PH_1118,OWNS,,
CASE_0093,PER_0779,PARTICIPATED_IN,,
PER_0060,ACC_0900,OWNS,,
PER_0152,ACC_0611,OWNS,,
PER_0560,PH_0466,OWNS,,
PH_0922,PH_0907,CALLED,2024-03-09T12:58:37Z,2313
ACC_0298,ACC_0901,TRANSACTED_WITH,2025-03-19T14:39:05Z,2389809.75
PER_0952,VEH_0609,OWNS,,
ACC_1011,ACC_1018,TRANSACTED_WITH,2026-01-25T18:13:54Z,1935338.58
CASE_0211,PER_0010,PARTICIPATED_IN,,
PH_0432,PH_0135,CALLED,2024-03-13T14:12:42Z,1742
PH_0730,PH_1083,CALLED,2023-06-17T16:51:50Z,2612
ACC_0263,ACC_0799,TRANSACTED_WITH,2026-04-02T03:24:27Z,2100319.36
PER_0467,PH_0055,OWNS,,
PH_1356,PH_0298,CALLED,2025-11-12T11:05:48Z,2615
PH_0035,PH_0565,CALLED,2024-11-15T05:11:24Z,2722
ACC_1003,ACC_0647,TRANSACTED_WITH,2023-06-09T09:56:05Z,2400350.55
PER_0743,LOC_0094,ASSOCIATED_WITH,,
PER_0247,PH_1357,OWNS,,
PH_0992,PH_0362,CALLED,2024-03-18T12:46:57Z,32
PH_0423,PH_0789,CALLED,2024-06-09T13:44:36Z,927
PER_0989,LOC_0106,ASSOCIATED_WITH,,
ACC_0701,ACC_1089,TRANSACTED_WITH,2025-11-02T14:20:01Z,1836933.98
ACC_0123,ACC_0860,TRANSACTED_WITH,2023-05-29T08:09:18Z,727962.67
PH_1321,PH_0365,CALLED,2025-02-11T13:50:37Z,1744
PER_0722,PH_0314,OWNS,,
PH_1012,PH_0699,CALLED,2023-02-05T19:36:10Z,359
ACC_0288,ACC_1167,TRANSACTED_WITH,2023-11-24T08:52:12Z,285246.65
ACC_1105,ACC_1120,TRANSACTED_WITH,2025-02-09T17:57:20Z,2296844.33
PER_0203,LOC_0067,ASSOCIATED_WITH,,
PH_1176,PH_0420,CALLED,2024-12-12T11:45:37Z,1519
ACC_0344,ACC_0408,TRANSACTED_WITH,2026-07-13T16:46:30Z,2412702.73
ACC_1127,ACC_0080,TRANSACTED_WITH,2026-05-08T06:46:58Z,2047565.56
PH_1342,PH_1204,CALLED,2024-01-07T17:19:57Z,2453
PER_0818,ORG_0075,ASSOCIATED_WITH,,
PER_0812,PH_0748,OWNS,,
ACC_0454,ACC_0618,TRANSACTED_WITH,2023-02-12T16:39:04Z,1464910.8
PER_0542,PH_1278,OWNS,,
PER_0792,ACC_0922,OWNS,,
PH_0140,PH_1152,CALLED,2026-02-05T18:30:27Z,2688
PH_0859,PH_1055,CALLED,2025-09-13T08:21:59Z,181
PER_0459,PH_1275,OWNS,,
PH_1327,PH_0107,CALLED,2025-03-26T00:41:28Z,873
PH_0688,PH_1131,CALLED,2024-04-12T09:12:40Z,143
PER_0002,ACC_0787,OWNS,,
PER_0806,LOC_0044,ASSOCIATED_WITH,,
PER_0873,PH_0289,OWNS,,
PER_0331,LOC_0110,ASSOCIATED_WITH,,
ACC_0279,ACC_0541,TRANSACTED_WITH,2024-06-27T23:13:49Z,1565735.68
CASE_0206,PER_0761,PARTICIPATED_IN,,
ACC_1127,ACC_0425,TRANSACTED_WITH,2025-10-02T18:33:48Z,2062973.49
PER_0084,ACC_0774,OWNS,,
PER_0876,ACC_1096,OWNS,,
PH_0603,PH_0184,CALLED,2025-03-08T23:07:47Z,770
PER_0254,ORG_0009,ASSOCIATED_WITH,,
PER_0646,ACC_0710,OWNS,,
PH_1052,PH_0934,CALLED,2025-05-03T19:51:00Z,1301
PH_0217,PH_1095,CALLED,2024-08-27T15:41:50Z,2356
ACC_1080,ACC_0019,TRANSACTED_WITH,2025-05-11T08:26:58Z,690009.35
ACC_0214,ACC_0755,TRANSACTED_WITH,2024-12-03T17:05:54Z,1801858.05
ACC_0848,ACC_0806,TRANSACTED_WITH,2024-10-26T00:59:54Z,612137.41
PH_0614,PH_1086,CALLED,2025-06-12T15:02:04Z,1257
ACC_0344,ACC_0341,TRANSACTED_WITH,2026-05-30T18:49:04Z,1312014.67
PH_0570,PH_0210,CALLED,2024-11-04T07:15:29Z,1381
PER_0781,LOC_0141,ASSOCIATED_WITH,,
PH_0412,PH_1077,CALLED,2024-12-17T14:32:57Z,259
PH_0701,PH_1290,CALLED,2024-07-22T02:28:00Z,1944
PER_0096,ORG_0021,ASSOCIATED_WITH,,
PH_1081,PH_0917,CALLED,2024-04-22T14:22:34Z,1835
PER_0764,ACC_0015,OWNS,,
PER_0521,ORG_0078,ASSOCIATED_WITH,,
PH_1281,PH_0322,CALLED,2024-11-09T22:09:16Z,2507
PER_0837,ORG_0115,ASSOCIATED_WITH,,
ACC_0917,ACC_0541,TRANSACTED_WITH,2026-04-24T14:01:04Z,2214994.59
PER_0506,LOC_0055,ASSOCIATED_WITH,,
PH_0873,PH_1037,CALLED,2024-03-09T20:28:19Z,2139
ACC_0014,ACC_0516,TRANSACTED_WITH,2025-05-31T10:03:39Z,2172478.28
ACC_0204,ACC_0530,TRANSACTED_WITH,2024-01-04T03:09:54Z,751373.41
PER_0716,ORG_0106,ASSOCIATED_WITH,,
PH_0660,PH_0066,CALLED,2025-04-27T18:40:20Z,2659
ACC_0143,ACC_0942,TRANSACTED_WITH,2025-07-01T05:52:58Z,2379470.73
PER_0067,LOC_0055,ASSOCIATED_WITH,,
PER_0854,LOC_0078,ASSOCIATED_WITH,,
PER_0237,LOC_0002,ASSOCIATED_WITH,,
PH_1298,PH_0046,CALLED,2026-04-13T08:43:43Z,1121
PH_0266,PH_0179,CALLED,2026-01-01T22:56:35Z,76
PH_1289,PH_0347,CALLED,2026-07-10T17:47:33Z,2368
PER_0183,LOC_0141,ASSOCIATED_WITH,,
PER_0771,PH_0271,OWNS,,
PH_0090,PH_0248,CALLED,2025-12-11T04:54:37Z,85
ACC_0382,ACC_1039,TRANSACTED_WITH,2024-08-29T06:11:23Z,1288024.12
ACC_1106,ACC_0817,TRANSACTED_WITH,2024-11-30T20:43:19Z,2081713.04
ACC_1019,ACC_0937,TRANSACTED_WITH,2024-04-06T08:45:12Z,1864037.27
PH_0913,PH_1079,CALLED,2024-05-14T18:42:26Z,3282
PER_0982,ACC_0878,OWNS,,
ACC_0439,ACC_0034,TRANSACTED_WITH,2025-10-31T19:27:56Z,605061.98
PH_0904,PH_0451,CALLED,2023-06-19T20:12:15Z,623
PER_0979,LOC_0080,ASSOCIATED_WITH,,
PH_1020,PH_0440,CALLED,2025-07-21T22:24:42Z,3003
ACC_0348,ACC_0320,TRANSACTED_WITH,2026-05-07T02:38:05Z,1530416.76
PH_1225,PH_1000,CALLED,2023-01-07T01:43:12Z,873
ACC_0292,ACC_0939,TRANSACTED_WITH,2024-06-09T13:41:40Z,1422356.62
ACC_1128,ACC_0445,TRANSACTED_WITH,2026-03-06T00:03:10Z,2203792.46
PER_0241,LOC_0145,ASSOCIATED_WITH,,
PH_1056,PH_1076,CALLED,2024-08-21T10:37:35Z,2882
PER_0029,ORG_0031,ASSOCIATED_WITH,,
PH_0542,PH_0148,CALLED,2023-06-10T18:08:38Z,3047
PH_0879,PH_1096,CALLED,2023-05-01T20:55:42Z,1089
ACC_0651,ACC_0520,TRANSACTED_WITH,2025-09-24T19:45:57Z,1719487.75
PER_0792,LOC_0098,ASSOCIATED_WITH,,
PH_0706,PH_0074,CALLED,2023-06-03T23:01:58Z,1595
PER_0635,PH_0235,OWNS,,
PER_0767,LOC_0053,ASSOCIATED_WITH,,
PH_0236,PH_1193,CALLED,2024-11-11T03:49:54Z,1215
PER_0891,LOC_0075,ASSOCIATED_WITH,,
PH_1394,PH_1148,CALLED,2025-06-25T21:10:57Z,690
PER_0724,PH_1006,OWNS,,
ACC_0934,ACC_0074,TRANSACTED_WITH,2023-01-07T22:07:36Z,997882.6
PH_0226,PH_1349,CALLED,2025-10-05T06:45:05Z,1119
ACC_0925,ACC_0799,TRANSACTED_WITH,2026-03-02T11:53:35Z,75335.67
ACC_1150,ACC_0996,TRANSACTED_WITH,2025-09-16T13:51:52Z,156778.89
PER_0517,ORG_0014,ASSOCIATED_WITH,,
PH_0311,PH_1177,CALLED,2025-09-03T06:43:11Z,1724
PH_0069,PH_0726,CALLED,2026-06-12T20:01:44Z,2958
PER_0474,PH_0286,OWNS,,
PH_0511,PH_0203,CALLED,2025-01-11T12:55:48Z,438
PH_0361,PH_0411,CALLED,2025-12-28T09:20:14Z,2250
PER_0165,ACC_0591,OWNS,,
PER_0347,LOC_0117,ASSOCIATED_WITH,,
PER_0347,ORG_0015,ASSOCIATED_WITH,,
PH_1332,PH_1040,CALLED,2025-03-16T21:41:07Z,538
PH_0665,PH_0457,CALLED,2023-03-08T22:28:21Z,1133
ACC_1190,ACC_0413,TRANSACTED_WITH,2025-12-11T15:07:45Z,229583.87
PER_0760,ACC_0641,OWNS,,
PER_0771,LOC_0005,ASSOCIATED_WITH,,
PH_0514,PH_0916,CALLED,2025-11-25T17:10:37Z,2428
PER_0027,ACC_0684,OWNS,,
PER_0423,PH_0421,OWNS,,
PER_0745,LOC_0034,ASSOCIATED_WITH,,
PER_0794,ACC_0983,OWNS,,
ACC_0046,ACC_0090,TRANSACTED_WITH,2025-05-16T17:53:13Z,863873.14
ACC_0064,ACC_0994,TRANSACTED_WITH,2023-08-25T02:50:42Z,504251.49
PER_0485,ORG_0048,ASSOCIATED_WITH,,
PER_0713,LOC_0004,ASSOCIATED_WITH,,
CASE_0204,PER_0348,PARTICIPATED_IN,,
PER_0305,LOC_0097,ASSOCIATED_WITH,,
PER_0680,ORG_0044,ASSOCIATED_WITH,,
CASE_0130,PER_0617,PARTICIPATED_IN,,
ACC_1000,ACC_0716,TRANSACTED_WITH,2023-02-21T03:20:29Z,1523739.52
PH_0386,PH_0184,CALLED,2026-05-05T10:34:03Z,1299
PH_0689,PH_1003,CALLED,2024-02-13T08:02:05Z,3332
PH_1309,PH_0991,CALLED,2025-04-11T21:57:27Z,1759
PER_0056,ACC_0611,OWNS,,
ACC_0330,ACC_1150,TRANSACTED_WITH,2026-04-23T20:57:35Z,362259.22
PER_0904,PH_0929,OWNS,,
PH_0041,PH_0320,CALLED,2026-06-16T13:15:06Z,1343
ACC_0500,ACC_0238,TRANSACTED_WITH,2025-11-28T01:15:30Z,2143325.93
PER_0217,LOC_0031,ASSOCIATED_WITH,,
ACC_0722,ACC_0830,TRANSACTED_WITH,2024-11-06T04:07:07Z,1807534.88
ACC_0034,ACC_0920,TRANSACTED_WITH,2024-02-22T04:36:02Z,1788031.96
PH_0837,PH_0891,CALLED,2023-07-29T12:02:11Z,136
PH_1038,PH_1161,CALLED,2023-10-27T00:07:02Z,3010
PH_1270,PH_0121,CALLED,2026-05-15T19:12:52Z,416
PER_0137,VEH_0305,OWNS,,
PER_0956,ACC_0249,OWNS,,
ACC_0279,ACC_0311,TRANSACTED_WITH,2023-11-18T13:24:00Z,1198962.61
ACC_0816,ACC_1198,TRANSACTED_WITH,2023-02-16T03:31:00Z,1755993.5
PH_0472,PH_0332,CALLED,2025-07-27T12:56:39Z,1326
ACC_0440,ACC_1106,TRANSACTED_WITH,2024-01-06T13:15:41Z,1984784.32
PH_0863,PH_0830,CALLED,2023-10-02T09:26:37Z,2063
PH_0512,PH_0868,CALLED,2023-07-29T23:34:34Z,2207
PH_0932,PH_0333,CALLED,2023-02-16T00:04:09Z,1006
PH_1209,PH_1058,CALLED,2026-02-06T15:36:22Z,613
PH_0861,PH_0751,CALLED,2023-07-29T23:48:19Z,2876
PH_0726,PH_0158,CALLED,2025-10-19T04:49:21Z,568
PER_0357,ACC_0060,OWNS,,
PER_0704,LOC_0096,ASSOCIATED_WITH,,
PH_0093,PH_0087,CALLED,2023-03-06T08:40:08Z,3575
PER_0537,PH_0590,OWNS,,
PER_0318,VEH_0799,OWNS,,
PH_1082,PH_0679,CALLED,2023-01-09T14:31:05Z,2655
ACC_0500,ACC_0100,TRANSACTED_WITH,2023-02-01T16:51:23Z,1875276.18
PER_0964,LOC_0013,ASSOCIATED_WITH,,
PH_1268,PH_0942,CALLED,2023-06-07T10:16:57Z,2171
PER_0699,LOC_0001,ASSOCIATED_WITH,,
PH_0181,PH_0426,CALLED,2025-04-08T13:11:36Z,1052
PH_0074,PH_0767,CALLED,2024-10-12T15:06:43Z,2308
PER_0134,LOC_0135,ASSOCIATED_WITH,,
CASE_0236,PER_0813,PARTICIPATED_IN,,
PH_0738,PH_0658,CALLED,2023-04-05T04:04:20Z,3149
PER_0537,ACC_0812,OWNS,,
PH_1064,PH_0961,CALLED,2024-05-30T21:57:46Z,1534
PH_0337,PH_0975,CALLED,2023-12-06T08:02:11Z,690
PH_0430,PH_1193,CALLED,2024-06-09T10:54:46Z,1493
PER_0248,ACC_0320,OWNS,,
PER_0075,ORG_0105,ASSOCIATED_WITH,,
PH_0166,PH_0538,CALLED,2025-11-17T06:58:27Z,2430
CASE_0063,PER_0990,PARTICIPATED_IN,,
PER_0785,VEH_0421,OWNS,,
ACC_1101,ACC_0883,TRANSACTED_WITH,2025-02-14T16:10:45Z,1014825.8
ACC_0521,ACC_0971,TRANSACTED_WITH,2023-04-06T14:15:03Z,1030223.65
CASE_0183,PER_0370,PARTICIPATED_IN,,
PH_1127,PH_1336,CALLED,2025-12-19T07:42:32Z,2477
ACC_1074,ACC_0121,TRANSACTED_WITH,2023-09-09T00:48:11Z,819113.84
PER_0986,ACC_0229,OWNS,,
PH_0939,PH_0728,CALLED,2024-09-10T12:04:34Z,1505
PH_1325,PH_0290,CALLED,2023-07-14T09:28:40Z,2829
PH_0756,PH_0946,CALLED,2025-04-17T07:26:09Z,1731
ACC_0898,ACC_0960,TRANSACTED_WITH,2025-01-13T08:12:40Z,1018690.65
PER_0932,ACC_1009,OWNS,,
ACC_0767,ACC_0200,TRANSACTED_WITH,2024-09-05T18:02:43Z,2246370.93
PH_1128,PH_0155,CALLED,2026-05-24T19:06:45Z,725
PH_0483,PH_1058,CALLED,2024-02-17T02:23:53Z,3102
PH_0678,PH_0462,CALLED,2023-10-12T18:13:43Z,2820
PER_0438,ORG_0105,ASSOCIATED_WITH,,
PER_0426,LOC_0110,ASSOCIATED_WITH,,
PER_0593,PH_1173,OWNS,,
ACC_0961,ACC_1002,TRANSACTED_WITH,2023-09-12T07:36:16Z,1035627.62
PH_0355,PH_1018,CALLED,2026-01-02T03:49:22Z,436
PER_0091,VEH_0343,OWNS,,
PH_0747,PH_0028,CALLED,2025-08-14T18:54:11Z,831
CASE_0209,PER_0829,PARTICIPATED_IN,,
ACC_0201,ACC_0082,TRANSACTED_WITH,2024-08-27T01:13:53Z,869683.79
CASE_0125,PER_0563,PARTICIPATED_IN,,
ACC_0369,ACC_0434,TRANSACTED_WITH,2024-11-05T07:59:45Z,762896.87
ACC_0933,ACC_0830,TRANSACTED_WITH,2025-05-16T12:51:30Z,1916704.62
PER_0180,LOC_0076,ASSOCIATED_WITH,,
ACC_0497,ACC_0262,TRANSACTED_WITH,2024-12-02T18:45:49Z,2225021.15
PH_1295,PH_0362,CALLED,2023-07-13T03:25:05Z,1384
PH_0213,PH_0368,CALLED,2024-10-17T07:09:33Z,1380
ACC_0058,ACC_0189,TRANSACTED_WITH,2026-07-29T02:52:29Z,329779.17
PER_0556,ORG_0027,ASSOCIATED_WITH,,
PER_0155,ORG_0025,ASSOCIATED_WITH,,
PH_0190,PH_0128,CALLED,2023-02-17T06:25:19Z,2644
PER_0654,ORG_0043,ASSOCIATED_WITH,,
PER_0443,ORG_0018,ASSOCIATED_WITH,,
ACC_0087,ACC_1160,TRANSACTED_WITH,2026-05-18T02:01:41Z,876607.01
PER_0595,ACC_0705,OWNS,,
ACC_0133,ACC_0293,TRANSACTED_WITH,2025-01-28T21:12:02Z,653472.21
ACC_0108,ACC_0494,TRANSACTED_WITH,2024-04-05T20:23:12Z,402184.56
PER_0907,ACC_0317,OWNS,,
PH_0209,PH_0261,CALLED,2023-02-04T06:40:15Z,2926
ACC_0743,ACC_0634,TRANSACTED_WITH,2025-09-02T01:43:18Z,1529360.49
PH_0718,PH_0658,CALLED,2025-05-12T07:10:09Z,2004
PER_0265,LOC_0070,ASSOCIATED_WITH,,
PER_0885,ACC_0463,OWNS,,
PER_0910,LOC_0052,ASSOCIATED_WITH,,
PER_0099,VEH_0189,OWNS,,
PER_0835,PH_0063,OWNS,,
PER_0461,LOC_0141,ASSOCIATED_WITH,,
ACC_0306,ACC_0491,TRANSACTED_WITH,2024-09-18T23:04:13Z,170269.24
ACC_0057,ACC_0286,TRANSACTED_WITH,2026-01-06T13:09:50Z,255684.01
ACC_0474,ACC_0164,TRANSACTED_WITH,2023-08-10T15:06:38Z,579752.23
PH_0506,PH_0114,CALLED,2026-04-18T13:45:49Z,3130
PER_0110,ORG_0109,ASSOCIATED_WITH,,
PER_0941,ORG_0084,ASSOCIATED_WITH,,
PH_0836,PH_0674,CALLED,2023-06-11T15:19:58Z,1252
ACC_0464,ACC_0476,TRANSACTED_WITH,2026-04-14T22:27:32Z,918306.65
PH_0091,PH_0305,CALLED,2024-09-21T10:00:39Z,1751
PH_0636,PH_0266,CALLED,2026-02-15T20:33:35Z,1518
PER_0418,PH_0794,OWNS,,
PH_0688,PH_0662,CALLED,2023-11-11T00:50:29Z,2711
ACC_0884,ACC_0969,TRANSACTED_WITH,2024-12-12T15:23:00Z,340200.04
PH_1271,PH_0735,CALLED,2023-09-20T18:26:35Z,2317
PH_0775,PH_0971,CALLED,2023-05-14T06:58:43Z,965
PER_0738,PH_0919,OWNS,,
ACC_0728,ACC_0387,TRANSACTED_WITH,2023-01-18T06:08:24Z,1843285.88
PER_0564,ORG_0107,ASSOCIATED_WITH,,
PER_0050,ACC_1094,OWNS,,
PER_0586,PH_1123,OWNS,,
PH_0026,PH_0987,CALLED,2025-12-16T23:38:55Z,2301
PH_0485,PH_0531,CALLED,2024-12-05T14:35:10Z,1076
PER_0637,ACC_0892,OWNS,,
PER_0528,LOC_0023,ASSOCIATED_WITH,,
ACC_0655,ACC_0740,TRANSACTED_WITH,2026-07-02T05:03:10Z,393684.09
PER_0675,LOC_0070,ASSOCIATED_WITH,,
PH_0907,PH_0567,CALLED,2026-03-01T09:07:40Z,2356
ACC_0021,ACC_0108,TRANSACTED_WITH,2024-05-23T21:55:18Z,1652383.77
ACC_0849,ACC_0441,TRANSACTED_WITH,2024-03-12T04:40:51Z,872383.18
PH_0068,PH_0169,CALLED,2025-01-25T04:49:50Z,3174
PER_0664,LOC_0110,ASSOCIATED_WITH,,
PER_0306,ACC_0701,OWNS,,
PH_1055,PH_1088,CALLED,2025-09-05T00:41:50Z,2985
PER_0078,PH_0217,OWNS,,
ACC_0847,ACC_0582,TRANSACTED_WITH,2024-09-25T02:27:29Z,1362121.64
PER_0435,ACC_0747,OWNS,,
PH_1239,PH_1300,CALLED,2023-08-20T02:08:13Z,2726
PH_1246,PH_0909,CALLED,2024-09-30T22:08:06Z,1297
ACC_0838,ACC_0942,TRANSACTED_WITH,2023-12-17T06:16:52Z,1429135.85
PH_0477,PH_0837,CALLED,2025-02-17T00:25:31Z,673
PER_0546,LOC_0058,ASSOCIATED_WITH,,
PER_0643,ACC_0013,OWNS,,
PH_0174,PH_0509,CALLED,2026-04-30T01:26:37Z,2080
PER_0670,VEH_0509,OWNS,,
PER_0184,LOC_0037,ASSOCIATED_WITH,,
PER_0053,PH_1332,OWNS,,
PER_0451,VEH_0134,OWNS,,
PH_0541,PH_0048,CALLED,2026-04-02T15:04:35Z,3054
PH_0190,PH_1374,CALLED,2024-10-20T07:06:56Z,2409
PH_0071,PH_0268,CALLED,2025-02-23T00:21:49Z,3180
ACC_0884,ACC_0898,TRANSACTED_WITH,2023-09-27T00:12:14Z,1313067.7
PH_1304,PH_0048,CALLED,2024-10-11T14:14:11Z,3436
PER_0801,PH_0678,OWNS,,
ACC_1114,ACC_0115,TRANSACTED_WITH,2024-10-08T05:37:26Z,1686021.19
ACC_0648,ACC_0100,TRANSACTED_WITH,2024-09-18T18:37:36Z,2480422.88
PH_0364,PH_0549,CALLED,2024-02-21T04:31:31Z,3114
PER_0208,LOC_0056,ASSOCIATED_WITH,,
ACC_0081,ACC_0813,TRANSACTED_WITH,2025-12-16T18:13:58Z,1349670.04
PH_1125,PH_0375,CALLED,2026-07-01T01:49:30Z,1963
PH_0970,PH_0717,CALLED,2023-02-23T12:57:14Z,3439
CASE_0168,PER_0438,PARTICIPATED_IN,,
CASE_0219,PER_0015,PARTICIPATED_IN,,
PH_0360,PH_0711,CALLED,2025-11-18T18:51:42Z,1361
ACC_1115,ACC_0404,TRANSACTED_WITH,2023-08-18T13:08:59Z,373689.8
PER_0032,LOC_0026,ASSOCIATED_WITH,,
PER_0656,PH_0575,OWNS,,
PH_1331,PH_1037,CALLED,2023-03-05T06:09:25Z,2781
PH_0217,PH_0794,CALLED,2025-09-09T01:20:58Z,892
ACC_0323,ACC_0868,TRANSACTED_WITH,2024-03-13T11:18:18Z,2099679.83
PER_0054,LOC_0124,ASSOCIATED_WITH,,
PH_0777,PH_1046,CALLED,2023-09-25T13:23:28Z,1214
ACC_0130,ACC_0272,TRANSACTED_WITH,2025-05-13T13:09:54Z,584256.39
ACC_0585,ACC_0577,TRANSACTED_WITH,2025-12-06T14:51:16Z,72073.67
ACC_0924,ACC_0967,TRANSACTED_WITH,2025-05-10T22:46:16Z,356230.45
PH_0597,PH_0188,CALLED,2024-09-03T08:28:07Z,519
PH_1081,PH_0233,CALLED,2024-11-26T14:04:46Z,3226
PH_0080,PH_0204,CALLED,2025-11-10T03:40:34Z,66
PER_0998,LOC_0052,ASSOCIATED_WITH,,
ACC_0334,ACC_0743,TRANSACTED_WITH,2023-10-15T17:07:22Z,61441.07
ACC_0531,ACC_0731,TRANSACTED_WITH,2026-05-23T15:33:39Z,1315696.95
PH_0914,PH_1066,CALLED,2024-01-23T10:32:15Z,2568
PER_0245,LOC_0010,ASSOCIATED_WITH,,
PH_0116,PH_0382,CALLED,2026-02-21T21:14:11Z,282
PH_0482,PH_1294,CALLED,2026-02-14T05:24:56Z,1805
PH_0353,PH_0787,CALLED,2024-05-03T08:08:32Z,3179
ACC_0288,ACC_0606,TRANSACTED_WITH,2023-06-23T16:53:26Z,1417808.79
PER_0193,ORG_0023,ASSOCIATED_WITH,,
ACC_0175,ACC_1193,TRANSACTED_WITH,2023-01-03T14:37:03Z,2247051.86
PH_1374,PH_1110,CALLED,2023-02-01T06:44:30Z,2341
ACC_0307,ACC_1135,TRANSACTED_WITH,2024-11-01T01:02:38Z,2097863.37
PH_1033,PH_1117,CALLED,2025-10-31T22:36:33Z,1956
ACC_0465,ACC_0638,TRANSACTED_WITH,2025-07-22T00:09:08Z,712040.0
PER_0558,PH_0406,OWNS,,
PH_0648,PH_1284,CALLED,2023-02-23T16:33:51Z,2817
ACC_0991,ACC_0180,TRANSACTED_WITH,2026-04-04T01:28:53Z,2197297.13
PH_1042,PH_0254,CALLED,2025-06-20T23:36:30Z,2604
CASE_0245,PER_0270,PARTICIPATED_IN,,
ACC_0886,ACC_0438,TRANSACTED_WITH,2025-12-20T10:32:36Z,1990743.08
ACC_0103,ACC_1166,TRANSACTED_WITH,2024-06-15T09:39:58Z,61460.47
PH_1321,PH_0616,CALLED,2024-04-28T12:39:35Z,3511
PH_0893,PH_1261,CALLED,2024-04-27T16:13:04Z,638
PH_0237,PH_0007,CALLED,2024-01-22T22:18:08Z,2601
PH_0461,PH_0109,CALLED,2023-12-19T15:03:44Z,2307
PH_0788,PH_1140,CALLED,2023-10-23T23:45:58Z,1104
PER_0540,PH_0865,OWNS,,
PER_0844,ACC_0284,OWNS,,
PH_1386,PH_1033,CALLED,2024-08-11T08:08:23Z,2178
ACC_0735,ACC_1010,TRANSACTED_WITH,2023-07-18T19:59:17Z,1543665.82
PH_0046,PH_1011,CALLED,2025-10-17T06:45:37Z,764
ACC_0287,ACC_0329,TRANSACTED_WITH,2025-04-03T13:23:59Z,2199374.16
ACC_0517,ACC_0760,TRANSACTED_WITH,2026-01-25T16:02:54Z,72339.41
ACC_1030,ACC_0210,TRANSACTED_WITH,2023-06-01T19:16:56Z,1340778.18
PH_1110,PH_1371,CALLED,2023-09-17T00:57:37Z,2751
PH_0844,PH_0473,CALLED,2025-06-02T22:08:01Z,1058
ACC_0975,ACC_0933,TRANSACTED_WITH,2023-02-24T00:59:06Z,2193848.68
PH_0516,PH_0416,CALLED,2025-06-28T09:39:18Z,1926
ACC_0935,ACC_0449,TRANSACTED_WITH,2026-05-30T12:37:06Z,68195.57
ACC_0956,ACC_1002,TRANSACTED_WITH,2023-09-20T02:30:13Z,1366866.01
CASE_0170,PER_0184,PARTICIPATED_IN,,
PH_0684,PH_0460,CALLED,2024-11-29T17:35:38Z,2336
PER_0929,LOC_0001,ASSOCIATED_WITH,,
ACC_0918,ACC_0280,TRANSACTED_WITH,2025-06-04T14:17:06Z,481147.91
PER_0603,VEH_0046,OWNS,,
PER_0055,ORG_0048,ASSOCIATED_WITH,,
ACC_0630,ACC_0708,TRANSACTED_WITH,2023-07-25T02:02:26Z,67151.27
ACC_0974,ACC_0276,TRANSACTED_WITH,2024-12-07T02:55:17Z,948056.53
PER_0154,ORG_0054,ASSOCIATED_WITH,,
ACC_0631,ACC_0758,TRANSACTED_WITH,2023-07-16T08:13:13Z,349059.3
PH_0235,PH_0449,CALLED,2026-02-08T11:19:40Z,3354
PH_0895,PH_1026,CALLED,2024-11-04T13:04:17Z,968
CASE_0036,PER_0553,PARTICIPATED_IN,,
PER_0983,PH_0554,OWNS,,
PER_0647,LOC_0106,ASSOCIATED_WITH,,
PER_0462,ACC_0036,OWNS,,
PER_0976,LOC_0034,ASSOCIATED_WITH,,
PH_0913,PH_0862,CALLED,2025-09-28T17:51:47Z,2083
ACC_0854,ACC_0355,TRANSACTED_WITH,2024-06-06T11:04:31Z,352800.56
PH_0318,PH_0149,CALLED,2025-02-27T03:46:18Z,3414
PER_0463,PH_0970,OWNS,,
PER_0170,ACC_1012,OWNS,,
ACC_0028,ACC_0898,TRANSACTED_WITH,2025-08-01T06:21:11Z,677200.92
PH_0861,PH_0044,CALLED,2026-05-06T10:37:43Z,1776
PER_0569,LOC_0022,ASSOCIATED_WITH,,
PH_1366,PH_0178,CALLED,2023-11-04T17:59:52Z,2583
PH_0829,PH_0825,CALLED,2023-12-26T11:00:04Z,1944
ACC_0890,ACC_0058,TRANSACTED_WITH,2024-01-25T19:42:32Z,1603871.7
PER_0186,ORG_0062,ASSOCIATED_WITH,,
ACC_0945,ACC_1075,TRANSACTED_WITH,2023-09-15T08:10:50Z,1604441.84
PH_1353,PH_1304,CALLED,2025-05-17T17:05:56Z,3545
PER_0152,ORG_0096,ASSOCIATED_WITH,,
PER_0856,PH_1014,OWNS,,
PH_0702,PH_0136,CALLED,2025-06-05T14:25:49Z,177
PER_0248,LOC_0050,ASSOCIATED_WITH,,
PER_0107,ORG_0029,ASSOCIATED_WITH,,
ACC_1124,ACC_0560,TRANSACTED_WITH,2024-12-26T19:58:57Z,2413455.07
PH_0582,PH_0684,CALLED,2026-05-27T07:30:25Z,18
ACC_0053,ACC_0388,TRANSACTED_WITH,2025-09-28T02:58:44Z,1498990.69
CASE_0107,PER_0864,PARTICIPATED_IN,,
CASE_0011,PER_0634,PARTICIPATED_IN,,
ACC_0239,ACC_0301,TRANSACTED_WITH,2024-06-08T19:50:45Z,103078.88
PH_1325,PH_1130,CALLED,2025-02-10T20:28:26Z,1423
PER_0889,ORG_0096,ASSOCIATED_WITH,,
PER_0187,PH_0615,OWNS,,
ACC_1009,ACC_1028,TRANSACTED_WITH,2025-01-02T12:29:34Z,1114977.74
PER_0851,PH_0958,OWNS,,
PH_0827,PH_0600,CALLED,2025-01-26T21:34:10Z,578
PER_0305,LOC_0030,ASSOCIATED_WITH,,
PER_0730,ACC_0606,OWNS,,
PH_1146,PH_0283,CALLED,2024-04-02T15:03:01Z,370
ACC_0405,ACC_1070,TRANSACTED_WITH,2025-06-16T18:07:46Z,666342.14
PER_0054,ACC_0969,OWNS,,
PH_0469,PH_0407,CALLED,2025-01-14T21:29:29Z,2369
PH_0700,PH_0499,CALLED,2024-04-14T18:33:08Z,173
PER_0259,ORG_0045,ASSOCIATED_WITH,,
PH_1390,PH_0667,CALLED,2023-09-14T23:03:46Z,1308
PER_0268,ACC_0299,OWNS,,
PH_0821,PH_0409,CALLED,2026-07-29T23:44:23Z,1049
PH_1314,PH_1063,CALLED,2026-07-22T10:17:48Z,2856
ACC_0188,ACC_0360,TRANSACTED_WITH,2025-05-28T08:17:51Z,2316041.58
PH_0003,PH_0380,CALLED,2024-09-01T06:41:58Z,2683
PH_0494,PH_1071,CALLED,2025-09-11T05:54:02Z,22
ACC_1006,ACC_0313,TRANSACTED_WITH,2026-01-10T12:10:28Z,153167.31
ACC_0934,ACC_0407,TRANSACTED_WITH,2023-04-19T23:41:21Z,2361043.37
ACC_0058,ACC_0449,TRANSACTED_WITH,2023-06-22T18:14:12Z,2302698.41
PH_0927,PH_0886,CALLED,2025-02-20T13:27:09Z,3511
PER_0180,LOC_0094,ASSOCIATED_WITH,,
PH_0003,PH_1364,CALLED,2026-03-14T08:38:26Z,2009
ACC_0317,ACC_0969,TRANSACTED_WITH,2026-02-07T17:12:26Z,1285204.43
PER_0579,PH_0042,OWNS,,
ACC_0171,ACC_0507,TRANSACTED_WITH,2025-03-27T06:59:37Z,1458721.97
PH_1368,PH_0580,CALLED,2026-02-08T16:16:17Z,720
PH_0575,PH_0465,CALLED,2023-07-07T04:17:50Z,1415
PH_0658,PH_0851,CALLED,2023-06-13T17:33:01Z,75
PH_1159,PH_1312,CALLED,2026-02-07T09:05:26Z,560
PER_0071,ORG_0028,ASSOCIATED_WITH,,
PER_0676,LOC_0091,ASSOCIATED_WITH,,
PH_0172,PH_1309,CALLED,2025-03-21T20:39:00Z,887
CASE_0210,PER_0622,PARTICIPATED_IN,,
ACC_0837,ACC_0182,TRANSACTED_WITH,2023-02-12T02:35:25Z,1381798.37
ACC_0363,ACC_0412,TRANSACTED_WITH,2023-10-14T03:02:04Z,1818704.0
PER_0137,ACC_0076,OWNS,,
ACC_0053,ACC_0906,TRANSACTED_WITH,2023-10-23T09:35:05Z,189891.76
PH_0140,PH_0534,CALLED,2024-08-30T10:05:57Z,125
PER_0589,ORG_0027,ASSOCIATED_WITH,,
ACC_0774,ACC_0066,TRANSACTED_WITH,2024-07-18T15:33:23Z,813783.08
PER_0935,PH_1316,OWNS,,
PER_0342,LOC_0120,ASSOCIATED_WITH,,
PH_0699,PH_1234,CALLED,2025-08-09T21:37:31Z,1723
PH_0246,PH_0955,CALLED,2024-05-04T09:44:39Z,515
PER_0505,LOC_0081,ASSOCIATED_WITH,,
PER_0206,ACC_0988,OWNS,,
ACC_1176,ACC_0104,TRANSACTED_WITH,2026-05-03T06:49:52Z,768285.34
PER_0503,ACC_0102,OWNS,,
PER_0332,ORG_0018,ASSOCIATED_WITH,,
PER_0940,LOC_0079,ASSOCIATED_WITH,,
CASE_0239,PER_0230,PARTICIPATED_IN,,
ACC_1001,ACC_0643,TRANSACTED_WITH,2026-02-04T13:02:05Z,2074095.98
ACC_0737,ACC_0464,TRANSACTED_WITH,2024-05-23T06:55:48Z,1083149.72
CASE_0162,PER_0801,PARTICIPATED_IN,,
PH_0890,PH_0046,CALLED,2024-04-12T02:03:43Z,479
PER_0245,PH_0838,OWNS,,
PH_0505,PH_0005,CALLED,2025-09-19T17:51:55Z,1867
PER_0901,ACC_0529,OWNS,,
ACC_0615,ACC_0993,TRANSACTED_WITH,2024-05-23T21:37:31Z,1524753.93
PER_0601,LOC_0130,ASSOCIATED_WITH,,
PH_0906,PH_1360,CALLED,2024-05-11T17:16:53Z,2464
PER_0580,ACC_0272,OWNS,,
PER_0579,ACC_0283,OWNS,,
PER_0819,LOC_0105,ASSOCIATED_WITH,,
ACC_0230,ACC_1031,TRANSACTED_WITH,2026-07-05T02:14:01Z,1432945.6
PH_0096,PH_1361,CALLED,2023-04-30T08:38:12Z,164
ACC_0235,ACC_0675,TRANSACTED_WITH,2024-02-25T03:49:44Z,1693277.08
PH_0101,PH_1382,CALLED,2023-03-22T17:07:38Z,3510
ACC_1132,ACC_0386,TRANSACTED_WITH,2026-02-24T03:09:06Z,2415740.82
PER_0778,VEH_0054,OWNS,,
PER_0608,ACC_0689,OWNS,,
PER_0270,LOC_0007,ASSOCIATED_WITH,,
ACC_1088,ACC_0858,TRANSACTED_WITH,2025-12-01T20:33:40Z,475473.59
PH_0386,PH_0261,CALLED,2025-10-26T01:30:31Z,2897
ACC_0406,ACC_0250,TRANSACTED_WITH,2025-09-30T22:26:00Z,1263540.02
PER_0142,ORG_0027,ASSOCIATED_WITH,,
PER_0255,PH_0887,OWNS,,
PH_0361,PH_0757,CALLED,2024-03-31T16:24:03Z,2449
PER_0010,LOC_0142,ASSOCIATED_WITH,,
PER_0136,PH_0618,OWNS,,
ACC_0549,ACC_0201,TRANSACTED_WITH,2024-09-07T04:29:29Z,2329725.31
CASE_0013,PER_0934,PARTICIPATED_IN,,
PH_0163,PH_0168,CALLED,2024-09-30T20:30:52Z,65
PER_0889,PH_0886,OWNS,,
ACC_0481,ACC_0991,TRANSACTED_WITH,2023-11-05T19:43:46Z,624853.34
ACC_1070,ACC_1067,TRANSACTED_WITH,2025-02-17T01:04:39Z,2075444.74
PH_0981,PH_1312,CALLED,2023-11-24T11:41:45Z,2270
PH_1204,PH_0761,CALLED,2023-08-03T18:40:11Z,1277
PH_0037,PH_0128,CALLED,2023-02-13T21:59:40Z,3083
PH_0433,PH_0876,CALLED,2025-02-04T22:52:11Z,1348
PH_1017,PH_0032,CALLED,2025-04-04T19:09:02Z,3255
ACC_1189,ACC_0163,TRANSACTED_WITH,2024-07-02T16:09:30Z,15165.79
ACC_0209,ACC_0669,TRANSACTED_WITH,2025-10-31T12:16:31Z,501720.59
PH_0112,PH_0868,CALLED,2026-03-22T19:13:30Z,1781
ACC_0126,ACC_0641,TRANSACTED_WITH,2025-02-10T13:14:59Z,713344.77
ACC_0698,ACC_0973,TRANSACTED_WITH,2025-03-10T23:00:48Z,999188.71
ACC_0501,ACC_0901,TRANSACTED_WITH,2026-04-11T19:07:29Z,2260401.28
ACC_0652,ACC_1097,TRANSACTED_WITH,2026-04-11T15:27:08Z,1647410.62
ACC_0191,ACC_0252,TRANSACTED_WITH,2025-04-28T14:13:21Z,1331189.94
PH_0311,PH_0285,CALLED,2023-03-23T18:53:10Z,2411
PH_1338,PH_0920,CALLED,2025-08-26T21:16:14Z,2148
PER_0325,ACC_0249,OWNS,,
PER_0592,ORG_0064,ASSOCIATED_WITH,,
PER_0941,PH_0316,OWNS,,
PH_0069,PH_0929,CALLED,2026-02-24T17:31:54Z,2864
ACC_0577,ACC_0539,TRANSACTED_WITH,2026-05-08T05:54:40Z,1717252.22
ACC_0959,ACC_0044,TRANSACTED_WITH,2025-06-19T07:53:42Z,1965856.39
ACC_0172,ACC_1056,TRANSACTED_WITH,2026-01-07T10:22:20Z,1880117.19
PH_0141,PH_0394,CALLED,2025-11-14T16:16:57Z,710
PH_0574,PH_0630,CALLED,2025-03-15T18:46:36Z,689
PER_0624,LOC_0092,ASSOCIATED_WITH,,
PER_0591,LOC_0145,ASSOCIATED_WITH,,
PER_0630,ACC_0260,OWNS,,
PER_0583,PH_0056,OWNS,,
ACC_1019,ACC_0606,TRANSACTED_WITH,2023-09-08T20:02:36Z,366869.59
PH_0267,PH_0151,CALLED,2023-04-02T15:32:27Z,1882
ACC_1141,ACC_1199,TRANSACTED_WITH,2025-12-24T03:25:35Z,1541150.86
PER_0548,PH_0085,OWNS,,
PH_1204,PH_0495,CALLED,2026-06-27T17:50:31Z,1046
PER_0403,VEH_0371,OWNS,,
ACC_0712,ACC_0740,TRANSACTED_WITH,2025-08-25T12:23:20Z,1660356.9
CASE_0154,PER_0814,PARTICIPATED_IN,,
PER_0891,ACC_0652,OWNS,,
PER_0769,LOC_0031,ASSOCIATED_WITH,,
ACC_0617,ACC_0274,TRANSACTED_WITH,2024-12-19T15:05:21Z,2114901.7
PH_0002,PH_1088,CALLED,2024-06-14T10:58:00Z,2173
PH_1059,PH_0815,CALLED,2024-06-22T09:59:13Z,3015
PER_0915,PH_1207,OWNS,,
PH_1169,PH_0183,CALLED,2025-02-05T17:12:27Z,1848
PH_0634,PH_1104,CALLED,2026-03-20T01:37:41Z,1632
PER_0310,PH_0788,OWNS,,
PER_0351,VEH_0019,OWNS,,
ACC_0177,ACC_0082,TRANSACTED_WITH,2023-10-24T03:05:02Z,1176782.89
ACC_0284,ACC_1059,TRANSACTED_WITH,2023-10-31T13:06:22Z,2291936.49
PH_0097,PH_1276,CALLED,2024-09-30T18:32:37Z,1853
PER_0245,ORG_0059,ASSOCIATED_WITH,,
PH_1123,PH_0133,CALLED,2023-02-10T01:33:23Z,2578
CASE_0132,PER_0099,PARTICIPATED_IN,,
PH_1259,PH_1283,CALLED,2023-07-11T15:14:24Z,2411
PER_0614,LOC_0023,ASSOCIATED_WITH,,
CASE_0119,PER_0189,PARTICIPATED_IN,,
PER_0337,ACC_0445,OWNS,,
ACC_0062,ACC_0282,TRANSACTED_WITH,2026-06-08T18:55:10Z,2369307.94
ACC_0535,ACC_0936,TRANSACTED_WITH,2023-09-12T06:57:53Z,1895267.08
ACC_0484,ACC_1040,TRANSACTED_WITH,2025-01-03T11:39:03Z,2488530.31
PER_0782,LOC_0050,ASSOCIATED_WITH,,
CASE_0034,PER_0933,PARTICIPATED_IN,,
PH_0560,PH_0120,CALLED,2025-03-18T05:02:19Z,3040
PER_0145,LOC_0033,ASSOCIATED_WITH,,
ACC_0296,ACC_0920,TRANSACTED_WITH,2026-05-08T05:04:08Z,1471908.12
PER_0384,LOC_0019,ASSOCIATED_WITH,,
ACC_0963,ACC_1187,TRANSACTED_WITH,2025-10-13T11:00:38Z,394371.13
PH_1157,PH_1187,CALLED,2025-02-18T18:29:28Z,1839
PER_0565,LOC_0053,ASSOCIATED_WITH,,
PH_0265,PH_0730,CALLED,2023-10-02T20:39:05Z,2569
PER_0337,PH_1005,OWNS,,
PER_0946,ACC_0884,OWNS,,
PER_0330,VEH_0367,OWNS,,
PH_1039,PH_0821,CALLED,2024-01-24T15:13:02Z,3583
PER_0264,LOC_0121,ASSOCIATED_WITH,,
PER_0284,ACC_0514,OWNS,,
CASE_0062,PER_0432,PARTICIPATED_IN,,
PER_0731,PH_0128,OWNS,,
PER_0255,ACC_1109,OWNS,,
PH_0517,PH_0505,CALLED,2023-11-02T02:04:20Z,3425
CASE_0141,PER_0351,PARTICIPATED_IN,,
ACC_0999,ACC_0408,TRANSACTED_WITH,2026-04-11T18:15:19Z,1720409.47
PER_0569,ACC_0500,OWNS,,
PH_1023,PH_0103,CALLED,2025-03-08T11:58:10Z,631
PER_0751,LOC_0048,ASSOCIATED_WITH,,
PH_0737,PH_0198,CALLED,2025-02-18T03:30:47Z,1097
CASE_0212,PER_0327,PARTICIPATED_IN,,
ACC_0724,ACC_0409,TRANSACTED_WITH,2026-01-25T17:57:51Z,1755845.31
PER_0452,ORG_0097,ASSOCIATED_WITH,,
PER_0504,ORG_0075,ASSOCIATED_WITH,,
PH_0689,PH_1366,CALLED,2024-10-04T18:13:09Z,193
PH_0011,PH_1177,CALLED,2025-10-23T03:04:22Z,1272
PER_0073,ORG_0064,ASSOCIATED_WITH,,
PH_1310,PH_0720,CALLED,2023-11-14T00:46:29Z,898
ACC_0048,ACC_0347,TRANSACTED_WITH,2025-06-15T08:57:17Z,905808.83
PER_0992,LOC_0014,ASSOCIATED_WITH,,
ACC_1004,ACC_0537,TRANSACTED_WITH,2026-06-24T04:03:25Z,1546456.51
ACC_1067,ACC_0322,TRANSACTED_WITH,2025-07-09T23:20:46Z,1224327.69
PER_0797,ORG_0047,ASSOCIATED_WITH,,
PER_0240,LOC_0106,ASSOCIATED_WITH,,
PH_0065,PH_0422,CALLED,2026-03-18T06:06:03Z,2954
ACC_0428,ACC_0476,TRANSACTED_WITH,2025-04-02T23:30:37Z,1695553.1
PER_0916,LOC_0144,ASSOCIATED_WITH,,
PER_0877,ACC_0138,OWNS,,
ACC_0392,ACC_1109,TRANSACTED_WITH,2023-04-28T20:00:58Z,1859025.48
CASE_0058,PER_0960,PARTICIPATED_IN,,
PER_0420,PH_0122,OWNS,,
ACC_0646,ACC_1124,TRANSACTED_WITH,2024-04-10T07:49:39Z,728999.88
CASE_0012,PER_0299,PARTICIPATED_IN,,
PER_0335,ORG_0056,ASSOCIATED_WITH,,
PH_0066,PH_0252,CALLED,2023-12-10T03:07:23Z,394
PH_1016,PH_0034,CALLED,2024-02-06T13:47:22Z,28
CASE_0210,PER_0105,PARTICIPATED_IN,,
PH_0691,PH_0089,CALLED,2024-10-07T22:33:42Z,518
ACC_0276,ACC_0641,TRANSACTED_WITH,2026-07-27T14:04:56Z,1436810.68
ACC_0255,ACC_0178,TRANSACTED_WITH,2024-10-28T03:31:38Z,870616.36
PH_0355,PH_0784,CALLED,2023-11-04T01:42:50Z,680
PH_0371,PH_1055,CALLED,2024-11-19T03:18:00Z,1087
PH_0540,PH_0326,CALLED,2023-04-21T15:33:53Z,1464
PER_0653,PH_0492,OWNS,,
PH_0589,PH_0154,CALLED,2023-10-20T17:38:06Z,1415
PER_0802,LOC_0002,ASSOCIATED_WITH,,
PER_0740,PH_0910,OWNS,,
PER_0580,ORG_0055,ASSOCIATED_WITH,,
ACC_0780,ACC_0161,TRANSACTED_WITH,2023-12-06T00:02:20Z,2277328.36
PER_0975,PH_0027,OWNS,,
PER_0141,ACC_0570,OWNS,,
PH_0517,PH_0536,CALLED,2024-12-27T09:49:00Z,1747
ACC_0976,ACC_0510,TRANSACTED_WITH,2024-02-25T05:11:07Z,1177418.71
PER_0052,PH_1116,OWNS,,
ACC_0346,ACC_0989,TRANSACTED_WITH,2023-10-01T15:51:10Z,1277332.07
PER_0250,ACC_0976,OWNS,,
PH_0596,PH_0266,CALLED,2026-04-28T11:14:57Z,1638
PH_0215,PH_0231,CALLED,2026-02-21T19:50:53Z,2090
PER_0571,LOC_0030,ASSOCIATED_WITH,,
ACC_0869,ACC_0875,TRANSACTED_WITH,2025-02-02T17:03:29Z,290755.8
PH_0532,PH_0418,CALLED,2024-07-13T05:46:34Z,3490
PH_1262,PH_1046,CALLED,2025-03-11T23:36:25Z,2816
PER_0527,LOC_0088,ASSOCIATED_WITH,,
ACC_0609,ACC_0174,TRANSACTED_WITH,2025-10-13T01:34:11Z,1684672.13
PH_0119,PH_1256,CALLED,2024-07-05T22:18:20Z,720
PER_0706,ACC_0915,OWNS,,
PER_0186,PH_1266,OWNS,,
ACC_0223,ACC_0201,TRANSACTED_WITH,2025-05-27T18:48:00Z,1844723.84
PH_0200,PH_1022,CALLED,2023-03-09T21:42:59Z,2898
PER_0295,ACC_1148,OWNS,,
PER_0311,LOC_0145,ASSOCIATED_WITH,,
ACC_0138,ACC_0639,TRANSACTED_WITH,2023-06-25T23:43:23Z,2354725.79
ACC_0253,ACC_0296,TRANSACTED_WITH,2025-10-17T01:10:23Z,591187.8
PH_0396,PH_0926,CALLED,2024-02-28T09:15:36Z,2703
ACC_1161,ACC_1148,TRANSACTED_WITH,2024-10-26T15:58:24Z,1758601.14
PH_0114,PH_0751,CALLED,2023-11-13T18:18:38Z,3341
PH_1160,PH_0007,CALLED,2025-06-08T23:06:56Z,2546
ACC_0726,ACC_0573,TRANSACTED_WITH,2026-06-24T08:10:48Z,1803336.15
PER_0511,PH_1190,OWNS,,
ACC_0958,ACC_0086,TRANSACTED_WITH,2025-07-04T00:29:35Z,491818.53
PH_0622,PH_1090,CALLED,2025-09-18T23:20:54Z,1323
ACC_0470,ACC_0693,TRANSACTED_WITH,2025-01-15T07:13:32Z,1649848.48
PH_0239,PH_0032,CALLED,2023-05-24T03:56:56Z,1176
PH_0571,PH_0930,CALLED,2026-05-10T17:15:09Z,3299
PH_0862,PH_0041,CALLED,2023-09-01T06:37:14Z,268
PH_0102,PH_1346,CALLED,2023-07-17T17:48:28Z,2355
PER_0944,LOC_0143,ASSOCIATED_WITH,,
PER_0316,ORG_0098,ASSOCIATED_WITH,,
PER_0149,PH_0736,OWNS,,
PH_0930,PH_0591,CALLED,2025-05-25T23:38:24Z,2079
PER_0172,ACC_0403,OWNS,,
CASE_0026,PER_0118,PARTICIPATED_IN,,
ACC_0803,ACC_0398,TRANSACTED_WITH,2026-02-22T06:02:25Z,1574176.39
PER_0975,ACC_1177,OWNS,,
PER_0432,LOC_0106,ASSOCIATED_WITH,,
PH_0427,PH_0012,CALLED,2023-03-15T11:45:46Z,539
PER_0390,ORG_0115,ASSOCIATED_WITH,,
PH_0693,PH_0557,CALLED,2023-10-13T10:28:39Z,18
ACC_0595,ACC_1012,TRANSACTED_WITH,2025-12-08T07:39:50Z,1047100.82
CASE_0034,PER_0448,PARTICIPATED_IN,,
PH_0651,PH_1188,CALLED,2026-06-02T03:26:16Z,350
ACC_0162,ACC_1102,TRANSACTED_WITH,2024-03-14T23:17:30Z,1796561.62
PER_0833,ACC_0529,OWNS,,
PH_0494,PH_1155,CALLED,2023-12-26T12:39:03Z,116
PH_1230,PH_1341,CALLED,2024-10-24T17:48:07Z,3400
PH_0541,PH_0225,CALLED,2024-01-08T12:41:37Z,2676
PER_0767,ORG_0035,ASSOCIATED_WITH,,
PER_0765,PH_0044,OWNS,,
PER_0525,ACC_0917,OWNS,,
PER_0671,VEH_0663,OWNS,,
PH_0077,PH_0578,CALLED,2023-07-22T18:23:57Z,1105
PER_0816,LOC_0142,ASSOCIATED_WITH,,
ACC_0959,ACC_0683,TRANSACTED_WITH,2024-03-22T03:07:09Z,772820.28
ACC_1108,ACC_0371,TRANSACTED_WITH,2024-06-17T08:10:53Z,1798307.65
PER_0362,ACC_1029,OWNS,,
PH_0439,PH_0654,CALLED,2023-09-19T03:38:34Z,2245
ACC_1154,ACC_0824,TRANSACTED_WITH,2025-10-09T18:23:36Z,1122591.42
PH_0522,PH_1040,CALLED,2023-09-12T00:28:11Z,2186
PER_0568,LOC_0032,ASSOCIATED_WITH,,
PH_0768,PH_0368,CALLED,2023-12-19T20:35:24Z,477
PH_0681,PH_0771,CALLED,2023-08-21T12:04:09Z,1302
ACC_0649,ACC_0668,TRANSACTED_WITH,2024-12-23T11:37:12Z,1699435.61
PER_0729,LOC_0056,ASSOCIATED_WITH,,
ACC_0824,ACC_0087,TRANSACTED_WITH,2025-04-24T05:28:46Z,655051.38
ACC_0902,ACC_0470,TRANSACTED_WITH,2024-05-25T12:45:10Z,85265.9
PH_0324,PH_0525,CALLED,2023-08-06T22:14:12Z,1593
PER_0551,LOC_0070,ASSOCIATED_WITH,,
PER_0661,ORG_0106,ASSOCIATED_WITH,,
PER_0248,VEH_0541,OWNS,,
PER_0314,PH_0243,OWNS,,
CASE_0193,PER_0182,PARTICIPATED_IN,,
PER_0343,PH_0532,OWNS,,
CASE_0221,PER_0917,PARTICIPATED_IN,,
PH_0200,PH_0695,CALLED,2024-02-08T06:14:00Z,3001
CASE_0199,PER_0626,PARTICIPATED_IN,,
ACC_0369,ACC_0752,TRANSACTED_WITH,2024-08-15T02:01:08Z,1694768.05
PH_0725,PH_1082,CALLED,2025-05-31T04:53:02Z,1729
PH_0484,PH_0331,CALLED,2023-12-31T15:46:24Z,2445
ACC_0250,ACC_1112,TRANSACTED_WITH,2024-07-14T03:55:23Z,1031415.83
PH_0999,PH_1321,CALLED,2025-10-14T12:29:41Z,1108
PH_0754,PH_0590,CALLED,2024-09-19T15:52:41Z,724
PER_0310,LOC_0092,ASSOCIATED_WITH,,
PH_1249,PH_0289,CALLED,2024-06-02T19:46:10Z,1873
PER_0718,PH_0270,OWNS,,
PH_0702,PH_1264,CALLED,2024-01-19T18:14:40Z,2019
PER_0631,LOC_0032,ASSOCIATED_WITH,,
PH_0449,PH_0952,CALLED,2023-04-19T23:24:56Z,1525
PER_0954,ORG_0113,ASSOCIATED_WITH,,
PER_0542,LOC_0070,ASSOCIATED_WITH,,
PER_0662,ORG_0025,ASSOCIATED_WITH,,
PER_0320,PH_1329,OWNS,,
PER_0615,PH_0179,OWNS,,
PER_0568,PH_0435,OWNS,,
PH_0331,PH_1232,CALLED,2025-12-04T20:18:56Z,1649
PH_0513,PH_0367,CALLED,2025-02-26T10:44:31Z,1168
PH_1047,PH_1094,CALLED,2025-11-01T03:00:30Z,3270
PER_0126,LOC_0123,ASSOCIATED_WITH,,
PER_0466,ACC_0261,OWNS,,
PER_0677,ACC_0484,OWNS,,
ACC_0408,ACC_0108,TRANSACTED_WITH,2024-08-31T03:23:23Z,97808.57
ACC_0058,ACC_0530,TRANSACTED_WITH,2026-04-10T20:00:48Z,142205.14
ACC_0140,ACC_0445,TRANSACTED_WITH,2023-08-26T03:57:05Z,821240.24
PER_0925,LOC_0051,ASSOCIATED_WITH,,
PH_0869,PH_0989,CALLED,2025-11-28T23:38:48Z,2628
ACC_0121,ACC_0434,TRANSACTED_WITH,2024-08-01T12:21:30Z,2497379.67
ACC_0089,ACC_0263,TRANSACTED_WITH,2023-04-13T06:02:20Z,933294.87
PER_0801,VEH_0445,OWNS,,
CASE_0118,PER_0163,PARTICIPATED_IN,,
PER_0405,LOC_0089,ASSOCIATED_WITH,,
PER_0034,LOC_0100,ASSOCIATED_WITH,,
PER_0704,PH_0446,OWNS,,
PER_0550,LOC_0023,ASSOCIATED_WITH,,
PER_0046,LOC_0043,ASSOCIATED_WITH,,
ACC_0621,ACC_0452,TRANSACTED_WITH,2023-09-24T06:19:33Z,211555.35
ACC_0457,ACC_0345,TRANSACTED_WITH,2025-02-06T16:14:30Z,2138008.65
PH_0401,PH_0066,CALLED,2024-05-02T19:09:58Z,720
PH_1186,PH_0194,CALLED,2025-03-12T14:11:39Z,2815
PH_0258,PH_0776,CALLED,2025-01-10T15:08:47Z,1382
PH_1167,PH_0218,CALLED,2023-03-13T05:22:28Z,3074
PER_0313,ACC_0735,OWNS,,
ACC_0099,ACC_0901,TRANSACTED_WITH,2025-05-29T05:05:12Z,122265.41
PH_0409,PH_0260,CALLED,2026-02-26T15:26:39Z,1901
ACC_0439,ACC_0626,TRANSACTED_WITH,2026-06-27T15:13:15Z,1706048.73
PH_0161,PH_0900,CALLED,2025-10-11T23:49:04Z,48
CASE_0148,PER_0026,PARTICIPATED_IN,,
PH_0403,PH_1317,CALLED,2024-12-14T03:46:03Z,1145
PER_0801,PH_0100,OWNS,,
PER_0690,PH_1139,OWNS,,
PH_0603,PH_0442,CALLED,2023-04-19T23:34:42Z,2816
PH_0558,PH_0429,CALLED,2026-05-31T04:51:58Z,3415
PH_0181,PH_0572,CALLED,2024-09-25T08:21:12Z,3426
ACC_1199,ACC_0732,TRANSACTED_WITH,2023-01-07T13:32:59Z,1868867.67
PH_0132,PH_0370,CALLED,2025-11-10T16:10:22Z,1119
PER_0244,ORG_0114,ASSOCIATED_WITH,,
PER_0566,PH_0103,OWNS,,
ACC_0311,ACC_0022,TRANSACTED_WITH,2026-07-28T14:02:01Z,700827.54
PER_0964,VEH_0778,OWNS,,
PER_0176,ACC_0485,OWNS,,
PER_0561,PH_0549,OWNS,,
PER_0983,ORG_0047,ASSOCIATED_WITH,,
ACC_0597,ACC_0198,TRANSACTED_WITH,2023-05-23T12:06:39Z,1014789.23
CASE_0150,PER_0152,PARTICIPATED_IN,,
PH_1277,PH_0577,CALLED,2023-06-01T17:21:59Z,2266
PH_0109,PH_0849,CALLED,2024-03-13T01:11:16Z,272
PH_1107,PH_1296,CALLED,2025-08-11T23:47:22Z,1897
CASE_0126,PER_0916,PARTICIPATED_IN,,
PER_0967,LOC_0082,ASSOCIATED_WITH,,
CASE_0084,PER_0652,PARTICIPATED_IN,,
PH_0421,PH_0535,CALLED,2025-07-22T11:12:38Z,1075
PH_0041,PH_1005,CALLED,2025-11-28T08:00:54Z,2329
ACC_0578,ACC_0509,TRANSACTED_WITH,2025-01-26T18:06:54Z,1483390.46
PH_0546,PH_0916,CALLED,2024-02-13T00:05:17Z,875
PH_0461,PH_0288,CALLED,2024-09-25T18:26:31Z,2601
ACC_0580,ACC_0904,TRANSACTED_WITH,2025-04-22T17:22:43Z,575788.22
PH_0630,PH_1286,CALLED,2026-04-11T15:39:50Z,2769
PER_0657,LOC_0002,ASSOCIATED_WITH,,
PER_0379,LOC_0118,ASSOCIATED_WITH,,
PER_0965,ORG_0022,ASSOCIATED_WITH,,
PER_0382,PH_0495,OWNS,,
ACC_1114,ACC_0189,TRANSACTED_WITH,2025-11-16T19:46:52Z,2064486.06
PH_0270,PH_1379,CALLED,2025-07-16T23:40:16Z,1351
PER_0249,LOC_0029,ASSOCIATED_WITH,,
PER_0846,LOC_0056,ASSOCIATED_WITH,,
PH_1154,PH_0992,CALLED,2025-04-25T08:24:23Z,391
PER_0433,LOC_0028,ASSOCIATED_WITH,,
PH_0348,PH_1265,CALLED,2026-01-29T16:17:08Z,461
ACC_0477,ACC_0687,TRANSACTED_WITH,2024-10-13T00:40:01Z,1203977.2
PER_0982,VEH_0586,OWNS,,
PH_0195,PH_1351,CALLED,2024-12-06T01:43:49Z,1707
ACC_0024,ACC_0899,TRANSACTED_WITH,2023-08-22T14:03:53Z,2026307.55
PH_0458,PH_0210,CALLED,2023-10-18T21:01:30Z,1387
ACC_0437,ACC_1049,TRANSACTED_WITH,2026-02-24T00:05:13Z,931445.98
PER_0209,LOC_0114,ASSOCIATED_WITH,,
PH_0590,PH_0158,CALLED,2024-10-23T19:12:19Z,2607
ACC_1012,ACC_1000,TRANSACTED_WITH,2024-01-01T22:08:06Z,607075.5
ACC_0797,ACC_0157,TRANSACTED_WITH,2025-05-02T01:39:47Z,156729.29
ACC_0832,ACC_0291,TRANSACTED_WITH,2024-09-14T17:16:37Z,1919622.0
PER_0133,PH_0971,OWNS,,
PER_0216,PH_0220,OWNS,,
PER_0474,LOC_0032,ASSOCIATED_WITH,,
PER_0525,LOC_0048,ASSOCIATED_WITH,,
PH_0970,PH_0268,CALLED,2026-03-13T11:46:16Z,1711
ACC_1094,ACC_0192,TRANSACTED_WITH,2023-06-08T21:37:24Z,2200850.61
PH_0490,PH_0285,CALLED,2026-06-08T19:52:36Z,1876
ACC_0736,ACC_0315,TRANSACTED_WITH,2023-01-20T07:52:42Z,748727.0
PER_0604,LOC_0102,ASSOCIATED_WITH,,
PER_0854,ACC_0838,OWNS,,
PH_0573,PH_0335,CALLED,2023-10-04T18:26:56Z,2359
PER_0980,LOC_0094,ASSOCIATED_WITH,,
PER_0887,ORG_0048,ASSOCIATED_WITH,,
PH_0905,PH_1366,CALLED,2025-01-23T08:04:34Z,2135
PER_0843,ACC_0559,OWNS,,
ACC_0596,ACC_0046,TRANSACTED_WITH,2025-08-09T11:18:25Z,1991335.74
PER_0334,ACC_0576,OWNS,,
PER_0267,ACC_0644,OWNS,,
ACC_0980,ACC_1116,TRANSACTED_WITH,2023-09-06T14:51:06Z,1703700.07
PER_0029,PH_1175,OWNS,,
PER_0389,PH_0760,OWNS,,
PER_0128,ACC_0501,OWNS,,
PH_0812,PH_1049,CALLED,2025-04-09T05:12:26Z,1343
PH_0434,PH_0346,CALLED,2024-10-31T20:40:08Z,3240
ACC_0406,ACC_0817,TRANSACTED_WITH,2024-08-31T11:28:58Z,2169546.84
PH_0550,PH_0613,CALLED,2026-07-22T09:57:48Z,1105
PER_0842,LOC_0047,ASSOCIATED_WITH,,
PH_0321,PH_0841,CALLED,2025-03-28T11:57:00Z,2725
ACC_1144,ACC_0457,TRANSACTED_WITH,2026-06-17T10:46:54Z,1463881.48
PER_0999,LOC_0148,ASSOCIATED_WITH,,
PH_1238,PH_1195,CALLED,2024-08-30T03:52:16Z,2472
PER_0356,PH_0381,OWNS,,
PER_0249,PH_0031,OWNS,,
PER_0203,PH_0547,OWNS,,
PH_1310,PH_0059,CALLED,2023-04-03T19:06:44Z,1330
PER_0155,ACC_0896,OWNS,,
PER_0856,ACC_0501,OWNS,,
CASE_0185,PER_0249,PARTICIPATED_IN,,
PER_0939,PH_1162,OWNS,,
PER_0314,LOC_0030,ASSOCIATED_WITH,,
ACC_0398,ACC_0703,TRANSACTED_WITH,2026-05-07T08:53:41Z,1882404.03
ACC_0272,ACC_0146,TRANSACTED_WITH,2023-05-18T11:49:16Z,1019465.16
ACC_0163,ACC_0554,TRANSACTED_WITH,2023-09-13T21:43:59Z,2259854.66
PH_1188,PH_1114,CALLED,2023-02-09T23:04:52Z,2745
ACC_1038,ACC_0730,TRANSACTED_WITH,2023-02-01T10:54:15Z,589803.17
CASE_0198,PER_0244,PARTICIPATED_IN,,
ACC_0610,ACC_0636,TRANSACTED_WITH,2023-09-07T18:38:32Z,1699710.27
PER_0777,PH_1108,OWNS,,
ACC_0466,ACC_0959,TRANSACTED_WITH,2024-07-24T21:19:19Z,1857830.8
PER_0790,PH_1312,OWNS,,
PER_0294,PH_1227,OWNS,,
PER_0950,LOC_0100,ASSOCIATED_WITH,,
ACC_0184,ACC_0900,TRANSACTED_WITH,2026-07-17T19:50:39Z,2414870.98
PH_0159,PH_0428,CALLED,2025-03-25T08:16:11Z,1566
ACC_0407,ACC_1123,TRANSACTED_WITH,2025-07-13T14:31:50Z,1047118.44
ACC_0539,ACC_1054,TRANSACTED_WITH,2023-06-25T05:39:20Z,1075338.91
PH_0044,PH_1073,CALLED,2023-04-09T08:26:59Z,810
ACC_0378,ACC_0111,TRANSACTED_WITH,2023-04-10T04:10:25Z,288300.92
ACC_0099,ACC_0198,TRANSACTED_WITH,2025-01-02T19:19:35Z,865995.31
PH_1134,PH_0186,CALLED,2026-01-18T07:41:05Z,2422
ACC_0552,ACC_0112,TRANSACTED_WITH,2025-07-14T17:43:14Z,903035.66
PH_1162,PH_0091,CALLED,2025-07-03T19:27:30Z,2117
ACC_0820,ACC_1154,TRANSACTED_WITH,2026-07-03T09:32:08Z,1285503.8
ACC_0103,ACC_1163,TRANSACTED_WITH,2025-06-18T10:22:47Z,2167366.21
ACC_0146,ACC_0121,TRANSACTED_WITH,2025-12-11T16:19:23Z,1479597.26
PER_0297,LOC_0109,ASSOCIATED_WITH,,
PER_0197,ACC_0925,OWNS,,
PH_0187,PH_0817,CALLED,2024-06-21T07:02:27Z,596
PER_0620,LOC_0147,ASSOCIATED_WITH,,
PER_0313,ORG_0051,ASSOCIATED_WITH,,
PH_0848,PH_0255,CALLED,2023-04-12T13:31:33Z,450
PH_0074,PH_0039,CALLED,2024-06-30T00:44:17Z,2456
PH_0964,PH_1096,CALLED,2024-04-04T20:45:00Z,1657
PH_0289,PH_0466,CALLED,2025-10-03T17:05:52Z,1911
PER_0989,PH_1362,OWNS,,
ACC_0404,ACC_0679,TRANSACTED_WITH,2023-04-22T14:16:54Z,414039.42
PH_1134,PH_1306,CALLED,2025-09-17T16:30:44Z,58
PER_0905,LOC_0088,ASSOCIATED_WITH,,
CASE_0128,PER_0089,PARTICIPATED_IN,,
PER_0885,LOC_0120,ASSOCIATED_WITH,,
PH_0241,PH_0660,CALLED,2025-10-02T08:43:05Z,1516
PER_0169,ORG_0097,ASSOCIATED_WITH,,
PER_0041,LOC_0002,ASSOCIATED_WITH,,
CASE_0041,PER_0360,PARTICIPATED_IN,,
PER_0242,PH_1044,OWNS,,
PH_0128,PH_0559,CALLED,2024-01-08T19:43:32Z,2099
CASE_0023,PER_0214,PARTICIPATED_IN,,
PH_0049,PH_1159,CALLED,2025-12-25T14:10:03Z,627
PER_0567,LOC_0060,ASSOCIATED_WITH,,
PH_0420,PH_0757,CALLED,2023-11-06T04:13:09Z,2326
PER_0590,ACC_0705,OWNS,,
PH_0868,PH_1080,CALLED,2024-08-06T22:33:07Z,999
PH_1030,PH_1328,CALLED,2023-06-25T15:41:13Z,266
PER_0131,LOC_0102,ASSOCIATED_WITH,,
ACC_0622,ACC_0792,TRANSACTED_WITH,2025-10-08T19:30:13Z,873123.46
PER_0064,LOC_0007,ASSOCIATED_WITH,,
ACC_0397,ACC_0107,TRANSACTED_WITH,2025-12-13T12:55:27Z,1718694.86
PER_0910,ORG_0093,ASSOCIATED_WITH,,
PER_0294,LOC_0059,ASSOCIATED_WITH,,
PER_0754,ACC_0464,OWNS,,
PH_0965,PH_0356,CALLED,2024-06-16T23:58:03Z,2492
PER_0824,ORG_0076,ASSOCIATED_WITH,,
PER_0808,PH_0023,OWNS,,
PH_0350,PH_0589,CALLED,2024-01-08T14:33:12Z,96
PH_0336,PH_0414,CALLED,2023-09-20T21:43:44Z,1190
PER_0296,PH_1132,OWNS,,
PH_1149,PH_1234,CALLED,2025-05-23T17:49:19Z,1775
PER_0454,PH_0155,OWNS,,
PH_0804,PH_1066,CALLED,2024-10-23T05:42:00Z,2225
PER_0285,LOC_0121,ASSOCIATED_WITH,,
PER_0202,LOC_0146,ASSOCIATED_WITH,,
ACC_0397,ACC_0878,TRANSACTED_WITH,2026-05-18T15:37:58Z,1882960.23
ACC_0038,ACC_0039,TRANSACTED_WITH,2025-11-21T10:39:47Z,460497.28
PH_1100,PH_0169,CALLED,2023-01-01T04:29:05Z,165
PER_0966,LOC_0105,ASSOCIATED_WITH,,
PH_0154,PH_0612,CALLED,2025-02-13T07:50:59Z,1497
PH_0905,PH_1254,CALLED,2023-12-26T08:20:23Z,2915
ACC_0209,ACC_0481,TRANSACTED_WITH,2025-01-02T17:17:31Z,1475312.58
PH_0218,PH_0461,CALLED,2023-11-06T14:14:33Z,2385
PER_0142,LOC_0102,ASSOCIATED_WITH,,
ACC_0311,ACC_0095,TRANSACTED_WITH,2024-07-13T03:52:24Z,1025954.79
PH_0748,PH_0947,CALLED,2026-01-18T18:36:20Z,1764
ACC_0646,ACC_0088,TRANSACTED_WITH,2025-02-19T03:42:01Z,2092419.79
PER_0789,ACC_0590,OWNS,,
PER_0713,PH_0064,OWNS,,
PER_0224,PH_0061,OWNS,,
ACC_0719,ACC_0699,TRANSACTED_WITH,2024-07-27T23:32:18Z,2344052.11
ACC_0792,ACC_0509,TRANSACTED_WITH,2024-11-17T14:12:54Z,969949.38
PER_0286,ACC_1010,OWNS,,
PER_0007,LOC_0135,ASSOCIATED_WITH,,
PH_0787,PH_0723,CALLED,2023-10-02T18:40:01Z,2795
PH_0188,PH_0825,CALLED,2024-08-21T03:58:53Z,1279
ACC_0435,ACC_0613,TRANSACTED_WITH,2025-03-23T22:49:26Z,753742.65
CASE_0028,PER_0032,PARTICIPATED_IN,,
PH_0563,PH_0836,CALLED,2026-02-16T04:12:31Z,2004
PH_0416,PH_0736,CALLED,2025-04-12T07:22:55Z,2869
CASE_0240,PER_0001,PARTICIPATED_IN,,
ACC_0661,ACC_0511,TRANSACTED_WITH,2024-08-06T04:55:31Z,1831679.2
PH_0063,PH_1366,CALLED,2023-11-02T23:35:30Z,859
CASE_0174,PER_0619,PARTICIPATED_IN,,
ACC_0315,ACC_1146,TRANSACTED_WITH,2024-06-22T05:58:30Z,141079.72
ACC_0371,ACC_0797,TRANSACTED_WITH,2023-03-13T07:49:20Z,863237.13
ACC_1142,ACC_1117,TRANSACTED_WITH,2025-06-02T21:23:52Z,259175.17
PH_0350,PH_0360,CALLED,2023-12-19T02:35:31Z,3158
PH_0720,PH_0119,CALLED,2023-12-05T13:21:08Z,3156
PH_0168,PH_0907,CALLED,2023-08-02T20:54:50Z,3179
PER_0315,LOC_0137,ASSOCIATED_WITH,,
PH_0896,PH_0706,CALLED,2025-04-02T18:59:18Z,1392
PER_0346,LOC_0018,ASSOCIATED_WITH,,
PH_0112,PH_0623,CALLED,2024-12-22T19:13:35Z,1983
PER_0656,ACC_0206,OWNS,,
ACC_0475,ACC_0728,TRANSACTED_WITH,2023-04-22T14:45:06Z,721915.41
PH_0895,PH_0183,CALLED,2023-12-25T18:43:58Z,2658
ACC_1034,ACC_0966,TRANSACTED_WITH,2025-03-06T23:01:30Z,311449.73
PH_1156,PH_1345,CALLED,2024-03-24T21:43:20Z,295
PER_0759,ACC_0379,OWNS,,
PH_1347,PH_0807,CALLED,2023-06-18T23:50:00Z,1633
ACC_0765,ACC_0504,TRANSACTED_WITH,2025-08-17T14:51:40Z,2106096.7
PH_0573,PH_0172,CALLED,2023-10-22T10:24:15Z,2552
PER_0758,ORG_0046,ASSOCIATED_WITH,,
ACC_0451,ACC_1175,TRANSACTED_WITH,2025-05-08T05:12:16Z,577195.18
PER_0378,PH_0923,OWNS,,
PER_0975,LOC_0090,ASSOCIATED_WITH,,
PER_0922,ACC_0784,OWNS,,
PH_0077,PH_0566,CALLED,2025-03-10T13:36:35Z,3362
PER_0338,ACC_0954,OWNS,,
PER_0553,PH_0524,OWNS,,
PH_0885,PH_1017,CALLED,2023-05-17T15:19:29Z,853
ACC_0131,ACC_0072,TRANSACTED_WITH,2025-06-08T15:18:30Z,1089720.21
ACC_0148,ACC_0084,TRANSACTED_WITH,2024-12-02T01:56:26Z,595927.0
PH_0851,PH_0351,CALLED,2023-11-17T12:03:45Z,3513
PH_0458,PH_0119,CALLED,2026-04-22T04:09:51Z,2283
ACC_0410,ACC_0697,TRANSACTED_WITH,2026-01-21T02:48:39Z,563780.6
PER_0924,ORG_0105,ASSOCIATED_WITH,,
ACC_0258,ACC_1006,TRANSACTED_WITH,2024-01-14T23:40:06Z,1181365.56
PER_0953,LOC_0063,ASSOCIATED_WITH,,
PER_0830,PH_0253,OWNS,,
ACC_0227,ACC_0220,TRANSACTED_WITH,2024-09-17T01:42:03Z,1032210.74
PH_0969,PH_1183,CALLED,2023-12-28T21:10:47Z,328
PH_0668,PH_1269,CALLED,2023-02-01T22:09:06Z,3045
PER_0441,ORG_0019,ASSOCIATED_WITH,,
PH_0451,PH_0710,CALLED,2023-10-12T04:53:35Z,1819
PH_0655,PH_0100,CALLED,2024-01-30T18:01:20Z,21
PER_0883,LOC_0091,ASSOCIATED_WITH,,
PER_0056,ACC_0045,OWNS,,
PER_0062,LOC_0145,ASSOCIATED_WITH,,
PH_1255,PH_1196,CALLED,2026-02-17T09:13:17Z,2127
PER_0410,LOC_0082,ASSOCIATED_WITH,,
CASE_0212,PER_0169,PARTICIPATED_IN,,
ACC_0558,ACC_0331,TRANSACTED_WITH,2024-01-06T00:19:56Z,1259683.4
CASE_0171,PER_0691,PARTICIPATED_IN,,
CASE_0243,PER_0494,PARTICIPATED_IN,,
PH_0496,PH_0544,CALLED,2024-08-22T12:06:20Z,2209
PER_0266,PH_1202,OWNS,,
PER_0794,PH_0500,OWNS,,
ACC_1147,ACC_1069,TRANSACTED_WITH,2024-09-23T08:52:53Z,347254.62
PH_0924,PH_0054,CALLED,2024-11-06T09:57:08Z,1873
ACC_1092,ACC_1031,TRANSACTED_WITH,2023-12-24T00:40:54Z,2197987.69
PER_0937,VEH_0732,OWNS,,
CASE_0056,PER_0584,PARTICIPATED_IN,,
CASE_0222,PER_0589,PARTICIPATED_IN,,
ACC_0764,ACC_1140,TRANSACTED_WITH,2026-05-16T16:05:27Z,1633180.88
ACC_0671,ACC_0113,TRANSACTED_WITH,2025-05-27T07:21:34Z,2079701.12
PER_0991,LOC_0087,ASSOCIATED_WITH,,
PH_0780,PH_0472,CALLED,2026-06-06T17:02:46Z,806
PER_0324,ACC_0454,OWNS,,
PER_0897,VEH_0077,OWNS,,
PER_0550,ACC_0306,OWNS,,
ACC_1111,ACC_1161,TRANSACTED_WITH,2024-08-05T01:56:38Z,1164074.74
PER_0960,ACC_0631,OWNS,,
PH_0057,PH_0925,CALLED,2023-10-31T09:32:09Z,2503
PER_0194,VEH_0742,OWNS,,
PER_0900,ORG_0076,ASSOCIATED_WITH,,
PER_0825,ACC_0453,OWNS,,
PER_0778,LOC_0094,ASSOCIATED_WITH,,
ACC_0943,ACC_0817,TRANSACTED_WITH,2024-01-16T02:36:40Z,380169.82
PER_0335,PH_0243,OWNS,,
PH_1267,PH_1158,CALLED,2024-08-31T13:32:51Z,415
PH_1238,PH_0277,CALLED,2025-01-05T04:48:55Z,1495
ACC_0470,ACC_0612,TRANSACTED_WITH,2023-04-09T19:18:55Z,2147988.73
PER_0412,LOC_0068,ASSOCIATED_WITH,,
PH_0461,PH_0808,CALLED,2024-04-06T06:50:29Z,1106
ACC_0276,ACC_1030,TRANSACTED_WITH,2026-04-28T21:58:07Z,2192740.65
PH_0779,PH_0349,CALLED,2023-03-17T04:21:30Z,2220
PH_1070,PH_1363,CALLED,2026-07-04T06:19:34Z,2647
PER_0124,LOC_0126,ASSOCIATED_WITH,,
PH_0495,PH_0628,CALLED,2025-09-02T06:23:23Z,2257
PH_1132,PH_0612,CALLED,2023-06-08T09:46:45Z,1610
ACC_0037,ACC_1045,TRANSACTED_WITH,2024-09-24T06:34:19Z,387362.63
PH_0461,PH_0057,CALLED,2026-05-05T19:18:48Z,2981
PH_0741,PH_0198,CALLED,2023-05-13T13:52:19Z,2891
ACC_1146,ACC_0882,TRANSACTED_WITH,2025-07-07T05:49:18Z,852030.18
CASE_0197,PER_0272,PARTICIPATED_IN,,
ACC_0564,ACC_0130,TRANSACTED_WITH,2023-06-22T12:27:16Z,2178213.56
PER_0532,LOC_0079,ASSOCIATED_WITH,,
ACC_0108,ACC_0923,TRANSACTED_WITH,2024-07-15T03:04:08Z,507694.74
ACC_1004,ACC_0252,TRANSACTED_WITH,2026-06-19T10:23:44Z,1183188.31
PH_1292,PH_0526,CALLED,2023-07-15T05:48:03Z,199
ACC_0598,ACC_1146,TRANSACTED_WITH,2024-11-22T21:55:53Z,867155.84
CASE_0172,PER_0051,PARTICIPATED_IN,,
PER_0163,LOC_0001,ASSOCIATED_WITH,,
PH_1346,PH_0394,CALLED,2023-02-14T17:35:08Z,3254
PH_0258,PH_1391,CALLED,2023-06-17T09:36:23Z,1839
PH_0060,PH_1115,CALLED,2026-04-05T23:35:33Z,221
PER_0110,PH_1077,OWNS,,
PER_0879,LOC_0056,ASSOCIATED_WITH,,
ACC_0077,ACC_0683,TRANSACTED_WITH,2023-02-13T16:56:57Z,1532404.29
ACC_0468,ACC_1044,TRANSACTED_WITH,2024-10-28T17:52:51Z,2138197.86
PER_0033,PH_0207,OWNS,,
PER_0719,ACC_0182,OWNS,,
PER_0561,LOC_0010,ASSOCIATED_WITH,,
PH_0930,PH_1146,CALLED,2026-02-07T08:42:51Z,1927
PH_0602,PH_1280,CALLED,2023-05-03T07:29:29Z,2310
PER_0792,PH_0593,OWNS,,
ACC_0406,ACC_0261,TRANSACTED_WITH,2025-05-30T01:07:56Z,2350898.75
PH_0698,PH_0178,CALLED,2025-01-15T21:03:19Z,3145
PH_1113,PH_0474,CALLED,2024-09-09T02:39:37Z,629
PH_0297,PH_1003,CALLED,2025-02-20T17:32:51Z,1992
PER_0732,ACC_1123,OWNS,,
PER_0841,ACC_1044,OWNS,,
PER_0436,LOC_0126,ASSOCIATED_WITH,,
PH_1029,PH_0558,CALLED,2025-09-19T09:32:36Z,2169
PER_0208,ACC_0128,OWNS,,
PER_0773,ORG_0101,ASSOCIATED_WITH,,
PER_0961,ORG_0016,ASSOCIATED_WITH,,
PH_0013,PH_0012,CALLED,2024-11-28T03:38:37Z,1943
PH_0658,PH_0363,CALLED,2024-04-12T00:42:48Z,86
PER_0530,LOC_0104,ASSOCIATED_WITH,,
PH_0420,PH_0523,CALLED,2024-12-17T13:08:29Z,2211
CASE_0079,PER_0364,PARTICIPATED_IN,,
PH_0836,PH_0868,CALLED,2024-06-23T03:12:13Z,3169
PH_0186,PH_0677,CALLED,2023-09-03T23:16:06Z,2334
ACC_0606,ACC_0237,TRANSACTED_WITH,2024-05-14T14:07:38Z,586163.86
PER_0855,PH_0253,OWNS,,
PH_0329,PH_0203,CALLED,2023-11-19T23:11:35Z,881
PER_0379,ACC_0684,OWNS,,
ACC_0011,ACC_0850,TRANSACTED_WITH,2023-02-10T07:31:26Z,2360798.43
PH_0084,PH_0072,CALLED,2024-02-08T15:54:22Z,1467
PH_1354,PH_1060,CALLED,2024-07-16T04:44:30Z,1973
PER_0459,LOC_0086,ASSOCIATED_WITH,,
ACC_0170,ACC_1071,TRANSACTED_WITH,2023-06-11T11:56:36Z,138646.2
PER_0481,LOC_0086,ASSOCIATED_WITH,,
PER_0277,PH_0413,OWNS,,
PER_0089,LOC_0050,ASSOCIATED_WITH,,
ACC_0156,ACC_0235,TRANSACTED_WITH,2025-04-11T08:06:18Z,1551887.0
CASE_0018,PER_0459,PARTICIPATED_IN,,
PER_0674,LOC_0066,ASSOCIATED_WITH,,
PER_0777,LOC_0110,ASSOCIATED_WITH,,
ACC_0332,ACC_0614,TRANSACTED_WITH,2024-11-03T00:00:32Z,1522384.85
PH_0449,PH_0823,CALLED,2026-06-19T16:43:44Z,917
PER_0160,LOC_0075,ASSOCIATED_WITH,,
PER_0742,ORG_0013,ASSOCIATED_WITH,,
PER_0082,ORG_0043,ASSOCIATED_WITH,,
PER_0220,ACC_1159,OWNS,,
PH_0652,PH_0233,CALLED,2024-06-21T16:58:52Z,958
ACC_0006,ACC_0432,TRANSACTED_WITH,2023-01-02T23:33:08Z,2300005.66
PER_0720,ACC_1077,OWNS,,
PH_0932,PH_0942,CALLED,2024-04-02T03:46:24Z,1970
PH_0053,PH_1388,CALLED,2024-06-09T17:09:09Z,2228
PH_1090,PH_0231,CALLED,2025-03-06T21:15:50Z,872
PH_0161,PH_1391,CALLED,2023-07-13T15:36:00Z,2621
ACC_1115,ACC_0760,TRANSACTED_WITH,2023-03-30T02:35:31Z,1557327.22
PH_0151,PH_1020,CALLED,2026-07-05T00:36:53Z,61
PER_0309,PH_0801,OWNS,,
PER_0395,PH_0213,OWNS,,
ACC_0373,ACC_0011,TRANSACTED_WITH,2025-08-24T10:18:59Z,2099275.23
PH_0042,PH_0333,CALLED,2023-10-06T20:38:30Z,425
PER_0091,ORG_0083,ASSOCIATED_WITH,,
ACC_0167,ACC_1150,TRANSACTED_WITH,2026-01-04T04:13:41Z,2343183.02
ACC_0601,ACC_0316,TRANSACTED_WITH,2024-11-23T19:49:45Z,120081.88
PH_1156,PH_0357,CALLED,2023-03-17T08:19:53Z,484
PH_1138,PH_1194,CALLED,2025-10-03T09:30:22Z,1633
ACC_1000,ACC_1076,TRANSACTED_WITH,2025-11-15T18:11:54Z,240404.71
PH_0529,PH_0458,CALLED,2025-11-29T06:12:41Z,1707
PH_0800,PH_0824,CALLED,2025-01-25T01:52:09Z,1465
PH_0673,PH_1092,CALLED,2025-10-08T06:31:56Z,2523
ACC_0235,ACC_0063,TRANSACTED_WITH,2024-03-22T05:10:29Z,1888100.54
PH_0488,PH_0169,CALLED,2025-01-08T21:51:50Z,2290
PER_0108,ACC_1126,OWNS,,
PH_1077,PH_1130,CALLED,2025-03-05T12:31:12Z,60
PH_1176,PH_0222,CALLED,2023-08-06T11:30:14Z,2097
ACC_0421,ACC_0175,TRANSACTED_WITH,2025-03-13T22:53:54Z,1870715.06
PER_0079,PH_0555,OWNS,,
PH_0677,PH_0901,CALLED,2025-07-31T09:52:43Z,2506
ACC_0882,ACC_0408,TRANSACTED_WITH,2025-06-11T22:34:38Z,1715165.15
ACC_0186,ACC_0058,TRANSACTED_WITH,2024-04-12T07:06:39Z,1675423.24
CASE_0033,PER_0317,PARTICIPATED_IN,,
PH_0401,PH_0976,CALLED,2026-03-08T22:45:06Z,2592
ACC_0363,ACC_0408,TRANSACTED_WITH,2026-05-05T17:56:51Z,224629.81
PER_0535,ACC_0676,OWNS,,
PH_0512,PH_0752,CALLED,2025-10-01T00:37:19Z,1564
PER_0731,LOC_0124,ASSOCIATED_WITH,,
PH_1199,PH_0097,CALLED,2024-12-19T19:06:35Z,1182
CASE_0142,PER_0224,PARTICIPATED_IN,,
PER_0602,PH_0834,OWNS,,
PH_0695,PH_0887,CALLED,2024-06-01T00:44:28Z,3018
PH_1263,PH_0059,CALLED,2024-04-27T06:45:55Z,2066
PH_0427,PH_0110,CALLED,2025-01-12T22:24:36Z,2748
PER_0366,LOC_0124,ASSOCIATED_WITH,,
PER_0116,LOC_0124,ASSOCIATED_WITH,,
ACC_0474,ACC_0793,TRANSACTED_WITH,2026-03-01T11:34:47Z,1670489.44
PER_0069,PH_0092,OWNS,,
PH_1306,PH_0973,CALLED,2024-12-21T16:07:43Z,3247
ACC_0094,ACC_0223,TRANSACTED_WITH,2025-08-23T06:48:13Z,1286821.15
PH_1205,PH_0025,CALLED,2024-03-07T01:44:49Z,3301
ACC_0614,ACC_1196,TRANSACTED_WITH,2024-03-06T23:00:25Z,1537077.67
ACC_0112,ACC_1092,TRANSACTED_WITH,2026-02-18T03:00:52Z,2051535.38
ACC_0613,ACC_0124,TRANSACTED_WITH,2024-03-24T02:11:40Z,169638.86
ACC_0315,ACC_1039,TRANSACTED_WITH,2023-02-06T07:32:07Z,1140747.61
PER_0017,ACC_1017,OWNS,,
PH_0113,PH_0460,CALLED,2025-03-16T11:48:19Z,3309
PER_0269,ORG_0098,ASSOCIATED_WITH,,
PH_0203,PH_0573,CALLED,2025-06-23T18:12:14Z,3515
PER_0352,ACC_1105,OWNS,,
PH_0862,PH_0122,CALLED,2025-09-11T00:56:15Z,1560
ACC_0996,ACC_1142,TRANSACTED_WITH,2025-07-20T23:37:17Z,2054565.43
PH_0892,PH_1396,CALLED,2024-04-20T17:09:24Z,1087
ACC_1098,ACC_0920,TRANSACTED_WITH,2024-11-01T20:01:09Z,1977566.65
PH_0604,PH_0301,CALLED,2025-08-14T21:47:04Z,2502
PH_1024,PH_1246,CALLED,2026-03-14T10:27:10Z,982
PER_0768,PH_0783,OWNS,,
PH_1320,PH_0872,CALLED,2024-04-01T11:36:37Z,522
PER_0652,LOC_0148,ASSOCIATED_WITH,,
PH_0824,PH_1156,CALLED,2025-07-20T14:18:52Z,820
ACC_0215,ACC_0939,TRANSACTED_WITH,2024-06-30T05:31:42Z,1284472.94
PH_0048,PH_0832,CALLED,2025-06-05T12:27:58Z,2556
CASE_0048,PER_0442,PARTICIPATED_IN,,
ACC_0969,ACC_0148,TRANSACTED_WITH,2023-12-22T08:13:30Z,1602137.7
ACC_0822,ACC_0778,TRANSACTED_WITH,2023-04-10T14:18:41Z,1226719.87
ACC_0693,ACC_0037,TRANSACTED_WITH,2024-08-06T13:48:12Z,714569.56
ACC_0780,ACC_0724,TRANSACTED_WITH,2023-04-21T05:09:20Z,1266894.88
ACC_0420,ACC_0673,TRANSACTED_WITH,2024-10-27T04:36:43Z,2327560.79
CASE_0249,PER_0756,PARTICIPATED_IN,,
PER_0080,ACC_0311,OWNS,,
PER_0234,ACC_0228,OWNS,,
CASE_0104,PER_0807,PARTICIPATED_IN,,
PER_0198,ACC_0448,OWNS,,
PER_0487,PH_0340,OWNS,,
ACC_0286,ACC_0407,TRANSACTED_WITH,2024-11-09T07:09:13Z,829944.74
PER_0851,LOC_0104,ASSOCIATED_WITH,,
PER_0863,PH_0886,OWNS,,
PH_1332,PH_0885,CALLED,2023-12-05T04:14:25Z,260
PER_0831,PH_0108,OWNS,,
PH_0295,PH_1113,CALLED,2024-11-12T16:41:02Z,2164
PER_0274,LOC_0148,ASSOCIATED_WITH,,
CASE_0121,PER_0729,PARTICIPATED_IN,,
ACC_0198,ACC_0613,TRANSACTED_WITH,2025-06-05T07:58:55Z,778799.86
PER_0255,LOC_0114,ASSOCIATED_WITH,,
PER_0033,PH_1096,OWNS,,
ACC_0468,ACC_0133,TRANSACTED_WITH,2023-06-11T02:50:32Z,960004.01
PER_0838,LOC_0006,ASSOCIATED_WITH,,
PH_1025,PH_0103,CALLED,2023-04-03T23:53:24Z,591
PER_0080,PH_1210,OWNS,,
ACC_0438,ACC_0847,TRANSACTED_WITH,2024-04-14T02:31:45Z,35358.63
PER_0543,PH_0878,OWNS,,
PH_1065,PH_0235,CALLED,2024-06-23T21:42:59Z,2748
PER_0707,LOC_0058,ASSOCIATED_WITH,,
PER_0014,PH_0890,OWNS,,
PH_1113,PH_1012,CALLED,2023-06-03T13:42:30Z,1484
ACC_0496,ACC_1079,TRANSACTED_WITH,2023-12-25T20:32:15Z,1202254.16
PER_0681,VEH_0011,OWNS,,
PH_0669,PH_1106,CALLED,2026-07-10T22:29:46Z,2603
PH_0384,PH_0367,CALLED,2024-09-05T22:57:07Z,2116
PER_0034,PH_0088,OWNS,,
PH_0474,PH_0240,CALLED,2024-08-11T23:22:12Z,392
ACC_1076,ACC_0155,TRANSACTED_WITH,2025-04-27T09:51:16Z,1724873.08
PER_0323,PH_1184,OWNS,,
PH_1119,PH_0140,CALLED,2026-02-14T03:12:36Z,1556
PH_1291,PH_0981,CALLED,2023-01-30T16:16:50Z,2343
PH_0646,PH_1126,CALLED,2024-01-08T16:13:52Z,2631
PH_1237,PH_0436,CALLED,2023-12-02T23:06:33Z,3290
ACC_0797,ACC_0419,TRANSACTED_WITH,2024-04-05T13:48:30Z,1348777.38
PER_0892,ACC_0244,OWNS,,
PH_0015,PH_0556,CALLED,2024-08-30T06:11:51Z,795
PER_0508,ACC_0137,OWNS,,
PH_0889,PH_1196,CALLED,2024-05-23T04:56:56Z,2410
PER_0466,PH_0919,OWNS,,
CASE_0063,PER_0881,PARTICIPATED_IN,,
PH_0217,PH_0299,CALLED,2024-05-06T00:37:06Z,2471
CASE_0021,PER_0003,PARTICIPATED_IN,,
PER_0233,PH_0220,OWNS,,
PH_0800,PH_0145,CALLED,2025-01-10T12:58:31Z,22
PH_0632,PH_0215,CALLED,2026-04-07T14:25:38Z,1263
PER_0185,LOC_0027,ASSOCIATED_WITH,,
PH_0120,PH_0089,CALLED,2024-02-17T05:57:12Z,1010
PH_0696,PH_0879,CALLED,2025-06-18T16:01:33Z,1270
CASE_0126,PER_0619,PARTICIPATED_IN,,
ACC_0580,ACC_0529,TRANSACTED_WITH,2026-07-26T00:33:11Z,779940.12
PER_0042,ACC_0261,OWNS,,
PER_0061,ACC_1146,OWNS,,
PH_0026,PH_0970,CALLED,2024-04-28T09:04:06Z,2432
PER_0985,ORG_0108,ASSOCIATED_WITH,,
PER_0693,ACC_0444,OWNS,,
PER_0234,ACC_0618,OWNS,,
PH_1358,PH_0795,CALLED,2025-08-23T22:07:54Z,3157
ACC_0745,ACC_0758,TRANSACTED_WITH,2025-03-20T04:01:11Z,1836661.96
PER_0534,VEH_0075,OWNS,,
PH_0321,PH_0504,CALLED,2024-08-31T04:12:40Z,36
ACC_0391,ACC_0466,TRANSACTED_WITH,2024-11-22T04:25:03Z,1427238.14
PER_0411,VEH_0276,OWNS,,
ACC_1091,ACC_1047,TRANSACTED_WITH,2024-10-09T06:44:41Z,305403.42
ACC_0875,ACC_0310,TRANSACTED_WITH,2025-03-19T02:55:40Z,289886.01
PH_0480,PH_0643,CALLED,2025-12-16T03:32:05Z,2879
ACC_1130,ACC_0833,TRANSACTED_WITH,2023-10-11T11:53:27Z,833341.17
PER_0708,VEH_0005,OWNS,,
PER_0518,LOC_0017,ASSOCIATED_WITH,,
PH_1323,PH_1284,CALLED,2023-09-10T13:31:50Z,1342
PH_0401,PH_1264,CALLED,2023-09-19T14:27:44Z,2828
ACC_0387,ACC_0757,TRANSACTED_WITH,2024-10-27T20:28:32Z,592735.9
PH_0365,PH_0710,CALLED,2026-05-14T20:51:20Z,2926
PH_1041,PH_1048,CALLED,2026-07-05T14:05:15Z,1668
PER_0276,LOC_0045,ASSOCIATED_WITH,,
PER_0137,ORG_0015,ASSOCIATED_WITH,,
PH_0551,PH_0404,CALLED,2025-11-22T03:20:47Z,1036
PH_0571,PH_1103,CALLED,2026-04-13T02:59:16Z,3183
PH_0523,PH_0017,CALLED,2023-05-04T19:01:36Z,388
PER_0011,ACC_0311,OWNS,,
CASE_0151,PER_0448,PARTICIPATED_IN,,
PER_0037,ACC_0462,OWNS,,
PER_0684,ACC_0141,OWNS,,
ACC_0717,ACC_0029,TRANSACTED_WITH,2023-09-19T12:55:13Z,711619.3
PER_0813,LOC_0002,ASSOCIATED_WITH,,
PH_1217,PH_0614,CALLED,2025-01-26T10:23:00Z,1647
PER_0313,ACC_0597,OWNS,,
PER_0927,ACC_0312,OWNS,,
PER_0160,VEH_0359,OWNS,,
PER_0444,ORG_0024,ASSOCIATED_WITH,,
PH_0896,PH_0400,CALLED,2023-01-09T22:04:42Z,3215
CASE_0068,PER_0706,PARTICIPATED_IN,,
PER_0620,LOC_0072,ASSOCIATED_WITH,,
PER_0405,ACC_0519,OWNS,,
ACC_1101,ACC_0049,TRANSACTED_WITH,2024-04-25T22:29:22Z,1974883.4
PER_0855,LOC_0059,ASSOCIATED_WITH,,
PH_0040,PH_1073,CALLED,2023-04-04T23:08:03Z,1509
PER_0256,LOC_0039,ASSOCIATED_WITH,,
PH_0948,PH_0482,CALLED,2025-12-10T09:10:30Z,997
ACC_0736,ACC_0655,TRANSACTED_WITH,2024-03-13T01:36:28Z,2356660.83
PH_1060,PH_0266,CALLED,2023-03-12T00:50:41Z,1958
PER_0570,ORG_0048,ASSOCIATED_WITH,,
PH_1217,PH_0660,CALLED,2024-04-04T16:31:31Z,2467
PER_0681,PH_1162,OWNS,,
PER_0061,ACC_0427,OWNS,,
PH_1273,PH_0613,CALLED,2023-01-21T05:32:42Z,2498
PH_0985,PH_1207,CALLED,2025-07-11T07:43:42Z,2027
PH_0638,PH_0742,CALLED,2025-04-04T14:57:38Z,2951
ACC_0924,ACC_1073,TRANSACTED_WITH,2023-05-07T10:06:32Z,2433578.78
CASE_0031,PER_0102,PARTICIPATED_IN,,
PER_0352,PH_1336,OWNS,,
PH_0667,PH_0022,CALLED,2025-09-08T11:21:44Z,1048
PH_0578,PH_0325,CALLED,2026-07-18T00:52:48Z,840
PH_0219,PH_0596,CALLED,2024-07-17T17:48:04Z,3126
PH_1338,PH_0876,CALLED,2025-11-02T21:01:50Z,2486
PH_0049,PH_1381,CALLED,2025-07-04T07:45:28Z,672
PER_0953,PH_0272,OWNS,,
PER_0555,LOC_0050,ASSOCIATED_WITH,,
ACC_0928,ACC_1138,TRANSACTED_WITH,2024-12-13T22:15:05Z,640991.86
ACC_0824,ACC_0157,TRANSACTED_WITH,2025-06-08T16:38:42Z,1174388.34
PER_0074,LOC_0094,ASSOCIATED_WITH,,
PH_0720,PH_1248,CALLED,2023-05-18T09:31:41Z,222
PH_0118,PH_1109,CALLED,2024-09-05T00:09:18Z,1904
PER_0046,ACC_0131,OWNS,,
PER_0068,ACC_0362,OWNS,,
ACC_1122,ACC_0942,TRANSACTED_WITH,2023-07-26T06:10:18Z,113105.44
PER_0446,PH_0015,OWNS,,
PER_0073,LOC_0032,ASSOCIATED_WITH,,
ACC_0401,ACC_0108,TRANSACTED_WITH,2024-07-24T07:41:24Z,1223683.7
PH_0418,PH_1228,CALLED,2025-05-05T12:47:41Z,1431
ACC_0689,ACC_0829,TRANSACTED_WITH,2025-09-11T07:37:37Z,1243358.33
PH_0055,PH_1158,CALLED,2024-06-14T10:35:58Z,888
ACC_0299,ACC_1034,TRANSACTED_WITH,2024-08-18T02:48:42Z,491955.19
PER_0803,ORG_0041,ASSOCIATED_WITH,,
PH_0181,PH_0606,CALLED,2024-06-01T08:34:46Z,963
PER_0450,PH_0910,OWNS,,
PH_0562,PH_0304,CALLED,2024-06-28T15:43:32Z,461
ACC_0578,ACC_0381,TRANSACTED_WITH,2026-02-05T19:59:35Z,338757.32
PH_0367,PH_0953,CALLED,2024-02-24T09:59:50Z,3164
PER_0163,LOC_0044,ASSOCIATED_WITH,,
PER_0007,PH_0947,OWNS,,
PH_0901,PH_0800,CALLED,2025-03-22T18:50:24Z,1445
ACC_1067,ACC_0604,TRANSACTED_WITH,2024-04-02T15:07:07Z,1588728.6
PH_0851,PH_0921,CALLED,2024-10-22T16:45:43Z,3411
PER_0607,LOC_0015,ASSOCIATED_WITH,,
PH_0848,PH_0708,CALLED,2023-01-06T11:07:48Z,610
ACC_0353,ACC_0667,TRANSACTED_WITH,2023-11-26T04:10:06Z,896199.89
PH_1204,PH_1189,CALLED,2023-01-18T10:47:59Z,691
PER_0911,LOC_0015,ASSOCIATED_WITH,,
ACC_1000,ACC_1065,TRANSACTED_WITH,2026-07-04T22:19:49Z,1038304.6
PER_0421,LOC_0061,ASSOCIATED_WITH,,
PH_0850,PH_1070,CALLED,2024-09-22T09:46:59Z,1571
PH_0551,PH_0160,CALLED,2023-01-06T10:21:38Z,1414
PER_0476,LOC_0021,ASSOCIATED_WITH,,
PH_0855,PH_0102,CALLED,2024-05-23T11:55:08Z,1056
PH_1159,PH_0950,CALLED,2025-02-04T20:30:58Z,2080
ACC_0898,ACC_1047,TRANSACTED_WITH,2023-02-05T22:57:36Z,878771.42
PER_0818,LOC_0137,ASSOCIATED_WITH,,
PH_0515,PH_1392,CALLED,2025-03-13T02:58:31Z,2651
PER_0074,LOC_0002,ASSOCIATED_WITH,,
PH_0402,PH_0423,CALLED,2024-09-08T23:41:04Z,1349
PER_0724,ORG_0100,ASSOCIATED_WITH,,
PH_1109,PH_0994,CALLED,2025-08-03T15:54:16Z,1936
PH_1238,PH_0287,CALLED,2023-12-18T13:58:52Z,3202
PER_0660,PH_1356,OWNS,,
PH_1236,PH_0380,CALLED,2025-12-19T06:53:07Z,2762
PH_0896,PH_0571,CALLED,2025-05-02T09:11:46Z,261
PER_0968,VEH_0579,OWNS,,
PER_0683,PH_1239,OWNS,,
CASE_0155,PER_0194,PARTICIPATED_IN,,
PH_1394,PH_1173,CALLED,2024-08-03T21:00:47Z,367
PER_0639,ACC_0999,OWNS,,
PER_0549,PH_0449,OWNS,,
PER_0315,LOC_0019,ASSOCIATED_WITH,,
PH_0862,PH_1065,CALLED,2023-01-22T02:45:08Z,444
ACC_1173,ACC_1128,TRANSACTED_WITH,2026-06-07T17:42:21Z,486284.96
PER_0576,PH_0342,OWNS,,
PER_0728,VEH_0260,OWNS,,
PER_0150,LOC_0049,ASSOCIATED_WITH,,
PER_0458,LOC_0126,ASSOCIATED_WITH,,
PER_0872,LOC_0092,ASSOCIATED_WITH,,
PER_0842,ACC_0543,OWNS,,
PH_1248,PH_1285,CALLED,2026-07-22T15:47:17Z,2474
ACC_0294,ACC_0792,TRANSACTED_WITH,2023-11-26T06:52:03Z,415508.63
PH_0110,PH_0733,CALLED,2025-07-31T09:07:28Z,1008
ACC_1103,ACC_0276,TRANSACTED_WITH,2025-06-19T17:18:35Z,494772.16
ACC_0301,ACC_0616,TRANSACTED_WITH,2025-02-18T12:04:04Z,144882.19
ACC_1059,ACC_0573,TRANSACTED_WITH,2025-11-02T21:20:28Z,415824.07
PH_0675,PH_0770,CALLED,2025-03-07T07:37:25Z,2937
PH_0258,PH_0923,CALLED,2026-06-08T19:51:35Z,2412
PER_0499,ACC_1089,OWNS,,
ACC_0017,ACC_0375,TRANSACTED_WITH,2023-08-19T19:15:35Z,1648529.99
PH_1142,PH_0329,CALLED,2023-09-22T08:00:52Z,1423
ACC_0737,ACC_1154,TRANSACTED_WITH,2023-01-24T11:32:31Z,2262757.3
PH_1151,PH_0201,CALLED,2024-10-07T06:38:00Z,1051
ACC_0386,ACC_0507,TRANSACTED_WITH,2025-06-03T09:53:04Z,1407299.9
ACC_0594,ACC_1017,TRANSACTED_WITH,2023-12-24T13:26:11Z,1362647.48
PER_0180,LOC_0085,ASSOCIATED_WITH,,
PER_0422,LOC_0142,ASSOCIATED_WITH,,
CASE_0232,PER_0247,PARTICIPATED_IN,,
PER_0762,PH_0329,OWNS,,
ACC_0444,ACC_1065,TRANSACTED_WITH,2024-02-11T15:06:30Z,949852.68
PH_0362,PH_0062,CALLED,2025-05-28T18:16:21Z,2678
ACC_0242,ACC_0072,TRANSACTED_WITH,2026-06-17T15:12:39Z,1472873.74
ACC_0748,ACC_1006,TRANSACTED_WITH,2026-06-28T07:13:55Z,1643722.72
ACC_0511,ACC_0305,TRANSACTED_WITH,2023-07-01T13:33:38Z,325279.12
PER_0110,LOC_0067,ASSOCIATED_WITH,,
PER_0721,LOC_0142,ASSOCIATED_WITH,,
PER_0524,ACC_0910,OWNS,,
PH_0262,PH_1350,CALLED,2026-05-28T01:56:10Z,257
PER_0200,ACC_0221,OWNS,,
PH_1059,PH_1093,CALLED,2025-06-23T13:49:42Z,874
PH_1239,PH_0088,CALLED,2024-06-10T09:42:06Z,802
PH_1038,PH_0949,CALLED,2026-01-29T14:45:38Z,896
ACC_0174,ACC_0116,TRANSACTED_WITH,2023-06-18T04:05:24Z,1280496.81
PER_0508,LOC_0014,ASSOCIATED_WITH,,
PER_0622,ORG_0109,ASSOCIATED_WITH,,
PH_0917,PH_1079,CALLED,2025-07-26T15:57:11Z,706
PH_1007,PH_0449,CALLED,2024-11-09T11:21:46Z,275
PH_0513,PH_1197,CALLED,2023-07-20T21:14:13Z,1764
PH_1032,PH_0676,CALLED,2024-09-17T13:32:09Z,766
PER_0823,ACC_0834,OWNS,,
ACC_0253,ACC_0418,TRANSACTED_WITH,2024-09-19T23:31:09Z,37762.14
PH_0952,PH_1167,CALLED,2025-09-04T09:09:48Z,2585
PER_0381,LOC_0108,ASSOCIATED_WITH,,
PH_0089,PH_1196,CALLED,2025-04-17T22:25:19Z,223
PER_0054,ORG_0108,ASSOCIATED_WITH,,
PH_0896,PH_0760,CALLED,2023-11-26T14:42:19Z,2613
PER_0206,LOC_0130,ASSOCIATED_WITH,,
PH_0463,PH_0583,CALLED,2023-03-09T12:17:51Z,719
PER_0628,LOC_0098,ASSOCIATED_WITH,,
PH_1203,PH_0839,CALLED,2023-05-15T01:13:31Z,1118
PH_1390,PH_0077,CALLED,2023-01-08T06:03:54Z,559
PH_0604,PH_0955,CALLED,2023-08-16T22:23:27Z,2703
PH_1355,PH_1012,CALLED,2024-03-17T21:14:12Z,832
ACC_0060,ACC_0868,TRANSACTED_WITH,2023-06-04T01:10:10Z,45957.52
PH_1321,PH_0773,CALLED,2024-11-20T09:41:06Z,2265
CASE_0189,PER_0878,PARTICIPATED_IN,,
PER_0065,PH_0540,OWNS,,
PH_0225,PH_0636,CALLED,2025-08-07T14:52:27Z,3598
ACC_0496,ACC_0245,TRANSACTED_WITH,2025-09-29T13:04:55Z,951644.08
PH_1210,PH_0341,CALLED,2025-06-05T01:20:40Z,2292
PER_0174,LOC_0119,ASSOCIATED_WITH,,
PER_0660,LOC_0024,ASSOCIATED_WITH,,
PER_0103,ORG_0111,ASSOCIATED_WITH,,
PER_0865,ORG_0018,ASSOCIATED_WITH,,
ACC_0432,ACC_0078,TRANSACTED_WITH,2023-08-14T08:30:56Z,559408.46
PER_0226,ORG_0027,ASSOCIATED_WITH,,
PH_0443,PH_0453,CALLED,2024-04-14T02:33:46Z,2735
PER_0268,LOC_0103,ASSOCIATED_WITH,,
CASE_0042,PER_0324,PARTICIPATED_IN,,
PER_0609,LOC_0004,ASSOCIATED_WITH,,
PH_0048,PH_0877,CALLED,2026-03-15T05:49:07Z,649
PER_0442,ACC_0323,OWNS,,
PER_0920,LOC_0149,ASSOCIATED_WITH,,
ACC_0452,ACC_1039,TRANSACTED_WITH,2025-09-22T06:07:30Z,1272848.1
PER_0299,ACC_0618,OWNS,,
PER_0704,ACC_0263,OWNS,,
PER_0339,PH_0658,OWNS,,
PH_1308,PH_0376,CALLED,2025-06-11T18:21:25Z,2570
PH_1133,PH_0825,CALLED,2025-02-17T14:21:20Z,1933
PH_1250,PH_1355,CALLED,2026-04-06T18:48:12Z,2904
PH_0908,PH_1247,CALLED,2024-10-31T03:12:54Z,2768
PER_0778,PH_0456,OWNS,,
ACC_0429,ACC_0910,TRANSACTED_WITH,2024-05-13T19:25:09Z,41144.54
PH_1298,PH_0959,CALLED,2024-10-13T10:18:41Z,1086
PH_0336,PH_1219,CALLED,2023-04-29T02:47:52Z,1109
ACC_0636,ACC_0089,TRANSACTED_WITH,2026-05-23T15:18:51Z,1836030.05
PH_0745,PH_1275,CALLED,2025-01-23T20:25:43Z,2195
PH_1007,PH_1013,CALLED,2025-08-02T04:14:52Z,3284
PH_1165,PH_0467,CALLED,2023-12-04T10:06:22Z,140
PER_0270,PH_0402,OWNS,,
PER_0549,LOC_0067,ASSOCIATED_WITH,,
CASE_0240,PER_0778,PARTICIPATED_IN,,
PER_0950,PH_0964,OWNS,,
PH_0695,PH_0014,CALLED,2024-07-25T08:14:36Z,1651
PER_0615,LOC_0078,ASSOCIATED_WITH,,
PER_0507,PH_1241,OWNS,,
PER_0616,LOC_0063,ASSOCIATED_WITH,,
ACC_0226,ACC_0818,TRANSACTED_WITH,2025-06-26T11:26:35Z,1426348.1
ACC_1066,ACC_0177,TRANSACTED_WITH,2024-09-01T10:54:58Z,1089188.18
ACC_1072,ACC_0348,TRANSACTED_WITH,2025-05-25T18:30:46Z,1739230.03
CASE_0040,PER_0015,PARTICIPATED_IN,,
PH_1159,PH_0935,CALLED,2023-07-15T01:03:55Z,1280
PER_0553,ACC_0401,OWNS,,
ACC_0399,ACC_0814,TRANSACTED_WITH,2024-02-22T11:29:20Z,300560.95
PH_0671,PH_1346,CALLED,2024-07-04T09:34:36Z,138
PH_0518,PH_0943,CALLED,2026-07-09T00:47:49Z,2664
PER_0640,LOC_0133,ASSOCIATED_WITH,,
PER_0489,ACC_0427,OWNS,,
PER_0403,LOC_0145,ASSOCIATED_WITH,,
PH_0776,PH_1113,CALLED,2023-04-20T11:44:04Z,560
PH_1107,PH_0784,CALLED,2024-05-24T18:42:31Z,886
PER_0244,PH_0267,OWNS,,
PH_0294,PH_0274,CALLED,2025-05-04T14:07:36Z,2935
ACC_0179,ACC_0310,TRANSACTED_WITH,2024-10-28T18:13:28Z,1467126.79
PH_0286,PH_0012,CALLED,2026-06-21T23:11:52Z,741
PER_0138,ACC_0040,OWNS,,
PER_0626,LOC_0002,ASSOCIATED_WITH,,
CASE_0187,PER_0135,PARTICIPATED_IN,,
PER_0110,PH_0784,OWNS,,
PER_0649,LOC_0042,ASSOCIATED_WITH,,
PER_0894,LOC_0020,ASSOCIATED_WITH,,
PH_0738,PH_0486,CALLED,2023-03-12T14:48:54Z,3133
PER_0058,ORG_0005,ASSOCIATED_WITH,,
ACC_0159,ACC_0845,TRANSACTED_WITH,2023-11-07T18:58:14Z,1894905.73
PER_0246,LOC_0080,ASSOCIATED_WITH,,
PER_0755,LOC_0128,ASSOCIATED_WITH,,
PER_0862,LOC_0007,ASSOCIATED_WITH,,
PH_0955,PH_0910,CALLED,2023-07-25T10:01:40Z,1772
PER_0656,PH_0552,OWNS,,
ACC_0995,ACC_1176,TRANSACTED_WITH,2024-05-22T01:04:44Z,1708845.64
PER_0980,PH_0039,OWNS,,
PER_0515,ACC_0287,OWNS,,
ACC_0434,ACC_0337,TRANSACTED_WITH,2023-06-20T00:45:13Z,2086548.27
PER_0482,ACC_0867,OWNS,,
PER_0292,LOC_0046,ASSOCIATED_WITH,,
CASE_0231,PER_0804,PARTICIPATED_IN,,
PER_0739,VEH_0037,OWNS,,
ACC_0312,ACC_0212,TRANSACTED_WITH,2025-03-23T21:08:35Z,1112094.26
PH_0920,PH_0916,CALLED,2026-01-25T00:51:58Z,1764
PH_0580,PH_0490,CALLED,2023-09-23T08:12:12Z,1811
CASE_0015,PER_0891,PARTICIPATED_IN,,
PER_0829,LOC_0111,ASSOCIATED_WITH,,
PER_0426,PH_1036,OWNS,,
PH_0233,PH_0192,CALLED,2023-04-14T14:25:53Z,1062
PH_0382,PH_0124,CALLED,2024-08-29T09:11:33Z,203
ACC_1080,ACC_0120,TRANSACTED_WITH,2024-12-11T23:10:07Z,270511.47
PH_0797,PH_0893,CALLED,2024-07-20T18:10:20Z,844
PH_0903,PH_0826,CALLED,2026-05-05T15:29:40Z,1158
PH_1266,PH_0087,CALLED,2026-05-21T10:22:28Z,1198
PH_0430,PH_0495,CALLED,2023-05-07T07:29:11Z,764
PER_0006,LOC_0149,ASSOCIATED_WITH,,
PH_1300,PH_0633,CALLED,2025-05-26T08:11:09Z,3196
ACC_0319,ACC_0727,TRANSACTED_WITH,2024-02-20T04:23:48Z,1931502.26
PH_0442,PH_0996,CALLED,2024-03-11T22:38:32Z,180
PH_0076,PH_0220,CALLED,2026-06-19T19:09:40Z,2821
ACC_0199,ACC_0265,TRANSACTED_WITH,2025-02-17T16:44:27Z,1831055.04
PER_0633,LOC_0061,ASSOCIATED_WITH,,
PH_1267,PH_0012,CALLED,2025-01-26T11:18:10Z,460
PER_0828,LOC_0120,ASSOCIATED_WITH,,
PER_0136,ACC_0056,OWNS,,
ACC_1083,ACC_0512,TRANSACTED_WITH,2024-09-09T11:12:02Z,1687836.28
PER_0610,LOC_0070,ASSOCIATED_WITH,,
PH_1360,PH_0663,CALLED,2025-11-17T15:46:15Z,2039
PH_0805,PH_0848,CALLED,2026-03-27T06:13:26Z,2181
CASE_0222,PER_0511,PARTICIPATED_IN,,
PER_0693,ORG_0103,ASSOCIATED_WITH,,
PER_0655,ACC_0500,OWNS,,
PER_0179,ACC_0946,OWNS,,
PH_0632,PH_0979,CALLED,2024-09-19T06:29:07Z,2829
PER_0060,LOC_0092,ASSOCIATED_WITH,,
ACC_1062,ACC_0579,TRANSACTED_WITH,2023-05-06T00:28:18Z,194280.85
PER_0923,LOC_0133,ASSOCIATED_WITH,,
PER_0117,ACC_0500,OWNS,,
ACC_0325,ACC_0641,TRANSACTED_WITH,2025-05-17T10:32:33Z,2058863.71
PH_0811,PH_1061,CALLED,2024-05-27T01:30:07Z,2320
PH_0303,PH_1018,CALLED,2023-01-18T06:09:09Z,561
ACC_0465,ACC_0546,TRANSACTED_WITH,2023-06-17T07:58:19Z,102207.61
PER_0028,LOC_0081,ASSOCIATED_WITH,,
ACC_0141,ACC_0213,TRANSACTED_WITH,2023-04-12T17:53:21Z,1758713.42
ACC_1130,ACC_0581,TRANSACTED_WITH,2024-05-03T07:40:08Z,891060.44
PER_0995,PH_0567,OWNS,,
PH_0860,PH_1078,CALLED,2026-01-23T15:14:24Z,2996
ACC_0694,ACC_0514,TRANSACTED_WITH,2025-02-13T06:37:05Z,1251048.94
ACC_0799,ACC_0908,TRANSACTED_WITH,2025-08-19T15:02:30Z,2493858.71
PH_0714,PH_1191,CALLED,2024-04-21T23:37:34Z,451
ACC_0723,ACC_0912,TRANSACTED_WITH,2026-07-13T08:31:55Z,1602005.72
ACC_0831,ACC_0650,TRANSACTED_WITH,2026-05-16T04:44:03Z,207948.57
ACC_0073,ACC_0317,TRANSACTED_WITH,2023-02-14T18:46:28Z,2191411.13
PER_0045,LOC_0021,ASSOCIATED_WITH,,
PH_1072,PH_1282,CALLED,2026-03-31T10:59:43Z,3437
PER_0377,PH_0528,OWNS,,
PER_0773,LOC_0142,ASSOCIATED_WITH,,
PH_1379,PH_0862,CALLED,2025-06-21T01:33:44Z,1727
PH_0118,PH_0242,CALLED,2023-06-11T07:06:16Z,266
PH_0621,PH_0571,CALLED,2023-01-03T23:49:08Z,634
PH_0289,PH_1315,CALLED,2025-08-05T03:12:44Z,732
PH_0738,PH_0732,CALLED,2024-06-23T02:47:51Z,573
PH_0206,PH_0533,CALLED,2024-05-01T07:14:58Z,610
PER_0656,LOC_0143,ASSOCIATED_WITH,,
ACC_0771,ACC_0778,TRANSACTED_WITH,2026-04-30T01:39:21Z,1984109.8
PER_0477,ACC_0183,OWNS,,
PH_1329,PH_0076,CALLED,2024-06-11T19:08:00Z,3410
ACC_1146,ACC_0899,TRANSACTED_WITH,2023-08-25T07:50:05Z,1525719.31
PH_0737,PH_1024,CALLED,2025-01-18T19:21:56Z,347
ACC_0452,ACC_1103,TRANSACTED_WITH,2024-05-04T09:49:50Z,1048065.2
ACC_0889,ACC_0663,TRANSACTED_WITH,2024-07-01T09:08:16Z,1590679.51
PH_0592,PH_1297,CALLED,2024-07-05T07:26:24Z,1640
PH_0632,PH_1280,CALLED,2025-12-29T20:56:22Z,2382
PER_0728,PH_0027,OWNS,,
PER_0557,VEH_0582,OWNS,,
PER_0510,LOC_0062,ASSOCIATED_WITH,,
PER_0750,LOC_0031,ASSOCIATED_WITH,,
PH_1217,PH_0489,CALLED,2025-01-17T10:30:30Z,1073
PH_1321,PH_0356,CALLED,2025-01-14T10:00:12Z,999
PER_0856,ORG_0095,ASSOCIATED_WITH,,
PER_0859,VEH_0740,OWNS,,
PH_0073,PH_0715,CALLED,2023-10-16T10:30:59Z,2176
ACC_1018,ACC_0406,TRANSACTED_WITH,2024-04-22T12:22:53Z,2388309.85
ACC_0318,ACC_0571,TRANSACTED_WITH,2023-05-22T21:57:23Z,2154044.36
ACC_0174,ACC_0308,TRANSACTED_WITH,2023-05-10T13:49:19Z,678374.37
PH_0213,PH_0879,CALLED,2023-09-27T04:40:37Z,771
PER_0435,LOC_0114,ASSOCIATED_WITH,,
ACC_0185,ACC_0286,TRANSACTED_WITH,2024-08-22T02:33:54Z,1831595.55
PH_0982,PH_0993,CALLED,2024-03-24T16:55:36Z,1881
PER_0072,VEH_0535,OWNS,,
PH_1152,PH_0865,CALLED,2024-09-16T07:56:24Z,1866
ACC_1089,ACC_0627,TRANSACTED_WITH,2025-05-24T21:49:13Z,2147775.51
PER_0423,PH_0729,OWNS,,
PER_0355,PH_0652,OWNS,,
PER_0996,ORG_0048,ASSOCIATED_WITH,,
PH_0147,PH_0293,CALLED,2024-10-18T19:53:59Z,2707
PH_1157,PH_1336,CALLED,2026-03-04T22:04:51Z,956
PH_0958,PH_0529,CALLED,2025-12-23T19:54:55Z,2299
PER_0396,LOC_0084,ASSOCIATED_WITH,,
PH_0156,PH_1029,CALLED,2023-08-04T07:59:04Z,742
PH_0929,PH_0095,CALLED,2023-04-13T02:25:41Z,1929
PER_0993,ACC_0983,OWNS,,
PH_0168,PH_0087,CALLED,2023-06-14T08:09:56Z,1410
PER_0139,LOC_0141,ASSOCIATED_WITH,,
ACC_1021,ACC_0066,TRANSACTED_WITH,2024-01-04T15:49:29Z,1116968.35
PER_0727,LOC_0129,ASSOCIATED_WITH,,
PER_0295,VEH_0043,OWNS,,
CASE_0161,PER_0299,PARTICIPATED_IN,,
PH_1312,PH_0050,CALLED,2025-04-05T04:43:56Z,2047
ACC_0934,ACC_0240,TRANSACTED_WITH,2024-09-18T02:54:28Z,2439693.5
PER_0168,PH_0920,OWNS,,
ACC_0453,ACC_0790,TRANSACTED_WITH,2024-08-30T00:03:24Z,1874268.33
ACC_0712,ACC_1040,TRANSACTED_WITH,2023-05-23T05:47:17Z,2143517.04
PER_0156,ACC_0567,OWNS,,
PER_0533,LOC_0001,ASSOCIATED_WITH,,
PER_0951,ORG_0041,ASSOCIATED_WITH,,
ACC_1097,ACC_0517,TRANSACTED_WITH,2025-07-10T06:29:22Z,373032.66
PER_0284,PH_0319,OWNS,,
PER_0582,PH_1213,OWNS,,
PER_0917,LOC_0129,ASSOCIATED_WITH,,
PH_1177,PH_0766,CALLED,2025-10-15T23:44:30Z,354
PH_0366,PH_0151,CALLED,2024-04-13T01:30:41Z,1181
PER_0655,LOC_0019,ASSOCIATED_WITH,,
ACC_0466,ACC_1071,TRANSACTED_WITH,2026-02-15T03:52:11Z,2016852.32
PER_0564,PH_0977,OWNS,,
PER_0724,LOC_0002,ASSOCIATED_WITH,,
PH_0345,PH_1270,CALLED,2023-06-02T04:44:19Z,1106
PER_0503,PH_1324,OWNS,,
CASE_0177,PER_0409,PARTICIPATED_IN,,
ACC_0862,ACC_1015,TRANSACTED_WITH,2024-11-15T02:38:52Z,139417.69
ACC_0119,ACC_0637,TRANSACTED_WITH,2026-06-01T07:14:37Z,2384325.13
PER_0200,ACC_0348,OWNS,,
ACC_1131,ACC_0112,TRANSACTED_WITH,2023-04-03T14:24:17Z,2154940.68
PER_0860,ORG_0101,ASSOCIATED_WITH,,
PH_0984,PH_0527,CALLED,2025-02-12T09:41:37Z,3234
PER_0433,ACC_0524,OWNS,,
PER_0162,LOC_0149,ASSOCIATED_WITH,,
PH_0562,PH_0859,CALLED,2026-02-20T17:11:38Z,3410
ACC_0128,ACC_0754,TRANSACTED_WITH,2024-12-21T16:08:56Z,1383918.14
PH_1037,PH_0130,CALLED,2024-10-03T14:52:11Z,2041
ACC_0492,ACC_0633,TRANSACTED_WITH,2024-03-28T23:40:17Z,2322693.22
ACC_0252,ACC_0504,TRANSACTED_WITH,2023-10-04T16:43:04Z,2276304.51
ACC_1150,ACC_0018,TRANSACTED_WITH,2025-03-26T00:41:05Z,909042.96
PH_0827,PH_1171,CALLED,2024-03-09T03:32:40Z,500
PER_0457,ORG_0022,ASSOCIATED_WITH,,
ACC_0906,ACC_0130,TRANSACTED_WITH,2024-02-01T22:43:39Z,953966.77
ACC_0633,ACC_0548,TRANSACTED_WITH,2023-11-24T10:13:57Z,976310.43
PH_0489,PH_0586,CALLED,2024-11-21T20:30:20Z,2551
PER_0328,VEH_0353,OWNS,,
PER_0906,ORG_0046,ASSOCIATED_WITH,,
ACC_0476,ACC_0553,TRANSACTED_WITH,2025-12-26T19:04:43Z,1006372.25
PH_0930,PH_1107,CALLED,2023-06-15T11:55:27Z,2298
ACC_0019,ACC_1086,TRANSACTED_WITH,2024-07-31T01:46:06Z,504126.06
PH_1078,PH_1119,CALLED,2023-03-18T07:14:24Z,2216
ACC_0284,ACC_0386,TRANSACTED_WITH,2025-02-10T15:24:36Z,1440164.44
ACC_0324,ACC_0586,TRANSACTED_WITH,2023-08-25T10:03:22Z,1069609.09
PH_0796,PH_1287,CALLED,2023-06-26T08:07:25Z,2761
PH_0003,PH_0351,CALLED,2025-09-22T17:31:15Z,1713
PER_0344,PH_1376,OWNS,,
ACC_0869,ACC_1107,TRANSACTED_WITH,2024-08-21T01:38:28Z,2391059.87
ACC_1051,ACC_1060,TRANSACTED_WITH,2023-09-01T04:59:47Z,2418551.38
PH_0214,PH_0534,CALLED,2023-01-10T20:39:11Z,2789
PH_0065,PH_1264,CALLED,2025-06-21T15:22:56Z,227
ACC_0353,ACC_1038,TRANSACTED_WITH,2026-06-06T22:46:03Z,2453726.26
PH_1329,PH_0739,CALLED,2024-07-05T18:36:32Z,2544
PER_0666,PH_1168,OWNS,,
PER_0855,ORG_0070,ASSOCIATED_WITH,,
PER_0614,ORG_0085,ASSOCIATED_WITH,,
PER_0804,LOC_0052,ASSOCIATED_WITH,,
PER_0975,PH_1079,OWNS,,
PER_0567,ORG_0066,ASSOCIATED_WITH,,
PER_0523,ACC_0377,OWNS,,
ACC_1036,ACC_0642,TRANSACTED_WITH,2026-07-14T13:37:04Z,2270184.19
PH_0738,PH_0320,CALLED,2026-07-22T20:06:53Z,1491
ACC_0908,ACC_0630,TRANSACTED_WITH,2023-04-27T01:24:32Z,667510.47
PH_1316,PH_0290,CALLED,2023-11-21T18:57:09Z,2956
ACC_0946,ACC_0192,TRANSACTED_WITH,2024-03-30T16:48:07Z,2329506.8
PH_0897,PH_0543,CALLED,2024-10-30T07:10:29Z,2058
PER_0757,LOC_0106,ASSOCIATED_WITH,,
PER_0409,ACC_1155,OWNS,,
ACC_0540,ACC_0296,TRANSACTED_WITH,2024-06-21T18:10:25Z,566080.65
PH_0677,PH_0063,CALLED,2025-10-29T13:01:46Z,3365
PER_0414,ORG_0105,ASSOCIATED_WITH,,
PER_0214,PH_1270,OWNS,,
PER_0537,ORG_0070,ASSOCIATED_WITH,,
ACC_0781,ACC_0197,TRANSACTED_WITH,2026-03-09T12:43:13Z,2165431.1
PH_0353,PH_0441,CALLED,2023-07-31T23:14:09Z,1024
ACC_0324,ACC_0110,TRANSACTED_WITH,2025-02-12T03:54:29Z,773506.16
PH_0968,PH_1262,CALLED,2024-02-26T11:06:08Z,183
CASE_0097,PER_0769,PARTICIPATED_IN,,
ACC_0225,ACC_0796,TRANSACTED_WITH,2026-02-06T04:01:05Z,448342.33
PER_0393,LOC_0083,ASSOCIATED_WITH,,
PH_0208,PH_0463,CALLED,2025-06-10T15:32:41Z,467
PER_0893,ACC_0119,OWNS,,
PH_0935,PH_0397,CALLED,2025-01-16T07:33:18Z,3208
PER_0670,PH_0087,OWNS,,
PH_0784,PH_1151,CALLED,2025-06-07T04:11:46Z,2396
PER_0577,LOC_0135,ASSOCIATED_WITH,,
PH_0113,PH_1049,CALLED,2025-03-22T20:47:02Z,2206
ACC_0308,ACC_0705,TRANSACTED_WITH,2023-11-25T16:59:32Z,2302595.27
PER_0915,ACC_0739,OWNS,,
PER_0045,PH_0791,OWNS,,
ACC_0182,ACC_0707,TRANSACTED_WITH,2024-08-26T05:54:33Z,1696307.2
PER_0260,ORG_0075,ASSOCIATED_WITH,,
CASE_0083,PER_0853,PARTICIPATED_IN,,
PH_0619,PH_0213,CALLED,2024-03-29T07:28:34Z,13
PH_0352,PH_1110,CALLED,2024-02-12T20:43:57Z,3233
PER_0140,ACC_0264,OWNS,,
PH_1269,PH_0270,CALLED,2023-07-31T23:45:45Z,1708
PER_0156,PH_1139,OWNS,,
ACC_0469,ACC_0406,TRANSACTED_WITH,2025-04-12T21:24:00Z,1251227.89
PH_0710,PH_0584,CALLED,2024-01-06T09:36:02Z,1646
CASE_0123,PER_0103,PARTICIPATED_IN,,
PER_0473,ACC_0822,OWNS,,
ACC_0194,ACC_0833,TRANSACTED_WITH,2023-10-24T01:55:54Z,1270976.79
PH_0682,PH_0502,CALLED,2023-12-06T05:10:07Z,1434
ACC_0316,ACC_1104,TRANSACTED_WITH,2023-07-30T16:12:25Z,957655.39
PH_0058,PH_1204,CALLED,2023-02-03T08:24:20Z,1376
CASE_0219,PER_0658,PARTICIPATED_IN,,
PH_0385,PH_1151,CALLED,2025-09-09T21:09:20Z,2363
ACC_0787,ACC_0021,TRANSACTED_WITH,2026-01-18T16:04:00Z,1072840.29
PER_0127,ORG_0013,ASSOCIATED_WITH,,
PH_0972,PH_0013,CALLED,2025-10-24T00:08:07Z,3257
PER_0004,LOC_0130,ASSOCIATED_WITH,,
CASE_0031,PER_0962,PARTICIPATED_IN,,
ACC_1071,ACC_1190,TRANSACTED_WITH,2023-03-07T02:19:38Z,529821.42
ACC_0260,ACC_1099,TRANSACTED_WITH,2024-05-30T06:06:00Z,670737.81
PH_1197,PH_0727,CALLED,2025-02-12T21:10:54Z,3248
PER_0571,PH_0270,OWNS,,
PER_0972,PH_1222,OWNS,,
PH_0169,PH_0146,CALLED,2026-02-01T20:06:10Z,3381
CASE_0212,PER_0923,PARTICIPATED_IN,,
ACC_0286,ACC_0705,TRANSACTED_WITH,2024-09-02T08:52:59Z,1101926.69
PER_0516,LOC_0071,ASSOCIATED_WITH,,
PH_1102,PH_0459,CALLED,2026-07-24T08:18:30Z,1348
ACC_0380,ACC_0656,TRANSACTED_WITH,2023-05-10T12:15:43Z,2162457.02
PER_0376,PH_0172,OWNS,,
PH_0532,PH_0026,CALLED,2023-02-17T14:48:58Z,265
ACC_0904,ACC_1017,TRANSACTED_WITH,2025-04-29T09:03:49Z,1018396.79
ACC_0868,ACC_0657,TRANSACTED_WITH,2025-11-15T08:56:35Z,1086764.48
PH_0839,PH_1161,CALLED,2025-09-25T00:36:07Z,2822
PER_0130,LOC_0053,ASSOCIATED_WITH,,
PER_0083,PH_1336,OWNS,,
CASE_0227,PER_0393,PARTICIPATED_IN,,
PH_1122,PH_0394,CALLED,2024-11-21T02:36:37Z,1014
PER_0284,ORG_0021,ASSOCIATED_WITH,,
ACC_0965,ACC_0069,TRANSACTED_WITH,2025-09-01T12:49:38Z,1976829.11
PH_0435,PH_0524,CALLED,2025-09-12T17:16:44Z,1758
PER_0980,PH_1387,OWNS,,
ACC_0435,ACC_1116,TRANSACTED_WITH,2023-12-04T23:29:12Z,734524.47
ACC_0644,ACC_1196,TRANSACTED_WITH,2023-09-18T11:47:38Z,2270515.72
PH_0739,PH_1013,CALLED,2024-02-11T12:56:26Z,140
ACC_0648,ACC_0269,TRANSACTED_WITH,2025-08-10T20:04:17Z,1844922.1
ACC_0290,ACC_1138,TRANSACTED_WITH,2024-09-26T23:27:25Z,2076665.5
PER_0606,LOC_0092,ASSOCIATED_WITH,,
ACC_0125,ACC_0705,TRANSACTED_WITH,2023-03-28T03:28:48Z,197292.63
PER_0280,LOC_0148,ASSOCIATED_WITH,,
PH_0526,PH_1320,CALLED,2024-04-07T03:50:51Z,749
PH_1381,PH_0395,CALLED,2025-10-03T06:56:43Z,540
PH_0443,PH_0709,CALLED,2023-02-08T01:39:11Z,2342
PH_1005,PH_0634,CALLED,2024-10-04T18:50:05Z,198
PH_1324,PH_1188,CALLED,2024-01-30T06:38:53Z,636
ACC_0890,ACC_0617,TRANSACTED_WITH,2025-11-18T00:03:45Z,1533372.19
PH_0954,PH_0040,CALLED,2025-07-15T22:20:46Z,2357
PER_0211,PH_1305,OWNS,,
CASE_0112,PER_0654,PARTICIPATED_IN,,
PER_0309,VEH_0650,OWNS,,
PER_0400,LOC_0095,ASSOCIATED_WITH,,
PER_0289,ACC_0101,OWNS,,
PER_0574,LOC_0119,ASSOCIATED_WITH,,
PH_0438,PH_1371,CALLED,2024-01-28T18:05:31Z,8
PER_0743,ACC_0497,OWNS,,
PH_0510,PH_0366,CALLED,2026-07-21T06:47:21Z,262
ACC_0418,ACC_0863,TRANSACTED_WITH,2026-05-26T12:14:17Z,144685.05
CASE_0035,PER_0996,PARTICIPATED_IN,,
PH_0974,PH_0718,CALLED,2023-05-05T20:27:01Z,877
ACC_0900,ACC_0141,TRANSACTED_WITH,2023-01-17T11:14:15Z,1494940.03
PH_0372,PH_0833,CALLED,2024-09-23T07:09:54Z,2999
ACC_0819,ACC_0061,TRANSACTED_WITH,2025-01-15T17:40:12Z,891963.0
PER_0644,LOC_0015,ASSOCIATED_WITH,,
PH_1379,PH_0100,CALLED,2025-05-03T15:00:01Z,1894
PH_0662,PH_0984,CALLED,2025-08-11T02:47:13Z,2388
PH_0851,PH_1159,CALLED,2024-03-10T16:32:35Z,2626
ACC_0061,ACC_0053,TRANSACTED_WITH,2025-09-08T14:05:05Z,1542306.79
CASE_0097,PER_0224,PARTICIPATED_IN,,
PH_1123,PH_0184,CALLED,2025-02-10T08:20:13Z,2738
CASE_0119,PER_0489,PARTICIPATED_IN,,
ACC_0115,ACC_0238,TRANSACTED_WITH,2025-04-15T09:41:53Z,137788.26
ACC_0273,ACC_0788,TRANSACTED_WITH,2024-05-24T10:35:53Z,927944.96
PER_0378,ORG_0016,ASSOCIATED_WITH,,
PH_0172,PH_0121,CALLED,2024-06-08T09:14:13Z,16
PER_0814,ACC_0542,OWNS,,
ACC_0638,ACC_0916,TRANSACTED_WITH,2025-11-13T09:07:43Z,466705.49
ACC_0457,ACC_0421,TRANSACTED_WITH,2023-09-30T04:11:14Z,654193.41
PER_0078,ACC_1098,OWNS,,
PH_0616,PH_0961,CALLED,2024-05-21T05:40:52Z,2684
PH_0971,PH_0979,CALLED,2025-01-13T09:17:54Z,1571
PER_0929,LOC_0011,ASSOCIATED_WITH,,
ACC_0318,ACC_0122,TRANSACTED_WITH,2024-12-22T05:26:22Z,2222298.77
ACC_0873,ACC_0275,TRANSACTED_WITH,2026-03-02T14:00:45Z,863113.93
PH_0085,PH_1142,CALLED,2023-04-07T18:16:37Z,2180
ACC_1194,ACC_0062,TRANSACTED_WITH,2025-05-31T11:47:30Z,1123274.75
PH_1032,PH_0598,CALLED,2025-11-02T01:41:26Z,2162
PH_1164,PH_1362,CALLED,2026-05-25T21:22:13Z,1450
ACC_0048,ACC_0202,TRANSACTED_WITH,2024-12-14T01:14:10Z,373739.71
PH_0949,PH_0127,CALLED,2025-12-12T19:25:12Z,1681
ACC_0332,ACC_1189,TRANSACTED_WITH,2024-11-14T12:56:43Z,708787.49
PH_0241,PH_0163,CALLED,2026-01-06T22:35:26Z,1784
PH_1176,PH_0991,CALLED,2023-05-06T08:57:30Z,2222
PH_0839,PH_0691,CALLED,2026-07-17T20:02:52Z,2316
PH_0597,PH_0890,CALLED,2025-08-12T10:44:37Z,1380
PH_0391,PH_0484,CALLED,2023-04-19T15:52:18Z,416
PH_0481,PH_0558,CALLED,2023-01-03T06:48:19Z,3153
PER_0943,ACC_1030,OWNS,,
CASE_0121,PER_0621,PARTICIPATED_IN,,
PH_1066,PH_0581,CALLED,2025-03-10T17:02:00Z,3461
PER_0061,LOC_0072,ASSOCIATED_WITH,,
PER_0880,ORG_0051,ASSOCIATED_WITH,,
PER_0718,LOC_0134,ASSOCIATED_WITH,,
PER_0542,LOC_0115,ASSOCIATED_WITH,,
ACC_0566,ACC_0642,TRANSACTED_WITH,2024-06-15T00:35:55Z,1878400.38
ACC_0933,ACC_0414,TRANSACTED_WITH,2025-04-18T18:00:05Z,314198.06
ACC_1129,ACC_0625,TRANSACTED_WITH,2026-01-03T06:45:46Z,287542.62
CASE_0030,PER_0755,PARTICIPATED_IN,,
ACC_0723,ACC_1003,TRANSACTED_WITH,2025-11-13T03:32:57Z,2319601.29
ACC_0459,ACC_0400,TRANSACTED_WITH,2025-07-19T14:24:46Z,1126486.35
PH_0802,PH_0295,CALLED,2025-02-06T16:25:23Z,2850
CASE_0064,PER_0671,PARTICIPATED_IN,,
CASE_0134,PER_0075,PARTICIPATED_IN,,
ACC_0845,ACC_1192,TRANSACTED_WITH,2024-07-31T09:58:41Z,870317.19
PER_0093,LOC_0033,ASSOCIATED_WITH,,
PER_0283,ACC_0299,OWNS,,
PER_0917,VEH_0559,OWNS,,
ACC_1145,ACC_1084,TRANSACTED_WITH,2026-05-31T19:42:03Z,1214230.6
PER_0061,VEH_0232,OWNS,,
PH_1130,PH_0250,CALLED,2025-07-09T06:53:58Z,887
PH_0474,PH_0270,CALLED,2026-04-17T08:43:28Z,2882
PER_0636,VEH_0710,OWNS,,
PH_0595,PH_0585,CALLED,2024-08-22T21:18:00Z,2247
PH_0511,PH_1400,CALLED,2025-03-15T00:37:00Z,605
PH_1334,PH_0892,CALLED,2025-08-10T18:36:54Z,1754
ACC_0375,ACC_1060,TRANSACTED_WITH,2025-07-11T02:23:30Z,1307227.24
PER_0688,LOC_0115,ASSOCIATED_WITH,,
PER_0611,LOC_0148,ASSOCIATED_WITH,,
ACC_0583,ACC_0910,TRANSACTED_WITH,2023-04-18T12:09:47Z,1121108.4
PER_0204,ORG_0016,ASSOCIATED_WITH,,
PER_0369,ACC_0756,OWNS,,
CASE_0106,PER_0723,PARTICIPATED_IN,,
ACC_1031,ACC_0364,TRANSACTED_WITH,2026-01-26T08:00:41Z,1493803.22
