node_id,node_type,degree,call_count,transaction_count
ACC_0001,account,8,0,8
ACC_0002,account,3,0,3
ACC_0003,account,8,0,6
ACC_0004,account,7,0,5
ACC_0005,account,4,0,4
ACC_0006,account,8,0,6
ACC_0007,account,9,0,8
ACC_0008,account,6,0,5
ACC_0009,account,7,0,3
ACC_0010,account,9,0,7
ACC_0011,account,8,0,7
ACC_0012,account,5,0,5
ACC_0013,account,7,0,6
ACC_0014,account,10,0,9
ACC_0015,account,7,0,6
ACC_0016,account,11,0,7
ACC_0017,account,9,0,6
ACC_0018,account,5,0,5
ACC_0019,account,7,0,7
ACC_0020,account,14,0,13
ACC_0021,account,7,0,7
ACC_0022,account,9,0,7
ACC_0023,account,6,0,6
ACC_0024,account,11,0,10
ACC_0025,account,13,0,12
ACC_0026,account,9,0,8
ACC_0027,account,13,0,10
ACC_0028,account,8,0,6
ACC_0029,account,7,0,7
ACC_0030,account,7,0,7
ACC_0031,account,5,0,4
ACC_0032,account,5,0,5
ACC_0033,account,6,0,5
ACC_0034,account,12,0,9
ACC_0035,account,7,0,5
ACC_0036,account,9,0,5
ACC_0037,account,7,0,7
ACC_0038,account,12,0,12
ACC_0039,account,9,0,7
ACC_0040,account,4,0,3
ACC_0041,account,8,0,6
ACC_0042,account,11,0,11
ACC_0043,account,4,0,2
ACC_0044,account,12,0,12
ACC_0045,account,11,0,7
ACC_0046,account,11,0,11
ACC_0047,account,7,0,4
ACC_0048,account,16,0,13
ACC_0049,account,7,0,7
ACC_0050,account,8,0,5
ACC_0051,account,10,0,8
ACC_0052,account,5,0,5
ACC_0053,account,8,0,6
ACC_0054,account,8,0,8
ACC_0055,account,2,0,2
ACC_0056,account,10,0,6
ACC_0057,account,8,0,7
ACC_0058,account,9,0,8
ACC_0059,account,9,0,7
ACC_0060,account,15,0,12
ACC_0061,account,12,0,10
ACC_0062,account,7,0,7
ACC_0063,account,9,0,7
ACC_0064,account,7,0,6
ACC_0065,account,6,0,4
ACC_0066,account,11,0,8
ACC_0067,account,10,0,8
ACC_0068,account,6,0,5
ACC_0069,account,8,0,8
ACC_0070,account,6,0,6
ACC_0071,account,10,0,10
ACC_0072,account,10,0,10
ACC_0073,account,10,0,9
ACC_0074,account,8,0,7
ACC_0075,account,6,0,5
ACC_0076,account,6,0,4
ACC_0077,account,8,0,7
ACC_0078,account,7,0,5
ACC_0079,account,8,0,7
ACC_0080,account,6,0,5
ACC_0081,account,11,0,9
ACC_0082,account,7,0,7
ACC_0083,account,7,0,7
ACC_0084,account,10,0,9
ACC_0085,account,6,0,5
ACC_0086,account,8,0,6
ACC_0087,account,7,0,7
ACC_0088,account,5,0,4
ACC_0089,account,7,0,7
ACC_0090,account,4,0,4
ACC_0091,account,2,0,1
ACC_0092,account,13,0,9
ACC_0093,account,5,0,5
ACC_0094,account,2,0,2
ACC_0095,account,9,0,9
ACC_0096,account,7,0,6
ACC_0097,account,8,0,7
ACC_0098,account,8,0,7
ACC_0099,account,6,0,5
ACC_0100,account,7,0,6
ACC_0101,account,6,0,2
ACC_0102,account,6,0,5
ACC_0103,account,8,0,7
ACC_0104,account,12,0,10
ACC_0105,account,3,0,3
ACC_0106,account,10,0,9
ACC_0107,account,10,0,8
ACC_0108,account,11,0,11
ACC_0109,account,13,0,12
ACC_0110,account,9,0,8
ACC_0111,account,6,0,6
ACC_0112,account,6,0,6
ACC_0113,account,6,0,6
ACC_0114,account,14,0,11
ACC_0115,account,14,0,11
ACC_0116,account,6,0,5
ACC_0117,account,11,0,8
ACC_0118,account,5,0,5
ACC_0119,account,5,0,3
ACC_0120,account,9,0,8
ACC_0121,account,9,0,7
ACC_0122,account,11,0,10
ACC_0123,account,8,0,7
ACC_0124,account,6,0,5
ACC_0125,account,13,0,12
ACC_0126,account,12,0,8
ACC_0127,account,8,0,7
ACC_0128,account,13,0,12
ACC_0129,account,7,0,6
ACC_0130,account,15,0,15
ACC_0131,account,10,0,7
ACC_0132,account,7,0,5
ACC_0133,account,10,0,7
ACC_0134,account,9,0,7
ACC_0135,account,8,0,8
ACC_0136,account,10,0,8
ACC_0137,account,11,0,8
ACC_0138,account,9,0,7
ACC_0139,account,8,0,8
ACC_0140,account,5,0,5
ACC_0141,account,7,0,6
ACC_0142,account,9,0,7
ACC_0143,account,4,0,4
ACC_0144,account,7,0,7
ACC_0145,account,10,0,10
ACC_0146,account,5,0,5
ACC_0147,account,14,0,10
ACC_0148,account,9,0,6
ACC_0149,account,6,0,4
ACC_0150,account,11,0,9
ACC_0151,account,12,0,10
ACC_0152,account,5,0,4
ACC_0153,account,7,0,6
ACC_0154,account,7,0,6
ACC_0155,account,8,0,7
ACC_0156,account,8,0,5
ACC_0157,account,9,0,8
ACC_0158,account,7,0,5
ACC_0159,account,7,0,6
ACC_0160,account,5,0,4
ACC_0161,account,6,0,5
ACC_0162,account,7,0,6
ACC_0163,account,8,0,6
ACC_0164,account,8,0,6
ACC_0165,account,12,0,9
ACC_0166,account,11,0,8
ACC_0167,account,7,0,5
ACC_0168,account,6,0,5
ACC_0169,account,6,0,6
ACC_0170,account,5,0,3
ACC_0171,account,11,0,8
ACC_0172,account,9,0,8
ACC_0173,account,5,0,4
ACC_0174,account,7,0,6
ACC_0175,account,7,0,7
ACC_0176,account,6,0,4
ACC_0177,account,7,0,5
ACC_0178,account,14,0,13
ACC_0179,account,8,0,8
ACC_0180,account,6,0,5
ACC_0181,account,7,0,6
ACC_0182,account,9,0,6
ACC_0183,account,5,0,4
ACC_0184,account,6,0,6
ACC_0185,account,6,0,6
ACC_0186,account,9,0,9
ACC_0187,account,10,0,9
ACC_0188,account,4,0,4
ACC_0189,account,8,0,7
ACC_0190,account,5,0,4
ACC_0191,account,9,0,9
ACC_0192,account,9,0,5
ACC_0193,account,9,0,5
ACC_0194,account,11,0,9
ACC_0195,account,5,0,3
ACC_0196,account,6,0,4
ACC_0197,account,11,0,7
ACC_0198,account,6,0,6
ACC_0199,account,8,0,7
ACC_0200,account,11,0,11
ACC_0201,account,9,0,8
ACC_0202,account,11,0,9
ACC_0203,account,8,0,8
ACC_0204,account,12,0,11
ACC_0205,account,6,0,5
ACC_0206,account,8,0,6
ACC_0207,account,6,0,6
ACC_0208,account,11,0,9
ACC_0209,account,6,0,6
ACC_0210,account,8,0,6
ACC_0211,account,8,0,5
ACC_0212,account,13,0,7
ACC_0213,account,7,0,5
ACC_0214,account,6,0,4
ACC_0215,account,7,0,6
ACC_0216,account,7,0,7
ACC_0217,account,5,0,4
ACC_0218,account,9,0,7
ACC_0219,account,7,0,5
ACC_0220,account,9,0,7
ACC_0221,account,8,0,6
ACC_0222,account,4,0,4
ACC_0223,account,9,0,9
ACC_0224,account,11,0,11
ACC_0225,account,7,0,6
ACC_0226,account,10,0,7
ACC_0227,account,6,0,6
ACC_0228,account,9,0,7
ACC_0229,account,6,0,4
ACC_0230,account,9,0,9
ACC_0231,account,4,0,4
ACC_0232,account,3,0,3
ACC_0233,account,7,0,6
ACC_0234,account,14,0,11
ACC_0235,account,16,0,15
ACC_0236,account,5,0,3
ACC_0237,account,6,0,5
ACC_0238,account,6,0,4
ACC_0239,account,7,0,6
ACC_0240,account,9,0,9
ACC_0241,account,9,0,8
ACC_0242,account,6,0,3
ACC_0243,account,4,0,4
ACC_0244,account,7,0,4
ACC_0245,account,8,0,8
ACC_0246,account,8,0,7
ACC_0247,account,8,0,5
ACC_0248,account,11,0,11
ACC_0249,account,16,0,13
ACC_0250,account,9,0,8
ACC_0251,account,10,0,8
ACC_0252,account,7,0,7
ACC_0253,account,13,0,9
ACC_0254,account,5,0,5
ACC_0255,account,11,0,10
ACC_0256,account,4,0,3
ACC_0257,account,8,0,6
ACC_0258,account,9,0,9
ACC_0259,account,6,0,4
ACC_0260,account,8,0,5
ACC_0261,account,9,0,6
ACC_0262,account,10,0,10
ACC_0263,account,7,0,6
ACC_0264,account,8,0,6
ACC_0265,account,8,0,8
ACC_0266,account,10,0,8
ACC_0267,account,8,0,7
ACC_0268,account,10,0,9
ACC_0269,account,14,0,14
ACC_0270,account,5,0,5
ACC_0271,account,7,0,7
ACC_0272,account,8,0,7
ACC_0273,account,11,0,10
ACC_0274,account,9,0,7
ACC_0275,account,11,0,10
ACC_0276,account,9,0,8
ACC_0277,account,10,0,10
ACC_0278,account,5,0,3
ACC_0279,account,10,0,9
ACC_0280,account,12,0,9
ACC_0281,account,7,0,7
ACC_0282,account,8,0,8
ACC_0283,account,4,0,3
ACC_0284,account,12,0,10
ACC_0285,account,10,0,7
ACC_0286,account,9,0,8
ACC_0287,account,11,0,7
ACC_0288,account,13,0,9
ACC_0289,account,9,0,8
ACC_0290,account,10,0,6
ACC_0291,account,13,0,11
ACC_0292,account,5,0,5
ACC_0293,account,10,0,8
ACC_0294,account,7,0,7
ACC_0295,account,4,0,3
ACC_0296,account,9,0,8
ACC_0297,account,12,0,9
ACC_0298,account,10,0,9
ACC_0299,account,9,0,6
ACC_0300,account,10,0,8
ACC_0301,account,6,0,6
ACC_0302,account,10,0,6
ACC_0303,account,9,0,9
ACC_0304,account,8,0,8
ACC_0305,account,10,0,9
ACC_0306,account,8,0,7
ACC_0307,account,10,0,10
ACC_0308,account,9,0,8
ACC_0309,account,6,0,5
ACC_0310,account,8,0,8
ACC_0311,account,11,0,8
ACC_0312,account,12,0,10
ACC_0313,account,8,0,6
ACC_0314,account,8,0,7
ACC_0315,account,5,0,5
ACC_0316,account,12,0,10
ACC_0317,account,10,0,7
ACC_0318,account,13,0,12
ACC_0319,account,11,0,8
ACC_0320,account,10,0,8
ACC_0321,account,6,0,5
ACC_0322,account,8,0,7
ACC_0323,account,9,0,7
ACC_0324,account,5,0,5
ACC_0325,account,5,0,4
ACC_0326,account,7,0,5
ACC_0327,account,6,0,5
ACC_0328,account,11,0,7
ACC_0329,account,5,0,5
ACC_0330,account,10,0,9
ACC_0331,account,12,0,7
ACC_0332,account,8,0,8
ACC_0333,account,7,0,7
ACC_0334,account,10,0,10
ACC_0335,account,1,0,1
ACC_0336,account,6,0,5
ACC_0337,account,5,0,5
ACC_0338,account,6,0,3
ACC_0339,account,10,0,9
ACC_0340,account,7,0,7
ACC_0341,account,5,0,5
ACC_0342,account,3,0,2
ACC_0343,account,4,0,3
ACC_0344,account,8,0,3
ACC_0345,account,7,0,6
ACC_0346,account,7,0,7
ACC_0347,account,9,0,7
ACC_0348,account,7,0,6
ACC_0349,account,6,0,5
ACC_0350,account,7,0,3
ACC_0351,account,3,0,3
ACC_0352,account,4,0,4
ACC_0353,account,9,0,9
ACC_0354,account,7,0,4
ACC_0355,account,13,0,12
ACC_0356,account,4,0,2
ACC_0357,account,7,0,6
ACC_0358,account,9,0,9
ACC_0359,account,9,0,8
ACC_0360,account,5,0,4
ACC_0361,account,13,0,11
ACC_0362,account,4,0,3
ACC_0363,account,9,0,7
ACC_0364,account,4,0,2
ACC_0365,account,9,0,9
ACC_0366,account,5,0,5
ACC_0367,account,6,0,6
ACC_0368,account,6,0,5
ACC_0369,account,4,0,3
ACC_0370,account,11,0,8
ACC_0371,account,11,0,9
ACC_0372,account,5,0,3
ACC_0373,account,8,0,7
ACC_0374,account,10,0,10
ACC_0375,account,11,0,11
ACC_0376,account,5,0,4
ACC_0377,account,11,0,8
ACC_0378,account,8,0,7
ACC_0379,account,11,0,7
ACC_0380,account,11,0,10
ACC_0381,account,14,0,13
ACC_0382,account,10,0,8
ACC_0383,account,9,0,8
ACC_0384,account,5,0,4
ACC_0385,account,7,0,5
ACC_0386,account,11,0,10
ACC_0387,account,11,0,11
ACC_0388,account,9,0,9
ACC_0389,account,9,0,8
ACC_0390,account,7,0,7
ACC_0391,account,6,0,5
ACC_0392,account,5,0,5
ACC_0393,account,8,0,7
ACC_0394,account,9,0,8
ACC_0395,account,8,0,7
ACC_0396,account,11,0,10
ACC_0397,account,10,0,8
ACC_0398,account,9,0,8
ACC_0399,account,5,0,5
ACC_0400,account,7,0,7
ACC_0401,account,4,0,3
ACC_0402,account,9,0,4
ACC_0403,account,7,0,4
ACC_0404,account,11,0,11
ACC_0405,account,5,0,5
ACC_0406,account,8,0,8
ACC_0407,account,9,0,6
ACC_0408,account,14,0,13
ACC_0409,account,7,0,7
ACC_0410,account,9,0,8
ACC_0411,account,6,0,4
ACC_0412,account,9,0,9
ACC_0413,account,7,0,4
ACC_0414,account,13,0,13
ACC_0415,account,4,0,4
ACC_0416,account,13,0,12
ACC_0417,account,6,0,5
ACC_0418,account,9,0,9
ACC_0419,account,15,0,13
ACC_0420,account,6,0,5
ACC_0421,account,9,0,7
ACC_0422,account,7,0,7
ACC_0423,account,3,0,3
ACC_0424,account,4,0,4
ACC_0425,account,5,0,3
ACC_0426,account,5,0,4
ACC_0427,account,10,0,4
ACC_0428,account,8,0,8
ACC_0429,account,9,0,9
ACC_0430,account,11,0,9
ACC_0431,account,4,0,3
ACC_0432,account,7,0,6
ACC_0433,account,7,0,5
ACC_0434,account,8,0,7
ACC_0435,account,11,0,11
ACC_0436,account,8,0,7
ACC_0437,account,9,0,6
ACC_0438,account,6,0,5
ACC_0439,account,5,0,5
ACC_0440,account,13,0,13
ACC_0441,account,13,0,7
ACC_0442,account,7,0,7
ACC_0443,account,4,0,2
ACC_0444,account,8,0,6
ACC_0445,account,9,0,7
ACC_0446,account,4,0,4
ACC_0447,account,16,0,13
ACC_0448,account,7,0,6
ACC_0449,account,14,0,11
ACC_0450,account,9,0,8
ACC_0451,account,6,0,5
ACC_0452,account,9,0,7
ACC_0453,account,7,0,5
ACC_0454,account,6,0,5
ACC_0455,account,10,0,10
ACC_0456,account,8,0,7
ACC_0457,account,14,0,14
ACC_0458,account,6,0,4
ACC_0459,account,8,0,7
ACC_0460,account,12,0,12
ACC_0461,account,7,0,6
ACC_0462,account,2,0,1
ACC_0463,account,7,0,5
ACC_0464,account,8,0,7
ACC_0465,account,9,0,7
ACC_0466,account,13,0,12
ACC_0467,account,7,0,4
ACC_0468,account,9,0,9
ACC_0469,account,5,0,4
ACC_0470,account,11,0,10
ACC_0471,account,2,0,2
ACC_0472,account,5,0,5
ACC_0473,account,4,0,4
ACC_0474,account,10,0,10
ACC_0475,account,9,0,8
ACC_0476,account,17,0,15
ACC_0477,account,11,0,8
ACC_0478,account,5,0,5
ACC_0479,account,4,0,2
ACC_0480,account,6,0,6
ACC_0481,account,11,0,9
ACC_0482,account,3,0,3
ACC_0483,account,5,0,5
ACC_0484,account,12,0,11
ACC_0485,account,9,0,8
ACC_0486,account,6,0,6
ACC_0487,account,1,0,0
ACC_0488,account,9,0,8
ACC_0489,account,4,0,4
ACC_0490,account,6,0,5
ACC_0491,account,8,0,7
ACC_0492,account,8,0,7
ACC_0493,account,6,0,3
ACC_0494,account,10,0,9
ACC_0495,account,6,0,5
ACC_0496,account,9,0,7
ACC_0497,account,13,0,8
ACC_0498,account,2,0,1
ACC_0499,account,8,0,5
ACC_0500,account,15,0,11
ACC_0501,account,7,0,3
ACC_0502,account,6,0,6
ACC_0503,account,4,0,3
ACC_0504,account,8,0,7
ACC_0505,account,7,0,6
ACC_0506,account,9,0,7
ACC_0507,account,7,0,5
ACC_0508,account,8,0,8
ACC_0509,account,8,0,8
ACC_0510,account,4,0,4
ACC_0511,account,9,0,7
ACC_0512,account,12,0,11
ACC_0513,account,5,0,5
ACC_0514,account,8,0,7
ACC_0515,account,5,0,5
ACC_0516,account,7,0,6
ACC_0517,account,8,0,8
ACC_0518,account,6,0,6
ACC_0519,account,5,0,3
ACC_0520,account,9,0,7
ACC_0521,account,11,0,7
ACC_0522,account,1,0,0
ACC_0523,account,6,0,5
ACC_0524,account,15,0,14
ACC_0525,account,4,0,3
ACC_0526,account,8,0,6
ACC_0527,account,4,0,3
ACC_0528,account,4,0,4
ACC_0529,account,11,0,8
ACC_0530,account,9,0,8
ACC_0531,account,6,0,5
ACC_0532,account,10,0,8
ACC_0533,account,7,0,6
ACC_0534,account,9,0,7
ACC_0535,account,14,0,12
ACC_0536,account,4,0,3
ACC_0537,account,9,0,8
ACC_0538,account,9,0,7
ACC_0539,account,12,0,11
ACC_0540,account,7,0,6
ACC_0541,account,9,0,9
ACC_0542,account,6,0,5
ACC_0543,account,6,0,3
ACC_0544,account,8,0,7
ACC_0545,account,6,0,6
ACC_0546,account,10,0,9
ACC_0547,account,4,0,3
ACC_0548,account,10,0,8
ACC_0549,account,7,0,5
ACC_0550,account,9,0,9
ACC_0551,account,8,0,7
ACC_0552,account,8,0,7
ACC_0553,account,5,0,5
ACC_0554,account,7,0,7
ACC_0555,account,5,0,5
ACC_0556,account,11,0,10
ACC_0557,account,9,0,9
ACC_0558,account,7,0,4
ACC_0559,account,8,0,6
ACC_0560,account,14,0,13
ACC_0561,account,9,0,7
ACC_0562,account,13,0,11
ACC_0563,account,11,0,7
ACC_0564,account,6,0,6
ACC_0565,account,6,0,6
ACC_0566,account,6,0,6
ACC_0567,account,4,0,3
ACC_0568,account,4,0,3
ACC_0569,account,2,0,2
ACC_0570,account,6,0,5
ACC_0571,account,7,0,7
ACC_0572,account,5,0,5
ACC_0573,account,16,0,14
ACC_0574,account,9,0,6
ACC_0575,account,5,0,5
ACC_0576,account,6,0,5
ACC_0577,account,9,0,8
ACC_0578,account,10,0,7
ACC_0579,account,7,0,5
ACC_0580,account,11,0,11
ACC_0581,account,7,0,4
ACC_0582,account,9,0,8
ACC_0583,account,6,0,6
ACC_0584,account,8,0,7
ACC_0585,account,5,0,2
ACC_0586,account,9,0,7
ACC_0587,account,6,0,4
ACC_0588,account,13,0,10
ACC_0589,account,7,0,7
ACC_0590,account,10,0,6
ACC_0591,account,9,0,8
ACC_0592,account,11,0,10
ACC_0593,account,6,0,3
ACC_0594,account,5,0,5
ACC_0595,account,5,0,5
ACC_0596,account,12,0,12
ACC_0597,account,4,0,3
ACC_0598,account,12,0,9
ACC_0599,account,7,0,6
ACC_0600,account,6,0,4
ACC_0601,account,11,0,11
ACC_0602,account,9,0,8
ACC_0603,account,3,0,2
ACC_0604,account,8,0,7
ACC_0605,account,7,0,7
ACC_0606,account,12,0,7
ACC_0607,account,9,0,7
ACC_0608,account,6,0,4
ACC_0609,account,12,0,11
ACC_0610,account,7,0,5
ACC_0611,account,4,0,1
ACC_0612,account,11,0,10
ACC_0613,account,9,0,8
ACC_0614,account,15,0,14
ACC_0615,account,12,0,11
ACC_0616,account,9,0,7
ACC_0617,account,10,0,9
ACC_0618,account,10,0,7
ACC_0619,account,3,0,2
ACC_0620,account,5,0,3
ACC_0621,account,2,0,2
ACC_0622,account,7,0,7
ACC_0623,account,6,0,5
ACC_0624,account,7,0,6
ACC_0625,account,7,0,7
ACC_0626,account,7,0,4
ACC_0627,account,4,0,4
ACC_0628,account,4,0,4
ACC_0629,account,8,0,8
ACC_0630,account,7,0,6
ACC_0631,account,13,0,8
ACC_0632,account,12,0,7
ACC_0633,account,8,0,7
ACC_0634,account,9,0,8
ACC_0635,account,7,0,6
ACC_0636,account,9,0,8
ACC_0637,account,7,0,6
ACC_0638,account,8,0,7
ACC_0639,account,12,0,8
ACC_0640,account,12,0,12
ACC_0641,account,8,0,7
ACC_0642,account,8,0,7
ACC_0643,account,5,0,5
ACC_0644,account,7,0,4
ACC_0645,account,8,0,6
ACC_0646,account,8,0,8
ACC_0647,account,6,0,4
ACC_0648,account,11,0,9
ACC_0649,account,7,0,6
ACC_0650,account,8,0,7
ACC_0651,account,6,0,6
ACC_0652,account,7,0,2
ACC_0653,account,6,0,6
ACC_0654,account,13,0,9
ACC_0655,account,10,0,8
ACC_0656,account,6,0,6
ACC_0657,account,8,0,7
ACC_0658,account,6,0,6
ACC_0659,account,3,0,3
ACC_0660,account,6,0,4
ACC_0661,account,12,0,11
ACC_0662,account,7,0,5
ACC_0663,account,7,0,7
ACC_0664,account,5,0,4
ACC_0665,account,9,0,8
ACC_0666,account,4,0,4
ACC_0667,account,7,0,6
ACC_0668,account,10,0,9
ACC_0669,account,5,0,4
ACC_0670,account,5,0,3
ACC_0671,account,7,0,4
ACC_0672,account,5,0,5
ACC_0673,account,5,0,4
ACC_0674,account,9,0,8
ACC_0675,account,6,0,6
ACC_0676,account,6,0,4
ACC_0677,account,8,0,6
ACC_0678,account,7,0,7
ACC_0679,account,16,0,13
ACC_0680,account,6,0,6
ACC_0681,account,2,0,2
ACC_0682,account,6,0,5
ACC_0683,account,11,0,10
ACC_0684,account,6,0,4
ACC_0685,account,6,0,6
ACC_0686,account,7,0,4
ACC_0687,account,12,0,7
ACC_0688,account,10,0,8
ACC_0689,account,9,0,7
ACC_0690,account,9,0,8
ACC_0691,account,7,0,5
ACC_0692,account,5,0,5
ACC_0693,account,5,0,5
ACC_0694,account,10,0,10
ACC_0695,account,5,0,5
ACC_0696,account,4,0,4
ACC_0697,account,7,0,5
ACC_0698,account,6,0,5
ACC_0699,account,7,0,5
ACC_0700,account,8,0,7
ACC_0701,account,6,0,5
ACC_0702,account,4,0,3
ACC_0703,account,5,0,5
ACC_0704,account,9,0,7
ACC_0705,account,14,0,12
ACC_0706,account,13,0,8
ACC_0707,account,4,0,4
ACC_0708,account,8,0,7
ACC_0709,account,8,0,8
ACC_0710,account,4,0,3
ACC_0711,account,6,0,6
ACC_0712,account,7,0,6
ACC_0713,account,8,0,6
ACC_0714,account,6,0,5
ACC_0715,account,5,0,5
ACC_0716,account,9,0,8
ACC_0717,account,4,0,4
ACC_0718,account,11,0,11
ACC_0719,account,6,0,4
ACC_0720,account,3,0,3
ACC_0721,account,7,0,7
ACC_0722,account,7,0,5
ACC_0723,account,5,0,5
ACC_0724,account,7,0,6
ACC_0725,account,6,0,3
ACC_0726,account,10,0,7
ACC_0727,account,5,0,5
ACC_0728,account,9,0,9
ACC_0729,account,6,0,4
ACC_0730,account,7,0,5
ACC_0731,account,4,0,4
ACC_0732,account,7,0,5
ACC_0733,account,9,0,8
ACC_0734,account,13,0,11
ACC_0735,account,8,0,5
ACC_0736,account,6,0,6
ACC_0737,account,9,0,9
ACC_0738,account,8,0,8
ACC_0739,account,7,0,6
ACC_0740,account,5,0,4
ACC_0741,account,11,0,8
ACC_0742,account,6,0,5
ACC_0743,account,12,0,10
ACC_0744,account,3,0,3
ACC_0745,account,9,0,9
ACC_0746,account,11,0,11
ACC_0747,account,9,0,8
ACC_0748,account,12,0,9
ACC_0749,account,10,0,9
ACC_0750,account,8,0,7
ACC_0751,account,5,0,5
ACC_0752,account,9,0,8
ACC_0753,account,8,0,6
ACC_0754,account,8,0,8
ACC_0755,account,5,0,4
ACC_0756,account,4,0,2
ACC_0757,account,4,0,4
ACC_0758,account,12,0,10
ACC_0759,account,5,0,5
ACC_0760,account,7,0,5
ACC_0761,account,10,0,7
ACC_0762,account,9,0,9
ACC_0763,account,6,0,5
ACC_0764,account,7,0,6
ACC_0765,account,5,0,3
ACC_0766,account,7,0,6
ACC_0767,account,7,0,7
ACC_0768,account,7,0,6
ACC_0769,account,8,0,8
ACC_0770,account,10,0,10
ACC_0771,account,7,0,7
ACC_0772,account,10,0,8
ACC_0773,account,8,0,5
ACC_0774,account,10,0,8
ACC_0775,account,6,0,5
ACC_0776,account,10,0,7
ACC_0777,account,2,0,2
ACC_0778,account,8,0,7
ACC_0779,account,9,0,7
ACC_0780,account,12,0,11
ACC_0781,account,7,0,7
ACC_0782,account,6,0,3
ACC_0783,account,7,0,7
ACC_0784,account,4,0,3
ACC_0785,account,13,0,12
ACC_0786,account,6,0,3
ACC_0787,account,11,0,8
ACC_0788,account,9,0,8
ACC_0789,account,6,0,5
ACC_0790,account,11,0,8
ACC_0791,account,4,0,3
ACC_0792,account,14,0,12
ACC_0793,account,7,0,7
ACC_0794,account,11,0,10
ACC_0795,account,8,0,4
ACC_0796,account,6,0,4
ACC_0797,account,8,0,8
ACC_0798,account,5,0,4
ACC_0799,account,15,0,13
ACC_0800,account,6,0,6
ACC_0801,account,9,0,9
ACC_0802,account,8,0,7
ACC_0803,account,7,0,6
ACC_0804,account,11,0,8
ACC_0805,account,10,0,8
ACC_0806,account,11,0,10
ACC_0807,account,8,0,7
ACC_0808,account,4,0,3
ACC_0809,account,6,0,6
ACC_0810,account,7,0,5
ACC_0811,account,9,0,9
ACC_0812,account,4,0,3
ACC_0813,account,5,0,3
ACC_0814,account,6,0,5
ACC_0815,account,5,0,5
ACC_0816,account,4,0,3
ACC_0817,account,11,0,9
ACC_0818,account,9,0,7
ACC_0819,account,4,0,4
ACC_0820,account,13,0,11
ACC_0821,account,6,0,3
ACC_0822,account,5,0,4
ACC_0823,account,14,0,11
ACC_0824,account,11,0,9
ACC_0825,account,8,0,8
ACC_0826,account,9,0,9
ACC_0827,account,4,0,4
ACC_0828,account,5,0,4
ACC_0829,account,7,0,6
ACC_0830,account,8,0,4
ACC_0831,account,8,0,6
ACC_0832,account,6,0,5
ACC_0833,account,13,0,11
ACC_0834,account,5,0,3
ACC_0835,account,7,0,7
ACC_0836,account,8,0,7
ACC_0837,account,4,0,4
ACC_0838,account,11,0,8
ACC_0839,account,8,0,7
ACC_0840,account,6,0,6
ACC_0841,account,9,0,9
ACC_0842,account,7,0,6
ACC_0843,account,5,0,4
ACC_0844,account,5,0,4
ACC_0845,account,4,0,4
ACC_0846,account,6,0,5
ACC_0847,account,6,0,6
ACC_0848,account,7,0,5
ACC_0849,account,5,0,5
ACC_0850,account,4,0,4
ACC_0851,account,7,0,6
ACC_0852,account,7,0,5
ACC_0853,account,9,0,8
ACC_0854,account,12,0,10
ACC_0855,account,7,0,5
ACC_0856,account,13,0,11
ACC_0857,account,6,0,6
ACC_0858,account,5,0,3
ACC_0859,account,11,0,8
ACC_0860,account,9,0,9
ACC_0861,account,5,0,3
ACC_0862,account,8,0,5
ACC_0863,account,7,0,6
ACC_0864,account,11,0,6
ACC_0865,account,12,0,10
ACC_0866,account,16,0,13
ACC_0867,account,13,0,9
ACC_0868,account,7,0,7
ACC_0869,account,8,0,7
ACC_0870,account,6,0,4
ACC_0871,account,6,0,5
ACC_0872,account,14,0,9
ACC_0873,account,6,0,6
ACC_0874,account,6,0,4
ACC_0875,account,5,0,4
ACC_0876,account,5,0,5
ACC_0877,account,8,0,5
ACC_0878,account,9,0,6
ACC_0879,account,11,0,9
ACC_0880,account,6,0,5
ACC_0881,account,6,0,5
ACC_0882,account,9,0,8
ACC_0883,account,4,0,4
ACC_0884,account,10,0,8
ACC_0885,account,9,0,9
ACC_0886,account,7,0,6
ACC_0887,account,8,0,7
ACC_0888,account,13,0,12
ACC_0889,account,10,0,9
ACC_0890,account,10,0,7
ACC_0891,account,9,0,8
ACC_0892,account,6,0,4
ACC_0893,account,7,0,5
ACC_0894,account,7,0,6
ACC_0895,account,5,0,5
ACC_0896,account,4,0,3
ACC_0897,account,11,0,9
ACC_0898,account,7,0,7
ACC_0899,account,15,0,13
ACC_0900,account,7,0,6
ACC_0901,account,6,0,6
ACC_0902,account,4,0,4
ACC_0903,account,8,0,4
ACC_0904,account,7,0,6
ACC_0905,account,9,0,8
ACC_0906,account,10,0,9
ACC_0907,account,8,0,7
ACC_0908,account,9,0,9
ACC_0909,account,8,0,6
ACC_0910,account,11,0,8
ACC_0911,account,9,0,9
ACC_0912,account,10,0,9
ACC_0913,account,3,0,3
ACC_0914,account,7,0,6
ACC_0915,account,5,0,2
ACC_0916,account,10,0,7
ACC_0917,account,10,0,9
ACC_0918,account,13,0,13
ACC_0919,account,6,0,3
ACC_0920,account,7,0,7
ACC_0921,account,3,0,3
ACC_0922,account,11,0,9
ACC_0923,account,8,0,6
ACC_0924,account,7,0,7
ACC_0925,account,11,0,10
ACC_0926,account,8,0,7
ACC_0927,account,12,0,8
ACC_0928,account,14,0,11
ACC_0929,account,4,0,3
ACC_0930,account,4,0,4
ACC_0931,account,8,0,6
ACC_0932,account,2,0,2
ACC_0933,account,8,0,8
ACC_0934,account,14,0,12
ACC_0935,account,11,0,11
ACC_0936,account,5,0,3
ACC_0937,account,7,0,7
ACC_0938,account,6,0,5
ACC_0939,account,9,0,9
ACC_0940,account,8,0,3
ACC_0941,account,8,0,8
ACC_0942,account,11,0,8
ACC_0943,account,7,0,6
ACC_0944,account,5,0,5
ACC_0945,account,9,0,8
ACC_0946,account,10,0,7
ACC_0947,account,4,0,4
ACC_0948,account,2,0,2
ACC_0949,account,13,0,12
ACC_0950,account,8,0,6
ACC_0951,account,8,0,8
ACC_0952,account,7,0,6
ACC_0953,account,5,0,4
ACC_0954,account,9,0,7
ACC_0955,account,10,0,9
ACC_0956,account,4,0,3
ACC_0957,account,6,0,6
ACC_0958,account,6,0,6
ACC_0959,account,8,0,8
ACC_0960,account,7,0,5
ACC_0961,account,4,0,4
ACC_0962,account,9,0,7
ACC_0963,account,6,0,6
ACC_0964,account,4,0,3
ACC_0965,account,9,0,7
ACC_0966,account,11,0,7
ACC_0967,account,10,0,9
ACC_0968,account,9,0,8
ACC_0969,account,7,0,5
ACC_0970,account,6,0,6
ACC_0971,account,10,0,9
ACC_0972,account,10,0,9
ACC_0973,account,6,0,5
ACC_0974,account,5,0,5
ACC_0975,account,10,0,9
ACC_0976,account,6,0,3
ACC_0977,account,11,0,9
ACC_0978,account,9,0,7
ACC_0979,account,6,0,6
ACC_0980,account,8,0,7
ACC_0981,account,10,0,7
ACC_0982,account,5,0,4
ACC_0983,account,8,0,3
ACC_0984,account,10,0,7
ACC_0985,account,10,0,10
ACC_0986,account,10,0,10
ACC_0987,account,3,0,3
ACC_0988,account,7,0,5
ACC_0989,account,6,0,5
ACC_0990,account,6,0,6
ACC_0991,account,11,0,9
ACC_0992,account,5,0,4
ACC_0993,account,5,0,5
ACC_0994,account,6,0,5
ACC_0995,account,6,0,6
ACC_0996,account,12,0,8
ACC_0997,account,10,0,8
ACC_0998,account,8,0,7
ACC_0999,account,6,0,5
ACC_1000,account,9,0,7
ACC_1001,account,7,0,6
ACC_1002,account,6,0,5
ACC_1003,account,9,0,5
ACC_1004,account,6,0,6
ACC_1005,account,8,0,7
ACC_1006,account,8,0,7
ACC_1007,account,8,0,8
ACC_1008,account,4,0,4
ACC_1009,account,15,0,13
ACC_1010,account,15,0,13
ACC_1011,account,8,0,6
ACC_1012,account,11,0,8
ACC_1013,account,7,0,5
ACC_1014,account,4,0,3
ACC_1015,account,11,0,10
ACC_1016,account,11,0,8
ACC_1017,account,7,0,5
ACC_1018,account,9,0,9
ACC_1019,account,6,0,5
ACC_1020,account,7,0,6
ACC_1021,account,6,0,5
ACC_1022,account,8,0,7
ACC_1023,account,10,0,10
ACC_1024,account,6,0,6
ACC_1025,account,11,0,9
ACC_1026,account,8,0,8
ACC_1027,account,8,0,7
ACC_1028,account,5,0,5
ACC_1029,account,8,0,5
ACC_1030,account,6,0,5
ACC_1031,account,10,0,10
ACC_1032,account,8,0,8
ACC_1033,account,8,0,8
ACC_1034,account,6,0,6
ACC_1035,account,5,0,5
ACC_1036,account,7,0,5
ACC_1037,account,9,0,7
ACC_1038,account,10,0,8
ACC_1039,account,16,0,15
ACC_1040,account,11,0,10
ACC_1041,account,4,0,4
ACC_1042,account,3,0,2
ACC_1043,account,6,0,4
ACC_1044,account,6,0,4
ACC_1045,account,8,0,6
ACC_1046,account,11,0,10
ACC_1047,account,12,0,9
ACC_1048,account,9,0,9
ACC_1049,account,11,0,9
ACC_1050,account,9,0,7
ACC_1051,account,4,0,4
ACC_1052,account,6,0,6
ACC_1053,account,11,0,7
ACC_1054,account,11,0,8
ACC_1055,account,6,0,5
ACC_1056,account,5,0,5
ACC_1057,account,6,0,6
ACC_1058,account,5,0,3
ACC_1059,account,12,0,9
ACC_1060,account,8,0,6
ACC_1061,account,7,0,5
ACC_1062,account,8,0,8
ACC_1063,account,4,0,3
ACC_1064,account,4,0,4
ACC_1065,account,10,0,7
ACC_1066,account,6,0,6
ACC_1067,account,18,0,16
ACC_1068,account,11,0,9
ACC_1069,account,4,0,4
ACC_1070,account,6,0,6
ACC_1071,account,7,0,6
ACC_1072,account,8,0,7
ACC_1073,account,9,0,6
ACC_1074,account,6,0,4
ACC_1075,account,9,0,9
ACC_1076,account,12,0,10
ACC_1077,account,7,0,5
ACC_1078,account,11,0,8
ACC_1079,account,10,0,8
ACC_1080,account,9,0,8
ACC_1081,account,5,0,5
ACC_1082,account,7,0,7
ACC_1083,account,4,0,3
ACC_1084,account,6,0,6
ACC_1085,account,6,0,5
ACC_1086,account,7,0,7
ACC_1087,account,6,0,6
ACC_1088,account,12,0,10
ACC_1089,account,6,0,4
ACC_1090,account,7,0,4
ACC_1091,account,7,0,7
ACC_1092,account,12,0,11
ACC_1093,account,8,0,7
ACC_1094,account,11,0,8
ACC_1095,account,5,0,4
ACC_1096,account,6,0,5
ACC_1097,account,12,0,11
ACC_1098,account,6,0,5
ACC_1099,account,8,0,7
ACC_1100,account,3,0,3
ACC_1101,account,14,0,11
ACC_1102,account,3,0,3
ACC_1103,account,5,0,5
ACC_1104,account,13,0,10
ACC_1105,account,9,0,8
ACC_1106,account,11,0,10
ACC_1107,account,7,0,7
ACC_1108,account,13,0,12
ACC_1109,account,9,0,7
ACC_1110,account,12,0,10
ACC_1111,account,10,0,9
ACC_1112,account,3,0,3
ACC_1113,account,4,0,4
ACC_1114,account,8,0,7
ACC_1115,account,8,0,8
ACC_1116,account,15,0,11
ACC_1117,account,4,0,4
ACC_1118,account,2,0,2
ACC_1119,account,9,0,7
ACC_1120,account,8,0,8
ACC_1121,account,5,0,4
ACC_1122,account,8,0,4
ACC_1123,account,8,0,7
ACC_1124,account,12,0,11
ACC_1125,account,8,0,5
ACC_1126,account,10,0,8
ACC_1127,account,8,0,8
ACC_1128,account,7,0,6
ACC_1129,account,7,0,7
ACC_1130,account,9,0,8
ACC_1131,account,9,0,8
ACC_1132,account,4,0,4
ACC_1133,account,4,0,4
ACC_1134,account,7,0,6
ACC_1135,account,8,0,6
ACC_1136,account,4,0,3
ACC_1137,account,7,0,6
ACC_1138,account,9,0,7
ACC_1139,account,7,0,7
ACC_1140,account,17,0,14
ACC_1141,account,4,0,4
ACC_1142,account,10,0,10
ACC_1143,account,9,0,8
ACC_1144,account,8,0,7
ACC_1145,account,6,0,5
ACC_1146,account,11,0,8
ACC_1147,account,3,0,3
ACC_1148,account,11,0,9
ACC_1149,account,15,0,15
ACC_1150,account,10,0,9
ACC_1151,account,4,0,4
ACC_1152,account,6,0,4
ACC_1153,account,6,0,5
ACC_1154,account,15,0,13
ACC_1155,account,10,0,9
ACC_1156,account,2,0,2
ACC_1157,account,4,0,3
ACC_1158,account,6,0,5
ACC_1159,account,6,0,5
ACC_1160,account,4,0,4
ACC_1161,account,6,0,5
ACC_1162,account,7,0,6
ACC_1163,account,12,0,10
ACC_1164,account,3,0,3
ACC_1165,account,6,0,5
ACC_1166,account,7,0,6
ACC_1167,account,3,0,2
ACC_1168,account,5,0,4
ACC_1169,account,7,0,6
ACC_1170,account,6,0,5
ACC_1171,account,10,0,10
ACC_1172,account,4,0,4
ACC_1173,account,11,0,10
ACC_1174,account,7,0,6
ACC_1175,account,13,0,13
ACC_1176,account,8,0,8
ACC_1177,account,9,0,7
ACC_1178,account,10,0,9
ACC_1179,account,10,0,9
ACC_1180,account,5,0,4
ACC_1181,account,8,0,5
ACC_1182,account,8,0,8
ACC_1183,account,9,0,7
ACC_1184,account,8,0,8
ACC_1185,account,14,0,10
ACC_1186,account,5,0,5
ACC_1187,account,7,0,6
ACC_1188,account,5,0,4
ACC_1189,account,7,0,7
ACC_1190,account,7,0,6
ACC_1191,account,6,0,6
ACC_1192,account,10,0,10
ACC_1193,account,5,0,5
ACC_1194,account,6,0,6
ACC_1195,account,12,0,11
ACC_1196,account,6,0,5
ACC_1197,account,4,0,4
ACC_1198,account,11,0,10
ACC_1199,account,14,0,13
ACC_1200,account,8,0,8
CASE_0001,case,2,0,0
CASE_0002,case,3,0,0
CASE_0003,case,2,0,0
CASE_0004,case,3,0,0
CASE_0005,case,3,0,0
CASE_0006,case,2,0,0
CASE_0007,case,3,0,0
CASE_0008,case,6,0,0
CASE_0009,case,5,0,0
CASE_0010,case,2,0,0
CASE_0011,case,4,0,0
CASE_0012,case,5,0,0
CASE_0013,case,6,0,0
CASE_0014,case,4,0,0
CASE_0015,case,4,0,0
CASE_0016,case,5,0,0
CASE_0017,case,6,0,0
CASE_0018,case,6,0,0
CASE_0019,case,3,0,0
CASE_0020,case,4,0,0
CASE_0021,case,6,0,0
CASE_0022,case,4,0,0
CASE_0023,case,3,0,0
CASE_0024,case,3,0,0
CASE_0025,case,3,0,0
CASE_0026,case,6,0,0
CASE_0027,case,5,0,0
CASE_0028,case,6,0,0
CASE_0029,case,3,0,0
CASE_0030,case,5,0,0
CASE_0031,case,4,0,0
CASE_0032,case,2,0,0
CASE_0033,case,5,0,0
CASE_0034,case,6,0,0
CASE_0035,case,4,0,0
CASE_0036,case,4,0,0
CASE_0037,case,5,0,0
CASE_0038,case,5,0,0
CASE_0039,case,3,0,0
CASE_0040,case,6,0,0
CASE_0041,case,6,0,0
CASE_0042,case,5,0,0
CASE_0043,case,4,0,0
CASE_0044,case,5,0,0
CASE_0045,case,6,0,0
CASE_0046,case,2,0,0
CASE_0047,case,6,0,0
CASE_0048,case,3,0,0
CASE_0049,case,5,0,0
CASE_0050,case,2,0,0
CASE_0051,case,4,0,0
CASE_0052,case,2,0,0
CASE_0053,case,2,0,0
CASE_0054,case,3,0,0
CASE_0055,case,6,0,0
CASE_0056,case,4,0,0
CASE_0057,case,3,0,0
CASE_0058,case,6,0,0
CASE_0059,case,5,0,0
CASE_0060,case,2,0,0
CASE_0061,case,5,0,0
CASE_0062,case,6,0,0
CASE_0063,case,6,0,0
CASE_0064,case,2,0,0
CASE_0065,case,6,0,0
CASE_0066,case,3,0,0
CASE_0067,case,4,0,0
CASE_0068,case,5,0,0
CASE_0069,case,3,0,0
CASE_0070,case,4,0,0
CASE_0071,case,4,0,0
CASE_0072,case,2,0,0
CASE_0073,case,3,0,0
CASE_0074,case,2,0,0
CASE_0075,case,6,0,0
CASE_0076,case,2,0,0
CASE_0077,case,2,0,0
CASE_0078,case,5,0,0
CASE_0079,case,3,0,0
CASE_0080,case,5,0,0
CASE_0081,case,6,0,0
CASE_0082,case,3,0,0
CASE_0083,case,5,0,0
CASE_0084,case,4,0,0
CASE_0085,case,5,0,0
CASE_0086,case,3,0,0
CASE_0087,case,3,0,0
CASE_0088,case,4,0,0
CASE_0089,case,4,0,0
CASE_0090,case,2,0,0
CASE_0091,case,6,0,0
CASE_0092,case,4,0,0
CASE_0093,case,3,0,0
CASE_0094,case,3,0,0
CASE_0095,case,4,0,0
CASE_0096,case,2,0,0
CASE_0097,case,6,0,0
CASE_0098,case,6,0,0
CASE_0099,case,2,0,0
CASE_0100,case,2,0,0
CASE_0101,case,3,0,0
CASE_0102,case,5,0,0
CASE_0103,case,4,0,0
CASE_0104,case,2,0,0
CASE_0105,case,6,0,0
CASE_0106,case,3,0,0
CASE_0107,case,6,0,0
CASE_0108,case,4,0,0
CASE_0109,case,5,0,0
CASE_0110,case,3,0,0
CASE_0111,case,6,0,0
CASE_0112,case,6,0,0
CASE_0113,case,2,0,0
CASE_0114,case,3,0,0
CASE_0115,case,3,0,0
CASE_0116,case,5,0,0
CASE_0117,case,5,0,0
CASE_0118,case,6,0,0
CASE_0119,case,5,0,0
CASE_0120,case,4,0,0
CASE_0121,case,6,0,0
CASE_0122,case,4,0,0
CASE_0123,case,2,0,0
CASE_0124,case,2,0,0
CASE_0125,case,3,0,0
CASE_0126,case,4,0,0
CASE_0127,case,2,0,0
CASE_0128,case,5,0,0
CASE_0129,case,6,0,0
CASE_0130,case,3,0,0
CASE_0131,case,3,0,0
CASE_0132,case,3,0,0
CASE_0133,case,2,0,0
CASE_0134,case,4,0,0
CASE_0135,case,2,0,0
CASE_0136,case,2,0,0
CASE_0137,case,3,0,0
CASE_0138,case,2,0,0
CASE_0139,case,6,0,0
CASE_0140,case,2,0,0
CASE_0141,case,5,0,0
CASE_0142,case,4,0,0
CASE_0143,case,4,0,0
CASE_0144,case,2,0,0
CASE_0145,case,3,0,0
CASE_0146,case,2,0,0
CASE_0147,case,6,0,0
CASE_0148,case,2,0,0
CASE_0149,case,4,0,0
CASE_0150,case,5,0,0
CASE_0151,case,2,0,0
CASE_0152,case,3,0,0
CASE_0153,case,5,0,0
CASE_0154,case,5,0,0
CASE_0155,case,2,0,0
CASE_0156,case,3,0,0
CASE_0157,case,2,0,0
CASE_0158,case,5,0,0
CASE_0159,case,3,0,0
CASE_0160,case,4,0,0
CASE_0161,case,3,0,0
CASE_0162,case,3,0,0
CASE_0163,case,6,0,0
CASE_0164,case,2,0,0
CASE_0165,case,4,0,0
CASE_0166,case,5,0,0
CASE_0167,case,3,0,0
CASE_0168,case,3,0,0
CASE_0169,case,2,0,0
CASE_0170,case,2,0,0
CASE_0171,case,4,0,0
CASE_0172,case,5,0,0
CASE_0173,case,2,0,0
CASE_0174,case,5,0,0
CASE_0175,case,2,0,0
CASE_0176,case,5,0,0
CASE_0177,case,4,0,0
CASE_0178,case,2,0,0
CASE_0179,case,2,0,0
CASE_0180,case,2,0,0
CASE_0181,case,6,0,0
CASE_0182,case,4,0,0
CASE_0183,case,6,0,0
CASE_0184,case,4,0,0
CASE_0185,case,6,0,0
CASE_0186,case,3,0,0
CASE_0187,case,4,0,0
CASE_0188,case,3,0,0
CASE_0189,case,3,0,0
CASE_0190,case,3,0,0
CASE_0191,case,3,0,0
CASE_0192,case,2,0,0
CASE_0193,case,4,0,0
CASE_0194,case,3,0,0
CASE_0195,case,4,0,0
CASE_0196,case,4,0,0
CASE_0197,case,6,0,0
CASE_0198,case,5,0,0
CASE_0199,case,4,0,0
CASE_0200,case,3,0,0
CASE_0201,case,5,0,0
CASE_0202,case,2,0,0
CASE_0203,case,4,0,0
CASE_0204,case,3,0,0
CASE_0205,case,4,0,0
CASE_0206,case,4,0,0
CASE_0207,case,3,0,0
CASE_0208,case,2,0,0
CASE_0209,case,2,0,0
CASE_0210,case,5,0,0
CASE_0211,case,4,0,0
CASE_0212,case,6,0,0
CASE_0213,case,2,0,0
CASE_0214,case,5,0,0
CASE_0215,case,2,0,0
CASE_0216,case,6,0,0
CASE_0217,case,2,0,0
CASE_0218,case,2,0,0
CASE_0219,case,4,0,0
CASE_0220,case,6,0,0
CASE_0221,case,5,0,0
CASE_0222,case,4,0,0
CASE_0223,case,2,0,0
CASE_0224,case,4,0,0
CASE_0225,case,3,0,0
CASE_0226,case,2,0,0
CASE_0227,case,6,0,0
CASE_0228,case,2,0,0
CASE_0229,case,3,0,0
CASE_0230,case,3,0,0
CASE_0231,case,6,0,0
CASE_0232,case,5,0,0
CASE_0233,case,2,0,0
CASE_0234,case,4,0,0
CASE_0235,case,2,0,0
CASE_0236,case,5,0,0
CASE_0237,case,3,0,0
CASE_0238,case,4,0,0
CASE_0239,case,3,0,0
CASE_0240,case,5,0,0
CASE_0241,case,3,0,0
CASE_0242,case,3,0,0
CASE_0243,case,6,0,0
CASE_0244,case,5,0,0
CASE_0245,case,3,0,0
CASE_0246,case,6,0,0
CASE_0247,case,2,0,0
CASE_0248,case,2,0,0
CASE_0249,case,3,0,0
CASE_0250,case,4,0,0
LOC_0001,location,18,0,0
LOC_0002,location,24,0,0
LOC_0003,location,14,0,0
LOC_0004,location,11,0,0
LOC_0005,location,9,0,0
LOC_0006,location,14,0,0
LOC_0007,location,14,0,0
LOC_0008,location,14,0,0
LOC_0009,location,15,0,0
LOC_0010,location,19,0,0
LOC_0011,location,16,0,0
LOC_0012,location,14,0,0
LOC_0013,location,11,0,0
LOC_0014,location,18,0,0
LOC_0015,location,17,0,0
LOC_0016,location,7,0,0
LOC_0017,location,10,0,0
LOC_0018,location,7,0,0
LOC_0019,location,14,0,0
LOC_0020,location,12,0,0
LOC_0021,location,13,0,0
LOC_0022,location,14,0,0
LOC_0023,location,19,0,0
LOC_0024,location,14,0,0
LOC_0025,location,13,0,0
LOC_0026,location,6,0,0
LOC_0027,location,15,0,0
LOC_0028,location,15,0,0
LOC_0029,location,12,0,0
LOC_0030,location,13,0,0
LOC_0031,location,12,0,0
LOC_0032,location,16,0,0
LOC_0033,location,14,0,0
LOC_0034,location,20,0,0
LOC_0035,location,5,0,0
LOC_0036,location,10,0,0
LOC_0037,location,11,0,0
LOC_0038,location,14,0,0
LOC_0039,location,14,0,0
LOC_0040,location,18,0,0
LOC_0041,location,9,0,0
LOC_0042,location,11,0,0
LOC_0043,location,18,0,0
LOC_0044,location,8,0,0
LOC_0045,location,6,0,0
LOC_0046,location,10,0,0
LOC_0047,location,10,0,0
LOC_0048,location,11,0,0
LOC_0049,location,13,0,0
LOC_0050,location,9,0,0
LOC_0051,location,13,0,0
LOC_0052,location,14,0,0
LOC_0053,location,16,0,0
LOC_0054,location,12,0,0
LOC_0055,location,19,0,0
LOC_0056,location,15,0,0
LOC_0057,location,16,0,0
LOC_0058,location,14,0,0
LOC_0059,location,14,0,0
LOC_0060,location,10,0,0
LOC_0061,location,13,0,0
LOC_0062,location,13,0,0
LOC_0063,location,21,0,0
LOC_0064,location,13,0,0
LOC_0065,location,14,0,0
LOC_0066,location,14,0,0
LOC_0067,location,15,0,0
LOC_0068,location,22,0,0
LOC_0069,location,13,0,0
LOC_0070,location,18,0,0
LOC_0071,location,13,0,0
LOC_0072,location,10,0,0
LOC_0073,location,10,0,0
LOC_0074,location,15,0,0
LOC_0075,location,13,0,0
LOC_0076,location,18,0,0
LOC_0077,location,9,0,0
LOC_0078,location,13,0,0
LOC_0079,location,8,0,0
LOC_0080,location,13,0,0
LOC_0081,location,10,0,0
LOC_0082,location,11,0,0
LOC_0083,location,13,0,0
LOC_0084,location,13,0,0
LOC_0085,location,9,0,0
LOC_0086,location,10,0,0
LOC_0087,location,10,0,0
LOC_0088,location,13,0,0
LOC_0089,location,10,0,0
LOC_0090,location,11,0,0
LOC_0091,location,21,0,0
LOC_0092,location,14,0,0
LOC_0093,location,13,0,0
LOC_0094,location,12,0,0
LOC_0095,location,10,0,0
LOC_0096,location,13,0,0
LOC_0097,location,10,0,0
LOC_0098,location,8,0,0
LOC_0099,location,11,0,0
LOC_0100,location,20,0,0
LOC_0101,location,5,0,0
LOC_0102,location,14,0,0
LOC_0103,location,21,0,0
LOC_0104,location,17,0,0
LOC_0105,location,11,0,0
LOC_0106,location,13,0,0
LOC_0107,location,9,0,0
LOC_0108,location,11,0,0
LOC_0109,location,10,0,0
LOC_0110,location,13,0,0
LOC_0111,location,20,0,0
LOC_0112,location,14,0,0
LOC_0113,location,8,0,0
LOC_0114,location,18,0,0
LOC_0115,location,11,0,0
LOC_0116,location,12,0,0
LOC_0117,location,13,0,0
LOC_0118,location,10,0,0
LOC_0119,location,21,0,0
LOC_0120,location,13,0,0
LOC_0121,location,22,0,0
LOC_0122,location,12,0,0
LOC_0123,location,11,0,0
LOC_0124,location,14,0,0
LOC_0125,location,7,0,0
LOC_0126,location,17,0,0
LOC_0127,location,12,0,0
LOC_0128,location,15,0,0
LOC_0129,location,14,0,0
LOC_0130,location,12,0,0
LOC_0131,location,10,0,0
LOC_0132,location,13,0,0
LOC_0133,location,21,0,0
LOC_0134,location,15,0,0
LOC_0135,location,15,0,0
LOC_0136,location,11,0,0
LOC_0137,location,12,0,0
LOC_0138,location,10,0,0
LOC_0139,location,11,0,0
LOC_0140,location,11,0,0
LOC_0141,location,11,0,0
LOC_0142,location,17,0,0
LOC_0143,location,18,0,0
LOC_0144,location,15,0,0
LOC_0145,location,12,0,0
LOC_0146,location,8,0,0
LOC_0147,location,14,0,0
LOC_0148,location,17,0,0
LOC_0149,location,17,0,0
LOC_0150,location,15,0,0
ORG_0001,organization,7,0,0
ORG_0002,organization,4,0,0
ORG_0003,organization,5,0,0
ORG_0004,organization,5,0,0
ORG_0005,organization,6,0,0
ORG_0006,organization,2,0,0
ORG_0007,organization,10,0,0
ORG_0008,organization,7,0,0
ORG_0009,organization,6,0,0
ORG_0010,organization,8,0,0
ORG_0011,organization,6,0,0
ORG_0012,organization,2,0,0
ORG_0013,organization,8,0,0
ORG_0014,organization,10,0,0
ORG_0015,organization,5,0,0
ORG_0016,organization,6,0,0
ORG_0017,organization,8,0,0
ORG_0018,organization,8,0,0
ORG_0019,organization,7,0,0
ORG_0020,organization,3,0,0
ORG_0021,organization,9,0,0
ORG_0022,organization,7,0,0
ORG_0023,organization,3,0,0
ORG_0024,organization,2,0,0
ORG_0025,organization,9,0,0
ORG_0026,organization,4,0,0
ORG_0027,organization,9,0,0
ORG_0028,organization,8,0,0
ORG_0029,organization,6,0,0
ORG_0030,organization,5,0,0
ORG_0031,organization,6,0,0
ORG_0032,organization,7,0,0
ORG_0033,organization,6,0,0
ORG_0034,organization,6,0,0
ORG_0035,organization,6,0,0
ORG_0036,organization,8,0,0
ORG_0037,organization,7,0,0
ORG_0038,organization,4,0,0
ORG_0039,organization,10,0,0
ORG_0040,organization,6,0,0
ORG_0041,organization,11,0,0
ORG_0042,organization,2,0,0
ORG_0043,organization,6,0,0
ORG_0044,organization,5,0,0
ORG_0045,organization,3,0,0
ORG_0046,organization,10,0,0
ORG_0047,organization,11,0,0
ORG_0048,organization,10,0,0
ORG_0049,organization,3,0,0
ORG_0050,organization,6,0,0
ORG_0051,organization,7,0,0
ORG_0052,organization,6,0,0
ORG_0053,organization,6,0,0
ORG_0054,organization,7,0,0
ORG_0055,organization,6,0,0
ORG_0056,organization,5,0,0
ORG_0057,organization,6,0,0
ORG_0058,organization,4,0,0
ORG_0059,organization,9,0,0
ORG_0060,organization,9,0,0
ORG_0061,organization,6,0,0
ORG_0062,organization,3,0,0
ORG_0063,organization,7,0,0
ORG_0064,organization,7,0,0
ORG_0065,organization,6,0,0
ORG_0066,organization,4,0,0
ORG_0067,organization,4,0,0
ORG_0068,organization,4,0,0
ORG_0069,organization,6,0,0
ORG_0070,organization,6,0,0
ORG_0071,organization,3,0,0
ORG_0072,organization,3,0,0
ORG_0073,organization,6,0,0
ORG_0074,organization,4,0,0
ORG_0075,organization,13,0,0
ORG_0076,organization,8,0,0
ORG_0077,organization,5,0,0
ORG_0078,organization,6,0,0
ORG_0079,organization,5,0,0
ORG_0080,organization,5,0,0
ORG_0081,organization,4,0,0
ORG_0082,organization,7,0,0
ORG_0083,organization,9,0,0
ORG_0084,organization,9,0,0
ORG_0085,organization,8,0,0
ORG_0086,organization,8,0,0
ORG_0087,organization,8,0,0
ORG_0088,organization,2,0,0
ORG_0089,organization,7,0,0
ORG_0090,organization,6,0,0
ORG_0091,organization,6,0,0
ORG_0092,organization,4,0,0
ORG_0093,organization,7,0,0
ORG_0094,organization,11,0,0
ORG_0095,organization,12,0,0
ORG_0096,organization,6,0,0
ORG_0097,organization,5,0,0
ORG_0098,organization,7,0,0
ORG_0099,organization,8,0,0
ORG_0100,organization,11,0,0
ORG_0101,organization,10,0,0
ORG_0102,organization,4,0,0
ORG_0103,organization,7,0,0
ORG_0104,organization,6,0,0
ORG_0105,organization,9,0,0
ORG_0106,organization,5,0,0
ORG_0107,organization,7,0,0
ORG_0108,organization,6,0,0
ORG_0109,organization,6,0,0
ORG_0110,organization,4,0,0
ORG_0111,organization,8,0,0
ORG_0112,organization,6,0,0
ORG_0113,organization,12,0,0
ORG_0114,organization,6,0,0
ORG_0115,organization,5,0,0
ORG_0116,organization,8,0,0
ORG_0117,organization,9,0,0
ORG_0118,organization,6,0,0
ORG_0119,organization,8,0,0
ORG_0120,organization,7,0,0
PER_0001,person,8,0,0
PER_0002,person,6,0,0
PER_0003,person,8,0,0
PER_0004,person,8,0,0
PER_0005,person,7,0,0
PER_0006,person,7,0,0
PER_0007,person,6,0,0
PER_0008,person,11,0,0
PER_0009,person,6,0,0
PER_0010,person,7,0,0
PER_0011,person,5,0,0
PER_0012,person,7,0,0
PER_0013,person,6,0,0
PER_0014,person,7,0,0
PER_0015,person,13,0,0
PER_0016,person,8,0,0
PER_0017,person,5,0,0
PER_0018,person,4,0,0
PER_0019,person,6,0,0
PER_0020,person,6,0,0
PER_0021,person,8,0,0
PER_0022,person,10,0,0
PER_0023,person,10,0,0
PER_0024,person,8,0,0
PER_0025,person,7,0,0
PER_0026,person,7,0,0
PER_0027,person,8,0,0
PER_0028,person,6,0,0
PER_0029,person,11,0,0
PER_0030,person,6,0,0
PER_0031,person,7,0,0
PER_0032,person,8,0,0
PER_0033,person,6,0,0
PER_0034,person,6,0,0
PER_0035,person,7,0,0
PER_0036,person,8,0,0
PER_0037,person,10,0,0
PER_0038,person,8,0,0
PER_0039,person,7,0,0
PER_0040,person,5,0,0
PER_0041,person,9,0,0
PER_0042,person,6,0,0
PER_0043,person,7,0,0
PER_0044,person,8,0,0
PER_0045,person,8,0,0
PER_0046,person,7,0,0
PER_0047,person,7,0,0
PER_0048,person,10,0,0
PER_0049,person,8,0,0
PER_0050,person,10,0,0
PER_0051,person,8,0,0
PER_0052,person,5,0,0
PER_0053,person,10,0,0
PER_0054,person,6,0,0
PER_0055,person,7,0,0
PER_0056,person,9,0,0
PER_0057,person,6,0,0
PER_0058,person,9,0,0
PER_0059,person,10,0,0
PER_0060,person,6,0,0
PER_0061,person,12,0,0
PER_0062,person,7,0,0
PER_0063,person,5,0,0
PER_0064,person,8,0,0
PER_0065,person,6,0,0
PER_0066,person,7,0,0
PER_0067,person,8,0,0
PER_0068,person,8,0,0
PER_0069,person,9,0,0
PER_0070,person,8,0,0
PER_0071,person,8,0,0
PER_0072,person,7,0,0
PER_0073,person,8,0,0
PER_0074,person,6,0,0
PER_0075,person,8,0,0
PER_0076,person,7,0,0
PER_0077,person,6,0,0
PER_0078,person,10,0,0
PER_0079,person,8,0,0
PER_0080,person,9,0,0
PER_0081,person,7,0,0
PER_0082,person,5,0,0
PER_0083,person,7,0,0
PER_0084,person,5,0,0
PER_0085,person,5,0,0
PER_0086,person,6,0,0
PER_0087,person,10,0,0
PER_0088,person,6,0,0
PER_0089,person,9,0,0
PER_0090,person,6,0,0
PER_0091,person,7,0,0
PER_0092,person,7,0,0
PER_0093,person,5,0,0
PER_0094,person,4,0,0
PER_0095,person,9,0,0
PER_0096,person,6,0,0
PER_0097,person,8,0,0
PER_0098,person,5,0,0
PER_0099,person,8,0,0
PER_0100,person,7,0,0
PER_0101,person,10,0,0
PER_0102,person,7,0,0
PER_0103,person,9,0,0
PER_0104,person,9,0,0
PER_0105,person,6,0,0
PER_0106,person,8,0,0
PER_0107,person,9,0,0
PER_0108,person,10,0,0
PER_0109,person,5,0,0
PER_0110,person,10,0,0
PER_0111,person,11,0,0
PER_0112,person,5,0,0
PER_0113,person,7,0,0
PER_0114,person,7,0,0
PER_0115,person,7,0,0
PER_0116,person,8,0,0
PER_0117,person,6,0,0
PER_0118,person,9,0,0
PER_0119,person,8,0,0
PER_0120,person,6,0,0
PER_0121,person,7,0,0
PER_0122,person,6,0,0
PER_0123,person,6,0,0
PER_0124,person,7,0,0
PER_0125,person,9,0,0
PER_0126,person,7,0,0
PER_0127,person,7,0,0
PER_0128,person,7,0,0
PER_0129,person,7,0,0
PER_0130,person,7,0,0
PER_0131,person,8,0,0
PER_0132,person,8,0,0
PER_0133,person,6,0,0
PER_0134,person,8,0,0
PER_0135,person,8,0,0
PER_0136,person,6,0,0
PER_0137,person,7,0,0
PER_0138,person,6,0,0
PER_0139,person,5,0,0
PER_0140,person,4,0,0
PER_0141,person,6,0,0
PER_0142,person,8,0,0
PER_0143,person,10,0,0
PER_0144,person,6,0,0
PER_0145,person,9,0,0
PER_0146,person,5,0,0
PER_0147,person,5,0,0
PER_0148,person,8,0,0
PER_0149,person,6,0,0
PER_0150,person,7,0,0
PER_0151,person,8,0,0
PER_0152,person,8,0,0
PER_0153,person,8,0,0
PER_0154,person,8,0,0
PER_0155,person,8,0,0
PER_0156,person,8,0,0
PER_0157,person,9,0,0
PER_0158,person,5,0,0
PER_0159,person,7,0,0
PER_0160,person,8,0,0
PER_0161,person,8,0,0
PER_0162,person,5,0,0
PER_0163,person,9,0,0
PER_0164,person,7,0,0
PER_0165,person,7,0,0
PER_0166,person,9,0,0
PER_0167,person,6,0,0
PER_0168,person,7,0,0
PER_0169,person,7,0,0
PER_0170,person,13,0,0
PER_0171,person,8,0,0
PER_0172,person,10,0,0
PER_0173,person,5,0,0
PER_0174,person,8,0,0
PER_0175,person,8,0,0
PER_0176,person,7,0,0
PER_0177,person,4,0,0
PER_0178,person,8,0,0
PER_0179,person,6,0,0
PER_0180,person,5,0,0
PER_0181,person,6,0,0
PER_0182,person,6,0,0
PER_0183,person,8,0,0
PER_0184,person,7,0,0
PER_0185,person,7,0,0
PER_0186,person,7,0,0
PER_0187,person,8,0,0
PER_0188,person,9,0,0
PER_0189,person,9,0,0
PER_0190,person,5,0,0
PER_0191,person,6,0,0
PER_0192,person,8,0,0
PER_0193,person,4,0,0
PER_0194,person,12,0,0
PER_0195,person,8,0,0
PER_0196,person,9,0,0
PER_0197,person,5,0,0
PER_0198,person,6,0,0
PER_0199,person,6,0,0
PER_0200,person,8,0,0
PER_0201,person,6,0,0
PER_0202,person,8,0,0
PER_0203,person,5,0,0
PER_0204,person,6,0,0
PER_0205,person,6,0,0
PER_0206,person,8,0,0
PER_0207,person,7,0,0
PER_0208,person,10,0,0
PER_0209,person,5,0,0
PER_0210,person,8,0,0
PER_0211,person,10,0,0
PER_0212,person,6,0,0
PER_0213,person,9,0,0
PER_0214,person,7,0,0
PER_0215,person,8,0,0
PER_0216,person,8,0,0
PER_0217,person,8,0,0
PER_0218,person,8,0,0
PER_0219,person,7,0,0
PER_0220,person,7,0,0
PER_0221,person,7,0,0
PER_0222,person,7,0,0
PER_0223,person,8,0,0
PER_0224,person,7,0,0
PER_0225,person,7,0,0
PER_0226,person,7,0,0
PER_0227,person,6,0,0
PER_0228,person,8,0,0
PER_0229,person,9,0,0
PER_0230,person,6,0,0
PER_0231,person,6,0,0
PER_0232,person,6,0,0
PER_0233,person,7,0,0
PER_0234,person,7,0,0
PER_0235,person,7,0,0
PER_0236,person,8,0,0
PER_0237,person,8,0,0
PER_0238,person,9,0,0
PER_0239,person,7,0,0
PER_0240,person,9,0,0
PER_0241,person,11,0,0
PER_0242,person,9,0,0
PER_0243,person,7,0,0
PER_0244,person,9,0,0
PER_0245,person,9,0,0
PER_0246,person,9,0,0
PER_0247,person,9,0,0
PER_0248,person,9,0,0
PER_0249,person,11,0,0
PER_0250,person,7,0,0
PER_0251,person,6,0,0
PER_0252,person,8,0,0
PER_0253,person,8,0,0
PER_0254,person,9,0,0
PER_0255,person,9,0,0
PER_0256,person,7,0,0
PER_0257,person,6,0,0
PER_0258,person,13,0,0
PER_0259,person,6,0,0
PER_0260,person,7,0,0
PER_0261,person,7,0,0
PER_0262,person,7,0,0
PER_0263,person,7,0,0
PER_0264,person,9,0,0
PER_0265,person,8,0,0
PER_0266,person,6,0,0
PER_0267,person,9,0,0
PER_0268,person,9,0,0
PER_0269,person,7,0,0
PER_0270,person,10,0,0
PER_0271,person,8,0,0
PER_0272,person,8,0,0
PER_0273,person,7,0,0
PER_0274,person,7,0,0
PER_0275,person,6,0,0
PER_0276,person,4,0,0
PER_0277,person,7,0,0
PER_0278,person,8,0,0
PER_0279,person,7,0,0
PER_0280,person,6,0,0
PER_0281,person,8,0,0
PER_0282,person,7,0,0
PER_0283,person,8,0,0
PER_0284,person,7,0,0
PER_0285,person,8,0,0
PER_0286,person,6,0,0
PER_0287,person,10,0,0
PER_0288,person,8,0,0
PER_0289,person,5,0,0
PER_0290,person,8,0,0
PER_0291,person,6,0,0
PER_0292,person,8,0,0
PER_0293,person,8,0,0
PER_0294,person,9,0,0
PER_0295,person,7,0,0
PER_0296,person,7,0,0
PER_0297,person,8,0,0
PER_0298,person,7,0,0
PER_0299,person,10,0,0
PER_0300,person,5,0,0
PER_0301,person,6,0,0
PER_0302,person,7,0,0
PER_0303,person,7,0,0
PER_0304,person,10,0,0
PER_0305,person,6,0,0
PER_0306,person,7,0,0
PER_0307,person,8,0,0
PER_0308,person,6,0,0
PER_0309,person,6,0,0
PER_0310,person,9,0,0
PER_0311,person,8,0,0
PER_0312,person,7,0,0
PER_0313,person,7,0,0
PER_0314,person,8,0,0
PER_0315,person,8,0,0
PER_0316,person,7,0,0
PER_0317,person,8,0,0
PER_0318,person,4,0,0
PER_0319,person,7,0,0
PER_0320,person,7,0,0
PER_0321,person,9,0,0
PER_0322,person,5,0,0
PER_0323,person,8,0,0
PER_0324,person,8,0,0
PER_0325,person,6,0,0
PER_0326,person,6,0,0
PER_0327,person,7,0,0
PER_0328,person,6,0,0
PER_0329,person,5,0,0
PER_0330,person,6,0,0
PER_0331,person,10,0,0
PER_0332,person,6,0,0
PER_0333,person,8,0,0
PER_0334,person,6,0,0
PER_0335,person,8,0,0
PER_0336,person,6,0,0
PER_0337,person,8,0,0
PER_0338,person,8,0,0
PER_0339,person,6,0,0
PER_0340,person,5,0,0
PER_0341,person,8,0,0
PER_0342,person,10,0,0
PER_0343,person,8,0,0
PER_0344,person,7,0,0
PER_0345,person,9,0,0
PER_0346,person,5,0,0
PER_0347,person,10,0,0
PER_0348,person,8,0,0
PER_0349,person,8,0,0
PER_0350,person,9,0,0
PER_0351,person,10,0,0
PER_0352,person,7,0,0
PER_0353,person,6,0,0
PER_0354,person,6,0,0
PER_0355,person,6,0,0
PER_0356,person,5,0,0
PER_0357,person,8,0,0
PER_0358,person,7,0,0
PER_0359,person,7,0,0
PER_0360,person,5,0,0
PER_0361,person,7,0,0
PER_0362,person,10,0,0
PER_0363,person,7,0,0
PER_0364,person,6,0,0
PER_0365,person,9,0,0
PER_0366,person,9,0,0
PER_0367,person,5,0,0
PER_0368,person,5,0,0
PER_0369,person,6,0,0
PER_0370,person,12,0,0
PER_0371,person,10,0,0
PER_0372,person,6,0,0
PER_0373,person,10,0,0
PER_0374,person,8,0,0
PER_0375,person,5,0,0
PER_0376,person,10,0,0
PER_0377,person,5,0,0
PER_0378,person,9,0,0
PER_0379,person,9,0,0
PER_0380,person,7,0,0
PER_0381,person,8,0,0
PER_0382,person,8,0,0
PER_0383,person,9,0,0
PER_0384,person,12,0,0
PER_0385,person,7,0,0
PER_0386,person,4,0,0
PER_0387,person,10,0,0
PER_0388,person,4,0,0
PER_0389,person,6,0,0
PER_0390,person,8,0,0
PER_0391,person,7,0,0
PER_0392,person,4,0,0
PER_0393,person,10,0,0
PER_0394,person,5,0,0
PER_0395,person,6,0,0
PER_0396,person,6,0,0
PER_0397,person,6,0,0
PER_0398,person,5,0,0
PER_0399,person,6,0,0
PER_0400,person,8,0,0
PER_0401,person,7,0,0
PER_0402,person,6,0,0
PER_0403,person,12,0,0
PER_0404,person,9,0,0
PER_0405,person,12,0,0
PER_0406,person,4,0,0
PER_0407,person,9,0,0
PER_0408,person,6,0,0
PER_0409,person,8,0,0
PER_0410,person,7,0,0
PER_0411,person,11,0,0
PER_0412,person,8,0,0
PER_0413,person,7,0,0
PER_0414,person,6,0,0
PER_0415,person,5,0,0
PER_0416,person,6,0,0
PER_0417,person,5,0,0
PER_0418,person,8,0,0
PER_0419,person,9,0,0
PER_0420,person,8,0,0
PER_0421,person,8,0,0
PER_0422,person,6,0,0
PER_0423,person,8,0,0
PER_0424,person,8,0,0
PER_0425,person,7,0,0
PER_0426,person,8,0,0
PER_0427,person,8,0,0
PER_0428,person,8,0,0
PER_0429,person,5,0,0
PER_0430,person,6,0,0
PER_0431,person,8,0,0
PER_0432,person,9,0,0
PER_0433,person,9,0,0
PER_0434,person,10,0,0
PER_0435,person,11,0,0
PER_0436,person,10,0,0
PER_0437,person,4,0,0
PER_0438,person,9,0,0
PER_0439,person,7,0,0
PER_0440,person,6,0,0
PER_0441,person,5,0,0
PER_0442,person,10,0,0
PER_0443,person,11,0,0
PER_0444,person,5,0,0
PER_0445,person,9,0,0
PER_0446,person,8,0,0
PER_0447,person,6,0,0
PER_0448,person,9,0,0
PER_0449,person,9,0,0
PER_0450,person,4,0,0
PER_0451,person,10,0,0
PER_0452,person,7,0,0
PER_0453,person,7,0,0
PER_0454,person,11,0,0
PER_0455,person,9,0,0
PER_0456,person,5,0,0
PER_0457,person,7,0,0
PER_0458,person,9,0,0
PER_0459,person,11,0,0
PER_0460,person,7,0,0
PER_0461,person,11,0,0
PER_0462,person,6,0,0
PER_0463,person,7,0,0
PER_0464,person,9,0,0
PER_0465,person,6,0,0
PER_0466,person,6,0,0
PER_0467,person,4,0,0
PER_0468,person,5,0,0
PER_0469,person,10,0,0
PER_0470,person,10,0,0
PER_0471,person,4,0,0
PER_0472,person,6,0,0
PER_0473,person,8,0,0
PER_0474,person,7,0,0
PER_0475,person,8,0,0
PER_0476,person,10,0,0
PER_0477,person,11,0,0
PER_0478,person,7,0,0
PER_0479,person,8,0,0
PER_0480,person,7,0,0
PER_0481,person,10,0,0
PER_0482,person,8,0,0
PER_0483,person,9,0,0
PER_0484,person,8,0,0
PER_0485,person,7,0,0
PER_0486,person,8,0,0
PER_0487,person,5,0,0
PER_0488,person,11,0,0
PER_0489,person,9,0,0
PER_0490,person,10,0,0
PER_0491,person,8,0,0
PER_0492,person,8,0,0
PER_0493,person,7,0,0
PER_0494,person,8,0,0
PER_0495,person,6,0,0
PER_0496,person,5,0,0
PER_0497,person,9,0,0
PER_0498,person,9,0,0
PER_0499,person,8,0,0
PER_0500,person,8,0,0
PER_0501,person,8,0,0
PER_0502,person,7,0,0
PER_0503,person,7,0,0
PER_0504,person,8,0,0
PER_0505,person,7,0,0
PER_0506,person,7,0,0
PER_0507,person,8,0,0
PER_0508,person,10,0,0
PER_0509,person,10,0,0
PER_0510,person,6,0,0
PER_0511,person,8,0,0
PER_0512,person,9,0,0
PER_0513,person,8,0,0
PER_0514,person,8,0,0
PER_0515,person,7,0,0
PER_0516,person,8,0,0
PER_0517,person,7,0,0
PER_0518,person,9,0,0
PER_0519,person,7,0,0
PER_0520,person,8,0,0
PER_0521,person,6,0,0
PER_0522,person,6,0,0
PER_0523,person,7,0,0
PER_0524,person,5,0,0
PER_0525,person,7,0,0
PER_0526,person,8,0,0
PER_0527,person,8,0,0
PER_0528,person,5,0,0
PER_0529,person,7,0,0
PER_0530,person,7,0,0
PER_0531,person,9,0,0
PER_0532,person,8,0,0
PER_0533,person,10,0,0
PER_0534,person,9,0,0
PER_0535,person,10,0,0
PER_0536,person,6,0,0
PER_0537,person,9,0,0
PER_0538,person,7,0,0
PER_0539,person,7,0,0
PER_0540,person,5,0,0
PER_0541,person,6,0,0
PER_0542,person,13,0,0
PER_0543,person,6,0,0
PER_0544,person,7,0,0
PER_0545,person,5,0,0
PER_0546,person,8,0,0
PER_0547,person,7,0,0
PER_0548,person,4,0,0
PER_0549,person,7,0,0
PER_0550,person,8,0,0
PER_0551,person,8,0,0
PER_0552,person,6,0,0
PER_0553,person,12,0,0
PER_0554,person,5,0,0
PER_0555,person,8,0,0
PER_0556,person,7,0,0
PER_0557,person,7,0,0
PER_0558,person,9,0,0
PER_0559,person,7,0,0
PER_0560,person,10,0,0
PER_0561,person,8,0,0
PER_0562,person,7,0,0
PER_0563,person,8,0,0
PER_0564,person,5,0,0
PER_0565,person,3,0,0
PER_0566,person,7,0,0
PER_0567,person,6,0,0
PER_0568,person,10,0,0
PER_0569,person,8,0,0
PER_0570,person,9,0,0
PER_0571,person,11,0,0
PER_0572,person,8,0,0
PER_0573,person,6,0,0
PER_0574,person,8,0,0
PER_0575,person,5,0,0
PER_0576,person,7,0,0
PER_0577,person,6,0,0
PER_0578,person,8,0,0
PER_0579,person,9,0,0
PER_0580,person,7,0,0
PER_0581,person,7,0,0
PER_0582,person,6,0,0
PER_0583,person,5,0,0
PER_0584,person,11,0,0
PER_0585,person,7,0,0
PER_0586,person,6,0,0
PER_0587,person,6,0,0
PER_0588,person,10,0,0
PER_0589,person,7,0,0
PER_0590,person,9,0,0
PER_0591,person,8,0,0
PER_0592,person,8,0,0
PER_0593,person,10,0,0
PER_0594,person,9,0,0
PER_0595,person,7,0,0
PER_0596,person,8,0,0
PER_0597,person,6,0,0
PER_0598,person,4,0,0
PER_0599,person,5,0,0
PER_0600,person,10,0,0
PER_0601,person,7,0,0
PER_0602,person,10,0,0
PER_0603,person,5,0,0
PER_0604,person,8,0,0
PER_0605,person,8,0,0
PER_0606,person,6,0,0
PER_0607,person,6,0,0
PER_0608,person,6,0,0
PER_0609,person,8,0,0
PER_0610,person,8,0,0
PER_0611,person,10,0,0
PER_0612,person,7,0,0
PER_0613,person,8,0,0
PER_0614,person,8,0,0
PER_0615,person,7,0,0
PER_0616,person,5,0,0
PER_0617,person,9,0,0
PER_0618,person,7,0,0
PER_0619,person,7,0,0
PER_0620,person,9,0,0
PER_0621,person,8,0,0
PER_0622,person,9,0,0
PER_0623,person,10,0,0
PER_0624,person,7,0,0
PER_0625,person,5,0,0
PER_0626,person,7,0,0
PER_0627,person,5,0,0
PER_0628,person,6,0,0
PER_0629,person,7,0,0
PER_0630,person,8,0,0
PER_0631,person,7,0,0
PER_0632,person,6,0,0
PER_0633,person,7,0,0
PER_0634,person,9,0,0
PER_0635,person,6,0,0
PER_0636,person,7,0,0
PER_0637,person,9,0,0
PER_0638,person,5,0,0
PER_0639,person,11,0,0
PER_0640,person,6,0,0
PER_0641,person,6,0,0
PER_0642,person,6,0,0
PER_0643,person,9,0,0
PER_0644,person,8,0,0
PER_0645,person,7,0,0
PER_0646,person,5,0,0
PER_0647,person,8,0,0
PER_0648,person,8,0,0
PER_0649,person,7,0,0
PER_0650,person,8,0,0
PER_0651,person,6,0,0
PER_0652,person,6,0,0
PER_0653,person,5,0,0
PER_0654,person,8,0,0
PER_0655,person,5,0,0
PER_0656,person,10,0,0
PER_0657,person,12,0,0
PER_0658,person,8,0,0
PER_0659,person,9,0,0
PER_0660,person,6,0,0
PER_0661,person,8,0,0
PER_0662,person,6,0,0
PER_0663,person,5,0,0
PER_0664,person,4,0,0
PER_0665,person,6,0,0
PER_0666,person,9,0,0
PER_0667,person,6,0,0
PER_0668,person,7,0,0
PER_0669,person,8,0,0
PER_0670,person,7,0,0
PER_0671,person,9,0,0
PER_0672,person,8,0,0
PER_0673,person,6,0,0
PER_0674,person,6,0,0
PER_0675,person,9,0,0
PER_0676,person,8,0,0
PER_0677,person,6,0,0
PER_0678,person,6,0,0
PER_0679,person,8,0,0
PER_0680,person,9,0,0
PER_0681,person,8,0,0
PER_0682,person,7,0,0
PER_0683,person,7,0,0
PER_0684,person,6,0,0
PER_0685,person,9,0,0
PER_0686,person,6,0,0
PER_0687,person,9,0,0
PER_0688,person,6,0,0
PER_0689,person,7,0,0
PER_0690,person,9,0,0
PER_0691,person,9,0,0
PER_0692,person,8,0,0
PER_0693,person,10,0,0
PER_0694,person,8,0,0
PER_0695,person,6,0,0
PER_0696,person,5,0,0
PER_0697,person,6,0,0
PER_0698,person,5,0,0
PER_0699,person,5,0,0
PER_0700,person,7,0,0
PER_0701,person,7,0,0
PER_0702,person,7,0,0
PER_0703,person,6,0,0
PER_0704,person,7,0,0
PER_0705,person,7,0,0
PER_0706,person,9,0,0
PER_0707,person,10,0,0
PER_0708,person,9,0,0
PER_0709,person,7,0,0
PER_0710,person,6,0,0
PER_0711,person,8,0,0
PER_0712,person,8,0,0
PER_0713,person,7,0,0
PER_0714,person,8,0,0
PER_0715,person,9,0,0
PER_0716,person,8,0,0
PER_0717,person,6,0,0
PER_0718,person,8,0,0
PER_0719,person,7,0,0
PER_0720,person,8,0,0
PER_0721,person,9,0,0
PER_0722,person,6,0,0
PER_0723,person,8,0,0
PER_0724,person,7,0,0
PER_0725,person,6,0,0
PER_0726,person,7,0,0
PER_0727,person,6,0,0
PER_0728,person,9,0,0
PER_0729,person,11,0,0
PER_0730,person,6,0,0
PER_0731,person,8,0,0
PER_0732,person,5,0,0
PER_0733,person,7,0,0
PER_0734,person,8,0,0
PER_0735,person,10,0,0
PER_0736,person,6,0,0
PER_0737,person,8,0,0
PER_0738,person,6,0,0
PER_0739,person,5,0,0
PER_0740,person,5,0,0
PER_0741,person,6,0,0
PER_0742,person,6,0,0
PER_0743,person,8,0,0
PER_0744,person,9,0,0
PER_0745,person,6,0,0
PER_0746,person,7,0,0
PER_0747,person,9,0,0
PER_0748,person,5,0,0
PER_0749,person,7,0,0
PER_0750,person,8,0,0
PER_0751,person,4,0,0
PER_0752,person,9,0,0
PER_0753,person,7,0,0
PER_0754,person,7,0,0
PER_0755,person,9,0,0
PER_0756,person,9,0,0
PER_0757,person,6,0,0
PER_0758,person,7,0,0
PER_0759,person,8,0,0
PER_0760,person,9,0,0
PER_0761,person,7,0,0
PER_0762,person,7,0,0
PER_0763,person,6,0,0
PER_0764,person,9,0,0
PER_0765,person,7,0,0
PER_0766,person,7,0,0
PER_0767,person,9,0,0
PER_0768,person,7,0,0
PER_0769,person,7,0,0
PER_0770,person,7,0,0
PER_0771,person,8,0,0
PER_0772,person,9,0,0
PER_0773,person,6,0,0
PER_0774,person,4,0,0
PER_0775,person,8,0,0
PER_0776,person,8,0,0
PER_0777,person,6,0,0
PER_0778,person,9,0,0
PER_0779,person,9,0,0
PER_0780,person,5,0,0
PER_0781,person,7,0,0
PER_0782,person,7,0,0
PER_0783,person,8,0,0
PER_0784,person,5,0,0
PER_0785,person,5,0,0
PER_0786,person,6,0,0
PER_0787,person,7,0,0
PER_0788,person,7,0,0
PER_0789,person,8,0,0
PER_0790,person,6,0,0
PER_0791,person,5,0,0
PER_0792,person,6,0,0
PER_0793,person,6,0,0
PER_0794,person,7,0,0
PER_0795,person,7,0,0
PER_0796,person,7,0,0
PER_0797,person,8,0,0
PER_0798,person,7,0,0
PER_0799,person,9,0,0
PER_0800,person,8,0,0
PER_0801,person,8,0,0
PER_0802,person,9,0,0
PER_0803,person,10,0,0
PER_0804,person,8,0,0
PER_0805,person,8,0,0
PER_0806,person,9,0,0
PER_0807,person,8,0,0
PER_0808,person,8,0,0
PER_0809,person,8,0,0
PER_0810,person,8,0,0
PER_0811,person,7,0,0
PER_0812,person,9,0,0
PER_0813,person,8,0,0
PER_0814,person,8,0,0
PER_0815,person,9,0,0
PER_0816,person,8,0,0
PER_0817,person,5,0,0
PER_0818,person,8,0,0
PER_0819,person,7,0,0
PER_0820,person,10,0,0
PER_0821,person,8,0,0
PER_0822,person,7,0,0
PER_0823,person,5,0,0
PER_0824,person,5,0,0
PER_0825,person,5,0,0
PER_0826,person,7,0,0
PER_0827,person,7,0,0
PER_0828,person,6,0,0
PER_0829,person,9,0,0
PER_0830,person,7,0,0
PER_0831,person,7,0,0
PER_0832,person,5,0,0
PER_0833,person,5,0,0
PER_0834,person,5,0,0
PER_0835,person,7,0,0
PER_0836,person,8,0,0
PER_0837,person,9,0,0
PER_0838,person,6,0,0
PER_0839,person,7,0,0
PER_0840,person,8,0,0
PER_0841,person,9,0,0
PER_0842,person,7,0,0
PER_0843,person,6,0,0
PER_0844,person,7,0,0
PER_0845,person,9,0,0
PER_0846,person,5,0,0
PER_0847,person,6,0,0
PER_0848,person,7,0,0
PER_0849,person,10,0,0
PER_0850,person,9,0,0
PER_0851,person,8,0,0
PER_0852,person,7,0,0
PER_0853,person,8,0,0
PER_0854,person,10,0,0
PER_0855,person,8,0,0
PER_0856,person,8,0,0
PER_0857,person,9,0,0
PER_0858,person,8,0,0
PER_0859,person,10,0,0
PER_0860,person,7,0,0
PER_0861,person,5,0,0
PER_0862,person,8,0,0
PER_0863,person,9,0,0
PER_0864,person,10,0,0
PER_0865,person,7,0,0
PER_0866,person,7,0,0
PER_0867,person,8,0,0
PER_0868,person,5,0,0
PER_0869,person,7,0,0
PER_0870,person,7,0,0
PER_0871,person,9,0,0
PER_0872,person,4,0,0
PER_0873,person,8,0,0
PER_0874,person,6,0,0
PER_0875,person,7,0,0
PER_0876,person,9,0,0
PER_0877,person,7,0,0
PER_0878,person,6,0,0
PER_0879,person,9,0,0
PER_0880,person,7,0,0
PER_0881,person,7,0,0
PER_0882,person,13,0,0
PER_0883,person,7,0,0
PER_0884,person,8,0,0
PER_0885,person,7,0,0
PER_0886,person,8,0,0
PER_0887,person,7,0,0
PER_0888,person,7,0,0
PER_0889,person,8,0,0
PER_0890,person,10,0,0
PER_0891,person,10,0,0
PER_0892,person,7,0,0
PER_0893,person,8,0,0
PER_0894,person,8,0,0
PER_0895,person,7,0,0
PER_0896,person,10,0,0
PER_0897,person,6,0,0
PER_0898,person,6,0,0
PER_0899,person,8,0,0
PER_0900,person,6,0,0
PER_0901,person,7,0,0
PER_0902,person,6,0,0
PER_0903,person,7,0,0
PER_0904,person,7,0,0
PER_0905,person,7,0,0
PER_0906,person,10,0,0
PER_0907,person,8,0,0
PER_0908,person,8,0,0
PER_0909,person,5,0,0
PER_0910,person,8,0,0
PER_0911,person,5,0,0
PER_0912,person,7,0,0
PER_0913,person,9,0,0
PER_0914,person,7,0,0
PER_0915,person,8,0,0
PER_0916,person,11,0,0
PER_0917,person,6,0,0
PER_0918,person,10,0,0
PER_0919,person,6,0,0
PER_0920,person,8,0,0
PER_0921,person,8,0,0
PER_0922,person,6,0,0
PER_0923,person,9,0,0
PER_0924,person,4,0,0
PER_0925,person,7,0,0
PER_0926,person,8,0,0
PER_0927,person,7,0,0
PER_0928,person,8,0,0
PER_0929,person,10,0,0
PER_0930,person,8,0,0
PER_0931,person,5,0,0
PER_0932,person,8,0,0
PER_0933,person,9,0,0
PER_0934,person,8,0,0
PER_0935,person,5,0,0
PER_0936,person,8,0,0
PER_0937,person,8,0,0
PER_0938,person,8,0,0
PER_0939,person,8,0,0
PER_0940,person,7,0,0
PER_0941,person,9,0,0
PER_0942,person,9,0,0
PER_0943,person,5,0,0
PER_0944,person,9,0,0
PER_0945,person,5,0,0
PER_0946,person,11,0,0
PER_0947,person,7,0,0
PER_0948,person,7,0,0
PER_0949,person,8,0,0
PER_0950,person,5,0,0
PER_0951,person,9,0,0
PER_0952,person,7,0,0
PER_0953,person,10,0,0
PER_0954,person,10,0,0
PER_0955,person,9,0,0
PER_0956,person,8,0,0
PER_0957,person,11,0,0
PER_0958,person,6,0,0
PER_0959,person,7,0,0
PER_0960,person,7,0,0
PER_0961,person,7,0,0
PER_0962,person,8,0,0
PER_0963,person,6,0,0
PER_0964,person,4,0,0
PER_0965,person,9,0,0
PER_0966,person,9,0,0
PER_0967,person,6,0,0
PER_0968,person,5,0,0
PER_0969,person,7,0,0
PER_0970,person,5,0,0
PER_0971,person,8,0,0
PER_0972,person,8,0,0
PER_0973,person,10,0,0
PER_0974,person,5,0,0
PER_0975,person,7,0,0
PER_0976,person,8,0,0
PER_0977,person,7,0,0
PER_0978,person,8,0,0
PER_0979,person,8,0,0
PER_0980,person,6,0,0
PER_0981,person,12,0,0
PER_0982,person,5,0,0
PER_0983,person,8,0,0
PER_0984,person,7,0,0
PER_0985,person,9,0,0
PER_0986,person,8,0,0
PER_0987,person,8,0,0
PER_0988,person,6,0,0
PER_0989,person,9,0,0
PER_0990,person,10,0,0
PER_0991,person,6,0,0
PER_0992,person,7,0,0
PER_0993,person,6,0,0
PER_0994,person,7,0,0
PER_0995,person,10,0,0
PER_0996,person,10,0,0
PER_0997,person,4,0,0
PER_0998,person,6,0,0
PER_0999,person,9,0,0
PER_1000,person,7,0,0
PH_0001,phone_number,7,7,0
PH_0002,phone_number,2,2,0
PH_0003,phone_number,10,8,0
PH_0004,phone_number,6,6,0
PH_0005,phone_number,11,9,0
PH_0006,phone_number,8,5,0
PH_0007,phone_number,15,13,0
PH_0008,phone_number,4,2,0
PH_0009,phone_number,6,6,0
PH_0010,phone_number,8,8,0
PH_0011,phone_number,5,4,0
PH_0012,phone_number,16,16,0
PH_0013,phone_number,10,6,0
PH_0014,phone_number,4,3,0
PH_0015,phone_number,11,10,0
PH_0016,phone_number,7,7,0
PH_0017,phone_number,10,8,0
PH_0018,phone_number,9,7,0
PH_0019,phone_number,2,0,0
PH_0020,phone_number,11,8,0
PH_0021,phone_number,5,4,0
PH_0022,phone_number,5,3,0
PH_0023,phone_number,9,6,0
PH_0024,phone_number,4,3,0
PH_0025,phone_number,8,5,0
PH_0026,phone_number,11,9,0
PH_0027,phone_number,8,6,0
PH_0028,phone_number,8,7,0
PH_0029,phone_number,11,10,0
PH_0030,phone_number,8,6,0
PH_0031,phone_number,11,7,0
PH_0032,phone_number,12,10,0
PH_0033,phone_number,9,8,0
PH_0034,phone_number,6,5,0
PH_0035,phone_number,4,3,0
PH_0036,phone_number,6,4,0
PH_0037,phone_number,13,12,0
PH_0038,phone_number,8,6,0
PH_0039,phone_number,8,7,0
PH_0040,phone_number,11,10,0
PH_0041,phone_number,13,12,0
PH_0042,phone_number,5,4,0
PH_0043,phone_number,9,9,0
PH_0044,phone_number,11,9,0
PH_0045,phone_number,9,7,0
PH_0046,phone_number,7,7,0
PH_0047,phone_number,11,9,0
PH_0048,phone_number,16,14,0
PH_0049,phone_number,9,8,0
PH_0050,phone_number,6,4,0
PH_0051,phone_number,11,10,0
PH_0052,phone_number,4,4,0
PH_0053,phone_number,9,7,0
PH_0054,phone_number,8,7,0
PH_0055,phone_number,11,10,0
PH_0056,phone_number,10,8,0
PH_0057,phone_number,6,6,0
PH_0058,phone_number,7,6,0
PH_0059,phone_number,7,7,0
PH_0060,phone_number,9,9,0
PH_0061,phone_number,11,8,0
PH_0062,phone_number,7,4,0
PH_0063,phone_number,8,6,0
PH_0064,phone_number,10,9,0
PH_0065,phone_number,6,5,0
PH_0066,phone_number,11,10,0
PH_0067,phone_number,9,6,0
PH_0068,phone_number,10,8,0
PH_0069,phone_number,15,12,0
PH_0070,phone_number,7,5,0
PH_0071,phone_number,7,5,0
PH_0072,phone_number,8,6,0
PH_0073,phone_number,6,5,0
PH_0074,phone_number,11,11,0
PH_0075,phone_number,4,3,0
PH_0076,phone_number,9,9,0
PH_0077,phone_number,13,12,0
PH_0078,phone_number,3,3,0
PH_0079,phone_number,8,7,0
PH_0080,phone_number,6,6,0
PH_0081,phone_number,6,5,0
PH_0082,phone_number,6,5,0
PH_0083,phone_number,7,7,0
PH_0084,phone_number,7,4,0
PH_0085,phone_number,7,4,0
PH_0086,phone_number,8,6,0
PH_0087,phone_number,13,11,0
PH_0088,phone_number,9,7,0
PH_0089,phone_number,11,10,0
PH_0090,phone_number,8,7,0
PH_0091,phone_number,5,5,0
PH_0092,phone_number,7,5,0
PH_0093,phone_number,9,8,0
PH_0094,phone_number,9,7,0
PH_0095,phone_number,5,5,0
PH_0096,phone_number,11,10,0
PH_0097,phone_number,10,9,0
PH_0098,phone_number,8,7,0
PH_0099,phone_number,4,4,0
PH_0100,phone_number,6,4,0
PH_0101,phone_number,7,6,0
PH_0102,phone_number,8,8,0
PH_0103,phone_number,11,9,0
PH_0104,phone_number,11,7,0
PH_0105,phone_number,8,8,0
PH_0106,phone_number,7,7,0
PH_0107,phone_number,9,9,0
PH_0108,phone_number,12,8,0
PH_0109,phone_number,11,10,0
PH_0110,phone_number,11,10,0
PH_0111,phone_number,7,7,0
PH_0112,phone_number,10,10,0
PH_0113,phone_number,10,9,0
PH_0114,phone_number,8,8,0
PH_0115,phone_number,12,12,0
PH_0116,phone_number,9,7,0
PH_0117,phone_number,5,5,0
PH_0118,phone_number,9,7,0
PH_0119,phone_number,9,8,0
PH_0120,phone_number,7,6,0
PH_0121,phone_number,11,10,0
PH_0122,phone_number,10,9,0
PH_0123,phone_number,11,9,0
PH_0124,phone_number,8,8,0
PH_0125,phone_number,9,7,0
PH_0126,phone_number,12,10,0
PH_0127,phone_number,7,6,0
PH_0128,phone_number,6,5,0
PH_0129,phone_number,5,4,0
PH_0130,phone_number,6,5,0
PH_0131,phone_number,9,7,0
PH_0132,phone_number,11,11,0
PH_0133,phone_number,12,10,0
PH_0134,phone_number,5,4,0
PH_0135,phone_number,12,12,0
PH_0136,phone_number,12,10,0
PH_0137,phone_number,5,5,0
PH_0138,phone_number,5,4,0
PH_0139,phone_number,9,7,0
PH_0140,phone_number,8,8,0
PH_0141,phone_number,6,4,0
PH_0142,phone_number,11,10,0
PH_0143,phone_number,8,6,0
PH_0144,phone_number,6,5,0
PH_0145,phone_number,5,5,0
PH_0146,phone_number,10,8,0
PH_0147,phone_number,9,8,0
PH_0148,phone_number,4,4,0
PH_0149,phone_number,6,5,0
PH_0150,phone_number,5,3,0
PH_0151,phone_number,9,7,0
PH_0152,phone_number,5,5,0
PH_0153,phone_number,8,8,0
PH_0154,phone_number,11,10,0
PH_0155,phone_number,9,7,0
PH_0156,phone_number,6,5,0
PH_0157,phone_number,11,9,0
PH_0158,phone_number,11,10,0
PH_0159,phone_number,10,9,0
PH_0160,phone_number,14,13,0
PH_0161,phone_number,11,10,0
PH_0162,phone_number,5,3,0
PH_0163,phone_number,13,13,0
PH_0164,phone_number,5,4,0
PH_0165,phone_number,6,4,0
PH_0166,phone_number,6,6,0
PH_0167,phone_number,8,7,0
PH_0168,phone_number,12,11,0
PH_0169,phone_number,11,9,0
PH_0170,phone_number,9,8,0
PH_0171,phone_number,9,9,0
PH_0172,phone_number,13,11,0
PH_0173,phone_number,8,7,0
PH_0174,phone_number,6,6,0
PH_0175,phone_number,10,9,0
PH_0176,phone_number,5,4,0
PH_0177,phone_number,3,3,0
PH_0178,phone_number,13,11,0
PH_0179,phone_number,8,5,0
PH_0180,phone_number,6,6,0
PH_0181,phone_number,10,10,0
PH_0182,phone_number,6,5,0
PH_0183,phone_number,5,5,0
PH_0184,phone_number,10,7,0
PH_0185,phone_number,4,4,0
PH_0186,phone_number,9,7,0
PH_0187,phone_number,5,5,0
PH_0188,phone_number,8,8,0
PH_0189,phone_number,6,6,0
PH_0190,phone_number,8,8,0
PH_0191,phone_number,6,3,0
PH_0192,phone_number,7,6,0
PH_0193,phone_number,11,10,0
PH_0194,phone_number,7,5,0
PH_0195,phone_number,8,8,0
PH_0196,phone_number,9,5,0
PH_0197,phone_number,14,12,0
PH_0198,phone_number,13,12,0
PH_0199,phone_number,8,7,0
PH_0200,phone_number,6,6,0
PH_0201,phone_number,9,9,0
PH_0202,phone_number,5,3,0
PH_0203,phone_number,10,7,0
PH_0204,phone_number,8,8,0
PH_0205,phone_number,12,10,0
PH_0206,phone_number,11,10,0
PH_0207,phone_number,6,4,0
PH_0208,phone_number,10,7,0
PH_0209,phone_number,6,6,0
PH_0210,phone_number,15,15,0
PH_0211,phone_number,7,6,0
PH_0212,phone_number,11,11,0
PH_0213,phone_number,15,14,0
PH_0214,phone_number,9,8,0
PH_0215,phone_number,12,11,0
PH_0216,phone_number,4,3,0
PH_0217,phone_number,11,10,0
PH_0218,phone_number,8,5,0
PH_0219,phone_number,9,9,0
PH_0220,phone_number,9,6,0
PH_0221,phone_number,7,6,0
PH_0222,phone_number,11,11,0
PH_0223,phone_number,6,5,0
PH_0224,phone_number,6,6,0
PH_0225,phone_number,14,12,0
PH_0226,phone_number,4,4,0
PH_0227,phone_number,6,6,0
PH_0228,phone_number,10,8,0
PH_0229,phone_number,15,14,0
PH_0230,phone_number,12,8,0
PH_0231,phone_number,8,8,0
PH_0232,phone_number,6,5,0
PH_0233,phone_number,8,8,0
PH_0234,phone_number,4,3,0
PH_0235,phone_number,11,8,0
PH_0236,phone_number,7,7,0
PH_0237,phone_number,7,7,0
PH_0238,phone_number,10,10,0
PH_0239,phone_number,8,7,0
PH_0240,phone_number,9,8,0
PH_0241,phone_number,12,10,0
PH_0242,phone_number,5,5,0
PH_0243,phone_number,10,8,0
PH_0244,phone_number,7,7,0
PH_0245,phone_number,6,6,0
PH_0246,phone_number,9,9,0
PH_0247,phone_number,3,3,0
PH_0248,phone_number,13,13,0
PH_0249,phone_number,6,4,0
PH_0250,phone_number,5,5,0
PH_0251,phone_number,10,7,0
PH_0252,phone_number,9,9,0
PH_0253,phone_number,9,6,0
PH_0254,phone_number,3,3,0
PH_0255,phone_number,5,4,0
PH_0256,phone_number,3,3,0
PH_0257,phone_number,9,7,0
PH_0258,phone_number,7,6,0
PH_0259,phone_number,4,2,0
PH_0260,phone_number,12,10,0
PH_0261,phone_number,11,9,0
PH_0262,phone_number,13,12,0
PH_0263,phone_number,3,2,0
PH_0264,phone_number,11,9,0
PH_0265,phone_number,4,4,0
PH_0266,phone_number,8,6,0
PH_0267,phone_number,7,5,0
PH_0268,phone_number,6,6,0
PH_0269,phone_number,5,3,0
PH_0270,phone_number,10,8,0
PH_0271,phone_number,11,8,0
PH_0272,phone_number,11,9,0
PH_0273,phone_number,8,6,0
PH_0274,phone_number,11,11,0
PH_0275,phone_number,7,5,0
PH_0276,phone_number,10,7,0
PH_0277,phone_number,7,5,0
PH_0278,phone_number,13,10,0
PH_0279,phone_number,6,3,0
PH_0280,phone_number,11,10,0
PH_0281,phone_number,4,3,0
PH_0282,phone_number,9,7,0
PH_0283,phone_number,7,7,0
PH_0284,phone_number,11,9,0
PH_0285,phone_number,8,7,0
PH_0286,phone_number,9,7,0
PH_0287,phone_number,5,5,0
PH_0288,phone_number,13,12,0
PH_0289,phone_number,7,5,0
PH_0290,phone_number,10,10,0
PH_0291,phone_number,10,8,0
PH_0292,phone_number,7,7,0
PH_0293,phone_number,5,4,0
PH_0294,phone_number,7,6,0
PH_0295,phone_number,12,11,0
PH_0296,phone_number,7,5,0
PH_0297,phone_number,8,8,0
PH_0298,phone_number,4,4,0
PH_0299,phone_number,7,7,0
PH_0300,phone_number,7,7,0
PH_0301,phone_number,10,7,0
PH_0302,phone_number,8,5,0
PH_0303,phone_number,8,7,0
PH_0304,phone_number,7,6,0
PH_0305,phone_number,7,7,0
PH_0306,phone_number,7,6,0
PH_0307,phone_number,9,9,0
PH_0308,phone_number,9,7,0
PH_0309,phone_number,7,6,0
PH_0310,phone_number,5,4,0
PH_0311,phone_number,7,6,0
PH_0312,phone_number,4,3,0
PH_0313,phone_number,6,5,0
PH_0314,phone_number,2,1,0
PH_0315,phone_number,15,12,0
PH_0316,phone_number,12,8,0
PH_0317,phone_number,5,5,0
PH_0318,phone_number,7,7,0
PH_0319,phone_number,13,12,0
PH_0320,phone_number,8,8,0
PH_0321,phone_number,10,9,0
PH_0322,phone_number,5,5,0
PH_0323,phone_number,4,3,0
PH_0324,phone_number,5,3,0
PH_0325,phone_number,7,7,0
PH_0326,phone_number,7,5,0
PH_0327,phone_number,6,5,0
PH_0328,phone_number,10,7,0
PH_0329,phone_number,10,8,0
PH_0330,phone_number,6,4,0
PH_0331,phone_number,7,7,0
PH_0332,phone_number,14,14,0
PH_0333,phone_number,11,9,0
PH_0334,phone_number,6,5,0
PH_0335,phone_number,10,9,0
PH_0336,phone_number,9,8,0
PH_0337,phone_number,9,8,0
PH_0338,phone_number,11,11,0
PH_0339,phone_number,6,5,0
PH_0340,phone_number,10,7,0
PH_0341,phone_number,12,10,0
PH_0342,phone_number,5,4,0
PH_0343,phone_number,6,6,0
PH_0344,phone_number,9,8,0
PH_0345,phone_number,9,8,0
PH_0346,phone_number,7,6,0
PH_0347,phone_number,5,4,0
PH_0348,phone_number,14,11,0
PH_0349,phone_number,8,7,0
PH_0350,phone_number,11,10,0
PH_0351,phone_number,6,6,0
PH_0352,phone_number,5,3,0
PH_0353,phone_number,10,9,0
PH_0354,phone_number,11,9,0
PH_0355,phone_number,15,14,0
PH_0356,phone_number,6,4,0
PH_0357,phone_number,6,5,0
PH_0358,phone_number,7,7,0
PH_0359,phone_number,4,4,0
PH_0360,phone_number,12,10,0
PH_0361,phone_number,8,8,0
PH_0362,phone_number,14,14,0
PH_0363,phone_number,9,8,0
PH_0364,phone_number,6,5,0
PH_0365,phone_number,11,10,0
PH_0366,phone_number,7,6,0
PH_0367,phone_number,7,7,0
PH_0368,phone_number,11,11,0
PH_0369,phone_number,10,9,0
PH_0370,phone_number,9,8,0
PH_0371,phone_number,14,11,0
PH_0372,phone_number,6,6,0
PH_0373,phone_number,2,2,0
PH_0374,phone_number,10,9,0
PH_0375,phone_number,4,4,0
PH_0376,phone_number,13,9,0
PH_0377,phone_number,9,7,0
PH_0378,phone_number,3,2,0
PH_0379,phone_number,6,6,0
PH_0380,phone_number,9,7,0
PH_0381,phone_number,12,8,0
PH_0382,phone_number,11,9,0
PH_0383,phone_number,4,4,0
PH_0384,phone_number,10,9,0
PH_0385,phone_number,8,8,0
PH_0386,phone_number,11,11,0
PH_0387,phone_number,5,5,0
PH_0388,phone_number,3,2,0
PH_0389,phone_number,3,3,0
PH_0390,phone_number,4,4,0
PH_0391,phone_number,5,5,0
PH_0392,phone_number,6,6,0
PH_0393,phone_number,6,6,0
PH_0394,phone_number,12,12,0
PH_0395,phone_number,12,9,0
PH_0396,phone_number,7,6,0
PH_0397,phone_number,8,7,0
PH_0398,phone_number,5,4,0
PH_0399,phone_number,5,5,0
PH_0400,phone_number,9,9,0
PH_0401,phone_number,12,11,0
PH_0402,phone_number,13,12,0
PH_0403,phone_number,8,6,0
PH_0404,phone_number,5,5,0
PH_0405,phone_number,7,5,0
PH_0406,phone_number,7,5,0
PH_0407,phone_number,6,5,0
PH_0408,phone_number,5,5,0
PH_0409,phone_number,7,7,0
PH_0410,phone_number,12,8,0
PH_0411,phone_number,7,6,0
PH_0412,phone_number,5,5,0
PH_0413,phone_number,12,8,0
PH_0414,phone_number,9,8,0
PH_0415,phone_number,2,2,0
PH_0416,phone_number,7,7,0
PH_0417,phone_number,8,6,0
PH_0418,phone_number,6,5,0
PH_0419,phone_number,5,5,0
PH_0420,phone_number,9,8,0
PH_0421,phone_number,8,7,0
PH_0422,phone_number,9,6,0
PH_0423,phone_number,11,9,0
PH_0424,phone_number,7,4,0
PH_0425,phone_number,10,8,0
PH_0426,phone_number,13,12,0
PH_0427,phone_number,9,6,0
PH_0428,phone_number,9,8,0
PH_0429,phone_number,4,3,0
PH_0430,phone_number,15,12,0
PH_0431,phone_number,7,6,0
PH_0432,phone_number,8,8,0
PH_0433,phone_number,7,7,0
PH_0434,phone_number,6,6,0
PH_0435,phone_number,10,8,0
PH_0436,phone_number,12,9,0
PH_0437,phone_number,11,10,0
PH_0438,phone_number,9,7,0
PH_0439,phone_number,6,5,0
PH_0440,phone_number,9,8,0
PH_0441,phone_number,7,6,0
PH_0442,phone_number,10,9,0
PH_0443,phone_number,10,7,0
PH_0444,phone_number,12,11,0
PH_0445,phone_number,8,8,0
PH_0446,phone_number,11,10,0
PH_0447,phone_number,10,8,0
PH_0448,phone_number,6,5,0
PH_0449,phone_number,16,11,0
PH_0450,phone_number,7,7,0
PH_0451,phone_number,7,7,0
PH_0452,phone_number,8,8,0
PH_0453,phone_number,5,5,0
PH_0454,phone_number,4,4,0
PH_0455,phone_number,5,5,0
PH_0456,phone_number,13,10,0
PH_0457,phone_number,15,14,0
PH_0458,phone_number,11,10,0
PH_0459,phone_number,8,6,0
PH_0460,phone_number,9,8,0
PH_0461,phone_number,9,9,0
PH_0462,phone_number,6,4,0
PH_0463,phone_number,8,6,0
PH_0464,phone_number,5,5,0
PH_0465,phone_number,5,4,0
PH_0466,phone_number,9,7,0
PH_0467,phone_number,7,6,0
PH_0468,phone_number,8,8,0
PH_0469,phone_number,7,7,0
PH_0470,phone_number,6,5,0
PH_0471,phone_number,9,9,0
PH_0472,phone_number,8,7,0
PH_0473,phone_number,7,7,0
PH_0474,phone_number,7,5,0
PH_0475,phone_number,4,4,0
PH_0476,phone_number,8,6,0
PH_0477,phone_number,11,9,0
PH_0478,phone_number,8,6,0
PH_0479,phone_number,9,8,0
PH_0480,phone_number,9,9,0
PH_0481,phone_number,11,9,0
PH_0482,phone_number,14,12,0
PH_0483,phone_number,6,6,0
PH_0484,phone_number,7,7,0
PH_0485,phone_number,10,7,0
PH_0486,phone_number,5,5,0
PH_0487,phone_number,3,3,0
PH_0488,phone_number,5,3,0
PH_0489,phone_number,12,11,0
PH_0490,phone_number,10,10,0
PH_0491,phone_number,6,5,0
PH_0492,phone_number,12,10,0
PH_0493,phone_number,9,8,0
PH_0494,phone_number,9,9,0
PH_0495,phone_number,10,8,0
PH_0496,phone_number,10,10,0
PH_0497,phone_number,7,6,0
PH_0498,phone_number,6,5,0
PH_0499,phone_number,7,6,0
PH_0500,phone_number,6,5,0
PH_0501,phone_number,2,1,0
PH_0502,phone_number,6,4,0
PH_0503,phone_number,9,7,0
PH_0504,phone_number,10,8,0
PH_0505,phone_number,8,6,0
PH_0506,phone_number,11,10,0
PH_0507,phone_number,12,11,0
PH_0508,phone_number,5,4,0
PH_0509,phone_number,7,6,0
PH_0510,phone_number,11,8,0
PH_0511,phone_number,8,6,0
PH_0512,phone_number,9,8,0
PH_0513,phone_number,6,6,0
PH_0514,phone_number,5,5,0
PH_0515,phone_number,9,6,0
PH_0516,phone_number,9,7,0
PH_0517,phone_number,8,8,0
PH_0518,phone_number,7,7,0
PH_0519,phone_number,4,4,0
PH_0520,phone_number,7,6,0
PH_0521,phone_number,9,8,0
PH_0522,phone_number,9,8,0
PH_0523,phone_number,7,7,0
PH_0524,phone_number,9,5,0
PH_0525,phone_number,13,13,0
PH_0526,phone_number,10,9,0
PH_0527,phone_number,7,7,0
PH_0528,phone_number,11,8,0
PH_0529,phone_number,9,7,0
PH_0530,phone_number,13,12,0
PH_0531,phone_number,6,4,0
PH_0532,phone_number,12,7,0
PH_0533,phone_number,12,9,0
PH_0534,phone_number,18,17,0
PH_0535,phone_number,9,9,0
PH_0536,phone_number,11,11,0
PH_0537,phone_number,8,7,0
PH_0538,phone_number,12,9,0
PH_0539,phone_number,9,9,0
PH_0540,phone_number,9,7,0
PH_0541,phone_number,7,7,0
PH_0542,phone_number,4,4,0
PH_0543,phone_number,9,9,0
PH_0544,phone_number,8,7,0
PH_0545,phone_number,7,6,0
PH_0546,phone_number,9,9,0
PH_0547,phone_number,5,4,0
PH_0548,phone_number,4,3,0
PH_0549,phone_number,12,10,0
PH_0550,phone_number,5,5,0
PH_0551,phone_number,9,9,0
PH_0552,phone_number,10,9,0
PH_0553,phone_number,6,6,0
PH_0554,phone_number,10,7,0
PH_0555,phone_number,6,3,0
PH_0556,phone_number,13,10,0
PH_0557,phone_number,10,9,0
PH_0558,phone_number,8,7,0
PH_0559,phone_number,10,9,0
PH_0560,phone_number,5,5,0
PH_0561,phone_number,4,4,0
PH_0562,phone_number,11,10,0
PH_0563,phone_number,8,8,0
PH_0564,phone_number,3,3,0
PH_0565,phone_number,7,5,0
PH_0566,phone_number,6,6,0
PH_0567,phone_number,8,6,0
PH_0568,phone_number,11,11,0
PH_0569,phone_number,5,3,0
PH_0570,phone_number,10,10,0
PH_0571,phone_number,12,8,0
PH_0572,phone_number,8,8,0
PH_0573,phone_number,10,10,0
PH_0574,phone_number,13,12,0
PH_0575,phone_number,11,9,0
PH_0576,phone_number,4,3,0
PH_0577,phone_number,9,8,0
PH_0578,phone_number,8,7,0
PH_0579,phone_number,3,3,0
PH_0580,phone_number,9,6,0
PH_0581,phone_number,7,5,0
PH_0582,phone_number,5,5,0
PH_0583,phone_number,7,7,0
PH_0584,phone_number,7,6,0
PH_0585,phone_number,12,12,0
PH_0586,phone_number,5,4,0
PH_0587,phone_number,7,6,0
PH_0588,phone_number,11,11,0
PH_0589,phone_number,6,5,0
PH_0590,phone_number,7,6,0
PH_0591,phone_number,9,8,0
PH_0592,phone_number,9,7,0
PH_0593,phone_number,14,12,0
PH_0594,phone_number,7,6,0
PH_0595,phone_number,11,10,0
PH_0596,phone_number,17,16,0
PH_0597,phone_number,7,7,0
PH_0598,phone_number,6,5,0
PH_0599,phone_number,9,9,0
PH_0600,phone_number,10,8,0
PH_0601,phone_number,14,12,0
PH_0602,phone_number,10,8,0
PH_0603,phone_number,6,6,0
PH_0604,phone_number,10,10,0
PH_0605,phone_number,12,9,0
PH_0606,phone_number,4,4,0
PH_0607,phone_number,3,2,0
PH_0608,phone_number,4,2,0
PH_0609,phone_number,6,5,0
PH_0610,phone_number,6,6,0
PH_0611,phone_number,8,7,0
PH_0612,phone_number,10,9,0
PH_0613,phone_number,10,9,0
PH_0614,phone_number,11,9,0
PH_0615,phone_number,10,7,0
PH_0616,phone_number,14,13,0
PH_0617,phone_number,7,6,0
PH_0618,phone_number,11,8,0
PH_0619,phone_number,4,4,0
PH_0620,phone_number,5,3,0
PH_0621,phone_number,6,6,0
PH_0622,phone_number,5,5,0
PH_0623,phone_number,7,7,0
PH_0624,phone_number,8,7,0
PH_0625,phone_number,8,6,0
PH_0626,phone_number,9,9,0
PH_0627,phone_number,12,12,0
PH_0628,phone_number,6,6,0
PH_0629,phone_number,5,3,0
PH_0630,phone_number,14,13,0
PH_0631,phone_number,6,6,0
PH_0632,phone_number,9,9,0
PH_0633,phone_number,7,7,0
PH_0634,phone_number,13,12,0
PH_0635,phone_number,11,8,0
PH_0636,phone_number,11,11,0
PH_0637,phone_number,10,9,0
PH_0638,phone_number,7,6,0
PH_0639,phone_number,9,8,0
PH_0640,phone_number,7,6,0
PH_0641,phone_number,3,3,0
PH_0642,phone_number,10,10,0
PH_0643,phone_number,9,8,0
PH_0644,phone_number,4,4,0
PH_0645,phone_number,11,10,0
PH_0646,phone_number,8,6,0
PH_0647,phone_number,5,4,0
PH_0648,phone_number,6,5,0
PH_0649,phone_number,6,6,0
PH_0650,phone_number,9,9,0
PH_0651,phone_number,10,9,0
PH_0652,phone_number,14,10,0
PH_0653,phone_number,4,1,0
PH_0654,phone_number,5,5,0
PH_0655,phone_number,11,10,0
PH_0656,phone_number,13,11,0
PH_0657,phone_number,11,9,0
PH_0658,phone_number,16,14,0
PH_0659,phone_number,6,5,0
PH_0660,phone_number,11,10,0
PH_0661,phone_number,9,8,0
PH_0662,phone_number,9,9,0
PH_0663,phone_number,8,6,0
PH_0664,phone_number,4,3,0
PH_0665,phone_number,9,9,0
PH_0666,phone_number,7,5,0
PH_0667,phone_number,9,9,0
PH_0668,phone_number,9,9,0
PH_0669,phone_number,8,8,0
PH_0670,phone_number,9,8,0
PH_0671,phone_number,6,4,0
PH_0672,phone_number,8,7,0
PH_0673,phone_number,10,9,0
PH_0674,phone_number,4,2,0
PH_0675,phone_number,6,5,0
PH_0676,phone_number,8,6,0
PH_0677,phone_number,15,13,0
PH_0678,phone_number,7,6,0
PH_0679,phone_number,10,8,0
PH_0680,phone_number,3,2,0
PH_0681,phone_number,11,11,0
PH_0682,phone_number,15,14,0
PH_0683,phone_number,5,5,0
PH_0684,phone_number,7,7,0
PH_0685,phone_number,7,6,0
PH_0686,phone_number,6,5,0
PH_0687,phone_number,11,9,0
PH_0688,phone_number,10,10,0
PH_0689,phone_number,7,7,0
PH_0690,phone_number,8,8,0
PH_0691,phone_number,9,9,0
PH_0692,phone_number,12,9,0
PH_0693,phone_number,4,4,0
PH_0694,phone_number,7,5,0
PH_0695,phone_number,5,5,0
PH_0696,phone_number,13,13,0
PH_0697,phone_number,7,7,0
PH_0698,phone_number,10,10,0
PH_0699,phone_number,5,4,0
PH_0700,phone_number,5,5,0
PH_0701,phone_number,9,7,0
PH_0702,phone_number,10,9,0
PH_0703,phone_number,6,6,0
PH_0704,phone_number,7,6,0
PH_0705,phone_number,4,4,0
PH_0706,phone_number,11,10,0
PH_0707,phone_number,8,7,0
PH_0708,phone_number,7,7,0
PH_0709,phone_number,9,8,0
PH_0710,phone_number,13,13,0
PH_0711,phone_number,7,5,0
PH_0712,phone_number,8,8,0
PH_0713,phone_number,9,8,0
PH_0714,phone_number,10,10,0
PH_0715,phone_number,12,10,0
PH_0716,phone_number,9,9,0
PH_0717,phone_number,6,6,0
PH_0718,phone_number,9,9,0
PH_0719,phone_number,6,4,0
PH_0720,phone_number,14,12,0
PH_0721,phone_number,8,6,0
PH_0722,phone_number,8,6,0
PH_0723,phone_number,4,3,0
PH_0724,phone_number,5,5,0
PH_0725,phone_number,8,8,0
PH_0726,phone_number,10,9,0
PH_0727,phone_number,6,5,0
PH_0728,phone_number,9,9,0
PH_0729,phone_number,11,10,0
PH_0730,phone_number,9,8,0
PH_0731,phone_number,9,8,0
PH_0732,phone_number,7,6,0
PH_0733,phone_number,9,9,0
PH_0734,phone_number,7,7,0
PH_0735,phone_number,5,5,0
PH_0736,phone_number,8,6,0
PH_0737,phone_number,12,12,0
PH_0738,phone_number,11,11,0
PH_0739,phone_number,9,9,0
PH_0740,phone_number,4,4,0
PH_0741,phone_number,8,7,0
PH_0742,phone_number,14,12,0
PH_0743,phone_number,8,6,0
PH_0744,phone_number,2,2,0
PH_0745,phone_number,10,7,0
PH_0746,phone_number,7,7,0
PH_0747,phone_number,11,8,0
PH_0748,phone_number,7,6,0
PH_0749,phone_number,11,11,0
PH_0750,phone_number,5,2,0
PH_0751,phone_number,8,8,0
PH_0752,phone_number,7,6,0
PH_0753,phone_number,6,5,0
PH_0754,phone_number,6,5,0
PH_0755,phone_number,8,7,0
PH_0756,phone_number,5,5,0
PH_0757,phone_number,12,12,0
PH_0758,phone_number,13,11,0
PH_0759,phone_number,9,9,0
PH_0760,phone_number,6,4,0
PH_0761,phone_number,9,8,0
PH_0762,phone_number,5,4,0
PH_0763,phone_number,3,3,0
PH_0764,phone_number,4,4,0
PH_0765,phone_number,6,6,0
PH_0766,phone_number,12,12,0
PH_0767,phone_number,4,4,0
PH_0768,phone_number,5,5,0
PH_0769,phone_number,6,3,0
PH_0770,phone_number,8,7,0
PH_0771,phone_number,8,7,0
PH_0772,phone_number,5,5,0
PH_0773,phone_number,12,12,0
PH_0774,phone_number,14,12,0
PH_0775,phone_number,10,8,0
PH_0776,phone_number,8,8,0
PH_0777,phone_number,7,6,0
PH_0778,phone_number,6,6,0
PH_0779,phone_number,5,5,0
PH_0780,phone_number,7,6,0
PH_0781,phone_number,11,9,0
PH_0782,phone_number,9,8,0
PH_0783,phone_number,10,7,0
PH_0784,phone_number,11,9,0
PH_0785,phone_number,8,7,0
PH_0786,phone_number,7,7,0
PH_0787,phone_number,8,7,0
PH_0788,phone_number,13,10,0
PH_0789,phone_number,13,13,0
PH_0790,phone_number,5,5,0
PH_0791,phone_number,5,4,0
PH_0792,phone_number,9,8,0
PH_0793,phone_number,7,6,0
PH_0794,phone_number,12,8,0
PH_0795,phone_number,8,7,0
PH_0796,phone_number,14,13,0
PH_0797,phone_number,9,8,0
PH_0798,phone_number,3,3,0
PH_0799,phone_number,12,10,0
PH_0800,phone_number,10,10,0
PH_0801,phone_number,7,5,0
PH_0802,phone_number,8,7,0
PH_0803,phone_number,8,7,0
PH_0804,phone_number,11,10,0
PH_0805,phone_number,7,4,0
PH_0806,phone_number,8,7,0
PH_0807,phone_number,8,7,0
PH_0808,phone_number,7,4,0
PH_0809,phone_number,5,4,0
PH_0810,phone_number,8,7,0
PH_0811,phone_number,8,7,0
PH_0812,phone_number,5,5,0
PH_0813,phone_number,8,8,0
PH_0814,phone_number,10,10,0
PH_0815,phone_number,11,10,0
PH_0816,phone_number,13,9,0
PH_0817,phone_number,6,5,0
PH_0818,phone_number,7,6,0
PH_0819,phone_number,7,5,0
PH_0820,phone_number,14,11,0
PH_0821,phone_number,6,4,0
PH_0822,phone_number,4,4,0
PH_0823,phone_number,7,6,0
PH_0824,phone_number,5,4,0
PH_0825,phone_number,6,6,0
PH_0826,phone_number,6,6,0
PH_0827,phone_number,10,9,0
PH_0828,phone_number,7,5,0
PH_0829,phone_number,9,7,0
PH_0830,phone_number,7,5,0
PH_0831,phone_number,6,6,0
PH_0832,phone_number,10,8,0
PH_0833,phone_number,6,5,0
PH_0834,phone_number,12,10,0
PH_0835,phone_number,5,4,0
PH_0836,phone_number,10,8,0
PH_0837,phone_number,9,7,0
PH_0838,phone_number,9,6,0
PH_0839,phone_number,10,8,0
PH_0840,phone_number,5,5,0
PH_0841,phone_number,8,8,0
PH_0842,phone_number,5,5,0
PH_0843,phone_number,8,7,0
PH_0844,phone_number,11,11,0
PH_0845,phone_number,2,2,0
PH_0846,phone_number,6,5,0
PH_0847,phone_number,9,8,0
PH_0848,phone_number,8,8,0
PH_0849,phone_number,15,13,0
PH_0850,phone_number,8,8,0
PH_0851,phone_number,12,11,0
PH_0852,phone_number,4,4,0
PH_0853,phone_number,2,2,0
PH_0854,phone_number,4,4,0
PH_0855,phone_number,9,9,0
PH_0856,phone_number,8,7,0
PH_0857,phone_number,9,8,0
PH_0858,phone_number,5,4,0
PH_0859,phone_number,5,4,0
PH_0860,phone_number,4,2,0
PH_0861,phone_number,9,7,0
PH_0862,phone_number,13,11,0
PH_0863,phone_number,8,7,0
PH_0864,phone_number,5,4,0
PH_0865,phone_number,7,5,0
PH_0866,phone_number,6,6,0
PH_0867,phone_number,6,5,0
PH_0868,phone_number,10,10,0
PH_0869,phone_number,10,10,0
PH_0870,phone_number,5,5,0
PH_0871,phone_number,9,7,0
PH_0872,phone_number,6,5,0
PH_0873,phone_number,9,8,0
PH_0874,phone_number,13,11,0
PH_0875,phone_number,5,5,0
PH_0876,phone_number,5,5,0
PH_0877,phone_number,13,11,0
PH_0878,phone_number,14,10,0
PH_0879,phone_number,7,7,0
PH_0880,phone_number,7,6,0
PH_0881,phone_number,6,5,0
PH_0882,phone_number,5,4,0
PH_0883,phone_number,8,7,0
PH_0884,phone_number,8,8,0
PH_0885,phone_number,13,11,0
PH_0886,phone_number,10,8,0
PH_0887,phone_number,6,5,0
PH_0888,phone_number,12,11,0
PH_0889,phone_number,12,11,0
PH_0890,phone_number,8,7,0
PH_0891,phone_number,9,8,0
PH_0892,phone_number,7,6,0
PH_0893,phone_number,4,4,0
PH_0894,phone_number,5,3,0
PH_0895,phone_number,10,9,0
PH_0896,phone_number,8,8,0
PH_0897,phone_number,11,11,0
PH_0898,phone_number,3,2,0
PH_0899,phone_number,6,6,0
PH_0900,phone_number,10,9,0
PH_0901,phone_number,12,11,0
PH_0902,phone_number,10,9,0
PH_0903,phone_number,9,9,0
PH_0904,phone_number,6,6,0
PH_0905,phone_number,11,9,0
PH_0906,phone_number,5,4,0
PH_0907,phone_number,10,10,0
PH_0908,phone_number,6,6,0
PH_0909,phone_number,8,7,0
PH_0910,phone_number,7,5,0
PH_0911,phone_number,7,6,0
PH_0912,phone_number,6,6,0
PH_0913,phone_number,9,8,0
PH_0914,phone_number,7,6,0
PH_0915,phone_number,11,10,0
PH_0916,phone_number,11,10,0
PH_0917,phone_number,9,8,0
PH_0918,phone_number,3,3,0
PH_0919,phone_number,12,8,0
PH_0920,phone_number,17,13,0
PH_0921,phone_number,8,7,0
PH_0922,phone_number,3,3,0
PH_0923,phone_number,9,7,0
PH_0924,phone_number,7,5,0
PH_0925,phone_number,4,3,0
PH_0926,phone_number,10,9,0
PH_0927,phone_number,6,5,0
PH_0928,phone_number,13,12,0
PH_0929,phone_number,8,6,0
PH_0930,phone_number,10,9,0
PH_0931,phone_number,10,8,0
PH_0932,phone_number,6,5,0
PH_0933,phone_number,4,2,0
PH_0934,phone_number,10,10,0
PH_0935,phone_number,16,14,0
PH_0936,phone_number,7,5,0
PH_0937,phone_number,4,4,0
PH_0938,phone_number,10,10,0
PH_0939,phone_number,9,9,0
PH_0940,phone_number,6,5,0
PH_0941,phone_number,5,5,0
PH_0942,phone_number,7,6,0
PH_0943,phone_number,12,11,0
PH_0944,phone_number,4,4,0
PH_0945,phone_number,11,9,0
PH_0946,phone_number,7,6,0
PH_0947,phone_number,9,8,0
PH_0948,phone_number,8,6,0
PH_0949,phone_number,10,9,0
PH_0950,phone_number,7,5,0
PH_0951,phone_number,5,3,0
PH_0952,phone_number,6,6,0
PH_0953,phone_number,12,12,0
PH_0954,phone_number,4,2,0
PH_0955,phone_number,12,10,0
PH_0956,phone_number,11,10,0
PH_0957,phone_number,6,5,0
PH_0958,phone_number,16,10,0
PH_0959,phone_number,7,7,0
PH_0960,phone_number,7,5,0
PH_0961,phone_number,9,9,0
PH_0962,phone_number,5,5,0
PH_0963,phone_number,4,4,0
PH_0964,phone_number,11,9,0
PH_0965,phone_number,11,11,0
PH_0966,phone_number,4,3,0
PH_0967,phone_number,6,5,0
PH_0968,phone_number,9,9,0
PH_0969,phone_number,7,6,0
PH_0970,phone_number,8,5,0
PH_0971,phone_number,9,6,0
PH_0972,phone_number,12,9,0
PH_0973,phone_number,13,12,0
PH_0974,phone_number,9,6,0
PH_0975,phone_number,12,10,0
PH_0976,phone_number,7,6,0
PH_0977,phone_number,8,7,0
PH_0978,phone_number,8,8,0
PH_0979,phone_number,4,3,0
PH_0980,phone_number,8,7,0
PH_0981,phone_number,9,9,0
PH_0982,phone_number,10,10,0
PH_0983,phone_number,7,7,0
PH_0984,phone_number,11,8,0
PH_0985,phone_number,8,6,0
PH_0986,phone_number,11,9,0
PH_0987,phone_number,8,7,0
PH_0988,phone_number,7,5,0
PH_0989,phone_number,7,7,0
PH_0990,phone_number,5,4,0
PH_0991,phone_number,5,5,0
PH_0992,phone_number,13,13,0
PH_0993,phone_number,9,7,0
PH_0994,phone_number,11,11,0
PH_0995,phone_number,4,4,0
PH_0996,phone_number,5,5,0
PH_0997,phone_number,9,8,0
PH_0998,phone_number,5,5,0
PH_0999,phone_number,12,12,0
PH_1000,phone_number,4,4,0
PH_1001,phone_number,9,9,0
PH_1002,phone_number,8,7,0
PH_1003,phone_number,6,6,0
PH_1004,phone_number,7,6,0
PH_1005,phone_number,11,8,0
PH_1006,phone_number,11,9,0
PH_1007,phone_number,12,11,0
PH_1008,phone_number,10,8,0
PH_1009,phone_number,7,6,0
PH_1010,phone_number,6,6,0
PH_1011,phone_number,7,5,0
PH_1012,phone_number,10,10,0
PH_1013,phone_number,10,10,0
PH_1014,phone_number,5,4,0
PH_1015,phone_number,5,4,0
PH_1016,phone_number,8,6,0
PH_1017,phone_number,10,10,0
PH_1018,phone_number,8,6,0
PH_1019,phone_number,7,7,0
PH_1020,phone_number,15,12,0
PH_1021,phone_number,6,6,0
PH_1022,phone_number,9,8,0
PH_1023,phone_number,5,5,0
PH_1024,phone_number,11,11,0
PH_1025,phone_number,9,8,0
PH_1026,phone_number,4,2,0
PH_1027,phone_number,3,2,0
PH_1028,phone_number,6,6,0
PH_1029,phone_number,8,7,0
PH_1030,phone_number,10,10,0
PH_1031,phone_number,7,7,0
PH_1032,phone_number,7,7,0
PH_1033,phone_number,9,7,0
PH_1034,phone_number,4,3,0
PH_1035,phone_number,10,10,0
PH_1036,phone_number,9,6,0
PH_1037,phone_number,7,7,0
PH_1038,phone_number,3,3,0
PH_1039,phone_number,13,11,0
PH_1040,phone_number,13,12,0
PH_1041,phone_number,11,10,0
PH_1042,phone_number,10,10,0
PH_1043,phone_number,16,13,0
PH_1044,phone_number,10,9,0
PH_1045,phone_number,8,7,0
PH_1046,phone_number,12,12,0
PH_1047,phone_number,14,14,0
PH_1048,phone_number,11,10,0
PH_1049,phone_number,11,11,0
PH_1050,phone_number,11,10,0
PH_1051,phone_number,2,2,0
PH_1052,phone_number,6,5,0
PH_1053,phone_number,5,5,0
PH_1054,phone_number,3,2,0
PH_1055,phone_number,10,9,0
PH_1056,phone_number,9,8,0
PH_1057,phone_number,9,9,0
PH_1058,phone_number,12,10,0
PH_1059,phone_number,7,6,0
PH_1060,phone_number,9,8,0
PH_1061,phone_number,7,6,0
PH_1062,phone_number,6,6,0
PH_1063,phone_number,6,6,0
PH_1064,phone_number,10,9,0
PH_1065,phone_number,11,9,0
PH_1066,phone_number,7,7,0
PH_1067,phone_number,10,9,0
PH_1068,phone_number,9,8,0
PH_1069,phone_number,5,4,0
PH_1070,phone_number,9,8,0
PH_1071,phone_number,6,4,0
PH_1072,phone_number,10,8,0
PH_1073,phone_number,7,7,0
PH_1074,phone_number,3,3,0
PH_1075,phone_number,11,10,0
PH_1076,phone_number,8,7,0
PH_1077,phone_number,10,8,0
PH_1078,phone_number,3,3,0
PH_1079,phone_number,11,9,0
PH_1080,phone_number,4,3,0
PH_1081,phone_number,7,7,0
PH_1082,phone_number,11,9,0
PH_1083,phone_number,11,10,0
PH_1084,phone_number,5,5,0
PH_1085,phone_number,4,4,0
PH_1086,phone_number,4,4,0
PH_1087,phone_number,12,9,0
PH_1088,phone_number,8,6,0
PH_1089,phone_number,3,3,0
PH_1090,phone_number,8,7,0
PH_1091,phone_number,3,3,0
PH_1092,phone_number,8,8,0
PH_1093,phone_number,7,7,0
PH_1094,phone_number,9,7,0
PH_1095,phone_number,6,5,0
PH_1096,phone_number,13,11,0
PH_1097,phone_number,5,4,0
PH_1098,phone_number,7,5,0
PH_1099,phone_number,5,4,0
PH_1100,phone_number,7,7,0
PH_1101,phone_number,6,6,0
PH_1102,phone_number,6,6,0
PH_1103,phone_number,8,6,0
PH_1104,phone_number,9,6,0
PH_1105,phone_number,7,7,0
PH_1106,phone_number,9,6,0
PH_1107,phone_number,12,11,0
PH_1108,phone_number,11,8,0
PH_1109,phone_number,9,9,0
PH_1110,phone_number,11,9,0
PH_1111,phone_number,6,5,0
PH_1112,phone_number,4,3,0
PH_1113,phone_number,15,14,0
PH_1114,phone_number,7,7,0
PH_1115,phone_number,13,11,0
PH_1116,phone_number,13,12,0
PH_1117,phone_number,5,4,0
PH_1118,phone_number,9,7,0
PH_1119,phone_number,10,9,0
PH_1120,phone_number,5,3,0
PH_1121,phone_number,10,7,0
PH_1122,phone_number,5,5,0
PH_1123,phone_number,8,5,0
PH_1124,phone_number,8,6,0
PH_1125,phone_number,10,9,0
PH_1126,phone_number,8,8,0
PH_1127,phone_number,4,3,0
PH_1128,phone_number,8,7,0
PH_1129,phone_number,7,6,0
PH_1130,phone_number,12,10,0
PH_1131,phone_number,9,9,0
PH_1132,phone_number,6,5,0
PH_1133,phone_number,7,7,0
PH_1134,phone_number,9,7,0
PH_1135,phone_number,5,4,0
PH_1136,phone_number,6,5,0
PH_1137,phone_number,4,4,0
PH_1138,phone_number,6,6,0
PH_1139,phone_number,11,9,0
PH_1140,phone_number,8,8,0
PH_1141,phone_number,8,7,0
PH_1142,phone_number,11,9,0
PH_1143,phone_number,4,4,0
PH_1144,phone_number,10,7,0
PH_1145,phone_number,8,8,0
PH_1146,phone_number,7,7,0
PH_1147,phone_number,6,5,0
PH_1148,phone_number,12,10,0
PH_1149,phone_number,5,4,0
PH_1150,phone_number,7,6,0
PH_1151,phone_number,11,11,0
PH_1152,phone_number,9,9,0
PH_1153,phone_number,9,6,0
PH_1154,phone_number,10,9,0
PH_1155,phone_number,12,11,0
PH_1156,phone_number,5,5,0
PH_1157,phone_number,11,9,0
PH_1158,phone_number,14,12,0
PH_1159,phone_number,11,9,0
PH_1160,phone_number,10,9,0
PH_1161,phone_number,9,9,0
PH_1162,phone_number,8,6,0
PH_1163,phone_number,3,3,0
PH_1164,phone_number,6,4,0
PH_1165,phone_number,10,8,0
PH_1166,phone_number,7,7,0
PH_1167,phone_number,7,6,0
PH_1168,phone_number,10,8,0
PH_1169,phone_number,7,7,0
PH_1170,phone_number,9,9,0
PH_1171,phone_number,7,7,0
PH_1172,phone_number,9,8,0
PH_1173,phone_number,11,7,0
PH_1174,phone_number,5,4,0
PH_1175,phone_number,10,9,0
PH_1176,phone_number,17,15,0
PH_1177,phone_number,13,10,0
PH_1178,phone_number,5,3,0
PH_1179,phone_number,4,3,0
PH_1180,phone_number,8,8,0
PH_1181,phone_number,6,5,0
PH_1182,phone_number,8,6,0
PH_1183,phone_number,4,3,0
PH_1184,phone_number,7,4,0
PH_1185,phone_number,5,5,0
PH_1186,phone_number,6,6,0
PH_1187,phone_number,7,7,0
PH_1188,phone_number,11,11,0
PH_1189,phone_number,9,9,0
PH_1190,phone_number,8,6,0
PH_1191,phone_number,7,7,0
PH_1192,phone_number,8,6,0
PH_1193,phone_number,6,6,0
PH_1194,phone_number,10,10,0
PH_1195,phone_number,8,7,0
PH_1196,phone_number,15,11,0
PH_1197,phone_number,3,3,0
PH_1198,phone_number,4,3,0
PH_1199,phone_number,9,7,0
PH_1200,phone_number,7,5,0
PH_1201,phone_number,3,3,0
PH_1202,phone_number,10,7,0
PH_1203,phone_number,8,7,0
PH_1204,phone_number,15,13,0
PH_1205,phone_number,11,9,0
PH_1206,phone_number,7,7,0
PH_1207,phone_number,8,5,0
PH_1208,phone_number,7,6,0
PH_1209,phone_number,6,6,0
PH_1210,phone_number,11,8,0
PH_1211,phone_number,8,7,0
PH_1212,phone_number,6,4,0
PH_1213,phone_number,8,5,0
PH_1214,phone_number,10,8,0
PH_1215,phone_number,2,2,0
PH_1216,phone_number,7,7,0
PH_1217,phone_number,10,9,0
PH_1218,phone_number,8,8,0
PH_1219,phone_number,13,12,0
PH_1220,phone_number,9,7,0
PH_1221,phone_number,8,8,0
PH_1222,phone_number,6,3,0
PH_1223,phone_number,12,11,0
PH_1224,phone_number,3,3,0
PH_1225,phone_number,6,6,0
PH_1226,phone_number,7,6,0
PH_1227,phone_number,6,4,0
PH_1228,phone_number,11,9,0
PH_1229,phone_number,3,2,0
PH_1230,phone_number,6,4,0
PH_1231,phone_number,6,5,0
PH_1232,phone_number,6,6,0
PH_1233,phone_number,8,8,0
PH_1234,phone_number,9,9,0
PH_1235,phone_number,6,6,0
PH_1236,phone_number,5,4,0
PH_1237,phone_number,7,6,0
PH_1238,phone_number,9,7,0
PH_1239,phone_number,11,8,0
PH_1240,phone_number,8,7,0
PH_1241,phone_number,6,5,0
PH_1242,phone_number,9,8,0
PH_1243,phone_number,10,9,0
PH_1244,phone_number,5,3,0
PH_1245,phone_number,6,6,0
PH_1246,phone_number,12,7,0
PH_1247,phone_number,8,8,0
PH_1248,phone_number,9,9,0
PH_1249,phone_number,7,7,0
PH_1250,phone_number,13,13,0
PH_1251,phone_number,11,9,0
PH_1252,phone_number,7,5,0
PH_1253,phone_number,2,2,0
PH_1254,phone_number,9,9,0
PH_1255,phone_number,8,7,0
PH_1256,phone_number,13,13,0
PH_1257,phone_number,5,4,0
PH_1258,phone_number,4,4,0
PH_1259,phone_number,10,8,0
PH_1260,phone_number,10,10,0
PH_1261,phone_number,9,6,0
PH_1262,phone_number,10,8,0
PH_1263,phone_number,11,11,0
PH_1264,phone_number,14,13,0
PH_1265,phone_number,12,10,0
PH_1266,phone_number,11,10,0
PH_1267,phone_number,7,6,0
PH_1268,phone_number,10,8,0
PH_1269,phone_number,7,7,0
PH_1270,phone_number,11,6,0
PH_1271,phone_number,5,5,0
PH_1272,phone_number,7,5,0
PH_1273,phone_number,6,5,0
PH_1274,phone_number,6,5,0
PH_1275,phone_number,12,9,0
PH_1276,phone_number,8,6,0
PH_1277,phone_number,7,5,0
PH_1278,phone_number,10,6,0
PH_1279,phone_number,8,8,0
PH_1280,phone_number,8,7,0
PH_1281,phone_number,7,7,0
PH_1282,phone_number,10,10,0
PH_1283,phone_number,9,9,0
PH_1284,phone_number,10,8,0
PH_1285,phone_number,8,8,0
PH_1286,phone_number,6,6,0
PH_1287,phone_number,9,6,0
PH_1288,phone_number,8,8,0
PH_1289,phone_number,12,11,0
PH_1290,phone_number,6,5,0
PH_1291,phone_number,9,6,0
PH_1292,phone_number,4,3,0
PH_1293,phone_number,14,13,0
PH_1294,phone_number,8,8,0
PH_1295,phone_number,3,3,0
PH_1296,phone_number,8,8,0
PH_1297,phone_number,7,7,0
PH_1298,phone_number,4,4,0
PH_1299,phone_number,14,13,0
PH_1300,phone_number,14,11,0
PH_1301,phone_number,5,5,0
PH_1302,phone_number,9,8,0
PH_1303,phone_number,10,9,0
PH_1304,phone_number,9,9,0
PH_1305,phone_number,9,7,0
PH_1306,phone_number,7,6,0
PH_1307,phone_number,9,8,0
PH_1308,phone_number,10,9,0
PH_1309,phone_number,17,14,0
PH_1310,phone_number,8,7,0
PH_1311,phone_number,5,5,0
PH_1312,phone_number,18,14,0
PH_1313,phone_number,16,14,0
PH_1314,phone_number,8,8,0
PH_1315,phone_number,11,10,0
PH_1316,phone_number,10,9,0
PH_1317,phone_number,11,8,0
PH_1318,phone_number,4,4,0
PH_1319,phone_number,3,3,0
PH_1320,phone_number,8,7,0
PH_1321,phone_number,12,11,0
PH_1322,phone_number,5,5,0
PH_1323,phone_number,12,11,0
PH_1324,phone_number,8,6,0
PH_1325,phone_number,9,9,0
PH_1326,phone_number,10,7,0
PH_1327,phone_number,8,7,0
PH_1328,phone_number,11,11,0
PH_1329,phone_number,10,9,0
PH_1330,phone_number,7,4,0
PH_1331,phone_number,10,10,0
PH_1332,phone_number,9,8,0
PH_1333,phone_number,11,11,0
PH_1334,phone_number,6,4,0
PH_1335,phone_number,9,7,0
PH_1336,phone_number,10,6,0
PH_1337,phone_number,6,2,0
PH_1338,phone_number,4,3,0
PH_1339,phone_number,5,5,0
PH_1340,phone_number,3,3,0
PH_1341,phone_number,4,4,0
PH_1342,phone_number,10,6,0
PH_1343,phone_number,6,6,0
PH_1344,phone_number,3,3,0
PH_1345,phone_number,7,5,0
PH_1346,phone_number,6,6,0
PH_1347,phone_number,7,6,0
PH_1348,phone_number,9,7,0
PH_1349,phone_number,6,5,0
PH_1350,phone_number,11,9,0
PH_1351,phone_number,12,11,0
PH_1352,phone_number,9,7,0
PH_1353,phone_number,6,3,0
PH_1354,phone_number,9,9,0
PH_1355,phone_number,10,9,0
PH_1356,phone_number,12,11,0
PH_1357,phone_number,10,9,0
PH_1358,phone_number,7,7,0
PH_1359,phone_number,8,8,0
PH_1360,phone_number,12,11,0
PH_1361,phone_number,7,7,0
PH_1362,phone_number,8,6,0
PH_1363,phone_number,12,11,0
PH_1364,phone_number,9,8,0
PH_1365,phone_number,5,4,0
PH_1366,phone_number,7,7,0
PH_1367,phone_number,5,5,0
PH_1368,phone_number,6,6,0
PH_1369,phone_number,7,6,0
PH_1370,phone_number,10,8,0
PH_1371,phone_number,9,7,0
PH_1372,phone_number,6,6,0
PH_1373,phone_number,5,5,0
PH_1374,phone_number,8,7,0
PH_1375,phone_number,3,3,0
PH_1376,phone_number,12,9,0
PH_1377,phone_number,8,8,0
PH_1378,phone_number,4,4,0
PH_1379,phone_number,11,9,0
PH_1380,phone_number,10,9,0
PH_1381,phone_number,9,9,0
PH_1382,phone_number,6,6,0
PH_1383,phone_number,7,7,0
PH_1384,phone_number,6,5,0
PH_1385,phone_number,7,7,0
PH_1386,phone_number,9,8,0
PH_1387,phone_number,7,5,0
PH_1388,phone_number,8,8,0
PH_1389,phone_number,5,5,0
PH_1390,phone_number,5,3,0
PH_1391,phone_number,11,11,0
PH_1392,phone_number,10,7,0
PH_1393,phone_number,6,6,0
PH_1394,phone_number,8,8,0
PH_1395,phone_number,13,12,0
PH_1396,phone_number,4,4,0
PH_1397,phone_number,8,8,0
PH_1398,phone_number,12,10,0
PH_1399,phone_number,5,3,0
PH_1400,phone_number,6,5,0
VEH_0001,vehicle,0,0,0
VEH_0002,vehicle,0,0,0
VEH_0003,vehicle,0,0,0
VEH_0004,vehicle,0,0,0
VEH_0005,vehicle,2,0,0
VEH_0006,vehicle,0,0,0
VEH_0007,vehicle,1,0,0
VEH_0008,vehicle,1,0,0
VEH_0009,vehicle,0,0,0
VEH_0010,vehicle,1,0,0
VEH_0011,vehicle,3,0,0
VEH_0012,vehicle,0,0,0
VEH_0013,vehicle,1,0,0
VEH_0014,vehicle,2,0,0
VEH_0015,vehicle,0,0,0
VEH_0016,vehicle,0,0,0
VEH_0017,vehicle,1,0,0
VEH_0018,vehicle,1,0,0
VEH_0019,vehicle,3,0,0
VEH_0020,vehicle,2,0,0
VEH_0021,vehicle,2,0,0
VEH_0022,vehicle,1,0,0
VEH_0023,vehicle,0,0,0
VEH_0024,vehicle,0,0,0
VEH_0025,vehicle,1,0,0
VEH_0026,vehicle,0,0,0
VEH_0027,vehicle,0,0,0
VEH_0028,vehicle,0,0,0
VEH_0029,vehicle,1,0,0
VEH_0030,vehicle,1,0,0
VEH_0031,vehicle,1,0,0
VEH_0032,vehicle,0,0,0
VEH_0033,vehicle,0,0,0
VEH_0034,vehicle,3,0,0
VEH_0035,vehicle,0,0,0
VEH_0036,vehicle,2,0,0
VEH_0037,vehicle,2,0,0
VEH_0038,vehicle,0,0,0
VEH_0039,vehicle,1,0,0
VEH_0040,vehicle,1,0,0
VEH_0041,vehicle,0,0,0
VEH_0042,vehicle,1,0,0
VEH_0043,vehicle,2,0,0
VEH_0044,vehicle,2,0,0
VEH_0045,vehicle,1,0,0
VEH_0046,vehicle,3,0,0
VEH_0047,vehicle,1,0,0
VEH_0048,vehicle,1,0,0
VEH_0049,vehicle,1,0,0
VEH_0050,vehicle,1,0,0
VEH_0051,vehicle,1,0,0
VEH_0052,vehicle,1,0,0
VEH_0053,vehicle,1,0,0
VEH_0054,vehicle,3,0,0
VEH_0055,vehicle,0,0,0
VEH_0056,vehicle,0,0,0
VEH_0057,vehicle,3,0,0
VEH_0058,vehicle,1,0,0
VEH_0059,vehicle,1,0,0
VEH_0060,vehicle,0,0,0
VEH_0061,vehicle,1,0,0
VEH_0062,vehicle,0,0,0
VEH_0063,vehicle,1,0,0
VEH_0064,vehicle,0,0,0
VEH_0065,vehicle,0,0,0
VEH_0066,vehicle,0,0,0
VEH_0067,vehicle,0,0,0
VEH_0068,vehicle,2,0,0
VEH_0069,vehicle,0,0,0
VEH_0070,vehicle,2,0,0
VEH_0071,vehicle,0,0,0
VEH_0072,vehicle,1,0,0
VEH_0073,vehicle,0,0,0
VEH_0074,vehicle,0,0,0
VEH_0075,vehicle,2,0,0
VEH_0076,vehicle,0,0,0
VEH_0077,vehicle,2,0,0
VEH_0078,vehicle,2,0,0
VEH_0079,vehicle,0,0,0
VEH_0080,vehicle,1,0,0
VEH_0081,vehicle,2,0,0
VEH_0082,vehicle,4,0,0
VEH_0083,vehicle,0,0,0
VEH_0084,vehicle,2,0,0
VEH_0085,vehicle,1,0,0
VEH_0086,vehicle,1,0,0
VEH_0087,vehicle,1,0,0
VEH_0088,vehicle,1,0,0
VEH_0089,vehicle,1,0,0
VEH_0090,vehicle,1,0,0
VEH_0091,vehicle,1,0,0
VEH_0092,vehicle,0,0,0
VEH_0093,vehicle,1,0,0
VEH_0094,vehicle,1,0,0
VEH_0095,vehicle,0,0,0
VEH_0096,vehicle,1,0,0
VEH_0097,vehicle,0,0,0
VEH_0098,vehicle,0,0,0
VEH_0099,vehicle,0,0,0
VEH_0100,vehicle,0,0,0
VEH_0101,vehicle,1,0,0
VEH_0102,vehicle,0,0,0
VEH_0103,vehicle,2,0,0
VEH_0104,vehicle,2,0,0
VEH_0105,vehicle,0,0,0
VEH_0106,vehicle,1,0,0
VEH_0107,vehicle,0,0,0
VEH_0108,vehicle,0,0,0
VEH_0109,vehicle,1,0,0
VEH_0110,vehicle,0,0,0
VEH_0111,vehicle,1,0,0
VEH_0112,vehicle,1,0,0
VEH_0113,vehicle,0,0,0
VEH_0114,vehicle,1,0,0
VEH_0115,vehicle,0,0,0
VEH_0116,vehicle,1,0,0
VEH_0117,vehicle,1,0,0
VEH_0118,vehicle,1,0,0
VEH_0119,vehicle,1,0,0
VEH_0120,vehicle,2,0,0
VEH_0121,vehicle,1,0,0
VEH_0122,vehicle,0,0,0
VEH_0123,vehicle,0,0,0
VEH_0124,vehicle,1,0,0
VEH_0125,vehicle,1,0,0
VEH_0126,vehicle,2,0,0
VEH_0127,vehicle,0,0,0
VEH_0128,vehicle,1,0,0
VEH_0129,vehicle,2,0,0
VEH_0130,vehicle,1,0,0
VEH_0131,vehicle,1,0,0
VEH_0132,vehicle,0,0,0
VEH_0133,vehicle,2,0,0
VEH_0134,vehicle,3,0,0
VEH_0135,vehicle,2,0,0
VEH_0136,vehicle,2,0,0
VEH_0137,vehicle,0,0,0
VEH_0138,vehicle,0,0,0
VEH_0139,vehicle,1,0,0
VEH_0140,vehicle,0,0,0
VEH_0141,vehicle,0,0,0
VEH_0142,vehicle,2,0,0
VEH_0143,vehicle,0,0,0
VEH_0144,vehicle,0,0,0
VEH_0145,vehicle,0,0,0
VEH_0146,vehicle,1,0,0
VEH_0147,vehicle,2,0,0
VEH_0148,vehicle,2,0,0
VEH_0149,vehicle,1,0,0
VEH_0150,vehicle,0,0,0
VEH_0151,vehicle,1,0,0
VEH_0152,vehicle,0,0,0
VEH_0153,vehicle,2,0,0
VEH_0154,vehicle,2,0,0
VEH_0155,vehicle,1,0,0
VEH_0156,vehicle,2,0,0
VEH_0157,vehicle,2,0,0
VEH_0158,vehicle,1,0,0
VEH_0159,vehicle,2,0,0
VEH_0160,vehicle,0,0,0
VEH_0161,vehicle,2,0,0
VEH_0162,vehicle,2,0,0
VEH_0163,vehicle,0,0,0
VEH_0164,vehicle,2,0,0
VEH_0165,vehicle,0,0,0
VEH_0166,vehicle,0,0,0
VEH_0167,vehicle,1,0,0
VEH_0168,vehicle,1,0,0
VEH_0169,vehicle,1,0,0
VEH_0170,vehicle,1,0,0
VEH_0171,vehicle,1,0,0
VEH_0172,vehicle,1,0,0
VEH_0173,vehicle,1,0,0
VEH_0174,vehicle,0,0,0
VEH_0175,vehicle,0,0,0
VEH_0176,vehicle,1,0,0
VEH_0177,vehicle,1,0,0
VEH_0178,vehicle,2,0,0
VEH_0179,vehicle,1,0,0
VEH_0180,vehicle,0,0,0
VEH_0181,vehicle,1,0,0
VEH_0182,vehicle,0,0,0
VEH_0183,vehicle,1,0,0
VEH_0184,vehicle,0,0,0
VEH_0185,vehicle,0,0,0
VEH_0186,vehicle,1,0,0
VEH_0187,vehicle,1,0,0
VEH_0188,vehicle,1,0,0
VEH_0189,vehicle,2,0,0
VEH_0190,vehicle,0,0,0
VEH_0191,vehicle,0,0,0
VEH_0192,vehicle,0,0,0
VEH_0193,vehicle,0,0,0
VEH_0194,vehicle,0,0,0
VEH_0195,vehicle,0,0,0
VEH_0196,vehicle,1,0,0
VEH_0197,vehicle,1,0,0
VEH_0198,vehicle,2,0,0
VEH_0199,vehicle,0,0,0
VEH_0200,vehicle,0,0,0
VEH_0201,vehicle,0,0,0
VEH_0202,vehicle,1,0,0
VEH_0203,vehicle,2,0,0
VEH_0204,vehicle,1,0,0
VEH_0205,vehicle,1,0,0
VEH_0206,vehicle,0,0,0
VEH_0207,vehicle,1,0,0
VEH_0208,vehicle,0,0,0
VEH_0209,vehicle,0,0,0
VEH_0210,vehicle,0,0,0
VEH_0211,vehicle,1,0,0
VEH_0212,vehicle,0,0,0
VEH_0213,vehicle,1,0,0
VEH_0214,vehicle,4,0,0
VEH_0215,vehicle,0,0,0
VEH_0216,vehicle,1,0,0
VEH_0217,vehicle,1,0,0
VEH_0218,vehicle,1,0,0
VEH_0219,vehicle,0,0,0
VEH_0220,vehicle,0,0,0
VEH_0221,vehicle,1,0,0
VEH_0222,vehicle,2,0,0
VEH_0223,vehicle,1,0,0
VEH_0224,vehicle,0,0,0
VEH_0225,vehicle,0,0,0
VEH_0226,vehicle,2,0,0
VEH_0227,vehicle,1,0,0
VEH_0228,vehicle,0,0,0
VEH_0229,vehicle,4,0,0
VEH_0230,vehicle,1,0,0
VEH_0231,vehicle,1,0,0
VEH_0232,vehicle,2,0,0
VEH_0233,vehicle,1,0,0
VEH_0234,vehicle,0,0,0
VEH_0235,vehicle,1,0,0
VEH_0236,vehicle,1,0,0
VEH_0237,vehicle,2,0,0
VEH_0238,vehicle,1,0,0
VEH_0239,vehicle,1,0,0
VEH_0240,vehicle,0,0,0
VEH_0241,vehicle,1,0,0
VEH_0242,vehicle,0,0,0
VEH_0243,vehicle,1,0,0
VEH_0244,vehicle,2,0,0
VEH_0245,vehicle,0,0,0
VEH_0246,vehicle,2,0,0
VEH_0247,vehicle,0,0,0
VEH_0248,vehicle,0,0,0
VEH_0249,vehicle,3,0,0
VEH_0250,vehicle,0,0,0
VEH_0251,vehicle,1,0,0
VEH_0252,vehicle,1,0,0
VEH_0253,vehicle,0,0,0
VEH_0254,vehicle,1,0,0
VEH_0255,vehicle,3,0,0
VEH_0256,vehicle,1,0,0
VEH_0257,vehicle,0,0,0
VEH_0258,vehicle,1,0,0
VEH_0259,vehicle,1,0,0
VEH_0260,vehicle,3,0,0
VEH_0261,vehicle,0,0,0
VEH_0262,vehicle,1,0,0
VEH_0263,vehicle,0,0,0
VEH_0264,vehicle,0,0,0
VEH_0265,vehicle,1,0,0
VEH_0266,vehicle,0,0,0
VEH_0267,vehicle,1,0,0
VEH_0268,vehicle,0,0,0
VEH_0269,vehicle,0,0,0
VEH_0270,vehicle,1,0,0
VEH_0271,vehicle,2,0,0
VEH_0272,vehicle,1,0,0
VEH_0273,vehicle,0,0,0
VEH_0274,vehicle,0,0,0
VEH_0275,vehicle,1,0,0
VEH_0276,vehicle,2,0,0
VEH_0277,vehicle,1,0,0
VEH_0278,vehicle,0,0,0
VEH_0279,vehicle,1,0,0
VEH_0280,vehicle,1,0,0
VEH_0281,vehicle,0,0,0
VEH_0282,vehicle,0,0,0
VEH_0283,vehicle,2,0,0
VEH_0284,vehicle,1,0,0
VEH_0285,vehicle,0,0,0
VEH_0286,vehicle,0,0,0
VEH_0287,vehicle,0,0,0
VEH_0288,vehicle,1,0,0
VEH_0289,vehicle,0,0,0
VEH_0290,vehicle,0,0,0
VEH_0291,vehicle,2,0,0
VEH_0292,vehicle,1,0,0
VEH_0293,vehicle,0,0,0
VEH_0294,vehicle,0,0,0
VEH_0295,vehicle,1,0,0
VEH_0296,vehicle,0,0,0
VEH_0297,vehicle,1,0,0
VEH_0298,vehicle,2,0,0
VEH_0299,vehicle,0,0,0
VEH_0300,vehicle,1,0,0
VEH_0301,vehicle,0,0,0
VEH_0302,vehicle,0,0,0
VEH_0303,vehicle,0,0,0
VEH_0304,vehicle,1,0,0
VEH_0305,vehicle,2,0,0
VEH_0306,vehicle,1,0,0
VEH_0307,vehicle,0,0,0
VEH_0308,vehicle,2,0,0
VEH_0309,vehicle,1,0,0
VEH_0310,vehicle,2,0,0
VEH_0311,vehicle,2,0,0
VEH_0312,vehicle,0,0,0
VEH_0313,vehicle,1,0,0
VEH_0314,vehicle,2,0,0
VEH_0315,vehicle,3,0,0
VEH_0316,vehicle,0,0,0
VEH_0317,vehicle,0,0,0
VEH_0318,vehicle,1,0,0
VEH_0319,vehicle,1,0,0
VEH_0320,vehicle,1,0,0
VEH_0321,vehicle,0,0,0
VEH_0322,vehicle,2,0,0
VEH_0323,vehicle,0,0,0
VEH_0324,vehicle,0,0,0
VEH_0325,vehicle,0,0,0
VEH_0326,vehicle,0,0,0
VEH_0327,vehicle,0,0,0
VEH_0328,vehicle,0,0,0
VEH_0329,vehicle,2,0,0
VEH_0330,vehicle,0,0,0
VEH_0331,vehicle,2,0,0
VEH_0332,vehicle,0,0,0
VEH_0333,vehicle,3,0,0
VEH_0334,vehicle,1,0,0
VEH_0335,vehicle,1,0,0
VEH_0336,vehicle,0,0,0
VEH_0337,vehicle,0,0,0
VEH_0338,vehicle,1,0,0
VEH_0339,vehicle,1,0,0
VEH_0340,vehicle,1,0,0
VEH_0341,vehicle,1,0,0
VEH_0342,vehicle,2,0,0
VEH_0343,vehicle,3,0,0
VEH_0344,vehicle,1,0,0
VEH_0345,vehicle,1,0,0
VEH_0346,vehicle,2,0,0
VEH_0347,vehicle,0,0,0
VEH_0348,vehicle,0,0,0
VEH_0349,vehicle,1,0,0
VEH_0350,vehicle,3,0,0
VEH_0351,vehicle,2,0,0
VEH_0352,vehicle,1,0,0
VEH_0353,vehicle,2,0,0
VEH_0354,vehicle,1,0,0
VEH_0355,vehicle,2,0,0
VEH_0356,vehicle,0,0,0
VEH_0357,vehicle,0,0,0
VEH_0358,vehicle,2,0,0
VEH_0359,vehicle,3,0,0
VEH_0360,vehicle,1,0,0
VEH_0361,vehicle,1,0,0
VEH_0362,vehicle,2,0,0
VEH_0363,vehicle,1,0,0
VEH_0364,vehicle,0,0,0
VEH_0365,vehicle,1,0,0
VEH_0366,vehicle,0,0,0
VEH_0367,vehicle,2,0,0
VEH_0368,vehicle,2,0,0
VEH_0369,vehicle,1,0,0
VEH_0370,vehicle,0,0,0
VEH_0371,vehicle,3,0,0
VEH_0372,vehicle,0,0,0
VEH_0373,vehicle,0,0,0
VEH_0374,vehicle,1,0,0
VEH_0375,vehicle,3,0,0
VEH_0376,vehicle,0,0,0
VEH_0377,vehicle,0,0,0
VEH_0378,vehicle,0,0,0
VEH_0379,vehicle,0,0,0
VEH_0380,vehicle,0,0,0
VEH_0381,vehicle,2,0,0
VEH_0382,vehicle,1,0,0
VEH_0383,vehicle,0,0,0
VEH_0384,vehicle,1,0,0
VEH_0385,vehicle,0,0,0
VEH_0386,vehicle,1,0,0
VEH_0387,vehicle,2,0,0
VEH_0388,vehicle,1,0,0
VEH_0389,vehicle,2,0,0
VEH_0390,vehicle,2,0,0
VEH_0391,vehicle,0,0,0
VEH_0392,vehicle,1,0,0
VEH_0393,vehicle,0,0,0
VEH_0394,vehicle,0,0,0
VEH_0395,vehicle,2,0,0
VEH_0396,vehicle,0,0,0
VEH_0397,vehicle,2,0,0
VEH_0398,vehicle,1,0,0
VEH_0399,vehicle,0,0,0
VEH_0400,vehicle,0,0,0
VEH_0401,vehicle,1,0,0
VEH_0402,vehicle,2,0,0
VEH_0403,vehicle,0,0,0
VEH_0404,vehicle,0,0,0
VEH_0405,vehicle,0,0,0
VEH_0406,vehicle,1,0,0
VEH_0407,vehicle,1,0,0
VEH_0408,vehicle,1,0,0
VEH_0409,vehicle,1,0,0
VEH_0410,vehicle,0,0,0
VEH_0411,vehicle,3,0,0
VEH_0412,vehicle,0,0,0
VEH_0413,vehicle,1,0,0
VEH_0414,vehicle,0,0,0
VEH_0415,vehicle,0,0,0
VEH_0416,vehicle,1,0,0
VEH_0417,vehicle,2,0,0
VEH_0418,vehicle,1,0,0
VEH_0419,vehicle,0,0,0
VEH_0420,vehicle,2,0,0
VEH_0421,vehicle,2,0,0
VEH_0422,vehicle,2,0,0
VEH_0423,vehicle,1,0,0
VEH_0424,vehicle,1,0,0
VEH_0425,vehicle,0,0,0
VEH_0426,vehicle,2,0,0
VEH_0427,vehicle,1,0,0
VEH_0428,vehicle,1,0,0
VEH_0429,vehicle,1,0,0
VEH_0430,vehicle,0,0,0
VEH_0431,vehicle,2,0,0
VEH_0432,vehicle,1,0,0
VEH_0433,vehicle,0,0,0
VEH_0434,vehicle,1,0,0
VEH_0435,vehicle,1,0,0
VEH_0436,vehicle,1,0,0
VEH_0437,vehicle,1,0,0
VEH_0438,vehicle,1,0,0
VEH_0439,vehicle,0,0,0
VEH_0440,vehicle,0,0,0
VEH_0441,vehicle,0,0,0
VEH_0442,vehicle,1,0,0
VEH_0443,vehicle,1,0,0
VEH_0444,vehicle,0,0,0
VEH_0445,vehicle,2,0,0
VEH_0446,vehicle,0,0,0
VEH_0447,vehicle,0,0,0
VEH_0448,vehicle,0,0,0
VEH_0449,vehicle,1,0,0
VEH_0450,vehicle,3,0,0
VEH_0451,vehicle,0,0,0
VEH_0452,vehicle,1,0,0
VEH_0453,vehicle,0,0,0
VEH_0454,vehicle,1,0,0
VEH_0455,vehicle,0,0,0
VEH_0456,vehicle,0,0,0
VEH_0457,vehicle,0,0,0
VEH_0458,vehicle,1,0,0
VEH_0459,vehicle,2,0,0
VEH_0460,vehicle,0,0,0
VEH_0461,vehicle,2,0,0
VEH_0462,vehicle,0,0,0
VEH_0463,vehicle,2,0,0
VEH_0464,vehicle,0,0,0
VEH_0465,vehicle,2,0,0
VEH_0466,vehicle,1,0,0
VEH_0467,vehicle,0,0,0
VEH_0468,vehicle,0,0,0
VEH_0469,vehicle,1,0,0
VEH_0470,vehicle,2,0,0
VEH_0471,vehicle,0,0,0
VEH_0472,vehicle,1,0,0
VEH_0473,vehicle,1,0,0
VEH_0474,vehicle,0,0,0
VEH_0475,vehicle,0,0,0
VEH_0476,vehicle,0,0,0
VEH_0477,vehicle,1,0,0
VEH_0478,vehicle,2,0,0
VEH_0479,vehicle,0,0,0
VEH_0480,vehicle,1,0,0
VEH_0481,vehicle,1,0,0
VEH_0482,vehicle,2,0,0
VEH_0483,vehicle,2,0,0
VEH_0484,vehicle,0,0,0
VEH_0485,vehicle,2,0,0
VEH_0486,vehicle,0,0,0
VEH_0487,vehicle,0,0,0
VEH_0488,vehicle,2,0,0
VEH_0489,vehicle,2,0,0
VEH_0490,vehicle,1,0,0
VEH_0491,vehicle,1,0,0
VEH_0492,vehicle,1,0,0
VEH_0493,vehicle,1,0,0
VEH_0494,vehicle,2,0,0
VEH_0495,vehicle,2,0,0
VEH_0496,vehicle,2,0,0
VEH_0497,vehicle,0,0,0
VEH_0498,vehicle,1,0,0
VEH_0499,vehicle,0,0,0
VEH_0500,vehicle,0,0,0
VEH_0501,vehicle,2,0,0
VEH_0502,vehicle,0,0,0
VEH_0503,vehicle,0,0,0
VEH_0504,vehicle,2,0,0
VEH_0505,vehicle,1,0,0
VEH_0506,vehicle,0,0,0
VEH_0507,vehicle,0,0,0
VEH_0508,vehicle,1,0,0
VEH_0509,vehicle,2,0,0
VEH_0510,vehicle,1,0,0
VEH_0511,vehicle,1,0,0
VEH_0512,vehicle,0,0,0
VEH_0513,vehicle,3,0,0
VEH_0514,vehicle,0,0,0
VEH_0515,vehicle,0,0,0
VEH_0516,vehicle,1,0,0
VEH_0517,vehicle,0,0,0
VEH_0518,vehicle,2,0,0
VEH_0519,vehicle,1,0,0
VEH_0520,vehicle,2,0,0
VEH_0521,vehicle,0,0,0
VEH_0522,vehicle,0,0,0
VEH_0523,vehicle,2,0,0
VEH_0524,vehicle,1,0,0
VEH_0525,vehicle,0,0,0
VEH_0526,vehicle,2,0,0
VEH_0527,vehicle,0,0,0
VEH_0528,vehicle,1,0,0
VEH_0529,vehicle,1,0,0
VEH_0530,vehicle,0,0,0
VEH_0531,vehicle,1,0,0
VEH_0532,vehicle,2,0,0
VEH_0533,vehicle,1,0,0
VEH_0534,vehicle,0,0,0
VEH_0535,vehicle,2,0,0
VEH_0536,vehicle,1,0,0
VEH_0537,vehicle,0,0,0
VEH_0538,vehicle,0,0,0
VEH_0539,vehicle,0,0,0
VEH_0540,vehicle,1,0,0
VEH_0541,vehicle,2,0,0
VEH_0542,vehicle,0,0,0
VEH_0543,vehicle,2,0,0
VEH_0544,vehicle,1,0,0
VEH_0545,vehicle,2,0,0
VEH_0546,vehicle,0,0,0
VEH_0547,vehicle,1,0,0
VEH_0548,vehicle,2,0,0
VEH_0549,vehicle,1,0,0
VEH_0550,vehicle,1,0,0
VEH_0551,vehicle,1,0,0
VEH_0552,vehicle,2,0,0
VEH_0553,vehicle,1,0,0
VEH_0554,vehicle,0,0,0
VEH_0555,vehicle,2,0,0
VEH_0556,vehicle,1,0,0
VEH_0557,vehicle,0,0,0
VEH_0558,vehicle,0,0,0
VEH_0559,vehicle,2,0,0
VEH_0560,vehicle,0,0,0
VEH_0561,vehicle,1,0,0
VEH_0562,vehicle,1,0,0
VEH_0563,vehicle,1,0,0
VEH_0564,vehicle,0,0,0
VEH_0565,vehicle,0,0,0
VEH_0566,vehicle,0,0,0
VEH_0567,vehicle,0,0,0
VEH_0568,vehicle,1,0,0
VEH_0569,vehicle,0,0,0
VEH_0570,vehicle,0,0,0
VEH_0571,vehicle,0,0,0
VEH_0572,vehicle,0,0,0
VEH_0573,vehicle,1,0,0
VEH_0574,vehicle,0,0,0
VEH_0575,vehicle,2,0,0
VEH_0576,vehicle,2,0,0
VEH_0577,vehicle,1,0,0
VEH_0578,vehicle,0,0,0
VEH_0579,vehicle,2,0,0
VEH_0580,vehicle,3,0,0
VEH_0581,vehicle,0,0,0
VEH_0582,vehicle,2,0,0
VEH_0583,vehicle,0,0,0
VEH_0584,vehicle,1,0,0
VEH_0585,vehicle,0,0,0
VEH_0586,vehicle,2,0,0
VEH_0587,vehicle,1,0,0
VEH_0588,vehicle,1,0,0
VEH_0589,vehicle,2,0,0
VEH_0590,vehicle,0,0,0
VEH_0591,vehicle,1,0,0
VEH_0592,vehicle,0,0,0
VEH_0593,vehicle,1,0,0
VEH_0594,vehicle,1,0,0
VEH_0595,vehicle,0,0,0
VEH_0596,vehicle,0,0,0
VEH_0597,vehicle,1,0,0
VEH_0598,vehicle,0,0,0
VEH_0599,vehicle,1,0,0
VEH_0600,vehicle,1,0,0
VEH_0601,vehicle,1,0,0
VEH_0602,vehicle,2,0,0
VEH_0603,vehicle,1,0,0
VEH_0604,vehicle,1,0,0
VEH_0605,vehicle,3,0,0
VEH_0606,vehicle,1,0,0
VEH_0607,vehicle,1,0,0
VEH_0608,vehicle,1,0,0
VEH_0609,vehicle,3,0,0
VEH_0610,vehicle,3,0,0
VEH_0611,vehicle,1,0,0
VEH_0612,vehicle,1,0,0
VEH_0613,vehicle,0,0,0
VEH_0614,vehicle,2,0,0
VEH_0615,vehicle,0,0,0
VEH_0616,vehicle,1,0,0
VEH_0617,vehicle,0,0,0
VEH_0618,vehicle,1,0,0
VEH_0619,vehicle,1,0,0
VEH_0620,vehicle,0,0,0
VEH_0621,vehicle,0,0,0
VEH_0622,vehicle,0,0,0
VEH_0623,vehicle,0,0,0
VEH_0624,vehicle,1,0,0
VEH_0625,vehicle,0,0,0
VEH_0626,vehicle,1,0,0
VEH_0627,vehicle,0,0,0
VEH_0628,vehicle,0,0,0
VEH_0629,vehicle,0,0,0
VEH_0630,vehicle,0,0,0
VEH_0631,vehicle,0,0,0
VEH_0632,vehicle,2,0,0
VEH_0633,vehicle,1,0,0
VEH_0634,vehicle,0,0,0
VEH_0635,vehicle,3,0,0
VEH_0636,vehicle,1,0,0
VEH_0637,vehicle,1,0,0
VEH_0638,vehicle,1,0,0
VEH_0639,vehicle,0,0,0
VEH_0640,vehicle,1,0,0
VEH_0641,vehicle,1,0,0
VEH_0642,vehicle,1,0,0
VEH_0643,vehicle,0,0,0
VEH_0644,vehicle,0,0,0
VEH_0645,vehicle,2,0,0
VEH_0646,vehicle,0,0,0
VEH_0647,vehicle,5,0,0
VEH_0648,vehicle,1,0,0
VEH_0649,vehicle,1,0,0
VEH_0650,vehicle,3,0,0
VEH_0651,vehicle,1,0,0
VEH_0652,vehicle,0,0,0
VEH_0653,vehicle,0,0,0
VEH_0654,vehicle,0,0,0
VEH_0655,vehicle,1,0,0
VEH_0656,vehicle,0,0,0
VEH_0657,vehicle,2,0,0
VEH_0658,vehicle,0,0,0
VEH_0659,vehicle,0,0,0
VEH_0660,vehicle,2,0,0
VEH_0661,vehicle,1,0,0
VEH_0662,vehicle,1,0,0
VEH_0663,vehicle,2,0,0
VEH_0664,vehicle,2,0,0
VEH_0665,vehicle,0,0,0
VEH_0666,vehicle,1,0,0
VEH_0667,vehicle,0,0,0
VEH_0668,vehicle,1,0,0
VEH_0669,vehicle,2,0,0
VEH_0670,vehicle,0,0,0
VEH_0671,vehicle,0,0,0
VEH_0672,vehicle,0,0,0
VEH_0673,vehicle,1,0,0
VEH_0674,vehicle,1,0,0
VEH_0675,vehicle,1,0,0
VEH_0676,vehicle,0,0,0
VEH_0677,vehicle,1,0,0
VEH_0678,vehicle,1,0,0
VEH_0679,vehicle,0,0,0
VEH_0680,vehicle,0,0,0
VEH_0681,vehicle,1,0,0
VEH_0682,vehicle,1,0,0
VEH_0683,vehicle,1,0,0
VEH_0684,vehicle,1,0,0
VEH_0685,vehicle,2,0,0
VEH_0686,vehicle,1,0,0
VEH_0687,vehicle,0,0,0
VEH_0688,vehicle,0,0,0
VEH_0689,vehicle,0,0,0
VEH_0690,vehicle,3,0,0
VEH_0691,vehicle,0,0,0
VEH_0692,vehicle,1,0,0
VEH_0693,vehicle,1,0,0
VEH_0694,vehicle,0,0,0
VEH_0695,vehicle,0,0,0
VEH_0696,vehicle,1,0,0
VEH_0697,vehicle,3,0,0
VEH_0698,vehicle,0,0,0
VEH_0699,vehicle,1,0,0
VEH_0700,vehicle,0,0,0
VEH_0701,vehicle,1,0,0
VEH_0702,vehicle,1,0,0
VEH_0703,vehicle,1,0,0
VEH_0704,vehicle,0,0,0
VEH_0705,vehicle,1,0,0
VEH_0706,vehicle,3,0,0
VEH_0707,vehicle,0,0,0
VEH_0708,vehicle,0,0,0
VEH_0709,vehicle,0,0,0
VEH_0710,vehicle,3,0,0
VEH_0711,vehicle,2,0,0
VEH_0712,vehicle,0,0,0
VEH_0713,vehicle,0,0,0
VEH_0714,vehicle,0,0,0
VEH_0715,vehicle,0,0,0
VEH_0716,vehicle,2,0,0
VEH_0717,vehicle,2,0,0
VEH_0718,vehicle,0,0,0
VEH_0719,vehicle,0,0,0
VEH_0720,vehicle,0,0,0
VEH_0721,vehicle,3,0,0
VEH_0722,vehicle,0,0,0
VEH_0723,vehicle,1,0,0
VEH_0724,vehicle,0,0,0
VEH_0725,vehicle,1,0,0
VEH_0726,vehicle,1,0,0
VEH_0727,vehicle,0,0,0
VEH_0728,vehicle,0,0,0
VEH_0729,vehicle,0,0,0
VEH_0730,vehicle,1,0,0
VEH_0731,vehicle,0,0,0
VEH_0732,vehicle,3,0,0
VEH_0733,vehicle,2,0,0
VEH_0734,vehicle,2,0,0
VEH_0735,vehicle,0,0,0
VEH_0736,vehicle,3,0,0
VEH_0737,vehicle,1,0,0
VEH_0738,vehicle,1,0,0
VEH_0739,vehicle,3,0,0
VEH_0740,vehicle,3,0,0
VEH_0741,vehicle,1,0,0
VEH_0742,vehicle,2,0,0
VEH_0743,vehicle,0,0,0
VEH_0744,vehicle,0,0,0
VEH_0745,vehicle,1,0,0
VEH_0746,vehicle,0,0,0
VEH_0747,vehicle,1,0,0
VEH_0748,vehicle,0,0,0
VEH_0749,vehicle,0,0,0
VEH_0750,vehicle,0,0,0
VEH_0751,vehicle,2,0,0
VEH_0752,vehicle,0,0,0
VEH_0753,vehicle,1,0,0
VEH_0754,vehicle,0,0,0
VEH_0755,vehicle,0,0,0
VEH_0756,vehicle,1,0,0
VEH_0757,vehicle,0,0,0
VEH_0758,vehicle,0,0,0
VEH_0759,vehicle,0,0,0
VEH_0760,vehicle,2,0,0
VEH_0761,vehicle,0,0,0
VEH_0762,vehicle,0,0,0
VEH_0763,vehicle,0,0,0
VEH_0764,vehicle,0,0,0
VEH_0765,vehicle,0,0,0
VEH_0766,vehicle,0,0,0
VEH_0767,vehicle,0,0,0
VEH_0768,vehicle,1,0,0
VEH_0769,vehicle,0,0,0
VEH_0770,vehicle,0,0,0
VEH_0771,vehicle,2,0,0
VEH_0772,vehicle,0,0,0
VEH_0773,vehicle,1,0,0
VEH_0774,vehicle,1,0,0
VEH_0775,vehicle,1,0,0
VEH_0776,vehicle,0,0,0
VEH_0777,vehicle,4,0,0
VEH_0778,vehicle,2,0,0
VEH_0779,vehicle,2,0,0
VEH_0780,vehicle,0,0,0
VEH_0781,vehicle,3,0,0
VEH_0782,vehicle,2,0,0
VEH_0783,vehicle,0,0,0
VEH_0784,vehicle,1,0,0
VEH_0785,vehicle,0,0,0
VEH_0786,vehicle,0,0,0
VEH_0787,vehicle,0,0,0
VEH_0788,vehicle,0,0,0
VEH_0789,vehicle,0,0,0
VEH_0790,vehicle,0,0,0
VEH_0791,vehicle,2,0,0
VEH_0792,vehicle,0,0,0
VEH_0793,vehicle,0,0,0
VEH_0794,vehicle,0,0,0
VEH_0795,vehicle,2,0,0
VEH_0796,vehicle,1,0,0
VEH_0797,vehicle,2,0,0
VEH_0798,vehicle,2,0,0
VEH_0799,vehicle,3,0,0
VEH_0800,vehicle,0,0,0
