call_id,caller_number,receiver_number,timestamp,duration_seconds,cell_tower_location_id
CDR_000001,+918122600663,+917463121724,2023-01-26T15:31:58Z,257,LOC_0101
CDR_000002,+916508924953,+919400156805,2023-08-14T09:27:48Z,2917,LOC_0031
CDR_000003,+917292304779,+916810327163,2025-11-20T12:20:41Z,321,LOC_0100
CDR_000004,+918704895305,+919081149490,2024-11-22T19:13:27Z,2095,LOC_0119
CDR_000005,+917731709641,+917176977900,2024-04-11T17:57:33Z,3442,LOC_0129
CDR_000006,+918180279805,+919249102562,2023-11-14T15:37:49Z,3039,LOC_0094
CDR_000007,+916128924554,+917930172860,2026-03-08T22:45:06Z,2592,LOC_0064
CDR_000008,+918895259482,+918590682033,2024-07-20T20:06:07Z,660,LOC_0124
CDR_000009,+916940299467,+919796457360,2026-04-04T00:59:17Z,3289,LOC_0082
CDR_000010,+916091438352,+918867043264,2024-09-01T19:57:33Z,1809,LOC_0118
CDR_000011,+918078381873,+919764066450,2024-06-03T20:15:01Z,1481,LOC_0077
CDR_000012,+917970319532,+918490611661,2025-06-27T09:49:17Z,2930,LOC_0010
CDR_000013,+917861746627,+919573639898,2023-10-10T22:55:45Z,2845,LOC_0099
CDR_000014,+919854416702,+916837619957,2023-05-30T06:50:01Z,1338,LOC_0075
CDR_000015,+917498230953,+916235316246,2026-07-01T01:49:30Z,1963,LOC_0003
CDR_000016,+917887532541,+918252188304,2023-07-17T17:48:28Z,2355,LOC_0064
CDR_000017,+917003833443,+918093781592,2023-11-26T13:19:51Z,532,LOC_0101
CDR_000018,+919152000372,+917473713393,2023-10-30T23:27:42Z,1934,LOC_0068
CDR_000019,+918156834290,+919168819811,2023-09-01T06:37:14Z,268,LOC_0064
CDR_000020,+916491028289,+918996395544,2025-04-12T05:59:45Z,1181,LOC_0020
CDR_000021,+917176226755,+916807254039,2025-01-18T19:21:56Z,347,LOC_0035
CDR_000022,+916313595787,+919896945119,2025-03-28T13:54:51Z,1094,LOC_0045
CDR_000023,+919495540116,+919312303657,2024-08-04T15:01:09Z,263,LOC_0091
CDR_000024,+916788958738,+919141962771,2025-01-04T15:46:52Z,1789,LOC_0094
CDR_000025,+919944676828,+916369445790,2025-07-21T02:54:06Z,646,LOC_0040
CDR_000026,+917459525419,+919026491892,2024-07-15T14:51:22Z,536,LOC_0140
CDR_000027,+918831060255,+918737594009,2025-01-31T13:42:09Z,2741,LOC_0007
CDR_000028,+916297465366,+917558287806,2023-01-09T22:04:42Z,3215,LOC_0039
CDR_000029,+917725708681,+916146387689,2026-04-23T23:18:51Z,3567,LOC_0046
CDR_000030,+917521998002,+918295619572,2026-05-23T16:24:50Z,969,LOC_0092
CDR_000031,+919866520330,+919515645918,2024-11-12T16:41:02Z,2164,LOC_0128
CDR_000032,+918445685199,+916790558940,2026-02-02T02:41:09Z,799,LOC_0090
CDR_000033,+918615798918,+917082434192,2024-09-28T19:41:53Z,1235,LOC_0125
CDR_000034,+918379735122,+919784541097,2025-03-28T11:57:00Z,2725,LOC_0080
CDR_000035,+916939673695,+918556293060,2024-10-02T13:54:00Z,1139,LOC_0093
CDR_000036,+916377188000,+918640665603,2024-12-07T14:09:55Z,2808,LOC_0039
CDR_000037,+916886084049,+916120019264,2023-06-09T13:14:46Z,3110,LOC_0003
CDR_000038,+917864326250,+917195461796,2024-07-03T00:33:26Z,2978,LOC_0013
CDR_000039,+916175892199,+916120133063,2023-03-18T07:14:24Z,2216,LOC_0123
CDR_000040,+918079586549,+919019762806,2026-02-23T14:29:18Z,1276,LOC_0090
CDR_000041,+918044022431,+917428785242,2024-06-09T17:09:09Z,2228,LOC_0029
CDR_000042,+917382283488,+917409244959,2024-05-12T04:43:11Z,2174,LOC_0003
CDR_000043,+919793200863,+919048975310,2025-05-23T01:19:33Z,2633,LOC_0143
CDR_000044,+918958015721,+918156834290,2025-01-25T17:21:27Z,2440,LOC_0126
CDR_000045,+918724585317,+916999034756,2025-02-15T00:30:34Z,1787,LOC_0021
CDR_000046,+919640382786,+919375300097,2024-11-24T16:05:44Z,2181,LOC_0141
CDR_000047,+918792983216,+918371470157,2023-10-29T03:40:40Z,3404,LOC_0099
CDR_000048,+918732742483,+919291271354,2024-08-26T18:22:12Z,3129,LOC_0085
CDR_000049,+916930600995,+919168848623,2023-12-30T11:02:40Z,1235,LOC_0114
CDR_000050,+916487937820,+919497082739,2026-03-01T09:07:40Z,2356,LOC_0105
CDR_000051,+919738550295,+919620148151,2025-01-14T21:29:29Z,2369,LOC_0038
CDR_000052,+919924462352,+916663839732,2023-09-22T12:04:17Z,2061,LOC_0030
CDR_000053,+917885133086,+919978157818,2024-06-19T19:51:09Z,7,LOC_0047
CDR_000054,+916900159659,+919847558512,2024-03-26T18:19:08Z,851,LOC_0141
CDR_000055,+917215861114,+916939673695,2024-01-16T09:33:21Z,1185,LOC_0081
CDR_000056,+918106074066,+918831060255,2023-09-13T16:20:14Z,477,LOC_0075
CDR_000057,+918998458008,+919702276600,2025-09-10T22:40:49Z,20,LOC_0065
CDR_000058,+916849872844,+918458590795,2026-03-13T11:46:16Z,1711,LOC_0007
CDR_000059,+917056191455,+917053633420,2025-09-23T16:25:20Z,2313,LOC_0110
CDR_000060,+918844458160,+916876353362,2023-04-29T02:47:52Z,1109,LOC_0091
CDR_000061,+916533891998,+919237083706,2024-12-01T10:39:09Z,972,LOC_0105
CDR_000062,+916167893174,+917562122502,2025-06-07T18:56:25Z,2186,LOC_0082
CDR_000063,+916091438352,+919614631486,2025-07-31T03:53:38Z,2285,LOC_0024
CDR_000064,+917500130102,+919472255508,2025-01-22T22:31:48Z,2956,LOC_0060
CDR_000065,+917066624804,+916268007062,2024-07-20T18:10:20Z,844,LOC_0113
CDR_000066,+918481973488,+916369382071,2025-03-29T21:41:42Z,1438,LOC_0135
CDR_000067,+919461484918,+916547253832,2025-02-24T23:44:54Z,3066,LOC_0089
CDR_000068,+917870369767,+917156403157,2024-12-04T05:15:25Z,482,LOC_0063
CDR_000069,+916518351152,+917150724227,2025-08-08T19:46:35Z,2197,LOC_0065
CDR_000070,+916757784718,+917710446980,2026-05-16T07:58:54Z,2965,LOC_0100
CDR_000071,+916964151220,+917375191063,2024-01-13T17:35:58Z,3463,LOC_0145
CDR_000072,+919438177052,+918231987320,2024-06-10T12:52:38Z,1966,LOC_0065
CDR_000073,+916128591125,+917260459282,2025-01-20T21:26:07Z,1142,LOC_0061
CDR_000074,+917468961055,+916563470451,2023-09-03T03:37:05Z,330,LOC_0037
CDR_000075,+916877052144,+919790739390,2024-03-01T21:36:39Z,2115,LOC_0117
CDR_000076,+919202789486,+918291612234,2024-08-18T17:28:26Z,3342,LOC_0019
CDR_000077,+916373077289,+918259218970,2025-05-01T17:31:53Z,3101,LOC_0145
CDR_000078,+918480705258,+918078381873,2024-05-30T21:57:46Z,1534,LOC_0127
CDR_000079,+918490611661,+919601971852,2025-04-15T13:06:59Z,3479,LOC_0057
CDR_000080,+918308259281,+917526393650,2026-06-18T11:12:52Z,2440,LOC_0011
CDR_000081,+918712510228,+917838882481,2023-04-03T19:06:44Z,1330,LOC_0004
CDR_000082,+919702276600,+917529133908,2024-06-28T18:17:49Z,3033,LOC_0030
CDR_000083,+919567181201,+917183009989,2024-08-12T23:22:31Z,1324,LOC_0141
CDR_000084,+917850733732,+916415932585,2023-02-20T08:35:40Z,1326,LOC_0146
CDR_000085,+916123579604,+916506774170,2023-12-15T03:41:35Z,1140,LOC_0078
CDR_000086,+917947386482,+919468434391,2024-09-26T23:17:45Z,519,LOC_0121
CDR_000087,+918025030698,+918526469228,2023-10-20T17:41:42Z,2503,LOC_0060
CDR_000088,+916189032301,+917176977900,2026-04-18T13:45:49Z,3130,LOC_0105
CDR_000089,+919944676828,+916890656381,2023-11-11T01:45:18Z,1528,LOC_0050
CDR_000090,+919026491892,+919320036885,2025-01-03T16:47:43Z,1290,LOC_0150
CDR_000091,+916918177938,+918077559531,2023-02-01T06:44:30Z,2341,LOC_0102
CDR_000092,+918379735122,+916228307893,2023-10-16T19:01:18Z,2996,LOC_0031
CDR_000093,+916486115413,+916012309827,2023-01-01T03:28:31Z,2156,LOC_0126
CDR_000094,+917531092238,+918654191036,2026-04-01T16:31:19Z,2582,LOC_0084
CDR_000095,+917119695300,+916493012661,2025-02-22T07:42:10Z,2674,LOC_0142
CDR_000096,+916516612288,+917930172860,2023-10-23T16:35:40Z,1909,LOC_0109
CDR_000097,+918682951628,+919799177162,2025-07-02T09:50:38Z,1925,LOC_0117
CDR_000098,+919168848623,+916091438352,2025-09-23T02:38:44Z,3334,LOC_0132
CDR_000099,+918682951628,+916297465366,2024-08-20T19:09:16Z,1692,LOC_0007
CDR_000100,+917853345235,+916807254039,2025-10-18T03:39:36Z,2337,LOC_0128
CDR_000101,+918156891321,+917191405559,2024-06-04T08:50:09Z,50,LOC_0015
CDR_000102,+917970984707,+919057767497,2024-03-06T23:45:53Z,1495,LOC_0012
CDR_000103,+919575606753,+919518115388,2025-07-22T00:02:35Z,1642,LOC_0041
CDR_000104,+919172900312,+917376463094,2025-12-02T01:57:01Z,339,LOC_0005
CDR_000105,+918852128598,+917376265912,2023-12-26T08:20:23Z,2915,LOC_0047
CDR_000106,+917725708681,+917549875589,2024-07-06T13:10:26Z,610,LOC_0115
CDR_000107,+917970319532,+919362450803,2024-06-20T22:05:04Z,1191,LOC_0099
CDR_000108,+917475998631,+917562122502,2024-05-31T14:58:18Z,2549,LOC_0078
CDR_000109,+916918177938,+916498319477,2026-02-20T04:31:22Z,1443,LOC_0109
CDR_000110,+916807254039,+916592681126,2023-04-16T03:34:56Z,1884,LOC_0114
CDR_000111,+919702276600,+919748868637,2025-06-26T07:05:58Z,2262,LOC_0114
CDR_000112,+919925678450,+916006779966,2026-05-30T03:49:40Z,2616,LOC_0081
CDR_000113,+917390106458,+919249102562,2026-01-18T07:41:05Z,2422,LOC_0142
CDR_000114,+917384717361,+916918177938,2023-02-23T06:45:29Z,2077,LOC_0129
CDR_000115,+917174469727,+918168568631,2025-02-07T17:07:39Z,1353,LOC_0081
CDR_000116,+918263133100,+917195461796,2026-06-06T17:17:21Z,14,LOC_0094
CDR_000117,+916128924554,+916091087253,2024-06-10T04:49:53Z,2538,LOC_0123
CDR_000118,+918461270060,+916297465366,2025-03-21T05:40:40Z,893,LOC_0095
CDR_000119,+918159374355,+917773541214,2026-02-24T17:31:54Z,2864,LOC_0007
CDR_000120,+917883652701,+919811215239,2026-05-23T21:06:47Z,782,LOC_0012
CDR_000121,+918017624177,+916518784128,2024-10-07T07:31:38Z,1841,LOC_0047
CDR_000122,+916964151220,+916119791902,2025-04-10T16:09:12Z,442,LOC_0082
CDR_000123,+918591125930,+919900295590,2024-01-12T10:47:31Z,2269,LOC_0116
CDR_000124,+919477005482,+916437346137,2025-01-21T02:22:40Z,3548,LOC_0134
CDR_000125,+919229269576,+916137693023,2024-11-29T17:35:38Z,2336,LOC_0143
CDR_000126,+918079500806,+917533491749,2024-03-24T14:42:03Z,2974,LOC_0147
CDR_000127,+917205839367,+916936889011,2023-05-12T05:18:43Z,917,LOC_0122
CDR_000128,+918025030698,+917368329940,2024-01-10T21:34:39Z,15,LOC_0110
CDR_000129,+918868437461,+916877175367,2023-02-24T21:34:45Z,3400,LOC_0136
CDR_000130,+916716980913,+919883349761,2023-12-02T03:46:25Z,141,LOC_0105
CDR_000131,+918930719057,+917014944264,2025-11-27T17:32:32Z,2060,LOC_0053
CDR_000132,+917269627466,+918107376583,2023-07-12T00:58:41Z,1739,LOC_0114
CDR_000133,+916195355435,+917627460852,2025-04-12T05:28:11Z,1621,LOC_0109
CDR_000134,+919944676828,+918855475644,2024-10-04T18:13:09Z,193,LOC_0103
CDR_000135,+918561216903,+918584719544,2024-07-30T22:33:03Z,1438,LOC_0145
CDR_000136,+918062413300,+918374058517,2026-05-03T22:19:14Z,1002,LOC_0084
CDR_000137,+917003126774,+916580310006,2026-06-13T15:56:30Z,17,LOC_0082
CDR_000138,+917215861114,+919793682791,2024-11-17T11:55:02Z,1976,LOC_0034
CDR_000139,+916541696649,+917409244959,2024-04-01T04:35:27Z,165,LOC_0046
CDR_000140,+918420824631,+916412498542,2025-10-08T06:31:56Z,2523,LOC_0129
CDR_000141,+918009645719,+916964151220,2023-02-10T01:33:23Z,2578,LOC_0139
CDR_000142,+919438177052,+918586190457,2025-04-01T03:34:50Z,1838,LOC_0039
CDR_000143,+917004122133,+917628199646,2025-01-22T12:53:26Z,2068,LOC_0075
CDR_000144,+917176226755,+918005937631,2025-09-04T13:23:40Z,615,LOC_0012
CDR_000145,+916228463400,+916867290276,2023-08-26T13:07:18Z,1185,LOC_0030
CDR_000146,+916860125163,+919508331976,2023-05-14T01:09:24Z,1519,LOC_0016
CDR_000147,+917611705235,+918583274296,2025-06-19T18:30:31Z,1007,LOC_0030
CDR_000148,+919208320641,+918296067730,2023-01-22T09:39:16Z,2147,LOC_0031
CDR_000149,+919689390899,+918958015721,2026-07-01T03:31:11Z,474,LOC_0023
CDR_000150,+918075004731,+918302158748,2024-07-23T16:27:48Z,2584,LOC_0098
CDR_000151,+917158988822,+919573639898,2023-12-25T18:43:58Z,2658,LOC_0073
CDR_000152,+917000167474,+918971416447,2024-11-15T05:11:24Z,2722,LOC_0092
CDR_000153,+917348210721,+916824272995,2023-03-06T08:40:08Z,3575,LOC_0080
CDR_000154,+918437654971,+918529100509,2024-04-12T09:12:40Z,143,LOC_0142
CDR_000155,+917154261079,+916473890212,2023-07-22T03:20:23Z,2569,LOC_0123
CDR_000156,+917974208537,+919208320641,2025-06-05T12:27:58Z,2556,LOC_0010
CDR_000157,+917382283488,+916811147196,2024-04-26T19:56:21Z,2491,LOC_0079
CDR_000158,+919613918807,+916659262360,2024-05-30T19:06:29Z,1795,LOC_0090
CDR_000159,+918959222174,+916477096961,2023-03-05T06:09:25Z,2781,LOC_0058
CDR_000160,+916607813459,+918814769504,2023-11-25T00:49:46Z,2308,LOC_0056
CDR_000161,+916012309827,+918138571816,2025-01-26T21:34:10Z,578,LOC_0043
CDR_000162,+917251961948,+919844452015,2024-05-20T04:36:44Z,3163,LOC_0131
CDR_000163,+917863152169,+919614828553,2023-03-01T14:57:55Z,2151,LOC_0057
CDR_000164,+916328709442,+917883652701,2023-04-11T09:15:45Z,3209,LOC_0076
CDR_000165,+917970984707,+918405805049,2023-10-13T19:11:18Z,1072,LOC_0070
CDR_000166,+918047867526,+916387632437,2026-05-02T00:18:36Z,2514,LOC_0105
CDR_000167,+918584467005,+916518849078,2025-11-08T15:54:27Z,2493,LOC_0010
CDR_000168,+917762054424,+917234182744,2024-02-08T15:54:22Z,1467,LOC_0055
CDR_000169,+916546416390,+916679955714,2023-01-29T05:43:59Z,1124,LOC_0141
CDR_000170,+918045084752,+918369496447,2025-02-09T05:19:50Z,2593,LOC_0043
CDR_000171,+918079586549,+916033819777,2024-04-13T12:07:55Z,46,LOC_0148
CDR_000172,+918371470157,+918864985663,2026-02-21T14:14:18Z,1797,LOC_0014
CDR_000173,+918502988880,+919613894362,2025-02-18T18:29:28Z,1839,LOC_0054
CDR_000174,+916501832818,+916896194129,2026-07-05T00:36:53Z,61,LOC_0129
CDR_000175,+919357171471,+919701033334,2024-09-23T03:24:58Z,2189,LOC_0144
CDR_000176,+919875844373,+918295619572,2023-01-28T16:18:43Z,946,LOC_0140
CDR_000177,+917045206074,+918717352279,2025-07-25T07:42:30Z,449,LOC_0047
CDR_000178,+916749458391,+919252811795,2024-07-20T18:00:44Z,228,LOC_0026
CDR_000179,+919538760086,+917426129087,2024-05-20T16:04:40Z,1074,LOC_0105
CDR_000180,+918781267374,+917612816731,2024-07-28T07:07:58Z,1803,LOC_0060
CDR_000181,+917533491749,+917996401878,2024-06-26T10:24:35Z,902,LOC_0108
CDR_000182,+918180279805,+918235400336,2024-11-16T15:39:27Z,1653,LOC_0129
CDR_000183,+919336675287,+916473029049,2023-09-25T12:39:09Z,3160,LOC_0042
CDR_000184,+919718334842,+918913320633,2025-02-12T21:10:54Z,3248,LOC_0150
CDR_000185,+919649904956,+919645019830,2024-03-11T02:48:24Z,1495,LOC_0010
CDR_000186,+919278571664,+918054564070,2025-09-07T00:32:21Z,2315,LOC_0130
CDR_000187,+918862310586,+918132042931,2023-07-05T23:58:09Z,1914,LOC_0060
CDR_000188,+918233121087,+918945328818,2023-05-20T02:43:14Z,3111,LOC_0087
CDR_000189,+918832448381,+917526678932,2024-10-21T03:07:17Z,155,LOC_0072
CDR_000190,+919203931525,+917154459322,2026-07-08T15:59:59Z,342,LOC_0068
CDR_000191,+916289968212,+918246997276,2023-05-17T00:36:10Z,1714,LOC_0086
CDR_000192,+918167410280,+919265568728,2024-02-12T18:25:20Z,3142,LOC_0027
CDR_000193,+916549034032,+919779305645,2024-10-30T04:47:41Z,1075,LOC_0073
CDR_000194,+916025302093,+916378652730,2025-10-21T15:35:35Z,2053,LOC_0037
CDR_000195,+917636767626,+917345139329,2026-02-21T06:46:56Z,2446,LOC_0074
CDR_000196,+917294831357,+916983590548,2023-05-15T01:54:42Z,2707,LOC_0147
CDR_000197,+919979854542,+917609324972,2026-02-08T11:19:40Z,3354,LOC_0119
CDR_000198,+916369445790,+919103002206,2024-01-31T00:38:12Z,2441,LOC_0130
CDR_000199,+919847558512,+919680791091,2023-07-29T18:32:36Z,90,LOC_0049
CDR_000200,+919900295590,+918868437461,2024-11-21T02:36:37Z,1014,LOC_0101
CDR_000201,+918586190457,+919925678450,2024-04-30T09:17:34Z,716,LOC_0122
CDR_000202,+916764557476,+918564571185,2023-01-04T18:37:18Z,2892,LOC_0125
CDR_000203,+918692246047,+918733074647,2025-11-15T22:23:29Z,500,LOC_0080
CDR_000204,+917158988822,+919113804499,2026-03-31T02:57:23Z,1111,LOC_0001
CDR_000205,+918120892071,+917375191063,2025-12-13T18:24:25Z,512,LOC_0049
CDR_000206,+917808590634,+916839267208,2024-03-14T17:11:24Z,639,LOC_0084
CDR_000207,+916471298719,+918608649529,2024-08-21T16:16:58Z,358,LOC_0143
CDR_000208,+919802687719,+916383604911,2026-06-23T13:28:47Z,1767,LOC_0040
CDR_000209,+916517981598,+919816975777,2025-04-08T13:11:36Z,1052,LOC_0032
CDR_000210,+917830957372,+919964496896,2023-04-23T11:02:55Z,3455,LOC_0003
CDR_000211,+916557127028,+918149094710,2024-06-30T03:33:51Z,1123,LOC_0034
CDR_000212,+916940299467,+917156403157,2026-04-15T09:31:28Z,584,LOC_0124
CDR_000213,+916402153307,+916689588485,2024-07-25T08:14:36Z,1651,LOC_0139
CDR_000214,+918156891321,+919398794286,2023-04-06T22:32:19Z,2096,LOC_0071
CDR_000215,+917427799501,+919435050715,2023-09-25T01:45:19Z,2860,LOC_0004
CDR_000216,+917468961055,+918379735122,2025-01-01T09:10:57Z,299,LOC_0039
CDR_000217,+918334428286,+916259807661,2023-11-16T06:25:02Z,1261,LOC_0009
CDR_000218,+918472422439,+916411587803,2025-10-16T22:53:45Z,2537,LOC_0055
CDR_000219,+919645019830,+917248985201,2023-06-13T14:37:22Z,3008,LOC_0064
CDR_000220,+918639151858,+917621181725,2024-12-30T21:44:04Z,653,LOC_0116
CDR_000221,+918682951628,+916225121807,2023-08-29T05:48:22Z,1682,LOC_0033
CDR_000222,+918374058517,+919003544284,2026-01-25T00:51:58Z,1764,LOC_0113
CDR_000223,+919174859715,+916491028289,2025-08-12T10:44:37Z,1380,LOC_0130
CDR_000224,+918126746095,+917800902537,2025-06-20T23:36:30Z,2604,LOC_0075
CDR_000225,+918781267374,+917160392103,2024-11-24T09:06:00Z,2627,LOC_0118
CDR_000226,+917045206074,+916111635207,2025-12-01T15:45:48Z,623,LOC_0148
CDR_000227,+918835659453,+919700780593,2025-08-01T02:13:02Z,2505,LOC_0050
CDR_000228,+917362867804,+916823264888,2024-10-09T21:55:46Z,2007,LOC_0089
CDR_000229,+919441494580,+916969934690,2023-09-01T20:45:14Z,3553,LOC_0104
CDR_000230,+918017624177,+917262745715,2024-02-09T21:09:07Z,2910,LOC_0002
CDR_000231,+916535244065,+918523258748,2024-09-20T02:48:07Z,2663,LOC_0109
CDR_000232,+917500130102,+919312303657,2025-02-17T21:23:47Z,862,LOC_0048
CDR_000233,+917145119397,+916839267208,2023-04-28T12:08:59Z,1630,LOC_0032
CDR_000234,+917152492014,+916089365072,2025-01-21T08:16:44Z,1848,LOC_0004
CDR_000235,+918608649529,+917677693197,2024-04-14T18:33:08Z,173,LOC_0054
CDR_000236,+919961573889,+918958015721,2025-04-09T13:23:57Z,912,LOC_0049
CDR_000237,+916902962666,+916369768979,2025-10-13T05:47:23Z,1311,LOC_0025
CDR_000238,+916054695674,+917562122502,2023-06-13T17:36:13Z,1635,LOC_0104
CDR_000239,+916781616736,+916444988777,2026-06-24T09:57:47Z,51,LOC_0041
CDR_000240,+916283537782,+917026972351,2023-07-29T23:34:34Z,2207,LOC_0015
CDR_000241,+918169056122,+917262991125,2023-12-11T23:48:01Z,2056,LOC_0136
CDR_000242,+917849145121,+917745177124,2024-07-21T13:46:31Z,799,LOC_0019
CDR_000243,+916856778208,+916541696649,2024-03-04T19:11:48Z,3178,LOC_0062
CDR_000244,+919747112149,+917224224246,2025-04-25T08:24:23Z,391,LOC_0093
CDR_000245,+919614828553,+919524134708,2024-02-09T00:53:04Z,3319,LOC_0023
CDR_000246,+919491241190,+916527198854,2026-06-02T03:26:16Z,350,LOC_0006
CDR_000247,+918987145791,+916167893174,2026-04-18T18:22:05Z,1751,LOC_0004
CDR_000248,+916705217830,+919850486204,2023-10-12T19:46:45Z,970,LOC_0098
CDR_000249,+916471298719,+918054564070,2024-03-26T00:56:19Z,1631,LOC_0010
CDR_000250,+919738453527,+919784541097,2025-10-11T10:24:04Z,720,LOC_0037
CDR_000251,+919117963765,+918840128614,2025-05-07T19:18:43Z,2622,LOC_0034
CDR_000252,+918774190383,+918912912223,2023-06-12T17:56:18Z,2619,LOC_0141
CDR_000253,+916516612288,+916305517870,2025-09-23T02:33:34Z,411,LOC_0063
CDR_000254,+916786427950,+918778509037,2024-10-07T22:33:42Z,518,LOC_0017
CDR_000255,+918952647739,+917248985201,2024-03-25T02:04:43Z,140,LOC_0020
CDR_000256,+918831060255,+918412227961,2025-08-11T02:47:13Z,2388,LOC_0128
CDR_000257,+916546674084,+917529426298,2024-09-05T02:52:44Z,561,LOC_0135
CDR_000258,+919553043688,+918849524815,2025-05-26T15:47:28Z,2510,LOC_0123
CDR_000259,+917826016991,+916541696649,2023-10-13T17:36:42Z,3557,LOC_0109
CDR_000260,+918915952991,+919965627504,2024-10-11T23:03:42Z,1537,LOC_0013
CDR_000261,+918011671937,+919307451625,2024-10-12T12:02:48Z,2267,LOC_0024
CDR_000262,+918334428286,+919187526779,2026-06-11T13:14:13Z,2764,LOC_0042
CDR_000263,+917107337642,+917003126774,2023-03-07T04:50:10Z,1817,LOC_0058
CDR_000264,+917406772445,+917248015331,2023-03-25T18:10:01Z,2157,LOC_0117
CDR_000265,+918926214216,+919475395721,2026-03-17T23:06:48Z,814,LOC_0149
CDR_000266,+917529426298,+917558287806,2025-08-19T18:30:01Z,46,LOC_0040
CDR_000267,+917680985022,+919614098856,2024-06-14T04:10:59Z,3468,LOC_0101
CDR_000268,+917683021116,+918842116065,2026-05-21T16:26:18Z,167,LOC_0124
CDR_000269,+918168568631,+917766215487,2023-10-03T09:09:15Z,2675,LOC_0073
CDR_000270,+918954600756,+918595756047,2025-03-08T22:51:10Z,3385,LOC_0084
CDR_000271,+919803205717,+918374058517,2025-08-26T21:16:14Z,2148,LOC_0137
CDR_000272,+917248985201,+917885133086,2023-09-24T20:33:33Z,263,LOC_0060
CDR_000273,+917987249301,+916108619179,2023-12-21T19:49:14Z,2187,LOC_0031
CDR_000274,+916535244065,+916008396505,2023-08-26T04:10:43Z,2446,LOC_0054
CDR_000275,+918447715974,+918509565608,2025-06-12T01:42:30Z,1862,LOC_0045
CDR_000276,+916303044487,+916576672427,2023-02-27T17:53:48Z,464,LOC_0076
CDR_000277,+918490611661,+916918177938,2025-11-16T02:03:37Z,1024,LOC_0141
CDR_000278,+919291271354,+916205446492,2026-04-12T11:35:24Z,1511,LOC_0075
CDR_000279,+918998076115,+916328681328,2023-05-13T12:52:09Z,2077,LOC_0138
CDR_000280,+918584467005,+917834428050,2024-07-14T19:20:15Z,2463,LOC_0069
CDR_000281,+917149372498,+916120133063,2023-03-22T22:52:42Z,240,LOC_0122
CDR_000282,+917397569678,+916329044656,2023-09-27T19:59:29Z,3021,LOC_0070
CDR_000283,+919680791091,+919106703986,2024-09-13T00:59:59Z,1688,LOC_0134
CDR_000284,+916659262360,+917053633420,2024-06-28T07:20:59Z,1477,LOC_0094
CDR_000285,+917731709641,+917000167474,2024-03-11T04:28:41Z,3411,LOC_0087
CDR_000286,+918867043264,+916225121807,2025-04-18T08:04:35Z,2023,LOC_0093
CDR_000287,+916914625337,+919673767577,2026-02-26T03:58:47Z,2052,LOC_0119
CDR_000288,+918825091118,+918862310586,2025-06-21T15:22:56Z,227,LOC_0049
CDR_000289,+919357171471,+919575606753,2026-05-11T12:20:11Z,598,LOC_0025
CDR_000290,+917492838599,+916702463180,2026-05-17T19:33:05Z,934,LOC_0093
CDR_000291,+916533891998,+916705217830,2023-01-04T16:09:49Z,1163,LOC_0050
CDR_000292,+918008116195,+916890656381,2023-06-20T20:46:20Z,3307,LOC_0096
CDR_000293,+918755969088,+918156834290,2025-06-21T01:33:44Z,1727,LOC_0068
CDR_000294,+916632966915,+919357171471,2023-03-17T17:56:16Z,346,LOC_0080
CDR_000295,+916905110100,+918312482595,2023-05-21T19:07:18Z,2536,LOC_0052
CDR_000296,+917267221594,+918790736347,2023-10-16T07:23:42Z,34,LOC_0112
CDR_000297,+919274763284,+916008396505,2026-06-11T10:34:13Z,1574,LOC_0014
CDR_000298,+917485395392,+917700377445,2023-05-01T00:31:52Z,1593,LOC_0071
CDR_000299,+918458590795,+916616423848,2024-09-11T05:10:37Z,3436,LOC_0059
CDR_000300,+919909719636,+919041538490,2024-08-11T23:22:12Z,392,LOC_0075
CDR_000301,+918373948273,+916749458391,2023-08-31T14:11:55Z,784,LOC_0027
CDR_000302,+919520097229,+919086292314,2025-01-08T10:39:29Z,356,LOC_0115
CDR_000303,+916592681126,+917352126022,2026-05-18T08:36:35Z,2389,LOC_0076
CDR_000304,+918454243528,+916398474792,2026-02-21T04:12:58Z,1029,LOC_0012
CDR_000305,+919462108703,+916856778208,2025-07-26T20:26:13Z,2732,LOC_0147
CDR_000306,+917156403157,+916242447651,2025-05-10T17:35:08Z,306,LOC_0003
CDR_000307,+916793631899,+918261195798,2024-10-03T16:20:33Z,3164,LOC_0113
CDR_000308,+917782638028,+916926059797,2024-07-10T07:20:45Z,649,LOC_0107
CDR_000309,+918832831122,+917561569542,2025-07-18T02:48:58Z,1516,LOC_0023
CDR_000310,+918068348342,+916774268185,2024-01-06T16:48:54Z,1485,LOC_0047
CDR_000311,+917710446980,+918864985663,2024-01-08T12:41:37Z,2676,LOC_0008
CDR_000312,+918326924276,+917950244847,2026-06-06T12:31:07Z,2164,LOC_0097
CDR_000313,+917597574443,+917696227959,2023-03-26T09:17:18Z,1630,LOC_0107
CDR_000314,+918361581808,+917026972351,2023-02-03T17:06:47Z,695,LOC_0076
CDR_000315,+918526472243,+916761010785,2023-10-28T05:36:39Z,1505,LOC_0115
CDR_000316,+917523392144,+919575606753,2024-03-22T16:35:10Z,337,LOC_0078
CDR_000317,+916527198854,+916684439498,2024-07-24T10:31:16Z,1933,LOC_0022
CDR_000318,+918814446299,+916786427950,2023-10-25T16:58:05Z,624,LOC_0033
CDR_000319,+918832448381,+916378652730,2025-08-27T10:04:41Z,2536,LOC_0127
CDR_000320,+917428785242,+919304752292,2023-09-11T13:05:00Z,1617,LOC_0032
CDR_000321,+919411680270,+917848222489,2024-12-22T17:09:55Z,2145,LOC_0135
CDR_000322,+916876353362,+919357171471,2024-09-15T00:00:41Z,3345,LOC_0142
CDR_000323,+917671543978,+919731383917,2025-01-11T12:55:48Z,438,LOC_0082
CDR_000324,+917107337642,+917773904836,2023-04-14T14:25:53Z,1062,LOC_0042
CDR_000325,+917225581333,+918178861531,2023-09-02T05:21:49Z,1204,LOC_0129
CDR_000326,+918035280879,+917850733732,2024-04-19T08:24:25Z,1710,LOC_0113
CDR_000327,+917003833443,+919978157818,2025-11-11T03:36:44Z,840,LOC_0114
CDR_000328,+919978157818,+918301905670,2026-07-31T07:27:47Z,2929,LOC_0068
CDR_000329,+918246663276,+919750605143,2023-01-01T20:21:51Z,2800,LOC_0105
CDR_000330,+917645767952,+917262991125,2024-05-13T22:19:34Z,1275,LOC_0082
CDR_000331,+917870369767,+917668470325,2025-04-23T03:08:10Z,1446,LOC_0122
CDR_000332,+916284530257,+918868437461,2024-01-30T20:00:25Z,35,LOC_0032
CDR_000333,+918959222174,+919249102562,2025-02-04T17:24:33Z,1656,LOC_0023
CDR_000334,+916108619179,+916242447651,2024-08-24T02:38:06Z,432,LOC_0053
CDR_000335,+919242863201,+918167410280,2023-06-26T02:11:19Z,429,LOC_0033
CDR_000336,+918161921273,+917433479019,2025-04-06T20:00:33Z,912,LOC_0024
CDR_000337,+916392294862,+917328533462,2025-09-07T22:44:24Z,3397,LOC_0023
CDR_000338,+918891804979,+917697821614,2023-02-16T00:04:09Z,1006,LOC_0082
CDR_000339,+918301905670,+917154261079,2024-08-14T08:48:11Z,1469,LOC_0109
CDR_000340,+916300582933,+917218101886,2023-02-17T14:48:58Z,265,LOC_0146
CDR_000341,+919086292314,+919848090287,2026-04-18T06:57:01Z,3495,LOC_0082
CDR_000342,+917003126774,+919614573360,2026-04-28T11:14:57Z,1638,LOC_0015
CDR_000343,+917281346811,+918857274115,2026-06-27T16:16:00Z,613,LOC_0075
CDR_000344,+918632521028,+917864326250,2024-10-16T05:27:08Z,3568,LOC_0072
CDR_000345,+919073692775,+917096326544,2026-03-30T04:40:06Z,2825,LOC_0045
CDR_000346,+918583274296,+919525113411,2026-01-03T20:26:18Z,3455,LOC_0018
CDR_000347,+917453003039,+916999034756,2025-01-04T19:42:32Z,1303,LOC_0075
CDR_000348,+917421785056,+919965627504,2024-11-09T01:49:40Z,596,LOC_0071
CDR_000349,+919372680168,+919223624529,2023-07-17T04:16:30Z,942,LOC_0016
CDR_000350,+917745177124,+918476098565,2024-04-01T11:36:37Z,522,LOC_0019
CDR_000351,+916483144641,+917921912834,2025-03-05T03:24:50Z,1076,LOC_0103
CDR_000352,+918711639209,+916137693023,2025-03-16T11:48:19Z,3309,LOC_0090
CDR_000353,+917696227959,+919610744021,2025-12-26T01:01:17Z,1389,LOC_0039
CDR_000354,+917703703278,+917609115472,2025-12-07T00:21:30Z,1735,LOC_0101
CDR_000355,+918228663296,+917180955041,2023-04-11T09:33:59Z,3468,LOC_0127
CDR_000356,+917529133908,+916404216517,2024-02-04T10:08:55Z,1335,LOC_0049
CDR_000357,+917690290029,+918816643737,2024-11-03T21:11:32Z,3085,LOC_0070
CDR_000358,+918999355782,+916354923180,2023-01-15T20:01:16Z,1766,LOC_0009
CDR_000359,+918478503075,+918481973488,2026-06-30T04:45:50Z,1184,LOC_0027
CDR_000360,+919252811795,+917433479019,2025-01-09T03:17:54Z,2680,LOC_0027
CDR_000361,+916400469224,+916834443750,2025-11-13T11:38:13Z,1195,LOC_0109
CDR_000362,+916659262360,+917766215487,2023-06-13T09:37:33Z,3105,LOC_0004
CDR_000363,+916322742735,+919515645918,2025-07-18T22:13:49Z,3477,LOC_0012
CDR_000364,+917215861114,+918583125110,2025-04-11T21:57:27Z,1759,LOC_0148
CDR_000365,+916377188000,+919677963600,2026-03-07T11:58:26Z,1544,LOC_0014
CDR_000366,+917533491749,+919187526779,2026-05-28T21:18:42Z,3142,LOC_0135
CDR_000367,+916674462136,+919842941932,2024-03-02T02:15:11Z,441,LOC_0083
CDR_000368,+918732742483,+916006779966,2025-09-19T05:25:19Z,1166,LOC_0126
CDR_000369,+917814355114,+918814446299,2024-01-09T12:26:13Z,980,LOC_0069
CDR_000370,+918295619572,+917799609152,2025-10-13T13:29:23Z,3403,LOC_0121
CDR_000371,+917727175965,+918012143631,2026-03-25T03:40:32Z,2474,LOC_0123
CDR_000372,+916866546691,+917526678932,2025-10-29T19:32:26Z,1752,LOC_0129
CDR_000373,+917830957372,+919924462352,2026-07-22T20:06:53Z,1491,LOC_0062
CDR_000374,+918386604692,+919848090287,2026-06-10T04:40:48Z,3452,LOC_0124
CDR_000375,+919702276600,+919574848002,2024-01-30T18:01:20Z,21,LOC_0145
CDR_000376,+919672193663,+916711474712,2023-01-29T19:16:03Z,343,LOC_0030
CDR_000377,+917762306443,+917958796094,2025-08-23T06:40:26Z,1634,LOC_0143
CDR_000378,+916395097504,+917762597948,2024-02-22T08:34:50Z,2643,LOC_0005
CDR_000379,+919817709488,+916810327163,2023-09-20T18:26:35Z,2317,LOC_0006
CDR_000380,+917958796094,+918252188304,2024-07-04T09:34:36Z,138,LOC_0090
CDR_000381,+916512213630,+919288577072,2023-08-26T22:15:37Z,2061,LOC_0018
CDR_000382,+919883349761,+917948210501,2024-11-25T06:06:31Z,2994,LOC_0040
CDR_000383,+916597988721,+919701033334,2025-02-23T23:56:11Z,208,LOC_0102
CDR_000384,+917382219816,+916518784128,2025-07-29T18:32:08Z,2606,LOC_0045
CDR_000385,+916110296578,+916811405047,2024-10-23T19:12:19Z,2607,LOC_0025
CDR_000386,+919249102562,+917262991125,2024-06-22T00:05:35Z,3535,LOC_0069
CDR_000387,+918463252622,+916674279418,2026-07-12T03:00:16Z,3237,LOC_0098
CDR_000388,+919779994103,+918991259771,2025-03-07T14:33:13Z,2651,LOC_0007
CDR_000389,+919661734239,+916412498542,2026-02-16T21:09:14Z,3057,LOC_0014
CDR_000390,+918814769504,+917140651959,2026-05-26T07:05:38Z,829,LOC_0023
CDR_000391,+917864326250,+918326924276,2025-11-03T07:14:08Z,3370,LOC_0031
CDR_000392,+917384717361,+917907050257,2024-05-31T02:41:53Z,2473,LOC_0036
CDR_000393,+919961573889,+917876975522,2026-04-24T08:50:23Z,3388,LOC_0042
CDR_000394,+918008116195,+918883607330,2023-05-07T07:29:11Z,764,LOC_0085
CDR_000395,+916597988721,+916408536494,2025-02-13T04:33:00Z,566,LOC_0089
CDR_000396,+916955019690,+919672193663,2025-03-17T09:34:20Z,3491,LOC_0089
CDR_000397,+917575103101,+918835435059,2024-10-21T14:55:06Z,721,LOC_0118
CDR_000398,+918178861531,+917014944264,2023-05-23T19:21:35Z,781,LOC_0072
CDR_000399,+919667299965,+916912575226,2025-10-10T22:47:20Z,2906,LOC_0127
CDR_000400,+918203858241,+919866520330,2023-11-10T02:19:59Z,1297,LOC_0126
CDR_000401,+917782638028,+916451554348,2024-01-31T03:59:01Z,741,LOC_0026
CDR_000402,+917802050514,+918478872199,2026-01-27T06:07:00Z,623,LOC_0004
CDR_000403,+919854416702,+916289968212,2023-10-15T14:21:43Z,147,LOC_0113
CDR_000404,+917502077414,+916492558512,2025-01-17T10:30:30Z,1073,LOC_0029
CDR_000405,+918291612234,+918959222174,2025-02-28T10:30:29Z,1870,LOC_0017
CDR_000406,+916888384398,+918603481095,2024-03-22T14:20:41Z,592,LOC_0088
CDR_000407,+917359313973,+918545365683,2024-05-26T12:41:14Z,2325,LOC_0035
CDR_000408,+916544189915,+918592473405,2023-12-18T10:16:47Z,3568,LOC_0001
CDR_000409,+916775643094,+917225427052,2024-07-11T12:32:12Z,2827,LOC_0141
CDR_000410,+917115350130,+918840128614,2025-08-02T04:14:52Z,3284,LOC_0058
CDR_000411,+917534625773,+919990039529,2025-11-08T23:49:36Z,3215,LOC_0047
CDR_000412,+919645019830,+917642270644,2024-12-16T02:25:47Z,2401,LOC_0090
CDR_000413,+919359506482,+919692161811,2023-12-12T16:24:31Z,2137,LOC_0026
CDR_000414,+919085773843,+918728591473,2026-05-04T06:16:35Z,297,LOC_0033
CDR_000415,+917907050257,+917876975522,2023-05-13T03:32:16Z,985,LOC_0083
CDR_000416,+918445685199,+916369768979,2025-10-21T19:34:40Z,2612,LOC_0019
CDR_000417,+918355482651,+916607813459,2023-11-19T07:18:39Z,212,LOC_0028
CDR_000418,+917007694189,+918675382218,2024-05-24T19:11:08Z,773,LOC_0096
CDR_000419,+918737947824,+917109805988,2023-10-04T16:47:50Z,3562,LOC_0067
CDR_000420,+917977353085,+919855335187,2024-03-09T06:52:09Z,2156,LOC_0074
CDR_000421,+918445685199,+917205839367,2023-11-24T23:28:02Z,576,LOC_0033
CDR_000422,+919331818614,+917670711748,2023-09-22T06:48:19Z,141,LOC_0143
CDR_000423,+917224224246,+917671543978,2025-03-24T13:47:32Z,3087,LOC_0083
CDR_000424,+917861746627,+919637667342,2026-04-08T06:10:44Z,3105,LOC_0148
CDR_000425,+917251961948,+917700377445,2025-06-27T09:40:54Z,3408,LOC_0027
CDR_000426,+917727175965,+918412227961,2023-01-19T13:03:38Z,2162,LOC_0091
CDR_000427,+916221100658,+918042254462,2025-03-17T12:24:46Z,845,LOC_0123
CDR_000428,+919825288730,+919505899440,2023-07-12T11:05:44Z,927,LOC_0029
CDR_000429,+916612559057,+916452826172,2023-10-16T15:15:55Z,580,LOC_0097
CDR_000430,+918959222174,+917292304779,2025-03-12T08:49:06Z,31,LOC_0054
CDR_000431,+917296841600,+919896945119,2024-08-01T11:11:58Z,442,LOC_0060
CDR_000432,+919978157818,+918374058517,2025-04-24T05:31:20Z,1240,LOC_0070
CDR_000433,+918615798918,+918867748200,2025-05-18T13:12:14Z,3227,LOC_0064
CDR_000434,+918232620908,+916337605742,2023-11-03T13:27:19Z,1824,LOC_0072
CDR_000435,+919242863201,+917281346811,2026-02-24T05:12:32Z,3297,LOC_0060
CDR_000436,+918045084752,+918835435059,2023-05-29T16:37:27Z,919,LOC_0054
CDR_000437,+916900925556,+919764066450,2025-11-08T14:02:16Z,1029,LOC_0148
CDR_000438,+917105059551,+919965627504,2023-09-20T14:39:20Z,1259,LOC_0094
CDR_000439,+918098632248,+916417984375,2023-02-18T10:13:59Z,1805,LOC_0125
CDR_000440,+917695702318,+916377188000,2023-12-28T09:21:56Z,1463,LOC_0083
CDR_000441,+919242863201,+919790739390,2025-03-16T21:41:07Z,538,LOC_0053
CDR_000442,+917710446980,+918529100509,2026-01-28T23:38:28Z,419,LOC_0032
CDR_000443,+918926773184,+916550606479,2025-11-03T07:30:23Z,2279,LOC_0046
CDR_000444,+918502988880,+918233121087,2026-03-04T22:04:51Z,956,LOC_0133
CDR_000445,+917561476763,+919397402104,2026-06-06T00:49:03Z,563,LOC_0137
CDR_000446,+919475395721,+917306916015,2025-01-17T14:06:21Z,2428,LOC_0142
CDR_000447,+918889252025,+918060106614,2025-03-11T17:11:24Z,1996,LOC_0091
CDR_000448,+917609324972,+916609178356,2023-04-19T23:24:56Z,1525,LOC_0110
CDR_000449,+916452988831,+916580310006,2024-05-13T20:29:35Z,3485,LOC_0061
CDR_000450,+919106703986,+918159374355,2024-11-24T05:20:18Z,3166,LOC_0005
CDR_000451,+919538760086,+918161637381,2024-10-08T09:03:42Z,2794,LOC_0127
CDR_000452,+917780248603,+917221587418,2025-10-26T03:49:52Z,2864,LOC_0103
CDR_000453,+917433479019,+917966356928,2023-05-21T18:12:43Z,414,LOC_0147
CDR_000454,+919063754568,+917614141871,2025-12-18T16:37:14Z,387,LOC_0027
CDR_000455,+918489235583,+916954451581,2024-06-07T10:45:24Z,3050,LOC_0057
CDR_000456,+918044022431,+916876353362,2024-01-16T10:38:31Z,2012,LOC_0053
CDR_000457,+919304435774,+916034711242,2024-02-02T02:42:46Z,2811,LOC_0015
CDR_000458,+917183009989,+918629897176,2025-02-04T16:26:26Z,2555,LOC_0020
CDR_000459,+918089575851,+918998458008,2026-04-17T07:12:32Z,885,LOC_0125
CDR_000460,+917473713393,+918581527840,2025-10-10T01:11:11Z,870,LOC_0008
CDR_000461,+917345139329,+917863152169,2026-06-13T10:57:53Z,2210,LOC_0149
CDR_000462,+916140047655,+918932339303,2023-01-23T15:07:21Z,1179,LOC_0095
CDR_000463,+919828415377,+919614573360,2023-03-12T00:50:41Z,1958,LOC_0037
CDR_000464,+917466019993,+918334428286,2023-10-11T12:32:06Z,3397,LOC_0070
CDR_000465,+918374058517,+916496884614,2023-07-17T06:06:49Z,1227,LOC_0111
CDR_000466,+918440808550,+917322037419,2025-01-12T19:54:32Z,1003,LOC_0038
CDR_000467,+917830957372,+916377188000,2023-04-05T04:04:20Z,3149,LOC_0109
CDR_000468,+918420824631,+918526469228,2025-06-13T01:26:23Z,2710,LOC_0007
CDR_000469,+918949175145,+917609324972,2024-08-20T10:33:14Z,3310,LOC_0113
CDR_000470,+917056191455,+916554975640,2023-07-05T20:46:05Z,534,LOC_0007
CDR_000471,+919461484918,+918321171058,2026-03-08T00:52:36Z,2987,LOC_0009
CDR_000472,+919142342983,+917281406275,2025-01-10T12:08:22Z,2252,LOC_0006
CDR_000473,+917175860156,+919340328400,2025-12-16T03:32:05Z,2879,LOC_0083
CDR_000474,+918001032544,+917160392103,2023-06-03T08:24:04Z,2333,LOC_0107
CDR_000475,+916288372981,+917225581333,2024-03-07T08:38:08Z,1323,LOC_0112
CDR_000476,+918361581808,+917296841600,2026-03-01T22:42:10Z,2860,LOC_0138
CDR_000477,+916483144641,+919003544284,2024-02-14T09:28:48Z,1210,LOC_0048
CDR_000478,+918159374355,+916354923180,2024-02-09T08:41:13Z,232,LOC_0093
CDR_000479,+916188321417,+916549034032,2025-12-08T15:59:42Z,2732,LOC_0084
CDR_000480,+916556270789,+917224224246,2026-05-23T23:21:33Z,1154,LOC_0003
CDR_000481,+917714635390,+916008396505,2023-03-17T08:19:53Z,484,LOC_0101
CDR_000482,+918481973488,+918814446299,2026-05-26T00:51:59Z,1299,LOC_0063
CDR_000483,+918463252622,+918110888847,2023-04-22T03:44:17Z,922,LOC_0066
CDR_000484,+919610744021,+916498319477,2024-04-16T00:54:57Z,3581,LOC_0009
CDR_000485,+917565497109,+917397569678,2025-04-17T01:34:05Z,218,LOC_0100
CDR_000486,+917492838599,+917597574443,2023-01-30T16:16:50Z,2343,LOC_0019
CDR_000487,+917608566723,+918727217217,2024-11-04T06:04:27Z,1476,LOC_0080
CDR_000488,+918480705258,+916883979150,2023-01-09T15:11:39Z,205,LOC_0004
CDR_000489,+916646275116,+919850045517,2023-02-28T02:44:57Z,97,LOC_0075
CDR_000490,+917167490678,+917608566723,2024-07-11T08:28:43Z,1036,LOC_0119
CDR_000491,+918781267374,+916369382071,2026-05-15T05:28:12Z,869,LOC_0076
CDR_000492,+918492465821,+918409083421,2024-06-29T06:29:00Z,702,LOC_0093
CDR_000493,+917621181725,+916524802306,2024-03-14T03:44:02Z,2264,LOC_0149
CDR_000494,+918169069878,+918461270060,2024-03-14T02:31:19Z,1628,LOC_0109
CDR_000495,+918526469228,+918079586549,2024-11-19T22:14:58Z,1733,LOC_0016
CDR_000496,+918535484518,+918646142846,2025-04-03T20:40:05Z,166,LOC_0121
CDR_000497,+917352126022,+919341789294,2026-02-21T04:29:47Z,329,LOC_0023
CDR_000498,+918285488356,+919556012519,2023-09-23T01:51:25Z,2739,LOC_0028
CDR_000499,+916779594723,+918155466185,2023-10-02T18:40:01Z,2795,LOC_0096
CDR_000500,+918054564070,+918109271409,2025-11-14T15:12:31Z,486,LOC_0095
CDR_000501,+916877175367,+918592473405,2025-07-23T15:35:57Z,97,LOC_0079
CDR_000502,+918606996024,+919793200863,2024-06-09T08:56:49Z,93,LOC_0113
CDR_000503,+919900803267,+916807099214,2024-02-03T19:19:11Z,296,LOC_0111
CDR_000504,+918227099629,+919076337420,2026-06-02T21:32:49Z,1988,LOC_0100
CDR_000505,+918203858241,+916898633785,2025-08-30T05:08:07Z,168,LOC_0059
CDR_000506,+918379735122,+918682951628,2023-07-08T23:03:26Z,2396,LOC_0118
CDR_000507,+917645767952,+918068348342,2023-03-31T23:04:09Z,669,LOC_0093
CDR_000508,+918267074575,+918163880803,2023-06-04T18:51:21Z,1697,LOC_0131
CDR_000509,+919169313432,+918138571816,2024-03-07T22:57:55Z,1560,LOC_0108
CDR_000510,+918515332140,+916416127433,2026-03-28T07:07:09Z,2641,LOC_0130
CDR_000511,+919581395249,+917061516500,2024-01-26T08:57:53Z,2803,LOC_0079
CDR_000512,+918552087856,+916011470941,2025-04-22T08:15:37Z,938,LOC_0048
CDR_000513,+918126746095,+916123579604,2023-05-17T17:33:35Z,3511,LOC_0062
CDR_000514,+918744125013,+917766215487,2023-07-17T06:43:28Z,1118,LOC_0072
CDR_000515,+919000742597,+919761760595,2026-06-23T04:44:26Z,2914,LOC_0041
CDR_000516,+917488787930,+919441693196,2026-03-08T05:39:24Z,2941,LOC_0084
CDR_000517,+916775643094,+918246663276,2026-01-19T17:30:50Z,3524,LOC_0069
CDR_000518,+916547253832,+917523133874,2025-06-12T15:02:04Z,1257,LOC_0006
CDR_000519,+916284530257,+916775643094,2025-10-23T03:04:22Z,1272,LOC_0099
CDR_000520,+918380098110,+918867043264,2024-02-01T05:38:53Z,1664,LOC_0061
CDR_000521,+916527198854,+916494270721,2025-09-27T23:30:37Z,3071,LOC_0075
CDR_000522,+917531092238,+918156891321,2025-02-06T22:00:45Z,2299,LOC_0005
CDR_000523,+917250860498,+917260459282,2026-03-14T02:30:21Z,1004,LOC_0123
CDR_000524,+919759823710,+918197757357,2025-09-19T00:43:19Z,2763,LOC_0123
CDR_000525,+917351112065,+917608566723,2025-06-07T20:00:38Z,1930,LOC_0053
CDR_000526,+919677963600,+918915952991,2023-03-12T08:24:27Z,1322,LOC_0064
CDR_000527,+919311300347,+919702151572,2024-06-28T15:43:32Z,461,LOC_0145
CDR_000528,+919455905653,+918552669535,2024-12-07T03:54:49Z,507,LOC_0109
CDR_000529,+918308259281,+919013231659,2025-06-07T00:38:59Z,1833,LOC_0079
CDR_000530,+918852128598,+917375191063,2026-06-07T05:07:28Z,1879,LOC_0111
CDR_000531,+917269627466,+917387503825,2026-03-16T14:21:45Z,239,LOC_0021
CDR_000532,+919640382786,+916651165188,2025-07-23T05:22:48Z,782,LOC_0094
CDR_000533,+918844458160,+917394297304,2026-07-26T17:24:48Z,1041,LOC_0033
CDR_000534,+917628199646,+919855335187,2025-10-18T21:20:49Z,2661,LOC_0054
CDR_000535,+916518351152,+917970632194,2024-11-07T02:29:30Z,3546,LOC_0149
CDR_000536,+916322742735,+917695702318,2025-04-04T19:09:02Z,3255,LOC_0091
CDR_000537,+918156834290,+917762597948,2024-05-09T20:44:09Z,2360,LOC_0030
CDR_000538,+917680985022,+918567712298,2024-08-05T04:21:40Z,3469,LOC_0112
CDR_000539,+916306440248,+917108131444,2025-10-10T00:44:29Z,2753,LOC_0107
CDR_000540,+919847558512,+917013789043,2025-10-24T17:15:49Z,1246,LOC_0072
CDR_000541,+916900925556,+916128591125,2025-01-17T16:50:59Z,3383,LOC_0029
CDR_000542,+918727217217,+918640665603,2024-07-06T03:40:19Z,3302,LOC_0116
CDR_000543,+916043552210,+917176977900,2023-07-29T08:33:35Z,1500,LOC_0005
CDR_000544,+919442665234,+917830957372,2024-07-26T11:42:55Z,1160,LOC_0066
CDR_000545,+919825288730,+917258964802,2023-02-25T14:00:56Z,2626,LOC_0138
CDR_000546,+916553260471,+919127220285,2026-06-15T18:35:39Z,1331,LOC_0034
CDR_000547,+919829335496,+916612615256,2025-09-05T13:30:19Z,891,LOC_0126
CDR_000548,+918239704894,+916308978453,2026-03-05T08:40:45Z,2256,LOC_0069
CDR_000549,+917207482097,+918912912223,2026-02-11T23:55:24Z,1384,LOC_0122
CDR_000550,+916597988721,+918755969088,2024-09-28T21:55:30Z,867,LOC_0062
CDR_000551,+917310770039,+918727217217,2023-10-13T10:28:39Z,18,LOC_0086
CDR_000552,+918649735743,+917809923704,2024-06-14T10:35:58Z,888,LOC_0003
CDR_000553,+917638802005,+916258449780,2024-12-31T18:33:39Z,3010,LOC_0121
CDR_000554,+918458590795,+919372680168,2025-08-28T22:42:56Z,2899,LOC_0037
CDR_000555,+918561216903,+917066624804,2025-06-07T05:40:30Z,1344,LOC_0130
CDR_000556,+918737594009,+916896194129,2023-04-04T12:05:31Z,2943,LOC_0143
CDR_000557,+918526472243,+916148208887,2026-07-31T05:14:06Z,3541,LOC_0041
CDR_000558,+917642431326,+918032640310,2026-06-23T00:29:02Z,1656,LOC_0006
CDR_000559,+918998076115,+917231663777,2024-10-20T03:31:44Z,3326,LOC_0139
CDR_000560,+918312482595,+916387632437,2023-10-19T02:47:47Z,3191,LOC_0119
CDR_000561,+917375191063,+918407584239,2024-04-20T17:09:24Z,1087,LOC_0139
CDR_000562,+919203931525,+916086561545,2026-04-11T13:53:48Z,2462,LOC_0074
CDR_000563,+916188569773,+917633602176,2023-03-13T17:50:13Z,236,LOC_0124
CDR_000564,+919928329603,+919701033334,2026-05-30T19:31:53Z,425,LOC_0111
CDR_000565,+918913320633,+916400469224,2025-01-12T20:33:00Z,2035,LOC_0120
CDR_000566,+918728591473,+919435050715,2024-02-02T18:10:43Z,576,LOC_0072
CDR_000567,+919110019797,+917150402112,2024-10-14T13:32:02Z,1184,LOC_0145
CDR_000568,+916964151220,+917073452407,2023-06-23T12:20:20Z,1600,LOC_0050
CDR_000569,+918958015721,+919680791091,2025-06-23T00:22:02Z,1371,LOC_0006
CDR_000570,+917406772445,+916823996116,2024-06-16T23:58:03Z,2492,LOC_0046
CDR_000571,+919964496896,+918432790994,2023-06-03T23:01:58Z,1595,LOC_0019
CDR_000572,+917565497109,+918792983216,2025-08-10T08:07:30Z,1956,LOC_0136
CDR_000573,+916098655791,+918412227961,2025-08-28T17:18:14Z,2092,LOC_0037
CDR_000574,+918364602747,+917668470325,2025-01-12T22:24:36Z,2748,LOC_0012
CDR_000575,+916867290276,+916473264907,2023-04-09T08:26:59Z,810,LOC_0056
CDR_000576,+918990913497,+919613894362,2023-01-29T13:21:27Z,584,LOC_0054
CDR_000577,+918412227961,+916547253832,2023-12-26T22:20:33Z,733,LOC_0111
CDR_000578,+916329044656,+916522773527,2026-03-23T08:19:49Z,3200,LOC_0072
CDR_000579,+917861342732,+918692246047,2023-06-01T17:21:59Z,2266,LOC_0001
CDR_000580,+918418311717,+918296067730,2025-11-11T01:35:10Z,2369,LOC_0091
CDR_000581,+919254125195,+918118679324,2023-07-03T00:45:31Z,488,LOC_0045
CDR_000582,+916395097504,+916265793778,2024-10-15T06:29:35Z,1081,LOC_0011
CDR_000583,+918682951628,+916368244826,2023-06-16T04:27:31Z,2226,LOC_0040
CDR_000584,+917390106458,+918802563740,2025-07-20T08:57:14Z,391,LOC_0068
CDR_000585,+918341106022,+917207482097,2025-07-05T17:23:52Z,1434,LOC_0025
CDR_000586,+919811215239,+918689357814,2023-08-14T09:10:06Z,117,LOC_0049
CDR_000587,+917914402567,+917676868646,2026-06-17T21:15:26Z,3074,LOC_0016
CDR_000588,+916560430538,+917554267761,2024-08-20T17:19:54Z,1775,LOC_0111
CDR_000589,+919312303657,+916527198854,2024-01-30T06:38:53Z,636,LOC_0056
CDR_000590,+916329044656,+919468434391,2026-07-08T20:13:24Z,778,LOC_0143
CDR_000591,+919740543801,+919816975777,2026-01-25T01:13:48Z,1977,LOC_0092
CDR_000592,+917802050514,+917529133908,2023-09-05T00:36:19Z,2175,LOC_0129
CDR_000593,+918477838974,+918781267374,2024-01-12T10:57:33Z,1946,LOC_0123
CDR_000594,+918883607330,+917814355114,2025-09-02T06:23:23Z,2257,LOC_0084
CDR_000595,+917668470325,+917677693197,2023-01-16T02:42:38Z,3348,LOC_0046
CDR_000596,+917970632194,+918561216903,2026-05-12T18:05:33Z,564,LOC_0021
CDR_000597,+919359506482,+916557127028,2023-11-14T10:40:10Z,3339,LOC_0020
CDR_000598,+918122600663,+919362450803,2024-07-09T17:53:12Z,195,LOC_0085
CDR_000599,+917808590634,+916766829608,2023-09-03T08:26:48Z,1743,LOC_0114
CDR_000600,+916888384398,+916518784128,2023-08-15T07:42:44Z,1143,LOC_0079
CDR_000601,+919740543801,+918926773184,2024-01-18T06:34:26Z,2835,LOC_0120
CDR_000602,+919866520330,+916473029049,2025-05-17T08:49:53Z,2948,LOC_0119
CDR_000603,+918629897176,+916158929928,2024-01-09T17:56:15Z,3010,LOC_0131
CDR_000604,+919848090287,+916228463400,2025-06-03T12:36:18Z,3413,LOC_0069
CDR_000605,+916486115413,+916483144641,2026-05-29T19:59:51Z,707,LOC_0135
CDR_000606,+916908355009,+916487937820,2023-09-15T11:17:46Z,2079,LOC_0125
CDR_000607,+918412227961,+916983590548,2025-02-12T09:41:37Z,3234,LOC_0138
CDR_000608,+919874782671,+918603481095,2023-05-10T15:48:09Z,218,LOC_0076
CDR_000609,+917529426298,+918236353823,2024-08-12T09:02:58Z,2892,LOC_0043
CDR_000610,+917262991125,+916195904052,2025-08-21T19:15:43Z,3258,LOC_0098
CDR_000611,+919340328400,+916235316246,2026-07-20T21:29:10Z,3074,LOC_0073
CDR_000612,+916580310006,+918454243528,2025-01-25T02:15:44Z,907,LOC_0020
CDR_000613,+919848090287,+918029665156,2023-03-19T23:25:39Z,581,LOC_0005
CDR_000614,+918928566389,+916769210137,2024-02-14T21:52:48Z,322,LOC_0003
CDR_000615,+917384717361,+917811957488,2025-05-30T11:02:47Z,287,LOC_0035
CDR_000616,+916876353362,+916797309341,2024-01-23T08:31:20Z,3227,LOC_0064
CDR_000617,+916731908588,+919081149490,2023-10-07T16:05:41Z,1734,LOC_0094
CDR_000618,+917281346811,+919148439236,2023-06-04T20:43:51Z,1197,LOC_0102
CDR_000619,+918440361275,+919010582093,2024-05-08T18:18:46Z,127,LOC_0021
CDR_000620,+916080953576,+918008116195,2024-07-28T19:46:34Z,861,LOC_0017
CDR_000621,+918409958962,+916483144641,2023-02-17T03:32:53Z,471,LOC_0083
CDR_000622,+918926773184,+917356892801,2024-07-27T19:25:45Z,1625,LOC_0114
CDR_000623,+917218987399,+918010986027,2026-06-16T08:23:23Z,901,LOC_0123
CDR_000624,+919272659618,+918884809577,2026-01-29T12:55:37Z,2861,LOC_0017
CDR_000625,+916011470941,+916119478823,2024-03-03T13:23:31Z,2328,LOC_0049
CDR_000626,+917290179231,+918790116381,2024-07-12T09:39:42Z,1704,LOC_0008
CDR_000627,+916807254039,+917966356928,2023-01-11T13:57:37Z,762,LOC_0027
CDR_000628,+918991213165,+917433479019,2024-12-04T22:26:27Z,877,LOC_0061
CDR_000629,+919761760595,+919076337420,2026-06-14T06:53:32Z,2600,LOC_0012
CDR_000630,+918535484518,+916793631899,2023-06-01T18:46:03Z,2710,LOC_0075
CDR_000631,+919814051350,+919736261776,2024-10-04T17:01:35Z,645,LOC_0020
CDR_000632,+918026160767,+918603481095,2023-09-03T13:01:28Z,3548,LOC_0041
CDR_000633,+917428785242,+917014944264,2023-01-25T03:45:52Z,5,LOC_0107
CDR_000634,+916786585993,+917267221594,2025-03-25T08:16:11Z,1566,LOC_0086
CDR_000635,+917322037419,+916069227038,2024-10-24T07:42:25Z,1655,LOC_0014
CDR_000636,+916842186354,+919242863201,2024-05-01T08:55:41Z,3507,LOC_0022
CDR_000637,+918429270402,+916283537782,2024-06-14T07:59:50Z,2227,LOC_0011
CDR_000638,+919497082739,+917406772445,2023-05-10T15:37:46Z,267,LOC_0143
CDR_000639,+918312482595,+917384789235,2024-04-15T10:25:52Z,1393,LOC_0014
CDR_000640,+918926214216,+919411680270,2026-03-05T10:19:02Z,997,LOC_0018
CDR_000641,+917450559731,+917473713393,2024-05-24T11:54:20Z,2508,LOC_0105
CDR_000642,+917720829540,+917749238945,2025-01-18T15:14:37Z,1668,LOC_0049
CDR_000643,+919311300347,+918840128614,2025-01-23T00:13:48Z,2491,LOC_0112
CDR_000644,+918369496447,+917887532541,2024-05-23T11:55:08Z,1056,LOC_0129
CDR_000645,+916954451581,+919661352590,2023-08-21T12:04:09Z,1302,LOC_0121
CDR_000646,+917519292165,+919115351748,2026-07-24T20:15:43Z,1124,LOC_0044
CDR_000647,+918061440088,+917250185823,2024-09-14T11:36:03Z,3547,LOC_0067
CDR_000648,+917511211495,+917954313872,2025-07-06T13:30:34Z,3596,LOC_0068
CDR_000649,+917202528733,+916705217830,2024-10-06T17:28:55Z,3105,LOC_0029
CDR_000650,+917306916015,+917184650635,2024-02-05T13:26:24Z,438,LOC_0133
CDR_000651,+918308697931,+916939673695,2026-04-22T07:12:17Z,2048,LOC_0028
CDR_000652,+918178861531,+918477838974,2025-05-22T15:48:57Z,2290,LOC_0025
CDR_000653,+917154459322,+917176977900,2024-07-27T08:49:18Z,2283,LOC_0006
CDR_000654,+917871640952,+918569024491,2025-02-14T12:07:32Z,2754,LOC_0085
CDR_000655,+919295893248,+916451554348,2023-03-07T07:18:44Z,2285,LOC_0044
CDR_000656,+918584467005,+917306916015,2026-02-20T11:15:50Z,2251,LOC_0098
CDR_000657,+917191405559,+917013789043,2024-02-13T00:25:15Z,1114,LOC_0075
CDR_000658,+918010986027,+916382850920,2024-03-09T09:37:01Z,3063,LOC_0036
CDR_000659,+917056191455,+916539280391,2026-04-04T13:21:17Z,598,LOC_0104
CDR_000660,+918735480334,+917397569678,2023-01-30T04:15:19Z,2176,LOC_0138
CDR_000661,+917780248603,+916038069463,2023-03-09T18:32:12Z,270,LOC_0085
CDR_000662,+917800902537,+916674462136,2024-11-11T19:19:42Z,2745,LOC_0132
CDR_000663,+916287969013,+916465578258,2026-04-12T13:32:43Z,729,LOC_0106
CDR_000664,+918161399993,+917426129087,2025-08-17T03:13:45Z,1824,LOC_0012
CDR_000665,+919574933679,+919271385463,2024-01-31T19:07:56Z,262,LOC_0106
CDR_000666,+919747112149,+916707889594,2025-02-23T08:23:02Z,481,LOC_0076
CDR_000667,+917104570218,+916793631899,2024-11-22T17:26:02Z,1570,LOC_0138
CDR_000668,+916498319477,+917500130102,2025-10-11T23:49:04Z,48,LOC_0012
CDR_000669,+917575103101,+919246378777,2023-05-01T20:55:42Z,1089,LOC_0057
CDR_000670,+916305517870,+917830957372,2025-06-14T23:58:22Z,1939,LOC_0040
CDR_000671,+917898721574,+918832831122,2025-07-14T19:18:45Z,3069,LOC_0120
CDR_000672,+918334428286,+918161637381,2026-02-19T04:45:32Z,434,LOC_0013
CDR_000673,+916145998097,+918709582850,2023-07-08T17:48:28Z,3550,LOC_0118
CDR_000674,+916348163949,+917066599674,2023-02-28T15:44:47Z,124,LOC_0127
CDR_000675,+916774268185,+919842941932,2023-05-05T18:50:19Z,2822,LOC_0118
CDR_000676,+919304752292,+918391568856,2026-01-08T12:05:41Z,3046,LOC_0138
CDR_000677,+916389894192,+916793631899,2024-11-28T03:38:37Z,1943,LOC_0142
CDR_000678,+916289185573,+918688626717,2025-02-26T10:44:31Z,1168,LOC_0095
CDR_000679,+919056236865,+918386883320,2024-11-09T13:06:57Z,425,LOC_0136
CDR_000680,+919495540116,+919689390899,2025-01-20T14:44:04Z,1980,LOC_0012
CDR_000681,+917411844389,+919689390899,2025-01-28T05:50:14Z,542,LOC_0024
CDR_000682,+918895259482,+918308697931,2026-05-25T05:47:14Z,3394,LOC_0046
CDR_000683,+917390106458,+917782638028,2024-04-10T02:10:34Z,2406,LOC_0031
CDR_000684,+918704895305,+917382219816,2023-01-17T13:55:28Z,2606,LOC_0039
CDR_000685,+918120533071,+919056236865,2023-09-04T03:04:59Z,1858,LOC_0046
CDR_000686,+916002301808,+917404951301,2025-01-23T20:25:43Z,2195,LOC_0057
CDR_000687,+917248015331,+917921912834,2026-07-11T10:08:16Z,1904,LOC_0072
CDR_000688,+919691166761,+916473264907,2025-11-19T00:50:10Z,2365,LOC_0027
CDR_000689,+917205839367,+917348210721,2024-06-20T09:26:18Z,2433,LOC_0150
CDR_000690,+916840592753,+919508331976,2025-12-04T21:14:58Z,1910,LOC_0101
CDR_000691,+917108131444,+918011671937,2025-04-18T01:59:57Z,124,LOC_0024
CDR_000692,+916201711625,+916768823182,2026-04-17T16:34:32Z,681,LOC_0088
CDR_000693,+917977353085,+919120333471,2023-04-05T11:50:13Z,2184,LOC_0056
CDR_000694,+919450315857,+919252811795,2026-02-28T04:36:20Z,64,LOC_0144
CDR_000695,+916288372981,+918884329289,2023-08-20T00:45:12Z,1470,LOC_0126
CDR_000696,+916287969013,+918884329289,2026-05-15T12:38:16Z,291,LOC_0104
CDR_000697,+919583391810,+917987249301,2026-01-19T21:10:49Z,198,LOC_0102
CDR_000698,+916533226125,+919441693196,2023-04-07T17:32:47Z,932,LOC_0096
CDR_000699,+916786427950,+917210482937,2024-06-30T09:54:20Z,2555,LOC_0028
CDR_000700,+918388260217,+918835435059,2024-08-31T01:22:59Z,1799,LOC_0097
CDR_000701,+916811405047,+916268007062,2025-12-31T14:49:04Z,1698,LOC_0039
CDR_000702,+916395097504,+919208320641,2026-06-04T19:57:30Z,1427,LOC_0139
CDR_000703,+918683316346,+918646142846,2024-08-22T06:11:22Z,3510,LOC_0014
CDR_000704,+917408091983,+917176226755,2024-01-14T05:11:37Z,3534,LOC_0097
CDR_000705,+918551232705,+918991259771,2023-10-20T01:25:43Z,596,LOC_0016
CDR_000706,+917210482937,+919702151572,2023-10-04T04:27:04Z,1341,LOC_0071
CDR_000707,+917176226755,+918884809577,2026-06-04T15:16:04Z,2256,LOC_0006
CDR_000708,+919110874528,+917849145121,2024-02-21T16:24:41Z,80,LOC_0113
CDR_000709,+918930719057,+918831490250,2026-06-26T20:43:19Z,841,LOC_0144
CDR_000710,+916896194129,+916335954600,2026-06-23T12:18:49Z,3446,LOC_0138
CDR_000711,+917587594499,+916387632437,2024-03-22T15:04:12Z,485,LOC_0015
CDR_000712,+918932339303,+919220862110,2023-01-07T22:29:52Z,1795,LOC_0100
CDR_000713,+917066599674,+916288372981,2024-03-30T23:06:00Z,2115,LOC_0074
CDR_000714,+916533226125,+916321165294,2023-12-26T12:39:03Z,116,LOC_0002
CDR_000715,+919497082739,+916663839732,2023-04-07T06:41:37Z,927,LOC_0081
CDR_000716,+919242863201,+917345139329,2023-01-03T00:54:35Z,2908,LOC_0137
CDR_000717,+919854416702,+916940299467,2025-02-10T06:49:31Z,161,LOC_0099
CDR_000718,+918517193451,+917809923704,2025-11-27T09:05:41Z,1008,LOC_0121
CDR_000719,+919181347543,+919613918807,2026-05-22T18:56:20Z,26,LOC_0073
CDR_000720,+917188684621,+919472691748,2025-08-06T12:51:33Z,213,LOC_0081
CDR_000721,+919961573889,+916930600995,2023-03-31T14:39:22Z,1081,LOC_0121
CDR_000722,+918244817796,+918308259281,2025-01-28T23:20:07Z,2687,LOC_0136
CDR_000723,+919855335187,+918390864624,2023-09-06T05:59:34Z,3481,LOC_0117
CDR_000724,+918476098565,+917225581333,2024-07-26T04:16:40Z,470,LOC_0049
CDR_000725,+916463072131,+919799177162,2024-05-13T02:23:15Z,2587,LOC_0013
CDR_000726,+917885956471,+917861342732,2025-04-27T06:41:50Z,1347,LOC_0126
CDR_000727,+918420824631,+916496884614,2025-01-19T01:36:12Z,864,LOC_0139
CDR_000728,+917687430058,+919966014688,2025-04-21T20:57:35Z,1163,LOC_0047
CDR_000729,+919614828553,+918267074575,2023-02-07T20:16:15Z,1572,LOC_0041
CDR_000730,+919661734239,+919925678450,2025-02-17T20:33:37Z,1338,LOC_0001
CDR_000731,+919202789486,+918844458160,2024-06-19T02:56:06Z,1294,LOC_0058
CDR_000732,+917266657868,+916970118986,2024-07-29T11:25:43Z,2845,LOC_0036
CDR_000733,+916540890313,+917633602176,2023-04-24T08:22:25Z,1314,LOC_0095
CDR_000734,+918023321653,+919041538490,2023-10-20T20:55:26Z,1354,LOC_0041
CDR_000735,+916289968212,+916043552210,2023-05-06T05:45:27Z,381,LOC_0113
CDR_000736,+918857274115,+918161399993,2025-01-06T07:22:50Z,2759,LOC_0089
CDR_000737,+919673767577,+918765414165,2023-07-09T15:39:07Z,858,LOC_0031
CDR_000738,+919883349761,+918302158748,2024-02-20T03:10:37Z,364,LOC_0132
CDR_000739,+919074007690,+916810327163,2026-03-08T23:58:33Z,384,LOC_0075
CDR_000740,+916369768979,+918235400336,2023-02-04T06:40:15Z,2926,LOC_0001
CDR_000741,+918954600756,+919442209286,2025-09-08T16:48:53Z,175,LOC_0071
CDR_000742,+919224351311,+919896945119,2024-05-29T12:47:51Z,1757,LOC_0149
CDR_000743,+916986825871,+916306440248,2023-12-02T23:06:33Z,3290,LOC_0040
CDR_000744,+919961454933,+917596371622,2025-12-23T15:45:34Z,2564,LOC_0038
CDR_000745,+917154459322,+916221100658,2025-06-07T04:11:46Z,2396,LOC_0068
CDR_000746,+918246997276,+916246759544,2025-03-04T16:47:19Z,1911,LOC_0052
CDR_000747,+916824272995,+917485395392,2023-08-23T08:13:59Z,2767,LOC_0095
CDR_000748,+916319718936,+919370111473,2025-07-25T07:24:57Z,203,LOC_0097
CDR_000749,+918932339303,+918509666281,2024-10-03T05:24:30Z,818,LOC_0106
CDR_000750,+917348210721,+917468961055,2023-05-06T18:10:13Z,614,LOC_0078
CDR_000751,+918835435059,+919748868637,2025-01-11T06:37:17Z,845,LOC_0077
CDR_000752,+916509173023,+917095920639,2023-08-01T16:08:00Z,2647,LOC_0081
CDR_000753,+918492465821,+916409221994,2025-05-31T13:38:36Z,913,LOC_0111
CDR_000754,+916612615256,+917488787930,2024-03-22T02:16:18Z,3567,LOC_0049
CDR_000755,+917614141871,+917619246984,2023-11-19T10:28:58Z,1756,LOC_0090
CDR_000756,+918217665352,+917558287806,2023-05-11T13:10:00Z,2699,LOC_0079
CDR_000757,+916098899199,+917402480930,2026-05-15T15:16:01Z,1151,LOC_0096
CDR_000758,+918156834290,+918529100509,2026-03-27T14:19:42Z,485,LOC_0095
CDR_000759,+918825091118,+919515645918,2025-06-25T16:23:48Z,1314,LOC_0028
CDR_000760,+919850045517,+916759072075,2025-12-25T08:08:06Z,958,LOC_0028
CDR_000761,+917806058066,+917762597948,2025-08-17T01:11:48Z,2260,LOC_0149
CDR_000762,+917597574443,+918161637381,2026-04-28T07:52:02Z,939,LOC_0062
CDR_000763,+918987145791,+918884809577,2023-07-19T23:19:07Z,817,LOC_0003
CDR_000764,+919875234259,+918079500806,2026-06-12T23:45:22Z,3382,LOC_0054
CDR_000765,+918606996024,+918440361275,2025-12-10T05:03:28Z,2127,LOC_0135
CDR_000766,+917150724227,+918355482651,2023-06-11T00:09:23Z,2714,LOC_0146
CDR_000767,+916616423848,+916463072131,2026-04-08T20:21:49Z,599,LOC_0084
CDR_000768,+917376463094,+919254125195,2026-02-02T05:45:54Z,2928,LOC_0040
CDR_000769,+918832448381,+916860125163,2024-02-06T13:47:22Z,28,LOC_0007
CDR_000770,+916936889011,+916120019264,2026-04-18T13:59:40Z,3425,LOC_0140
CDR_000771,+917375191063,+918717352279,2024-10-28T00:38:13Z,2114,LOC_0078
CDR_000772,+919472691748,+916646275116,2026-06-15T01:22:27Z,2051,LOC_0040
CDR_000773,+917066624804,+917993550742,2026-02-20T18:54:52Z,661,LOC_0119
CDR_000774,+916354923180,+917260459282,2026-02-13T18:00:16Z,2078,LOC_0108
CDR_000775,+918032640310,+919955723270,2024-10-04T01:55:10Z,2067,LOC_0008
CDR_000776,+918652628333,+917382219816,2025-01-24T05:55:11Z,797,LOC_0136
CDR_000777,+919397402104,+916491661170,2026-04-18T08:16:35Z,2158,LOC_0038
CDR_000778,+916823264888,+918016589212,2023-03-09T01:11:24Z,2316,LOC_0118
CDR_000779,+917007694189,+917773904836,2025-08-03T14:11:51Z,3270,LOC_0149
CDR_000780,+919615163315,+919505899440,2024-04-02T15:39:41Z,1906,LOC_0128
CDR_000781,+917359313973,+918581527840,2025-12-03T20:57:29Z,1916,LOC_0093
CDR_000782,+918656434573,+916473264907,2025-12-11T14:24:13Z,1627,LOC_0036
CDR_000783,+916033819777,+916337605742,2025-05-25T06:41:39Z,2081,LOC_0106
CDR_000784,+916259807661,+916012309827,2024-12-16T04:44:26Z,2165,LOC_0045
CDR_000785,+916468944111,+917082434192,2025-10-07T00:08:25Z,283,LOC_0109
CDR_000786,+918867748200,+916329044656,2024-08-24T12:07:52Z,51,LOC_0004
CDR_000787,+919982499657,+919498894110,2026-05-16T09:45:47Z,2070,LOC_0135
CDR_000788,+917580205025,+918308697931,2025-01-25T12:12:16Z,2413,LOC_0013
CDR_000789,+918035280879,+919796457360,2024-07-27T23:24:44Z,708,LOC_0140
CDR_000790,+917410688654,+917105059551,2024-08-09T07:42:42Z,1326,LOC_0129
CDR_000791,+917974208537,+919085773843,2025-04-28T01:48:13Z,3184,LOC_0020
CDR_000792,+917428785242,+917638802005,2025-07-16T01:40:29Z,554,LOC_0041
CDR_000793,+918581527840,+918595756047,2023-06-06T16:26:47Z,2732,LOC_0117
CDR_000794,+916506651617,+916487937820,2023-01-14T00:43:49Z,893,LOC_0032
CDR_000795,+918774732090,+919187526779,2023-04-07T18:16:37Z,2180,LOC_0055
CDR_000796,+917895695777,+918440808550,2026-01-31T01:30:19Z,22,LOC_0140
CDR_000797,+917502043261,+918239704894,2024-02-04T21:00:09Z,2178,LOC_0117
CDR_000798,+916292960178,+919750605143,2023-03-11T04:03:07Z,3363,LOC_0070
CDR_000799,+917806058066,+916189032301,2023-10-26T21:05:59Z,1049,LOC_0107
CDR_000800,+918388260217,+918698267940,2024-08-08T21:02:49Z,2839,LOC_0118
CDR_000801,+917922583478,+916619962132,2024-08-24T00:17:41Z,250,LOC_0047
CDR_000802,+919455905653,+919106703986,2023-04-20T02:53:44Z,2749,LOC_0130
CDR_000803,+917007694189,+919085773843,2025-12-28T10:25:03Z,1735,LOC_0107
CDR_000804,+917619246984,+918023321653,2024-05-12T09:02:32Z,2626,LOC_0148
CDR_000805,+917930172860,+916554975640,2025-11-28T04:06:46Z,1248,LOC_0057
CDR_000806,+916563470451,+918110888847,2025-04-05T04:43:56Z,2047,LOC_0143
CDR_000807,+918998458008,+917264944407,2024-11-22T11:42:27Z,2151,LOC_0045
CDR_000808,+917826016991,+919462108703,2026-01-01T19:01:52Z,3449,LOC_0062
CDR_000809,+917468961055,+918674461918,2023-07-16T20:34:56Z,1718,LOC_0135
CDR_000810,+917079898502,+916322742735,2023-02-05T22:08:34Z,1181,LOC_0021
CDR_000811,+919229269576,+919438177052,2025-01-25T22:10:51Z,2218,LOC_0026
CDR_000812,+917766426225,+917150724227,2026-02-14T05:24:56Z,1805,LOC_0052
CDR_000813,+916702463180,+916262235551,2026-06-25T13:42:45Z,689,LOC_0031
CDR_000814,+917844202253,+919601971852,2024-06-09T09:46:55Z,1593,LOC_0036
CDR_000815,+919801044279,+918584719544,2025-07-12T01:23:51Z,2471,LOC_0071
CDR_000816,+917426129087,+919789389791,2023-11-02T02:04:20Z,3425,LOC_0029
CDR_000817,+916912575226,+918867748200,2023-09-05T01:48:40Z,1846,LOC_0058
CDR_000818,+916914625337,+918058556284,2025-10-05T14:54:52Z,3544,LOC_0123
CDR_000819,+916330992932,+918341106022,2023-07-29T12:02:11Z,136,LOC_0136
CDR_000820,+919649904956,+919842941932,2024-11-15T08:11:28Z,2138,LOC_0071
CDR_000821,+918122600663,+917642272651,2023-01-22T01:16:50Z,3134,LOC_0030
CDR_000822,+916954451581,+919850442961,2024-11-28T12:42:29Z,1210,LOC_0105
CDR_000823,+918952218016,+917595440130,2023-07-01T12:16:02Z,2462,LOC_0125
CDR_000824,+918926773184,+918545365683,2024-05-06T20:07:48Z,3455,LOC_0110
CDR_000825,+917451521111,+918581527840,2023-07-14T12:21:21Z,1299,LOC_0088
CDR_000826,+918472422439,+916265793778,2023-08-21T12:48:36Z,1082,LOC_0086
CDR_000827,+919527576042,+919085773843,2024-09-16T07:56:24Z,1866,LOC_0045
CDR_000828,+919911316017,+916706442979,2025-06-08T10:21:09Z,2491,LOC_0015
CDR_000829,+918831490250,+916195355435,2023-07-30T03:15:39Z,2948,LOC_0108
CDR_000830,+918005937631,+917885133086,2024-02-26T11:06:08Z,183,LOC_0111
CDR_000831,+918197757357,+918390864624,2023-06-03T15:00:12Z,1292,LOC_0067
CDR_000832,+916033819777,+918304048189,2025-03-13T18:21:35Z,675,LOC_0113
CDR_000833,+917966356928,+918109271409,2024-09-24T11:49:26Z,2753,LOC_0138
CDR_000834,+919435050715,+916900159659,2024-01-03T12:56:40Z,2528,LOC_0035
CDR_000835,+917407377479,+916540890313,2025-11-01T05:31:30Z,3079,LOC_0135
CDR_000836,+916597988721,+916473890212,2023-08-29T23:51:47Z,1471,LOC_0065
CDR_000837,+917249155118,+919583391810,2025-02-17T06:22:30Z,3034,LOC_0108
CDR_000838,+918546428118,+919747112149,2024-10-02T10:54:21Z,1769,LOC_0023
CDR_000839,+918952647739,+919692414917,2024-07-13T20:46:22Z,1649,LOC_0096
CDR_000840,+916807099214,+917737551584,2025-09-23T10:03:35Z,2276,LOC_0014
CDR_000841,+918930719057,+918548600919,2023-11-08T21:17:30Z,2014,LOC_0021
CDR_000842,+919964932788,+916527198854,2023-09-07T23:57:51Z,1686,LOC_0038
CDR_000843,+919076337420,+918474471345,2025-08-31T20:23:58Z,1502,LOC_0002
CDR_000844,+916891986607,+916634711065,2023-02-18T20:42:47Z,219,LOC_0020
CDR_000845,+917876975522,+919689390899,2024-10-02T22:29:44Z,3534,LOC_0074
CDR_000846,+916597988721,+916674279418,2026-07-10T04:26:42Z,153,LOC_0150
CDR_000847,+918595746889,+917871640952,2024-03-18T07:59:31Z,2482,LOC_0010
CDR_000848,+917011968176,+916348163949,2023-01-10T20:55:35Z,197,LOC_0028
CDR_000849,+917128835207,+918339220005,2024-07-06T10:23:54Z,3423,LOC_0083
CDR_000850,+919649904956,+918380098110,2024-04-28T02:14:37Z,2955,LOC_0064
CDR_000851,+916914625337,+919691166761,2023-05-30T06:20:53Z,1948,LOC_0133
CDR_000852,+917737551584,+917387503825,2023-07-22T09:40:36Z,2685,LOC_0126
CDR_000853,+919472255508,+917382283488,2025-12-09T05:54:25Z,645,LOC_0002
CDR_000854,+918047867526,+916354923180,2023-10-09T00:21:50Z,3369,LOC_0034
CDR_000855,+917820995777,+916707889594,2025-11-14T05:43:14Z,2257,LOC_0147
CDR_000856,+919844246833,+919441693196,2025-12-02T11:15:42Z,3382,LOC_0051
CDR_000857,+919081149490,+917943180190,2026-04-16T22:43:02Z,817,LOC_0041
CDR_000858,+919578054555,+919046647159,2024-09-08T11:09:05Z,1534,LOC_0103
CDR_000859,+916092098088,+917150402112,2023-03-13T05:22:28Z,3074,LOC_0115
CDR_000860,+919637667342,+918079765165,2025-04-06T18:23:05Z,2785,LOC_0104
CDR_000861,+917640993275,+919518268770,2026-06-18T03:20:24Z,2031,LOC_0024
CDR_000862,+919200658366,+919793682791,2024-01-28T18:05:31Z,8,LOC_0038
CDR_000863,+919010582093,+918159374355,2023-02-04T20:53:02Z,1672,LOC_0070
CDR_000864,+918221601510,+917725708681,2024-12-13T01:43:46Z,1727,LOC_0066
CDR_000865,+916120019264,+916936889011,2026-07-16T13:01:32Z,2361,LOC_0079
CDR_000866,+917898721574,+916788958738,2024-06-09T17:38:34Z,579,LOC_0111
CDR_000867,+918987145791,+916354828271,2023-04-05T13:28:53Z,3475,LOC_0082
CDR_000868,+918646142846,+916415932585,2025-02-14T07:19:40Z,2013,LOC_0068
CDR_000869,+916483144641,+917057238139,2024-09-30T20:30:52Z,65,LOC_0041
CDR_000870,+918126746095,+919224351311,2025-12-25T03:37:01Z,2352,LOC_0091
CDR_000871,+918868437461,+916749458391,2025-04-14T22:52:50Z,2958,LOC_0128
CDR_000872,+918075004731,+916517376881,2025-07-20T07:11:23Z,2623,LOC_0144
CDR_000873,+917371523398,+918454243528,2025-05-25T19:14:35Z,3031,LOC_0048
CDR_000874,+919637667342,+916539280391,2026-01-29T03:10:10Z,290,LOC_0089
CDR_000875,+918831060255,+918844458160,2026-05-11T05:36:55Z,2173,LOC_0043
CDR_000876,+917670711748,+917887532541,2026-06-05T19:16:41Z,3536,LOC_0026
CDR_000877,+919498894110,+918586211674,2026-02-05T17:43:46Z,951,LOC_0006
CDR_000878,+917421785056,+919789389791,2025-09-01T06:54:03Z,553,LOC_0127
CDR_000879,+919441693196,+917609115472,2024-04-03T03:07:41Z,2640,LOC_0074
CDR_000880,+916674462136,+918304048189,2026-04-20T00:25:12Z,2944,LOC_0038
CDR_000881,+916261189271,+918478872199,2024-06-20T00:25:55Z,2786,LOC_0117
CDR_000882,+917304147917,+919680791091,2025-02-13T23:49:37Z,2844,LOC_0073
CDR_000883,+917292304779,+919990039529,2025-01-03T22:08:03Z,1866,LOC_0034
CDR_000884,+919099565230,+916674279418,2025-09-15T16:51:38Z,3136,LOC_0101
CDR_000885,+919311300347,+919817709488,2025-01-16T22:30:51Z,620,LOC_0131
CDR_000886,+917004122133,+918682211099,2026-04-16T16:10:20Z,1216,LOC_0027
CDR_000887,+917676868646,+918208691233,2024-09-29T00:35:27Z,1850,LOC_0020
CDR_000888,+918329753974,+917145119397,2025-07-15T12:46:04Z,2349,LOC_0114
CDR_000889,+918440808550,+919997946704,2024-03-28T22:24:47Z,716,LOC_0131
CDR_000890,+918614719178,+917201662484,2025-06-04T08:06:07Z,1019,LOC_0017
CDR_000891,+918296067730,+916387632437,2024-02-08T09:19:33Z,542,LOC_0032
CDR_000892,+916119791902,+917853165178,2023-07-16T17:45:28Z,1740,LOC_0092
CDR_000893,+916477096961,+917565497109,2025-07-27T23:18:37Z,1929,LOC_0013
CDR_000894,+917061516500,+916415932585,2025-03-12T03:21:51Z,2430,LOC_0019
CDR_000895,+919048975310,+917628199646,2025-09-26T06:15:02Z,1494,LOC_0121
CDR_000896,+916321165294,+917774102729,2025-06-01T03:56:50Z,367,LOC_0093
CDR_000897,+916369382071,+917014944264,2023-12-22T02:37:51Z,1088,LOC_0090
CDR_000898,+918759143335,+917542910061,2023-07-01T17:11:45Z,2670,LOC_0038
CDR_000899,+918295619572,+917529133908,2023-11-14T19:07:17Z,1091,LOC_0071
CDR_000900,+918023321653,+919472691748,2025-12-10T15:18:29Z,114,LOC_0132
CDR_000901,+916769210137,+917345139329,2025-10-10T07:58:54Z,891,LOC_0019
CDR_000902,+918355482651,+917108131444,2024-05-25T17:45:37Z,2504,LOC_0075
CDR_000903,+916492558512,+917066599674,2024-11-29T17:45:30Z,2216,LOC_0069
CDR_000904,+917191405559,+918237222263,2023-02-01T22:09:06Z,3045,LOC_0121
CDR_000905,+917998246910,+918835435059,2023-08-31T09:50:46Z,2147,LOC_0042
CDR_000906,+916501832818,+919441494580,2023-06-06T12:23:32Z,3257,LOC_0019
CDR_000907,+919822880514,+917834532707,2024-04-24T08:13:32Z,2615,LOC_0039
CDR_000908,+919180492708,+918733074647,2025-03-04T14:26:58Z,327,LOC_0082
CDR_000909,+916576672427,+916757784718,2026-04-08T07:21:02Z,2035,LOC_0142
CDR_000910,+918551421745,+916111635207,2023-12-04T17:36:34Z,3147,LOC_0119
CDR_000911,+916554975640,+919395215160,2023-03-22T13:05:01Z,2002,LOC_0015
CDR_000912,+916549034032,+919477005482,2024-11-20T15:35:56Z,107,LOC_0095
CDR_000913,+917642431326,+919168819811,2025-09-18T19:32:50Z,1652,LOC_0034
CDR_000914,+918781267374,+919601971852,2023-12-04T14:00:40Z,764,LOC_0114
CDR_000915,+917549875589,+918061440088,2024-02-01T16:54:31Z,2928,LOC_0052
CDR_000916,+916531772868,+918442691577,2024-06-03T22:54:04Z,1860,LOC_0040
CDR_000917,+916337605742,+918832448381,2025-07-30T23:02:52Z,2156,LOC_0014
CDR_000918,+916651420194,+919110019797,2023-03-04T06:46:34Z,1976,LOC_0132
CDR_000919,+919142342983,+916328681328,2024-01-11T08:08:30Z,1811,LOC_0133
CDR_000920,+916939673695,+916969934690,2025-10-27T19:18:22Z,1351,LOC_0042
CDR_000921,+916546674084,+918178011686,2025-08-21T15:04:45Z,2417,LOC_0112
CDR_000922,+917558287806,+917066624804,2025-05-28T19:17:08Z,3304,LOC_0028
CDR_000923,+918480705258,+916265793778,2024-07-16T06:25:23Z,1140,LOC_0069
CDR_000924,+918015372326,+919543552219,2026-06-06T20:27:18Z,2406,LOC_0140
CDR_000925,+918987145791,+916137693023,2025-02-26T12:09:32Z,1489,LOC_0116
CDR_000926,+918132866657,+917612816731,2025-03-30T03:27:45Z,683,LOC_0103
CDR_000927,+917180955041,+916506651617,2023-01-28T17:40:26Z,417,LOC_0108
CDR_000928,+918058556284,+918093781592,2024-05-05T09:23:04Z,2476,LOC_0148
CDR_000929,+919340328400,+918889252025,2025-01-18T06:04:54Z,1168,LOC_0115
CDR_000930,+919515645918,+918735480334,2023-06-03T13:42:30Z,1484,LOC_0085
CDR_000931,+916400469224,+916696987256,2023-11-15T02:42:12Z,294,LOC_0115
CDR_000932,+916329044656,+918304048189,2023-04-21T15:45:18Z,3253,LOC_0055
CDR_000933,+916086561545,+916496884614,2026-06-23T14:30:00Z,2032,LOC_0085
CDR_000934,+916995243301,+919086292314,2025-08-15T07:52:00Z,3412,LOC_0109
CDR_000935,+919376604904,+916609178356,2024-08-12T11:17:22Z,1482,LOC_0013
CDR_000936,+919272555625,+917450559731,2026-05-31T20:08:31Z,88,LOC_0006
CDR_000937,+918778509037,+919736261776,2025-02-13T17:20:10Z,2169,LOC_0109
CDR_000938,+918990913497,+917202528733,2025-08-06T20:29:47Z,3163,LOC_0145
CDR_000939,+918652628333,+917679444852,2025-11-07T07:32:04Z,3098,LOC_0119
CDR_000940,+919081149490,+916284530257,2024-06-29T07:31:43Z,499,LOC_0033
CDR_000941,+918586190457,+916674462136,2025-03-07T12:10:47Z,2674,LOC_0014
CDR_000942,+918959222174,+916692447546,2023-10-28T06:02:24Z,396,LOC_0001
CDR_000943,+916283293302,+919529867456,2025-02-09T10:02:46Z,3423,LOC_0099
CDR_000944,+919916463262,+918364602747,2023-09-23T00:35:57Z,2995,LOC_0143
CDR_000945,+919472691748,+918085229775,2025-06-13T01:54:01Z,3396,LOC_0043
CDR_000946,+916896194129,+917529133908,2025-11-15T09:19:40Z,3456,LOC_0099
CDR_000947,+917526393650,+918688626717,2024-09-05T22:57:07Z,2116,LOC_0122
CDR_000948,+916272723132,+916881827040,2023-05-19T00:29:40Z,319,LOC_0090
CDR_000949,+919796457360,+919033297428,2024-02-09T02:59:55Z,3116,LOC_0053
CDR_000950,+919844220524,+917306916015,2023-07-28T03:47:49Z,3524,LOC_0007
CDR_000951,+919202789486,+919676857818,2024-11-23T22:32:48Z,2473,LOC_0050
CDR_000952,+916335954600,+916936889011,2025-10-08T07:18:14Z,1232,LOC_0065
CDR_000953,+917715434253,+919057945892,2024-02-20T18:55:15Z,3319,LOC_0030
CDR_000954,+916069227038,+918502988880,2024-08-06T11:41:34Z,2707,LOC_0070
CDR_000955,+919411680270,+919597965706,2025-06-11T17:57:20Z,3116,LOC_0099
CDR_000956,+918221601510,+917119695300,2024-02-13T02:11:42Z,2745,LOC_0052
CDR_000957,+918857274115,+916006779966,2023-01-10T20:27:37Z,2358,LOC_0037
CDR_000958,+919000742597,+917296841600,2025-10-29T18:46:54Z,309,LOC_0091
CDR_000959,+919461484918,+919738550295,2025-10-31T05:28:20Z,2610,LOC_0106
CDR_000960,+919372680168,+919341789294,2023-01-09T14:31:05Z,2655,LOC_0114
CDR_000961,+916476003514,+916553260471,2025-11-12T21:02:51Z,454,LOC_0139
CDR_000962,+919924462352,+917883652701,2023-05-18T17:58:39Z,2652,LOC_0031
CDR_000963,+916491650481,+919372682391,2023-05-20T06:17:06Z,2679,LOC_0137
CDR_000964,+916491028289,+919677963600,2023-07-22T20:22:49Z,82,LOC_0123
CDR_000965,+918564468364,+917201662484,2023-06-13T18:07:25Z,1126,LOC_0072
CDR_000966,+918940739520,+917345139329,2024-10-29T09:55:23Z,321,LOC_0105
CDR_000967,+917651961479,+916427683935,2025-12-02T03:00:10Z,1546,LOC_0003
CDR_000968,+917290179231,+918261195798,2023-03-26T19:20:42Z,2939,LOC_0070
CDR_000969,+918998076115,+918795621419,2023-01-03T06:48:19Z,3153,LOC_0021
CDR_000970,+919509154515,+919779305645,2024-09-01T06:41:58Z,2683,LOC_0096
CDR_000971,+916322648158,+917773541214,2024-08-10T23:08:01Z,2849,LOC_0078
CDR_000972,+916108619179,+919829335496,2024-10-13T06:53:34Z,3462,LOC_0102
CDR_000973,+919056236865,+919441693196,2023-10-27T03:55:00Z,2975,LOC_0036
CDR_000974,+919640382786,+917970984707,2025-01-10T09:12:22Z,1969,LOC_0078
CDR_000975,+916348163949,+916476003514,2024-06-08T09:14:13Z,16,LOC_0111
CDR_000976,+916886084049,+916157771113,2025-08-12T07:03:17Z,91,LOC_0039
CDR_000977,+918883607330,+916225121807,2023-03-26T16:28:54Z,2511,LOC_0077
CDR_000978,+916305517870,+917950244847,2023-07-02T04:28:52Z,1277,LOC_0125
CDR_000979,+916674279418,+917974208537,2024-10-11T14:14:11Z,3436,LOC_0026
CDR_000980,+918543104905,+919462108703,2023-12-09T05:25:45Z,3485,LOC_0119
CDR_000981,+917459525419,+917218101886,2024-05-15T04:11:49Z,839,LOC_0076
CDR_000982,+919925678450,+919515645918,2025-07-15T11:48:47Z,5,LOC_0126
CDR_000983,+919372680168,+917429633718,2025-09-13T08:28:28Z,3413,LOC_0107
CDR_000984,+919692161811,+917201662484,2023-11-11T09:45:02Z,260,LOC_0148
CDR_000985,+919583391810,+916167893174,2023-06-23T02:29:45Z,1445,LOC_0015
CDR_000986,+917597574443,+917533491749,2023-03-20T10:04:39Z,1773,LOC_0102
CDR_000987,+919307777078,+919759823710,2025-07-27T03:02:54Z,228,LOC_0057
CDR_000988,+917411844389,+918712018738,2023-03-31T14:26:49Z,1363,LOC_0148
CDR_000989,+916476003514,+919187698891,2023-07-03T22:46:27Z,494,LOC_0118
CDR_000990,+918252188304,+916329044656,2025-09-20T20:55:44Z,3506,LOC_0121
CDR_000991,+918236353823,+919057945892,2024-10-31T03:12:54Z,2768,LOC_0052
CDR_000992,+918445685199,+916486115413,2025-06-12T15:05:31Z,1172,LOC_0106
CDR_000993,+918236353823,+917384789235,2025-05-31T21:55:59Z,2552,LOC_0100
CDR_000994,+918755969088,+919574848002,2025-05-03T15:00:01Z,1894,LOC_0070
CDR_000995,+917885133086,+919850486204,2026-07-09T07:36:21Z,288,LOC_0039
CDR_000996,+917104570218,+918169069878,2025-03-05T05:35:40Z,901,LOC_0005
CDR_000997,+919784972278,+918943631361,2026-03-12T13:47:29Z,2012,LOC_0139
CDR_000998,+917970319532,+919117963765,2026-01-11T06:51:45Z,1926,LOC_0116
CDR_000999,+919747112149,+918698267940,2025-02-28T20:02:21Z,2072,LOC_0040
CDR_001000,+916576672427,+919106703986,2024-12-08T05:40:12Z,1431,LOC_0104
CDR_001001,+918915952991,+916091087253,2025-04-15T14:02:40Z,2817,LOC_0111
CDR_001002,+917683021116,+919003544284,2024-01-30T00:13:17Z,2062,LOC_0048
CDR_001003,+917175860156,+917218101886,2026-04-25T16:02:58Z,151,LOC_0146
CDR_001004,+917523392144,+916964151220,2024-05-19T00:29:40Z,1059,LOC_0125
CDR_001005,+918261195798,+919852775860,2024-07-05T08:51:11Z,70,LOC_0030
CDR_001006,+916881827040,+918809299600,2024-08-20T12:34:51Z,1857,LOC_0039
CDR_001007,+916287969013,+919347894979,2023-04-12T23:06:06Z,3426,LOC_0084
CDR_001008,+918808155776,+917590239196,2026-04-02T22:44:20Z,3002,LOC_0134
CDR_001009,+918577335953,+919994392015,2023-01-28T14:15:56Z,2199,LOC_0041
CDR_001010,+919246378777,+919822880514,2024-04-01T08:46:16Z,3086,LOC_0104
CDR_001011,+916417984375,+919854416702,2025-09-25T04:23:43Z,3404,LOC_0031
CDR_001012,+916328681328,+916602393888,2024-11-29T02:06:47Z,331,LOC_0108
CDR_001013,+917191405559,+918023321653,2025-06-01T04:48:04Z,1145,LOC_0043
CDR_001014,+918472422439,+919106703986,2025-10-23T07:17:11Z,438,LOC_0096
CDR_001015,+919322643566,+916330992932,2025-09-19T03:55:57Z,970,LOC_0121
CDR_001016,+919844220524,+919442665234,2026-05-22T00:28:00Z,917,LOC_0031
CDR_001017,+918689357814,+916653936235,2023-04-08T10:55:05Z,1498,LOC_0028
CDR_001018,+917434751674,+919978157818,2026-01-06T15:30:13Z,993,LOC_0098
CDR_001019,+918999355782,+917974208537,2023-02-10T21:46:30Z,1134,LOC_0113
CDR_001020,+917502077414,+919320829552,2024-04-17T00:51:50Z,1775,LOC_0079
CDR_001021,+918692246047,+918615798918,2024-02-11T13:36:26Z,250,LOC_0089
CDR_001022,+916378652730,+916120133063,2023-04-11T20:01:32Z,1350,LOC_0026
CDR_001023,+916506651617,+918295619572,2025-08-15T06:37:07Z,1049,LOC_0040
CDR_001024,+918840128614,+918449720786,2025-05-27T03:03:18Z,386,LOC_0019
CDR_001025,+917404951301,+916258449780,2024-11-05T05:15:05Z,3239,LOC_0137
CDR_001026,+919854270267,+919691166761,2023-02-02T18:59:19Z,2559,LOC_0129
CDR_001027,+916305517870,+918217665352,2023-03-19T15:24:04Z,2628,LOC_0109
CDR_001028,+919582739614,+918163575681,2026-07-17T09:21:31Z,1198,LOC_0079
CDR_001029,+918419129100,+917575103101,2025-09-19T03:56:59Z,1752,LOC_0100
CDR_001030,+919252811795,+919875844373,2025-01-10T20:23:37Z,3114,LOC_0120
CDR_001031,+916116699374,+919854416702,2024-03-08T08:00:01Z,673,LOC_0001
CDR_001032,+918019427054,+918078381873,2023-03-19T21:50:18Z,2286,LOC_0008
CDR_001033,+917628199646,+917534138301,2026-03-01T19:43:12Z,1416,LOC_0142
CDR_001034,+917612816731,+916797309341,2025-11-19T18:25:07Z,52,LOC_0066
CDR_001035,+917861342732,+916891986607,2025-01-15T01:30:58Z,1989,LOC_0083
CDR_001036,+917224224246,+916201711625,2024-03-18T12:46:57Z,32,LOC_0009
CDR_001037,+917914402567,+916476003514,2023-11-03T11:43:31Z,347,LOC_0094
CDR_001038,+916964151220,+916886084049,2024-10-04T13:06:06Z,383,LOC_0115
CDR_001039,+919921773774,+918739085759,2025-05-17T10:08:19Z,2498,LOC_0112
CDR_001040,+916319718936,+916116699374,2025-12-02T01:36:41Z,1275,LOC_0078
CDR_001041,+918085229775,+916043552210,2024-10-13T10:18:41Z,1086,LOC_0026
CDR_001042,+919911316017,+919801044279,2025-07-05T05:11:14Z,3457,LOC_0089
CDR_001043,+916477096961,+917264944407,2023-10-09T09:45:02Z,1491,LOC_0020
CDR_001044,+916922854141,+916395097504,2023-02-28T20:58:02Z,343,LOC_0003
CDR_001045,+918982728970,+916012309827,2023-12-28T00:42:07Z,874,LOC_0068
CDR_001046,+917185874957,+917916260187,2023-08-14T03:07:23Z,1819,LOC_0125
CDR_001047,+916849872844,+918711639209,2025-04-05T15:53:51Z,1345,LOC_0148
CDR_001048,+916092624498,+919543552219,2023-09-14T23:28:39Z,1736,LOC_0130
CDR_001049,+918369899340,+918998076115,2025-08-16T11:28:42Z,2703,LOC_0093
CDR_001050,+917926216462,+917710446980,2023-11-05T08:52:13Z,2848,LOC_0072
CDR_001051,+916576672427,+919013231659,2026-05-08T20:47:52Z,749,LOC_0024
CDR_001052,+916533226125,+919582739614,2025-09-11T05:54:02Z,22,LOC_0031
CDR_001053,+916592681126,+918098632248,2025-10-03T13:28:10Z,3518,LOC_0087
CDR_001054,+916128591125,+916905110100,2025-07-24T04:56:49Z,1137,LOC_0026
CDR_001055,+917410688654,+917926216462,2023-06-09T11:23:07Z,868,LOC_0140
CDR_001056,+919056236865,+919026491892,2026-06-06T01:17:10Z,1022,LOC_0041
CDR_001057,+918141418189,+916493012661,2024-07-15T18:01:01Z,62,LOC_0130
CDR_001058,+919529867456,+919172900312,2025-02-07T21:52:39Z,997,LOC_0031
CDR_001059,+916832488843,+919702276600,2023-09-17T04:04:02Z,3346,LOC_0082
CDR_001060,+917104570218,+918407584239,2026-01-19T09:25:59Z,907,LOC_0038
CDR_001061,+918254694587,+918998076115,2024-01-26T02:15:28Z,2866,LOC_0038
CDR_001062,+919252811795,+919226843425,2025-06-02T19:33:15Z,1436,LOC_0124
CDR_001063,+918824296704,+916774268185,2024-05-21T06:17:02Z,1795,LOC_0043
CDR_001064,+918026160767,+916689588485,2025-02-01T11:31:43Z,813,LOC_0058
CDR_001065,+919224351311,+916524802306,2023-01-20T03:09:52Z,1726,LOC_0067
CDR_001066,+917191405559,+919415928831,2023-03-10T19:35:26Z,1253,LOC_0133
CDR_001067,+917205839367,+918118679324,2024-03-30T13:08:30Z,175,LOC_0122
CDR_001068,+919543552219,+917678103394,2023-09-05T08:44:53Z,2132,LOC_0098
CDR_001069,+917526393650,+916416127433,2026-02-15T06:31:27Z,1427,LOC_0134
CDR_001070,+918409083421,+917061516500,2025-06-14T14:58:27Z,780,LOC_0116
CDR_001071,+917974208537,+919689390899,2026-03-15T05:49:07Z,649,LOC_0093
CDR_001072,+919844246833,+918831490250,2026-01-29T14:45:38Z,896,LOC_0098
CDR_001073,+916991372057,+916473264907,2023-04-04T23:08:03Z,1509,LOC_0091
CDR_001074,+919013231659,+916420854556,2026-07-07T19:10:11Z,2775,LOC_0035
CDR_001075,+917351112065,+919866520330,2026-03-19T23:44:57Z,835,LOC_0022
CDR_001076,+918017624177,+917384717361,2024-08-02T20:43:19Z,3483,LOC_0006
CDR_001077,+919086292314,+918552087856,2024-07-28T22:02:35Z,815,LOC_0035
CDR_001078,+916387632437,+917638802005,2026-03-06T20:03:32Z,105,LOC_0056
CDR_001079,+916265793778,+917787786836,2026-07-12T11:26:19Z,3586,LOC_0074
CDR_001080,+919575606753,+917260459282,2024-06-08T05:43:04Z,3106,LOC_0098
CDR_001081,+918867748200,+919152000372,2025-12-18T02:55:23Z,2772,LOC_0108
CDR_001082,+917264944407,+918629897176,2023-05-20T10:06:27Z,973,LOC_0113
CDR_001083,+918489235583,+916533891998,2025-04-14T09:33:17Z,1940,LOC_0003
CDR_001084,+917304147917,+918312482595,2026-06-10T09:50:06Z,2832,LOC_0086
CDR_001085,+917531483679,+916477096961,2023-10-14T07:36:55Z,2215,LOC_0150
CDR_001086,+917195461796,+917871640952,2026-05-24T19:06:45Z,725,LOC_0039
CDR_001087,+917870369767,+918295619572,2025-10-20T15:58:05Z,3563,LOC_0100
CDR_001088,+916535244065,+919677963600,2025-12-04T15:59:32Z,3067,LOC_0094
CDR_001089,+917558287806,+917642431326,2025-01-26T02:15:48Z,3249,LOC_0100
CDR_001090,+917322037419,+919003318664,2024-05-31T00:23:25Z,471,LOC_0041
CDR_001091,+916288884955,+916303044487,2024-08-18T16:01:23Z,638,LOC_0044
CDR_001092,+917773060475,+917409244959,2025-04-21T10:15:32Z,3596,LOC_0053
CDR_001093,+919475395721,+917568711995,2026-07-15T02:26:57Z,1055,LOC_0069
CDR_001094,+917504686545,+919640382786,2025-05-28T21:42:27Z,2819,LOC_0099
CDR_001095,+919307777078,+918008116195,2025-03-15T09:14:10Z,237,LOC_0115
CDR_001096,+918632521028,+918440808550,2025-11-18T21:20:28Z,1545,LOC_0012
CDR_001097,+916774268185,+919322643566,2025-07-09T14:31:33Z,3271,LOC_0052
CDR_001098,+918169069878,+916922854141,2024-02-13T13:05:40Z,1397,LOC_0020
CDR_001099,+918167410280,+916811147196,2025-10-19T04:53:08Z,3482,LOC_0136
CDR_001100,+916902962666,+917534138301,2026-01-24T04:01:02Z,627,LOC_0037
CDR_001101,+919900803267,+919538760086,2023-08-15T08:12:21Z,2389,LOC_0133
CDR_001102,+916167893174,+918244817796,2024-04-20T13:18:44Z,2847,LOC_0048
CDR_001103,+919614828553,+918285488356,2024-08-02T20:02:00Z,2876,LOC_0127
CDR_001104,+917812495724,+919272659618,2024-01-17T07:39:06Z,1731,LOC_0049
CDR_001105,+918732742483,+917218101886,2024-07-13T16:44:18Z,1547,LOC_0086
CDR_001106,+917828376268,+917382283488,2026-03-19T18:51:37Z,1705,LOC_0046
CDR_001107,+918079586549,+916166699419,2023-02-23T16:33:51Z,2817,LOC_0149
CDR_001108,+919874782671,+917225170345,2024-04-11T03:53:13Z,305,LOC_0036
CDR_001109,+919672193663,+918828589764,2023-09-19T03:38:34Z,2245,LOC_0136
CDR_001110,+916120133063,+917849145121,2025-06-23T18:43:13Z,2770,LOC_0001
CDR_001111,+917428785242,+916679955714,2025-03-10T02:57:55Z,3116,LOC_0133
CDR_001112,+919874782671,+918312482595,2025-03-27T00:02:22Z,285,LOC_0024
CDR_001113,+919327278141,+917384717361,2023-06-04T12:13:15Z,1161,LOC_0045
CDR_001114,+919226843425,+917387503825,2023-02-09T20:56:21Z,1006,LOC_0106
CDR_001115,+917426596199,+917007694189,2025-02-27T12:27:14Z,2668,LOC_0086
CDR_001116,+916874195977,+918545365683,2025-02-24T09:42:49Z,1177,LOC_0067
CDR_001117,+918795621419,+917998246910,2026-05-31T04:51:58Z,3415,LOC_0125
CDR_001118,+918526469228,+916518351152,2026-07-29T12:52:19Z,817,LOC_0045
CDR_001119,+919754483808,+918840128614,2025-02-09T04:06:45Z,3501,LOC_0107
CDR_001120,+916306440248,+918440808550,2026-04-28T18:24:36Z,921,LOC_0019
CDR_001121,+917154261079,+919164829267,2025-11-28T11:27:33Z,2070,LOC_0015
CDR_001122,+917251961948,+917966356928,2025-03-07T02:31:19Z,1221,LOC_0062
CDR_001123,+917013789043,+917108131444,2024-12-29T12:45:20Z,2339,LOC_0125
CDR_001124,+919383506796,+918163880803,2025-03-07T07:37:25Z,2937,LOC_0067
CDR_001125,+916201711625,+916662695110,2025-05-12T15:58:42Z,502,LOC_0143
CDR_001126,+916429740169,+917640993275,2026-06-13T10:23:38Z,2157,LOC_0121
CDR_001127,+917609115472,+916832488843,2023-09-16T01:50:14Z,2455,LOC_0024
CDR_001128,+917670711748,+918093781592,2023-07-11T03:21:40Z,658,LOC_0099
CDR_001129,+918652628333,+917210482937,2025-12-10T14:25:16Z,1810,LOC_0080
CDR_001130,+919110874528,+919520097229,2023-12-04T09:55:59Z,239,LOC_0034
CDR_001131,+916306440248,+918674461918,2023-07-26T12:01:53Z,300,LOC_0126
CDR_001132,+917079898502,+917107337642,2024-11-26T14:04:46Z,3226,LOC_0005
CDR_001133,+916417984375,+919779994103,2025-12-28T11:05:05Z,1006,LOC_0036
CDR_001134,+918735480334,+916354923180,2025-03-27T22:19:56Z,2235,LOC_0142
CDR_001135,+917290179231,+916483144641,2025-04-08T02:00:20Z,1305,LOC_0043
CDR_001136,+918110888847,+917345139329,2023-12-06T15:40:48Z,104,LOC_0067
CDR_001137,+919740355928,+919538760086,2024-06-18T11:50:54Z,538,LOC_0117
CDR_001138,+917516100805,+918278396996,2023-05-19T22:13:22Z,2271,LOC_0146
CDR_001139,+919875844373,+919585190250,2025-06-11T21:54:25Z,1414,LOC_0058
CDR_001140,+916335954600,+917993550742,2023-01-29T21:33:35Z,3386,LOC_0018
CDR_001141,+918712018738,+919431704416,2025-10-20T10:16:06Z,3441,LOC_0047
CDR_001142,+918954638206,+919553043688,2023-12-17T07:20:32Z,1630,LOC_0044
CDR_001143,+919924462352,+917558287806,2025-04-23T20:39:29Z,2676,LOC_0005
CDR_001144,+918632521028,+919363510233,2025-10-26T03:57:19Z,1843,LOC_0009
CDR_001145,+916201711625,+919910091063,2025-05-28T18:16:21Z,2678,LOC_0144
CDR_001146,+916399206328,+917262991125,2024-04-29T06:21:50Z,25,LOC_0020
CDR_001147,+919994392015,+918591125930,2025-08-15T03:01:02Z,1592,LOC_0022
CDR_001148,+917761349189,+919019762806,2023-02-25T16:45:40Z,1911,LOC_0127
CDR_001149,+919271385463,+919110019797,2023-09-01T10:55:31Z,153,LOC_0073
CDR_001150,+917850733732,+919574848002,2025-12-17T08:47:33Z,2925,LOC_0147
CDR_001151,+918026160767,+918168568631,2024-11-05T01:08:58Z,3018,LOC_0053
CDR_001152,+916814184372,+919738550295,2024-01-10T08:17:34Z,852,LOC_0093
CDR_001153,+917376463094,+919556012519,2024-09-16T20:57:44Z,2914,LOC_0048
CDR_001154,+918048497671,+919068114086,2024-05-20T13:58:33Z,284,LOC_0010
CDR_001155,+918548600919,+918334942645,2024-02-27T16:50:35Z,1552,LOC_0031
CDR_001156,+919847558512,+919317474377,2023-02-25T03:22:08Z,1492,LOC_0020
CDR_001157,+917310770039,+916580310006,2023-11-18T11:17:25Z,911,LOC_0033
CDR_001158,+917007694189,+916546416390,2024-09-06T20:42:58Z,1820,LOC_0052
CDR_001159,+918711639209,+916165812391,2026-07-20T23:31:35Z,3392,LOC_0039
CDR_001160,+919574933679,+919966014688,2025-01-12T04:08:27Z,1272,LOC_0024
CDR_001161,+919243223486,+916823264888,2024-06-09T00:21:00Z,2327,LOC_0108
CDR_001162,+919450315857,+917184650635,2024-01-07T01:19:59Z,973,LOC_0145
CDR_001163,+918106074066,+916877052144,2026-05-20T13:03:35Z,1577,LOC_0058
CDR_001164,+919525113411,+919828415377,2024-07-16T04:44:30Z,1973,LOC_0072
CDR_001165,+918263133100,+919960579149,2025-07-28T20:28:41Z,419,LOC_0082
CDR_001166,+916420102358,+916991372057,2025-12-27T09:44:18Z,52,LOC_0008
CDR_001167,+916126795342,+916496884614,2023-06-08T09:46:45Z,1610,LOC_0037
CDR_001168,+918002538288,+916195904052,2025-01-28T07:16:29Z,1481,LOC_0012
CDR_001169,+918246663276,+916936889011,2024-10-30T19:07:16Z,2132,LOC_0062
CDR_001170,+917731709641,+919942866138,2024-02-21T07:23:30Z,1607,LOC_0093
CDR_001171,+916793631899,+917529426298,2023-12-16T18:09:42Z,2370,LOC_0066
CDR_001172,+917119695300,+919829335496,2024-07-14T09:53:50Z,2097,LOC_0075
CDR_001173,+916088974176,+916013248527,2025-09-25T14:32:47Z,665,LOC_0016
CDR_001174,+917696227959,+917140651959,2023-06-13T23:13:15Z,3129,LOC_0006
CDR_001175,+919518115388,+919200658366,2023-09-20T19:34:28Z,13,LOC_0025
CDR_001176,+918543104905,+919304752292,2023-06-13T08:40:17Z,2462,LOC_0134
CDR_001177,+919900295590,+916986825871,2023-01-11T19:42:14Z,1667,LOC_0005
CDR_001178,+917502077414,+919556012519,2025-01-25T21:54:34Z,3141,LOC_0090
CDR_001179,+917384789235,+916731908588,2024-06-17T16:18:41Z,496,LOC_0149
CDR_001180,+919618246531,+919400156805,2026-06-19T16:16:11Z,1895,LOC_0122
CDR_001181,+918732742483,+919295893248,2026-05-31T12:08:34Z,90,LOC_0072
CDR_001182,+918122600663,+917526678932,2024-08-31T02:24:17Z,2657,LOC_0041
CDR_001183,+918409958962,+916826466503,2025-11-12T11:05:48Z,2615,LOC_0132
CDR_001184,+918079765165,+916262235551,2023-11-01T21:48:54Z,3008,LOC_0111
CDR_001185,+917502043261,+917269627466,2025-04-15T15:31:52Z,3050,LOC_0143
CDR_001186,+917215861114,+917943180190,2026-05-03T19:24:32Z,679,LOC_0003
CDR_001187,+919272555625,+919327278141,2024-02-04T09:03:44Z,3467,LOC_0143
CDR_001188,+916408536494,+916775907148,2023-02-16T09:52:13Z,3398,LOC_0059
CDR_001189,+919874782671,+918987145791,2024-06-11T04:14:17Z,936,LOC_0073
CDR_001190,+918991259771,+918371470157,2026-03-14T07:35:42Z,1214,LOC_0023
CDR_001191,+916289968212,+919174859715,2026-05-04T18:11:22Z,589,LOC_0121
CDR_001192,+919614631486,+916080953576,2024-11-11T03:49:54Z,1215,LOC_0087
CDR_001193,+919632690501,+919553043688,2024-04-05T17:47:32Z,1493,LOC_0149
CDR_001194,+919026491892,+918564468364,2023-01-24T19:22:44Z,2298,LOC_0014
CDR_001195,+917887532541,+916826466503,2025-09-02T18:21:45Z,2533,LOC_0005
CDR_001196,+918032640310,+917907050257,2024-06-27T20:22:23Z,1254,LOC_0121
CDR_001197,+916128924554,+916098899199,2024-10-21T18:54:27Z,1046,LOC_0035
CDR_001198,+918374058517,+917595440130,2025-07-10T23:23:53Z,1046,LOC_0053
CDR_001199,+916537443660,+917397569678,2023-05-25T05:10:40Z,160,LOC_0007
CDR_001200,+919814051350,+917176494120,2023-09-05T18:05:01Z,1074,LOC_0083
CDR_001201,+917511211495,+917221587418,2025-03-21T03:33:08Z,481,LOC_0068
CDR_001202,+916663839732,+916392294862,2024-04-06T13:43:02Z,1815,LOC_0011
CDR_001203,+916784557073,+916766829608,2024-10-11T20:56:17Z,29,LOC_0113
CDR_001204,+919291271354,+917450559731,2025-02-03T06:30:16Z,247,LOC_0110
CDR_001205,+916970118986,+917516100805,2023-09-27T11:04:47Z,1491,LOC_0044
CDR_001206,+918437654971,+918831060255,2023-11-11T00:50:29Z,2711,LOC_0021
CDR_001207,+916259807661,+917608566723,2026-02-28T05:08:56Z,387,LOC_0116
CDR_001208,+918048497671,+916463884781,2023-10-18T01:02:00Z,2241,LOC_0008
CDR_001209,+918824296704,+916038069463,2024-04-09T17:48:55Z,288,LOC_0126
CDR_001210,+916549034032,+918556293060,2025-11-20T17:44:16Z,134,LOC_0025
CDR_001211,+916088974176,+918682951628,2024-11-28T16:49:09Z,2520,LOC_0010
CDR_001212,+916814184372,+916749458391,2024-02-21T13:48:19Z,2276,LOC_0043
CDR_001213,+917390106458,+917107337642,2024-11-23T05:35:43Z,774,LOC_0053
CDR_001214,+917004122133,+916653936235,2026-02-28T01:07:47Z,1668,LOC_0027
CDR_001215,+917680985022,+919515645918,2023-09-12T04:43:53Z,3287,LOC_0150
CDR_001216,+917249155118,+916546674084,2025-10-23T18:20:31Z,1454,LOC_0112
CDR_001217,+919578054555,+918982728970,2026-06-15T16:30:19Z,254,LOC_0098
CDR_001218,+918589800302,+916616423848,2024-03-07T12:15:15Z,2957,LOC_0105
CDR_001219,+916918145589,+919661352590,2024-02-08T10:49:14Z,1903,LOC_0143
CDR_001220,+918062413300,+917154459322,2023-09-21T10:08:35Z,1360,LOC_0013
CDR_001221,+916491661170,+919113804499,2024-07-02T08:28:44Z,242,LOC_0020
CDR_001222,+917082434192,+916092624498,2024-01-20T23:09:02Z,3258,LOC_0147
CDR_001223,+918999355782,+918502988880,2023-08-30T03:52:06Z,1463,LOC_0120
CDR_001224,+917695702318,+918999355782,2025-06-18T08:52:31Z,703,LOC_0132
CDR_001225,+918012143631,+917599601959,2023-01-13T20:52:40Z,595,LOC_0134
CDR_001226,+919964496896,+916940299467,2024-06-04T07:43:19Z,3137,LOC_0028
CDR_001227,+917295079715,+916492558512,2025-04-01T07:50:14Z,2774,LOC_0040
CDR_001228,+917066599674,+917977184333,2024-06-02T04:07:56Z,582,LOC_0003
CDR_001229,+919789389791,+917950244847,2025-11-10T19:33:08Z,3564,LOC_0139
CDR_001230,+918019427054,+916786427950,2026-07-17T20:02:52Z,2316,LOC_0031
CDR_001231,+919604328146,+917453003039,2026-07-27T16:09:03Z,2310,LOC_0136
CDR_001232,+918463252622,+917565497109,2023-10-16T10:30:59Z,2176,LOC_0053
CDR_001233,+916506651617,+917993550742,2024-06-10T09:42:06Z,802,LOC_0004
CDR_001234,+919299465388,+918654191036,2023-12-07T16:36:38Z,66,LOC_0139
CDR_001235,+916801836494,+919879030194,2023-12-19T15:03:44Z,2307,LOC_0135
CDR_001236,+918835659453,+916524802306,2023-06-12T11:53:58Z,3026,LOC_0111
CDR_001237,+916926059797,+918561216903,2024-12-21T16:07:43Z,3247,LOC_0103
CDR_001238,+918490611661,+919272555625,2025-12-17T06:43:34Z,2825,LOC_0017
CDR_001239,+916256495642,+918047867526,2023-07-11T02:29:04Z,3013,LOC_0005
CDR_001240,+918420824631,+916970118986,2025-01-30T13:52:41Z,420,LOC_0149
CDR_001241,+919127220285,+917234182744,2025-07-23T23:35:35Z,1454,LOC_0125
CDR_001242,+919574933679,+917814355114,2024-06-25T03:25:07Z,2899,LOC_0072
CDR_001243,+919074007690,+916908355009,2025-07-07T05:43:04Z,481,LOC_0080
CDR_001244,+918682951628,+918161399993,2024-12-07T04:38:15Z,3275,LOC_0112
CDR_001245,+917406772445,+917700377445,2025-05-07T23:24:16Z,2640,LOC_0079
CDR_001246,+919524134708,+919740355928,2026-04-13T19:19:38Z,2838,LOC_0082
CDR_001247,+919181347543,+918658772734,2025-02-08T11:34:35Z,1744,LOC_0081
CDR_001248,+917636767626,+916108619179,2025-08-28T19:08:37Z,674,LOC_0145
CDR_001249,+916195904052,+917061516500,2026-02-18T16:12:17Z,1680,LOC_0059
CDR_001250,+916904622735,+918435856503,2023-12-06T08:02:11Z,690,LOC_0068
CDR_001251,+917670711748,+918654191036,2026-03-20T11:26:17Z,180,LOC_0049
CDR_001252,+918737947824,+917922583478,2025-08-14T14:40:21Z,327,LOC_0147
CDR_001253,+918855475644,+916646275116,2024-05-22T03:29:22Z,1680,LOC_0104
CDR_001254,+916377188000,+917977184333,2026-06-05T16:45:09Z,452,LOC_0068
CDR_001255,+916213816205,+917690290029,2024-04-23T18:11:57Z,788,LOC_0006
CDR_001256,+917970632194,+919759823710,2025-03-16T05:59:13Z,2675,LOC_0060
CDR_001257,+918326924276,+917575967938,2026-04-26T22:55:49Z,2081,LOC_0114
CDR_001258,+916811147196,+916146387689,2023-05-14T08:42:16Z,2630,LOC_0111
CDR_001259,+918159374355,+919295893248,2026-06-12T20:01:44Z,2958,LOC_0023
CDR_001260,+917629196971,+918025030698,2025-01-01T08:22:12Z,3250,LOC_0002
CDR_001261,+916179495626,+918728591473,2024-02-21T08:44:20Z,767,LOC_0061
CDR_001262,+919689390899,+918606996024,2024-11-16T17:56:55Z,1030,LOC_0056
CDR_001263,+916832488843,+917671543978,2025-04-09T17:10:04Z,190,LOC_0018
CDR_001264,+919632690501,+917871640952,2025-03-27T09:14:22Z,1081,LOC_0050
CDR_001265,+916013248527,+918632521028,2023-10-20T17:38:06Z,1415,LOC_0124
CDR_001266,+918169056122,+916297465366,2026-03-10T11:32:37Z,2305,LOC_0037
CDR_001267,+916788958738,+916033939818,2023-04-12T13:31:33Z,450,LOC_0074
CDR_001268,+916119478823,+916759072075,2023-09-22T23:30:39Z,108,LOC_0114
CDR_001269,+918141418189,+916651420194,2024-12-17T13:08:29Z,2211,LOC_0124
CDR_001270,+919738550295,+916009596257,2024-04-29T17:32:22Z,500,LOC_0072
CDR_001271,+918478503075,+917565497109,2026-05-17T15:52:51Z,1715,LOC_0079
CDR_001272,+918161921273,+917026578951,2023-04-10T17:57:41Z,2675,LOC_0026
CDR_001273,+918278396996,+916054695674,2025-04-09T05:12:26Z,1343,LOC_0046
CDR_001274,+917549875589,+917651961479,2023-12-26T11:00:04Z,1944,LOC_0005
CDR_001275,+919842941932,+917790556687,2025-10-02T06:29:22Z,2145,LOC_0069
CDR_001276,+916466598191,+916679955714,2023-10-29T21:40:48Z,190,LOC_0032
CDR_001277,+919472255508,+916146387689,2025-11-03T12:57:30Z,1503,LOC_0122
CDR_001278,+918285488356,+916033819777,2024-09-20T12:36:52Z,1534,LOC_0111
CDR_001279,+918208691233,+918480705258,2025-04-02T13:45:06Z,198,LOC_0068
CDR_001280,+919742821232,+917687430058,2025-11-28T05:26:32Z,2547,LOC_0010
CDR_001281,+916768823182,+919614573360,2024-03-12T23:41:12Z,1169,LOC_0103
CDR_001282,+917947386482,+919001004149,2025-03-29T10:42:18Z,3207,LOC_0044
CDR_001283,+916774268185,+917640993275,2024-12-26T21:46:29Z,845,LOC_0068
CDR_001284,+916167893174,+918640665603,2026-06-14T15:53:03Z,2237,LOC_0118
CDR_001285,+917463121724,+918595746889,2026-07-20T08:22:07Z,830,LOC_0021
CDR_001286,+919099565230,+917714635390,2023-10-31T03:35:53Z,2829,LOC_0024
CDR_001287,+918849317889,+919141962771,2023-10-23T03:09:43Z,1854,LOC_0035
CDR_001288,+918639151858,+918739085759,2026-02-20T15:40:47Z,830,LOC_0134
CDR_001289,+918168568631,+919964932788,2024-06-11T04:21:54Z,32,LOC_0059
CDR_001290,+916337605742,+917826016991,2025-03-26T00:38:22Z,3229,LOC_0059
CDR_001291,+919994392015,+918569024491,2023-06-23T21:36:24Z,2685,LOC_0021
CDR_001292,+918584467005,+919508331976,2025-01-31T07:37:35Z,1694,LOC_0066
CDR_001293,+916091438352,+917947386482,2026-01-31T19:10:57Z,1959,LOC_0051
CDR_001294,+918686376206,+917596371622,2025-05-12T03:16:08Z,3322,LOC_0025
CDR_001295,+919748868637,+917690290029,2026-02-05T00:02:03Z,1950,LOC_0034
CDR_001296,+919618246531,+916554975640,2025-01-27T02:55:37Z,3322,LOC_0143
CDR_001297,+918025030698,+916874195977,2023-04-27T19:23:16Z,1495,LOC_0089
CDR_001298,+919816975777,+917421785056,2025-06-19T10:31:31Z,764,LOC_0094
CDR_001299,+916228307893,+919246378777,2024-01-22T22:00:56Z,144,LOC_0045
CDR_001300,+916517981598,+917587594499,2024-09-09T12:48:56Z,1998,LOC_0017
CDR_001301,+917568711995,+919073784537,2025-10-09T07:46:39Z,981,LOC_0063
CDR_001302,+916228307893,+919117963765,2023-04-23T21:20:25Z,2978,LOC_0122
CDR_001303,+919909826129,+918891804979,2024-09-19T01:42:05Z,59,LOC_0040
CDR_001304,+918926773184,+919000742597,2024-04-26T05:06:13Z,2453,LOC_0004
CDR_001305,+918068348342,+916179495626,2024-10-04T13:30:58Z,2835,LOC_0065
CDR_001306,+919883349761,+917493072850,2023-04-21T05:24:33Z,20,LOC_0087
CDR_001307,+916491650481,+917531483679,2025-07-01T21:33:31Z,365,LOC_0107
CDR_001308,+918584719544,+919604328146,2023-04-26T18:57:11Z,716,LOC_0136
CDR_001309,+919661734239,+919793682791,2024-01-14T00:37:44Z,1824,LOC_0057
CDR_001310,+919431704416,+917731709641,2025-04-18T22:24:14Z,1352,LOC_0146
CDR_001311,+916466598191,+919397402104,2026-04-22T04:09:51Z,2283,LOC_0040
CDR_001312,+917266657868,+918246997276,2025-09-30T21:52:15Z,2122,LOC_0025
CDR_001313,+918586211674,+918476098565,2025-06-07T20:09:01Z,1431,LOC_0064
CDR_001314,+916069227038,+918454243528,2024-01-16T17:28:56Z,3394,LOC_0108
CDR_001315,+918489235583,+918849317889,2026-02-06T15:36:22Z,613,LOC_0063
CDR_001316,+919667299965,+917993550742,2024-11-12T10:50:49Z,690,LOC_0077
CDR_001317,+917426596199,+917345139329,2023-06-03T23:56:37Z,3526,LOC_0022
CDR_001318,+918060106614,+918012143631,2026-05-27T09:35:54Z,2757,LOC_0041
CDR_001319,+919909719636,+919614098856,2026-06-24T02:16:23Z,2851,LOC_0100
CDR_001320,+918814446299,+916126795342,2023-02-15T14:33:57Z,269,LOC_0148
CDR_001321,+916781616736,+916699730242,2025-02-02T01:45:05Z,158,LOC_0022
CDR_001322,+919994392015,+916786585993,2023-08-22T15:54:25Z,2304,LOC_0001
CDR_001323,+916651420194,+916452988831,2024-11-10T16:02:57Z,435,LOC_0041
CDR_001324,+918849524815,+916221100658,2023-11-10T02:10:56Z,3106,LOC_0108
CDR_001325,+919251489188,+918589800302,2025-05-02T01:31:24Z,1833,LOC_0079
CDR_001326,+916228307893,+918592473405,2024-09-17T13:32:09Z,766,LOC_0055
CDR_001327,+917970632194,+918867748200,2025-10-01T08:46:11Z,2283,LOC_0109
CDR_001328,+917429633718,+916918145589,2023-12-10T21:05:41Z,3294,LOC_0034
CDR_001329,+918161921273,+916427683935,2024-09-24T14:32:45Z,108,LOC_0107
CDR_001330,+916259807661,+916653936235,2025-10-06T23:43:33Z,2817,LOC_0085
CDR_001331,+916563470451,+918577335953,2026-01-01T13:46:35Z,988,LOC_0105
CDR_001332,+919187526779,+917853345235,2025-06-23T07:21:41Z,206,LOC_0110
CDR_001333,+917176226755,+917861746627,2024-03-29T06:15:13Z,309,LOC_0106
CDR_001334,+916069227038,+916679955714,2024-01-25T22:14:58Z,2644,LOC_0057
CDR_001335,+916465578258,+917549875589,2026-01-05T09:45:38Z,1003,LOC_0064
CDR_001336,+918435856503,+917799609152,2024-10-08T23:42:53Z,3204,LOC_0022
CDR_001337,+918285488356,+918795621419,2024-07-03T05:07:58Z,911,LOC_0088
CDR_001338,+919493502674,+919677963600,2025-01-18T05:34:54Z,2931,LOC_0127
CDR_001339,+918924542318,+917156403157,2025-05-24T08:53:06Z,570,LOC_0071
CDR_001340,+916402153307,+918551421745,2023-12-30T01:27:43Z,1700,LOC_0019
CDR_001341,+918666701128,+918728591473,2026-06-04T00:07:08Z,2106,LOC_0050
CDR_001342,+918042254462,+919997946704,2024-04-29T18:14:28Z,2222,LOC_0145
CDR_001343,+919274763284,+916034711242,2026-03-24T10:02:04Z,2542,LOC_0097
CDR_001344,+918849524815,+917258964802,2023-07-22T18:23:57Z,1105,LOC_0069
CDR_001345,+916157771113,+916463072131,2023-10-11T08:55:43Z,1444,LOC_0100
CDR_001346,+916322742735,+916563470451,2023-04-07T16:25:01Z,641,LOC_0031
CDR_001347,+917368329940,+917970319532,2023-09-26T20:04:38Z,2535,LOC_0086
CDR_001348,+916533891998,+919278571664,2025-04-29T01:07:49Z,298,LOC_0102
CDR_001349,+919793200863,+916337605742,2023-12-30T17:38:51Z,1799,LOC_0106
CDR_001350,+918364602747,+916195355435,2025-07-04T03:14:23Z,1200,LOC_0001
CDR_001351,+918295619572,+917687430058,2026-06-26T22:51:50Z,2979,LOC_0008
CDR_001352,+917174469727,+919672193663,2025-02-01T12:05:35Z,1051,LOC_0024
CDR_001353,+919495540116,+919276966820,2024-11-09T22:09:16Z,2507,LOC_0141
CDR_001354,+919585190250,+917434751674,2026-02-09T19:17:13Z,1542,LOC_0082
CDR_001355,+918828589764,+916651165188,2023-01-24T13:56:24Z,2151,LOC_0106
CDR_001356,+916369768979,+917849145121,2026-07-06T09:45:01Z,2436,LOC_0119
CDR_001357,+916337605742,+918832448381,2026-01-31T20:01:50Z,3061,LOC_0129
CDR_001358,+916889915488,+917139394892,2026-05-13T07:32:17Z,851,LOC_0021
CDR_001359,+917766426225,+918197612808,2025-08-24T23:48:21Z,1250,LOC_0009
CDR_001360,+919274763284,+917802050514,2025-01-01T14:14:01Z,3258,LOC_0094
CDR_001361,+919640382786,+917003126774,2023-10-10T02:56:33Z,1475,LOC_0011
CDR_001362,+918577335953,+916012309827,2024-08-03T04:21:04Z,1841,LOC_0094
CDR_001363,+917561569542,+919702276600,2025-01-07T13:01:09Z,1239,LOC_0134
CDR_001364,+919982499657,+919375300097,2025-09-12T19:40:04Z,613,LOC_0143
CDR_001365,+917089448023,+918001032544,2025-11-30T20:46:14Z,2734,LOC_0127
CDR_001366,+918943631361,+916337605742,2026-05-03T05:42:11Z,1401,LOC_0101
CDR_001367,+919637667342,+916786427950,2024-05-03T15:06:48Z,1966,LOC_0054
CDR_001368,+919415928831,+916852864391,2026-03-31T10:59:43Z,3437,LOC_0073
CDR_001369,+918178861531,+918932339303,2025-06-07T22:48:52Z,1662,LOC_0002
CDR_001370,+917838882481,+919754483808,2024-08-12T13:50:07Z,3396,LOC_0030
CDR_001371,+917568711995,+918685515992,2023-04-14T19:55:26Z,2708,LOC_0088
CDR_001372,+918130006033,+916483144641,2024-11-15T07:13:33Z,1555,LOC_0104
CDR_001373,+917300312565,+916904622735,2024-03-31T14:22:46Z,1200,LOC_0096
CDR_001374,+918371470157,+918607483282,2024-12-20T06:43:59Z,2881,LOC_0024
CDR_001375,+919661734239,+916188321417,2024-03-31T16:56:43Z,877,LOC_0059
CDR_001376,+917954313872,+919076274213,2024-12-02T10:59:58Z,1349,LOC_0118
CDR_001377,+916954451581,+917156403157,2024-02-13T08:01:43Z,1615,LOC_0005
CDR_001378,+916811147196,+918737594009,2023-10-23T23:45:58Z,1104,LOC_0047
CDR_001379,+917156067809,+916867290276,2024-08-02T00:04:41Z,801,LOC_0061
CDR_001380,+918924542318,+918423259574,2023-09-02T12:20:44Z,3334,LOC_0080
CDR_001381,+917521998002,+916074159865,2024-11-07T02:43:25Z,2415,LOC_0103
CDR_001382,+916195904052,+918106074066,2025-04-29T07:45:20Z,2889,LOC_0030
CDR_001383,+918029665156,+916432381741,2026-03-23T04:46:22Z,1316,LOC_0133
CDR_001384,+919001004149,+917491712941,2024-03-24T02:06:30Z,447,LOC_0075
CDR_001385,+918712510228,+919168819811,2023-10-27T18:11:02Z,1721,LOC_0058
CDR_001386,+916092624498,+916228463400,2024-11-22T03:32:19Z,1070,LOC_0086
CDR_001387,+916996027749,+916473890212,2026-05-30T20:34:42Z,3048,LOC_0100
CDR_001388,+916592681126,+916321165294,2024-01-10T14:06:49Z,3554,LOC_0116
CDR_001389,+919320036885,+919081149490,2023-09-13T21:02:42Z,652,LOC_0054
CDR_001390,+917848581435,+918607483282,2025-10-01T09:40:14Z,2822,LOC_0075
CDR_001391,+917045206074,+919529867456,2023-04-19T23:34:42Z,2816,LOC_0042
CDR_001392,+916188321417,+919802687719,2024-03-02T16:44:11Z,3486,LOC_0083
CDR_001393,+916535244065,+918042254462,2025-07-31T09:52:43Z,2506,LOC_0008
CDR_001394,+917762054424,+918675382218,2023-10-16T05:23:21Z,1408,LOC_0103
CDR_001395,+919110874528,+918109271409,2025-01-23T14:20:32Z,542,LOC_0064
CDR_001396,+919272659618,+916759072075,2025-09-22T04:36:15Z,864,LOC_0108
CDR_001397,+918021635448,+917296841600,2025-03-29T11:32:45Z,816,LOC_0114
CDR_001398,+916501832818,+917427799501,2025-11-23T21:54:54Z,1521,LOC_0028
CDR_001399,+918373948273,+918589800302,2023-06-03T20:36:47Z,972,LOC_0103
CDR_001400,+918769290424,+916140336385,2025-01-20T17:49:06Z,1560,LOC_0125
CDR_001401,+916518784128,+917829981864,2026-06-03T19:31:02Z,2380,LOC_0052
CDR_001402,+916119791902,+917408091983,2024-02-26T11:09:43Z,3569,LOC_0099
CDR_001403,+917368329940,+919632690501,2024-12-27T21:07:08Z,330,LOC_0108
CDR_001404,+919125636238,+919340328400,2024-05-25T04:58:36Z,3197,LOC_0116
CDR_001405,+917907050257,+917885956471,2026-06-10T19:51:11Z,546,LOC_0008
CDR_001406,+916506651617,+916092624498,2024-06-03T14:25:28Z,1086,LOC_0007
CDR_001407,+919796457360,+919013231659,2025-12-30T23:12:04Z,2563,LOC_0072
CDR_001408,+919472255508,+919748868637,2025-05-19T15:31:04Z,3022,LOC_0136
CDR_001409,+916173010491,+916195904052,2026-07-29T14:26:06Z,2413,LOC_0115
CDR_001410,+916012309827,+916506774170,2024-03-09T03:32:40Z,500,LOC_0061
CDR_001411,+916123853836,+916088974176,2024-08-24T00:00:05Z,1999,LOC_0070
CDR_001412,+916120133063,+917176494120,2024-10-24T10:35:51Z,3450,LOC_0130
CDR_001413,+918895259482,+917629196971,2024-08-30T03:52:16Z,2472,LOC_0003
CDR_001414,+918480705258,+917597574443,2025-03-16T00:32:02Z,1741,LOC_0060
CDR_001415,+918502988880,+917896312622,2024-04-06T09:38:06Z,505,LOC_0139
CDR_001416,+918355482651,+918478503075,2025-06-26T08:17:16Z,161,LOC_0074
CDR_001417,+919911316017,+919879030194,2025-12-03T05:10:05Z,1157,LOC_0075
CDR_001418,+916539280391,+918089575851,2024-03-09T03:48:45Z,767,LOC_0118
CDR_001419,+917668470325,+919677963600,2023-08-02T22:05:54Z,1488,LOC_0077
CDR_001420,+916148208887,+918075004731,2026-02-02T08:00:21Z,621,LOC_0123
CDR_001421,+918686376206,+919046647159,2023-04-10T00:32:24Z,254,LOC_0086
CDR_001422,+916289968212,+917384717361,2026-07-09T00:47:49Z,2664,LOC_0042
CDR_001423,+916749458391,+918675382218,2024-03-06T17:12:56Z,229,LOC_0117
CDR_001424,+919491241190,+919249102562,2025-08-11T06:16:39Z,1011,LOC_0032
CDR_001425,+916289968212,+916759072075,2026-05-24T09:53:20Z,34,LOC_0062
CDR_001426,+918374058517,+916120133063,2023-09-19T12:10:21Z,2294,LOC_0008
CDR_001427,+917670711748,+917577640521,2024-10-04T23:30:02Z,2148,LOC_0030
CDR_001428,+917802050514,+916524802306,2025-05-19T15:56:12Z,2676,LOC_0096
CDR_001429,+919246378777,+916969934690,2025-01-16T03:12:30Z,1885,LOC_0001
CDR_001430,+919979644466,+918035354181,2023-02-15T16:13:20Z,440,LOC_0049
CDR_001431,+918824296704,+917715434253,2025-11-10T10:54:42Z,2561,LOC_0056
CDR_001432,+918607483282,+919610744021,2023-09-27T06:40:58Z,1325,LOC_0101
CDR_001433,+918161921273,+917376265912,2025-01-12T18:29:16Z,2837,LOC_0078
CDR_001434,+918737947824,+918949638733,2026-06-19T05:44:04Z,1007,LOC_0024
CDR_001435,+917368329940,+916213286953,2023-04-15T03:45:19Z,2129,LOC_0104
CDR_001436,+919331818614,+917621181725,2024-09-23T07:09:54Z,2999,LOC_0113
CDR_001437,+917079898502,+919576333768,2023-04-19T17:51:10Z,1658,LOC_0060
CDR_001438,+916246759544,+916221100658,2024-09-01T11:03:59Z,855,LOC_0137
CDR_001439,+918169056122,+916659262360,2023-01-17T01:54:04Z,815,LOC_0037
CDR_001440,+917231663777,+919614573360,2024-04-15T18:22:57Z,2810,LOC_0133
CDR_001441,+918048497671,+918583274296,2023-02-12T07:03:16Z,2503,LOC_0065
CDR_001442,+917651961479,+918683316346,2024-07-22T23:26:18Z,3319,LOC_0071
CDR_001443,+917485395392,+919237083706,2024-12-03T22:44:03Z,129,LOC_0081
CDR_001444,+916801836494,+918949638733,2024-04-06T06:50:29Z,1106,LOC_0064
CDR_001445,+918237131884,+919747112149,2025-10-06T11:46:12Z,1383,LOC_0074
CDR_001446,+918025030698,+919068114086,2023-06-19T05:28:24Z,2678,LOC_0120
CDR_001447,+919029934995,+918120892071,2023-03-17T04:21:30Z,2220,LOC_0009
CDR_001448,+918386604692,+916201711625,2025-04-04T22:30:11Z,2527,LOC_0064
CDR_001449,+917608566723,+919790739390,2023-09-12T00:28:11Z,2186,LOC_0003
CDR_001450,+918390864624,+918685515992,2025-07-04T07:45:28Z,672,LOC_0005
CDR_001451,+918564468364,+919789389791,2024-08-21T13:48:50Z,1321,LOC_0007
CDR_001452,+918655800295,+917119695300,2024-07-05T07:26:24Z,1640,LOC_0135
CDR_001453,+918032640310,+917210482937,2024-10-12T12:43:59Z,2457,LOC_0011
CDR_001454,+918884329289,+917501539056,2025-07-22T18:59:12Z,698,LOC_0056
CDR_001455,+916259807661,+919802820039,2026-05-05T10:34:03Z,1299,LOC_0035
CDR_001456,+916265793778,+916054914778,2024-02-28T03:12:23Z,508,LOC_0081
CDR_001457,+916926059797,+916731908588,2024-05-23T01:27:48Z,2110,LOC_0069
CDR_001458,+916826466503,+918802563740,2024-10-19T08:21:25Z,2123,LOC_0107
CDR_001459,+918366502646,+916546674084,2026-06-13T12:35:05Z,719,LOC_0123
CDR_001460,+918374058517,+919288577072,2026-02-27T20:10:37Z,3486,LOC_0051
CDR_001461,+918883607330,+916246759544,2024-01-07T07:25:22Z,3400,LOC_0085
CDR_001462,+916268007062,+916509173023,2024-04-27T16:13:04Z,638,LOC_0006
CDR_001463,+917773904836,+918026160767,2024-02-20T22:28:43Z,1055,LOC_0083
CDR_001464,+917762597948,+918814769504,2024-08-10T12:32:00Z,348,LOC_0107
CDR_001465,+919601971852,+919626419350,2025-06-12T16:04:06Z,3450,LOC_0094
CDR_001466,+919879030194,+917345139329,2024-03-13T01:11:16Z,272,LOC_0004
CDR_001467,+919200658366,+916702463180,2025-04-10T12:37:51Z,1262,LOC_0017
CDR_001468,+916674279418,+917382283488,2025-01-26T06:37:09Z,1011,LOC_0047
CDR_001469,+919398794286,+917568711995,2024-07-26T14:28:27Z,3389,LOC_0036
CDR_001470,+919375300097,+917022476958,2025-09-12T17:16:44Z,1758,LOC_0095
CDR_001471,+917156403157,+918692246047,2024-10-29T04:29:02Z,3067,LOC_0017
CDR_001472,+918197612808,+917421785056,2026-05-28T01:56:10Z,257,LOC_0057
CDR_001473,+918077559531,+919475395721,2026-02-19T13:17:06Z,1689,LOC_0117
CDR_001474,+919740543801,+916823996116,2024-11-07T16:05:33Z,1071,LOC_0078
CDR_001475,+916123853836,+919614098856,2023-04-29T06:11:13Z,3579,LOC_0132
CDR_001476,+916888384398,+918447715974,2025-12-31T17:45:22Z,2094,LOC_0030
CDR_001477,+918477838974,+919130846781,2023-11-23T11:12:28Z,3393,LOC_0086
CDR_001478,+919375300097,+918380098110,2026-06-20T12:45:59Z,2628,LOC_0068
CDR_001479,+917061516500,+917451521111,2025-09-05T00:49:33Z,2933,LOC_0111
CDR_001480,+919812126034,+916412498542,2025-11-04T05:56:35Z,3541,LOC_0109
CDR_001481,+918047867526,+916955019690,2025-02-10T07:05:28Z,2845,LOC_0131
CDR_001482,+916188321417,+917531483679,2026-04-30T01:26:37Z,2080,LOC_0073
CDR_001483,+918891804979,+919008433628,2023-04-24T09:02:18Z,1007,LOC_0066
CDR_001484,+918778509037,+918831490250,2025-11-10T22:35:30Z,1124,LOC_0023
CDR_001485,+918156891321,+916272723132,2023-01-29T16:05:46Z,1538,LOC_0138
CDR_001486,+916173010491,+918943631361,2024-02-09T13:46:22Z,217,LOC_0089
CDR_001487,+917898721574,+916098899199,2026-04-09T08:31:23Z,1108,LOC_0107
CDR_001488,+917694562195,+916702463180,2023-07-23T17:15:03Z,248,LOC_0103
CDR_001489,+918862310586,+917974208537,2025-10-25T04:23:10Z,2574,LOC_0111
CDR_001490,+919793200863,+919252811795,2025-08-27T17:12:22Z,3209,LOC_0090
CDR_001491,+916999320584,+917149372498,2023-12-06T11:11:46Z,2623,LOC_0113
CDR_001492,+918079500806,+918420824631,2024-01-06T08:14:24Z,3243,LOC_0001
CDR_001493,+917489416646,+917053624456,2024-05-05T06:11:48Z,2196,LOC_0070
CDR_001494,+918759143335,+918478872199,2023-12-21T00:44:26Z,3133,LOC_0065
CDR_001495,+917096326544,+918197612808,2025-04-29T19:29:50Z,72,LOC_0083
CDR_001496,+919169313432,+918606076280,2023-01-27T04:46:19Z,255,LOC_0150
CDR_001497,+919925678450,+917642270644,2023-06-16T22:37:32Z,2360,LOC_0091
CDR_001498,+919799177162,+918005937631,2025-05-20T05:48:11Z,2038,LOC_0063
CDR_001499,+918244817796,+916322648158,2025-11-29T09:30:48Z,778,LOC_0149
CDR_001500,+917376463094,+917779466167,2024-01-08T15:54:29Z,3113,LOC_0070
CDR_001501,+918732742483,+917766215487,2023-11-21T22:22:43Z,767,LOC_0041
CDR_001502,+916088974176,+919272555625,2023-02-09T00:06:03Z,1360,LOC_0094
CDR_001503,+918519262249,+916038069463,2026-01-30T23:28:14Z,1572,LOC_0038
CDR_001504,+918551421745,+916457783056,2025-07-31T22:35:09Z,2044,LOC_0096
CDR_001505,+916811147196,+916025302093,2026-02-13T00:59:30Z,1817,LOC_0140
CDR_001506,+919168848623,+919512836993,2025-07-12T05:03:00Z,1000,LOC_0149
CDR_001507,+918835659453,+919816975777,2023-04-22T06:56:19Z,125,LOC_0149
CDR_001508,+918002538288,+917694562195,2023-05-04T10:00:47Z,2214,LOC_0130
CDR_001509,+918126746095,+916471298719,2026-03-29T12:10:23Z,1827,LOC_0141
CDR_001510,+918042254462,+919883349761,2023-10-18T04:39:43Z,3221,LOC_0136
CDR_001511,+918244817796,+919543552219,2025-05-29T01:00:28Z,1398,LOC_0124
CDR_001512,+917061516500,+919152000372,2024-01-12T07:41:50Z,2478,LOC_0115
CDR_001513,+917762306443,+919620148151,2023-01-19T19:45:31Z,2798,LOC_0019
CDR_001514,+918686376206,+917352126022,2025-05-23T17:49:19Z,1775,LOC_0093
CDR_001515,+918581527840,+918817716350,2025-07-03T05:21:49Z,3516,LOC_0134
CDR_001516,+919057767497,+918398200084,2026-03-20T04:57:29Z,3255,LOC_0005
CDR_001517,+918790116381,+919057767497,2024-06-14T11:01:07Z,3564,LOC_0108
CDR_001518,+918440596445,+919793682791,2024-05-11T03:24:56Z,2785,LOC_0097
CDR_001519,+916563470451,+919472691748,2023-01-06T12:08:19Z,861,LOC_0041
CDR_001520,+917762597948,+918656434573,2025-04-09T23:47:53Z,3311,LOC_0130
CDR_001521,+919003544284,+918652628333,2025-03-19T10:10:52Z,1856,LOC_0085
CDR_001522,+917668470325,+916527198854,2025-05-07T18:15:36Z,3571,LOC_0009
CDR_001523,+916011470941,+919068114086,2023-02-23T16:21:11Z,1994,LOC_0088
CDR_001524,+917202528733,+918308259281,2023-03-12T21:47:41Z,1037,LOC_0103
CDR_001525,+917637632518,+918241790651,2024-12-19T19:06:35Z,1182,LOC_0054
CDR_001526,+916091438352,+917300312565,2025-09-10T00:01:35Z,1638,LOC_0067
CDR_001527,+916412498542,+917082074708,2025-01-15T16:05:17Z,2032,LOC_0049
CDR_001528,+919252579672,+916761010785,2023-03-06T08:44:43Z,615,LOC_0077
CDR_001529,+917397569678,+917022476958,2026-07-05T02:49:01Z,3195,LOC_0069
CDR_001530,+916970118986,+918002538288,2025-01-12T00:38:33Z,969,LOC_0026
CDR_001531,+916329044656,+918583125110,2023-05-06T08:57:30Z,2222,LOC_0001
CDR_001532,+916592681126,+919896945119,2023-10-08T23:29:01Z,242,LOC_0051
CDR_001533,+918842116065,+919645019830,2023-10-07T07:32:56Z,2505,LOC_0019
CDR_001534,+916473029049,+918097515527,2026-06-05T06:00:12Z,2586,LOC_0065
CDR_001535,+919812126034,+917411844389,2023-05-09T05:50:44Z,2620,LOC_0101
CDR_001536,+916465578258,+918545365683,2024-10-14T21:45:57Z,1129,LOC_0124
CDR_001537,+918577335953,+916242447651,2025-01-29T04:34:35Z,2849,LOC_0147
CDR_001538,+917459525419,+916038069463,2023-10-12T04:53:35Z,1819,LOC_0088
CDR_001539,+919850486204,+917023285481,2023-07-29T23:48:19Z,2876,LOC_0007
CDR_001540,+918045084752,+916518849078,2023-06-15T06:45:43Z,2809,LOC_0050
CDR_001541,+919026796228,+916546674084,2023-01-09T00:35:28Z,313,LOC_0099
CDR_001542,+917501539056,+916554975640,2025-03-26T09:22:16Z,911,LOC_0046
CDR_001543,+919249102562,+916535244065,2023-09-03T23:16:06Z,2334,LOC_0012
CDR_001544,+919637667342,+918954600756,2024-04-03T14:04:59Z,289,LOC_0099
CDR_001545,+916167893174,+916840592753,2023-11-24T11:00:55Z,159,LOC_0141
CDR_001546,+916167893174,+918110888847,2026-06-01T04:21:35Z,1220,LOC_0038
CDR_001547,+918737594009,+916544189915,2024-01-01T06:41:53Z,399,LOC_0102
CDR_001548,+919110019797,+919518115388,2023-11-26T17:37:02Z,540,LOC_0077
CDR_001549,+918808155776,+917426129087,2024-03-12T03:57:25Z,1947,LOC_0030
CDR_001550,+918884329289,+917394297304,2023-03-16T22:40:29Z,3243,LOC_0101
CDR_001551,+919764066450,+917128835207,2024-12-06T14:35:39Z,2642,LOC_0061
CDR_001552,+917115350130,+917773541214,2025-03-31T18:49:04Z,2182,LOC_0043
CDR_001553,+918163575681,+917022476958,2023-07-09T21:45:53Z,2230,LOC_0031
CDR_001554,+918739872850,+918054564070,2024-12-14T05:40:10Z,664,LOC_0007
CDR_001555,+916228307893,+919525113411,2024-02-04T13:37:47Z,1933,LOC_0137
CDR_001556,+917013789043,+918093781592,2025-10-14T23:26:30Z,394,LOC_0117
CDR_001557,+917780248603,+916025302093,2026-04-07T02:35:29Z,1605,LOC_0070
CDR_001558,+916398474792,+919243223486,2025-11-19T05:55:29Z,1760,LOC_0085
CDR_001559,+918698267940,+917996025623,2024-07-29T08:11:14Z,1866,LOC_0094
CDR_001560,+919015464849,+918490611661,2023-02-03T01:41:03Z,927,LOC_0058
CDR_001561,+916634711065,+916940299467,2024-12-17T09:35:39Z,3571,LOC_0082
CDR_001562,+917119695300,+916158929928,2026-03-11T15:19:50Z,2986,LOC_0072
CDR_001563,+918654191036,+919928329603,2023-05-10T02:50:28Z,3418,LOC_0006
CDR_001564,+917629196971,+919825288730,2026-01-17T11:13:02Z,2539,LOC_0150
CDR_001565,+916852864391,+917463121724,2026-02-27T02:22:21Z,3382,LOC_0124
CDR_001566,+919148439236,+917188684621,2025-04-18T18:11:57Z,2938,LOC_0103
CDR_001567,+916354923180,+917697821614,2023-12-04T10:15:41Z,3162,LOC_0012
CDR_001568,+918552669535,+916510767017,2024-03-24T23:09:52Z,1298,LOC_0055
CDR_001569,+918130006033,+917895695777,2023-11-26T09:10:52Z,106,LOC_0068
CDR_001570,+917376265912,+918867748200,2023-09-28T10:48:58Z,111,LOC_0119
CDR_001571,+917384789235,+916955019690,2023-02-06T10:28:20Z,635,LOC_0101
CDR_001572,+916503400821,+917883652701,2024-06-08T08:49:35Z,1077,LOC_0115
CDR_001573,+919921773774,+919955723270,2026-06-16T01:55:24Z,2908,LOC_0112
CDR_001574,+917003126774,+919802820039,2024-10-21T06:17:51Z,868,LOC_0136
CDR_001575,+918087034313,+918608649529,2023-05-06T07:32:08Z,431,LOC_0121
CDR_001576,+916525394346,+917922583478,2023-11-11T07:07:00Z,220,LOC_0050
CDR_001577,+917565497109,+918285488356,2023-09-12T12:55:07Z,372,LOC_0122
CDR_001578,+919626419350,+916088974176,2023-12-16T17:16:09Z,2811,LOC_0064
CDR_001579,+916242447651,+918867043264,2026-04-05T23:35:33Z,221,LOC_0067
CDR_001580,+917390106458,+916926059797,2025-09-17T16:30:44Z,58,LOC_0138
CDR_001581,+919452692504,+918930030550,2025-12-15T02:03:20Z,328,LOC_0028
CDR_001582,+919274763284,+916560430538,2025-02-19T00:17:58Z,89,LOC_0078
CDR_001583,+917251961948,+918474471345,2023-04-04T07:50:07Z,1634,LOC_0082
CDR_001584,+918407584239,+916609178356,2025-01-21T09:56:28Z,524,LOC_0024
CDR_001585,+919455905653,+916267119789,2024-11-22T15:05:04Z,443,LOC_0104
CDR_001586,+918849317889,+917812495724,2023-01-02T05:29:22Z,2317,LOC_0136
CDR_001587,+919376604904,+918553162493,2024-12-06T01:43:49Z,1707,LOC_0110
CDR_001588,+917966356928,+916560430538,2023-07-19T22:06:51Z,354,LOC_0086
CDR_001589,+916116699374,+917351112065,2025-01-21T20:36:40Z,832,LOC_0116
CDR_001590,+919979854542,+918163575681,2023-01-20T09:50:49Z,1856,LOC_0002
CDR_001591,+916473029049,+917806058066,2024-09-29T12:50:08Z,2159,LOC_0111
CDR_001592,+919311300347,+917350648839,2026-02-20T17:11:38Z,3410,LOC_0079
CDR_001593,+919504556843,+917003126774,2025-01-04T06:00:55Z,968,LOC_0090
CDR_001594,+919190533614,+919117963765,2024-10-26T10:58:50Z,2254,LOC_0146
CDR_001595,+918437654971,+919372682391,2025-09-14T16:12:51Z,1916,LOC_0075
CDR_001596,+917950244847,+917451521111,2023-09-25T19:19:55Z,1305,LOC_0118
CDR_001597,+918744125013,+918717352279,2025-04-16T07:49:53Z,2392,LOC_0146
CDR_001598,+919220862110,+917115350130,2026-01-19T12:26:53Z,1980,LOC_0057
CDR_001599,+918958015721,+916395097504,2024-08-03T21:00:47Z,367,LOC_0100
CDR_001600,+916166699419,+918952218016,2023-02-22T19:51:29Z,924,LOC_0042
CDR_001601,+919033297428,+917382283488,2024-01-23T01:08:35Z,2694,LOC_0123
CDR_001602,+919910091063,+919455905653,2024-02-16T17:20:59Z,2775,LOC_0005
CDR_001603,+916427205530,+918155466185,2026-01-11T19:17:32Z,2652,LOC_0016
CDR_001604,+919543552219,+918042254462,2026-05-21T13:50:35Z,2651,LOC_0020
CDR_001605,+917694562195,+917745177124,2026-04-07T11:27:50Z,404,LOC_0098
CDR_001606,+918149094710,+918581527840,2026-02-19T13:10:57Z,916,LOC_0037
CDR_001607,+916466598191,+919397402104,2025-10-07T12:24:04Z,1262,LOC_0125
CDR_001608,+917115350130,+917749238945,2024-06-07T04:23:58Z,2944,LOC_0108
CDR_001609,+917871640952,+918010986027,2024-07-15T09:53:38Z,2620,LOC_0089
CDR_001610,+917397569678,+918523258748,2023-12-24T10:53:46Z,3299,LOC_0130
CDR_001611,+919174859715,+918010986027,2024-09-03T08:28:07Z,519,LOC_0149
CDR_001612,+917977184333,+917196227113,2024-11-05T19:55:46Z,763,LOC_0141
CDR_001613,+917493072850,+916383060868,2024-05-13T12:30:11Z,2952,LOC_0105
CDR_001614,+918842116065,+917668470325,2025-10-24T19:42:20Z,3397,LOC_0050
CDR_001615,+918649735743,+918824296704,2025-04-11T07:42:36Z,242,LOC_0090
CDR_001616,+916348163949,+917215861114,2025-03-21T20:39:00Z,887,LOC_0068
CDR_001617,+917587594499,+919311300347,2026-06-21T02:33:38Z,2329,LOC_0053
CDR_001618,+919596765375,+916283537782,2024-05-14T19:01:26Z,1787,LOC_0136
CDR_001619,+919764066450,+917328533462,2025-02-13T19:39:28Z,1819,LOC_0064
CDR_001620,+916415932585,+918389935392,2023-08-14T04:59:37Z,1212,LOC_0067
CDR_001621,+917526678932,+916404216517,2024-12-21T10:24:15Z,1592,LOC_0037
CDR_001622,+919180492708,+919604328146,2025-02-01T09:20:20Z,3057,LOC_0075
CDR_001623,+918883607330,+917300312565,2025-08-16T20:09:26Z,1672,LOC_0074
CDR_001624,+916807254039,+916457783056,2023-07-22T16:45:27Z,2473,LOC_0052
CDR_001625,+916208954648,+918056895862,2025-03-31T15:14:30Z,972,LOC_0078
CDR_001626,+919582739614,+916512213630,2023-02-07T13:31:53Z,2479,LOC_0045
CDR_001627,+916111635207,+918437654971,2023-06-11T22:38:45Z,1727,LOC_0044
CDR_001628,+917531092238,+916158929928,2023-03-04T22:29:44Z,2284,LOC_0080
CDR_001629,+918021635448,+919265568728,2025-03-28T10:39:41Z,3239,LOC_0040
CDR_001630,+916167893174,+916208954648,2024-11-11T12:44:05Z,1957,LOC_0053
CDR_001631,+916466598191,+917811957488,2023-10-18T21:01:30Z,1387,LOC_0134
CDR_001632,+919252811795,+918458590795,2025-11-07T10:28:19Z,3152,LOC_0144
CDR_001633,+916398474792,+917834532707,2024-09-17T03:34:06Z,918,LOC_0069
CDR_001634,+918168568631,+916576672427,2026-05-23T19:27:50Z,432,LOC_0114
CDR_001635,+917426129087,+919113804499,2024-12-27T09:49:00Z,1747,LOC_0088
CDR_001636,+919937258287,+919120333471,2024-04-16T05:44:53Z,1647,LOC_0103
CDR_001637,+918107376583,+919341789294,2026-03-30T13:35:44Z,475,LOC_0106
CDR_001638,+918490611661,+916319718936,2023-04-14T08:27:16Z,1957,LOC_0095
CDR_001639,+918493172294,+916119478823,2023-06-12T01:02:15Z,1018,LOC_0096
CDR_001640,+918252188304,+919866520330,2025-09-04T02:11:10Z,2271,LOC_0077
CDR_001641,+916303044487,+916539280391,2025-09-24T22:17:34Z,1865,LOC_0008
CDR_001642,+916288884955,+918790736347,2023-01-12T00:53:55Z,2567,LOC_0006
CDR_001643,+919295893248,+918042254462,2024-02-08T14:39:20Z,2802,LOC_0086
CDR_001644,+916228463400,+916684439498,2025-01-22T22:46:55Z,1708,LOC_0108
CDR_001645,+918548600919,+919246378777,2024-12-15T00:11:32Z,2125,LOC_0077
CDR_001646,+919614631486,+918832831122,2025-04-27T14:20:23Z,2734,LOC_0064
CDR_001647,+917053624456,+918688626717,2024-12-09T14:01:26Z,1789,LOC_0012
CDR_001648,+919055359754,+918666701128,2026-04-15T20:27:35Z,967,LOC_0051
CDR_001649,+917542910061,+919190533614,2024-03-20T12:28:07Z,2219,LOC_0046
CDR_001650,+919441494580,+918197612808,2024-02-02T20:54:02Z,1489,LOC_0033
CDR_001651,+917529133908,+917678103394,2025-04-13T19:31:43Z,491,LOC_0100
CDR_001652,+917695702318,+916544189915,2023-10-21T14:22:12Z,1498,LOC_0064
CDR_001653,+918478872199,+918015372326,2025-01-26T20:14:16Z,1741,LOC_0091
CDR_001654,+917834428050,+919596765375,2023-06-15T15:32:34Z,3312,LOC_0068
CDR_001655,+919731383917,+918025030698,2025-09-28T13:15:57Z,3141,LOC_0149
CDR_001656,+918230719199,+919578054555,2023-02-20T15:31:42Z,2684,LOC_0026
CDR_001657,+918138571816,+918987145791,2026-04-20T06:44:32Z,1899,LOC_0057
CDR_001658,+916556046133,+916328681328,2025-10-22T23:35:37Z,2792,LOC_0021
CDR_001659,+917397569678,+918922958662,2026-07-10T17:47:33Z,2368,LOC_0130
CDR_001660,+918233121087,+917766426225,2026-06-04T12:46:11Z,1288,LOC_0134
CDR_001661,+916289185573,+918692246047,2025-05-20T00:18:16Z,2913,LOC_0003
CDR_001662,+918685515992,+919731383917,2023-07-29T04:48:35Z,1883,LOC_0122
CDR_001663,+916501832818,+916619962132,2024-11-18T07:25:41Z,2011,LOC_0027
CDR_001664,+916363398580,+918781267374,2025-10-02T08:25:17Z,2060,LOC_0087
CDR_001665,+916881827040,+919431704416,2023-01-07T23:34:33Z,3417,LOC_0025
CDR_001666,+918728591473,+918790116381,2024-03-13T17:40:19Z,1116,LOC_0125
CDR_001667,+919322643566,+917426129087,2023-01-22T18:17:52Z,2160,LOC_0001
CDR_001668,+918252188304,+918868437461,2023-02-14T17:35:08Z,3254,LOC_0138
CDR_001669,+916876353362,+916179495626,2023-09-16T18:20:29Z,2324,LOC_0012
CDR_001670,+917651961479,+919113804499,2026-07-10T10:26:58Z,401,LOC_0100
CDR_001671,+917191405559,+919001004149,2026-03-09T07:08:50Z,1215,LOC_0009
CDR_001672,+916494270721,+917809923704,2024-01-16T18:10:53Z,1907,LOC_0108
CDR_001673,+918709582850,+917561476763,2023-07-16T21:30:16Z,3369,LOC_0107
CDR_001674,+919220862110,+918828589764,2025-05-12T07:31:45Z,1859,LOC_0034
CDR_001675,+918924542318,+916054914778,2023-09-19T21:52:28Z,979,LOC_0141
CDR_001676,+918781267374,+919438177052,2024-10-14T02:35:15Z,735,LOC_0106
CDR_001677,+916684439498,+919673767577,2025-05-11T06:24:32Z,38,LOC_0094
CDR_001678,+916527198854,+918045084752,2023-02-09T23:04:52Z,2745,LOC_0031
CDR_001679,+919435050715,+918026160767,2025-03-05T12:31:12Z,60,LOC_0002
CDR_001680,+918682951628,+919966014688,2023-01-01T17:13:47Z,1365,LOC_0050
CDR_001681,+916731908588,+918552669535,2023-08-27T21:11:50Z,2242,LOC_0102
CDR_001682,+916473264907,+917368329940,2025-09-05T02:15:48Z,661,LOC_0040
CDR_001683,+918932339303,+918178011686,2023-01-16T15:50:38Z,1865,LOC_0019
CDR_001684,+919764066450,+919615163315,2023-04-08T02:57:29Z,3132,LOC_0109
CDR_001685,+918360277484,+918120892071,2023-09-16T08:12:59Z,844,LOC_0120
CDR_001686,+918759143335,+916891986607,2024-08-31T07:27:00Z,690,LOC_0029
CDR_001687,+917023285481,+919187698891,2023-04-18T08:01:37Z,1432,LOC_0018
CDR_001688,+917488787930,+916433418050,2023-04-03T10:39:39Z,1829,LOC_0001
CDR_001689,+919543552219,+918308259281,2024-12-06T19:08:02Z,3010,LOC_0035
CDR_001690,+919076274213,+916544189915,2023-09-16T21:39:21Z,3412,LOC_0079
CDR_001691,+916494270721,+918545365683,2025-05-17T18:20:41Z,1679,LOC_0056
CDR_001692,+916954451581,+918552669535,2026-04-09T11:04:28Z,3494,LOC_0061
CDR_001693,+917814355114,+916111635207,2023-09-18T04:37:29Z,2886,LOC_0100
CDR_001694,+918263133100,+918930719057,2025-06-24T01:52:05Z,3164,LOC_0139
CDR_001695,+918629897176,+917221587418,2025-10-14T12:29:41Z,1108,LOC_0083
CDR_001696,+917694562195,+919854416702,2023-05-18T09:31:41Z,222,LOC_0037
CDR_001697,+918523258748,+916602393888,2024-07-12T09:30:43Z,1492,LOC_0135
CDR_001698,+916420102358,+918021635448,2024-12-08T15:44:04Z,3467,LOC_0039
CDR_001699,+919452692504,+918959222174,2023-12-10T09:55:11Z,1080,LOC_0103
CDR_001700,+918244034945,+919529867456,2025-10-03T01:44:43Z,2117,LOC_0025
CDR_001701,+918341106022,+917057238139,2025-10-26T07:57:58Z,2462,LOC_0007
CDR_001702,+917542910061,+916377188000,2025-05-12T07:10:09Z,2004,LOC_0094
CDR_001703,+919816975777,+916632966915,2025-12-20T14:48:02Z,2611,LOC_0039
CDR_001704,+917154261079,+918019427054,2023-05-15T01:13:31Z,1118,LOC_0150
CDR_001705,+916837619957,+919793682791,2026-03-23T12:11:06Z,238,LOC_0077
CDR_001706,+916964151220,+919680791091,2024-12-28T00:54:31Z,2324,LOC_0084
CDR_001707,+918079765165,+916855847996,2023-09-01T14:54:29Z,2675,LOC_0011
CDR_001708,+917526393650,+916476447262,2025-07-14T12:58:39Z,3202,LOC_0131
CDR_001709,+916427205530,+916378652730,2026-02-08T22:34:29Z,2830,LOC_0025
CDR_001710,+918227099629,+918420824631,2024-02-13T23:00:47Z,2222,LOC_0021
CDR_001711,+917089448023,+919527576042,2025-08-14T21:14:33Z,500,LOC_0122
CDR_001712,+916288884955,+916195355435,2025-03-08T10:04:18Z,1150,LOC_0087
CDR_001713,+918107376583,+919425314333,2025-04-12T16:48:01Z,3030,LOC_0124
CDR_001714,+919801044279,+916165812391,2024-02-04T22:56:09Z,180,LOC_0012
CDR_001715,+918334942645,+916008396505,2024-10-15T19:51:00Z,758,LOC_0142
CDR_001716,+917970319532,+918842116065,2024-06-22T09:59:13Z,3015,LOC_0139
CDR_001717,+917848581435,+917371523398,2025-10-17T06:45:37Z,764,LOC_0006
CDR_001718,+918023321653,+919187526779,2025-09-17T16:28:09Z,2716,LOC_0006
CDR_001719,+918062413300,+918386883320,2026-05-31T02:54:46Z,89,LOC_0021
CDR_001720,+919322643566,+916896194129,2024-03-19T01:56:37Z,3544,LOC_0054
CDR_001721,+917788007547,+916011470941,2024-05-14T21:34:57Z,1833,LOC_0083
CDR_001722,+917180955041,+917788007547,2025-08-16T07:59:07Z,532,LOC_0085
CDR_001723,+916009596257,+919224351311,2025-09-15T11:27:19Z,1732,LOC_0129
CDR_001724,+919074007690,+916146387689,2024-02-22T03:42:51Z,1743,LOC_0004
CDR_001725,+919509154515,+918445685199,2024-06-11T08:00:12Z,2849,LOC_0144
CDR_001726,+918391568856,+918197612808,2026-04-27T07:19:09Z,869,LOC_0098
CDR_001727,+917674778305,+918925158297,2025-12-29T04:32:08Z,771,LOC_0076
CDR_001728,+916373077289,+918481973488,2025-11-27T21:13:45Z,1174,LOC_0124
CDR_001729,+919597965706,+918849524815,2023-01-08T06:03:54Z,559,LOC_0089
CDR_001730,+918178861531,+917473713393,2025-12-11T22:42:47Z,167,LOC_0101
CDR_001731,+917382283488,+917970632194,2023-08-04T21:33:57Z,1267,LOC_0069
CDR_001732,+917269627466,+917359313973,2025-08-23T10:57:16Z,1477,LOC_0122
CDR_001733,+919614828553,+918308697931,2026-07-25T05:23:31Z,1181,LOC_0137
CDR_001734,+917368329940,+919614828553,2024-03-24T16:55:36Z,1881,LOC_0099
CDR_001735,+917898625259,+919691166761,2025-12-01T23:16:48Z,2181,LOC_0055
CDR_001736,+919008433628,+918042254462,2023-07-25T02:28:43Z,2746,LOC_0138
CDR_001737,+919928329603,+917007694189,2025-08-17T23:41:10Z,392,LOC_0015
CDR_001738,+918167410280,+917156067809,2024-01-24T02:55:45Z,1098,LOC_0118
CDR_001739,+918267074575,+919610744021,2026-04-11T15:39:50Z,2769,LOC_0021
CDR_001740,+918551421745,+916054914778,2026-06-27T18:46:20Z,1086,LOC_0035
CDR_001741,+919867939656,+918217665352,2023-08-28T04:51:39Z,647,LOC_0050
CDR_001742,+917695702318,+918079586549,2026-04-28T05:15:03Z,3560,LOC_0145
CDR_001743,+917260459282,+919964496896,2024-12-10T10:32:34Z,1025,LOC_0055
CDR_001744,+919299465388,+919278571664,2026-04-18T08:24:56Z,2677,LOC_0048
CDR_001745,+919840121888,+918412227961,2024-08-10T10:18:58Z,1414,LOC_0116
CDR_001746,+917830957372,+917207482097,2024-06-23T02:47:51Z,573,LOC_0085
CDR_001747,+917493072850,+916788958738,2025-05-15T23:11:47Z,1331,LOC_0099
CDR_001748,+916444988777,+917830957372,2023-02-08T00:18:34Z,2973,LOC_0110
CDR_001749,+916811147196,+916308978453,2025-02-17T05:17:22Z,1958,LOC_0135
CDR_001750,+916761010785,+916287969013,2024-09-14T17:00:28Z,1274,LOC_0131
CDR_001751,+919961454933,+917533491749,2023-12-15T05:26:34Z,189,LOC_0014
CDR_001752,+917292304779,+916522773527,2024-06-17T11:02:52Z,1448,LOC_0067
CDR_001753,+917977353085,+916328681328,2024-02-16T16:38:04Z,1399,LOC_0064
CDR_001754,+916492558512,+918928566389,2024-11-21T20:30:20Z,2551,LOC_0131
CDR_001755,+917883652701,+918982728970,2025-06-27T17:05:03Z,1092,LOC_0131
CDR_001756,+919508331976,+916110296578,2024-12-08T00:09:11Z,29,LOC_0074
CDR_001757,+917885956471,+917834428050,2024-07-31T16:36:09Z,149,LOC_0085
CDR_001758,+918197757357,+916699730242,2023-11-26T08:14:19Z,3139,LOC_0051
CDR_001759,+916213286953,+916646275116,2024-10-25T22:35:53Z,2476,LOC_0086
CDR_001760,+917082434192,+917812495724,2023-04-13T00:25:01Z,2145,LOC_0027
CDR_001761,+919852775860,+918814769504,2025-10-04T03:34:54Z,499,LOC_0051
CDR_001762,+919246378777,+917221587418,2024-11-15T20:58:56Z,3509,LOC_0094
CDR_001763,+918244034945,+918862310586,2024-06-24T23:55:09Z,1339,LOC_0145
CDR_001764,+916781616736,+919796457360,2023-10-04T18:26:56Z,2359,LOC_0135
CDR_001765,+918025030698,+916707889594,2023-10-24T15:13:37Z,1013,LOC_0039
CDR_001766,+918655800295,+918386604692,2025-08-14T22:05:46Z,2740,LOC_0118
CDR_001767,+918802563740,+916383060868,2023-05-06T19:10:23Z,2134,LOC_0002
CDR_001768,+918180279805,+916195904052,2024-11-16T19:48:41Z,2860,LOC_0118
CDR_001769,+916452988831,+918130006033,2024-08-11T18:50:34Z,216,LOC_0068
CDR_001770,+917790556687,+919613918807,2023-01-04T22:09:22Z,3552,LOC_0134
CDR_001771,+917175304017,+916986825871,2023-08-30T04:09:18Z,1801,LOC_0026
CDR_001772,+919442209286,+916466598191,2025-11-29T06:12:41Z,1707,LOC_0147
CDR_001773,+917096326544,+916493012661,2024-01-28T20:33:18Z,2480,LOC_0053
CDR_001774,+916387632437,+916092624498,2026-04-19T18:35:10Z,1970,LOC_0100
CDR_001775,+917970319532,+918011671937,2025-06-23T13:49:42Z,874,LOC_0130
CDR_001776,+917156067809,+918259218970,2024-08-30T08:07:56Z,2593,LOC_0024
CDR_001777,+916228463400,+916707889594,2025-01-16T10:52:00Z,3302,LOC_0118
CDR_001778,+916995243301,+919254357648,2026-02-03T15:02:01Z,1300,LOC_0135
CDR_001779,+918685515992,+918023321653,2025-04-18T08:14:23Z,1204,LOC_0049
CDR_001780,+918259218970,+918097515527,2024-10-05T12:43:02Z,2603,LOC_0082
CDR_001781,+917697821614,+916123579604,2025-12-14T11:33:00Z,1836,LOC_0145
CDR_001782,+917491712941,+916563470451,2026-05-09T07:27:24Z,118,LOC_0083
CDR_001783,+918130006033,+916544189915,2023-04-11T15:25:03Z,554,LOC_0108
CDR_001784,+919168819811,+919829335496,2024-05-09T20:35:54Z,2859,LOC_0126
CDR_001785,+916382850920,+917986099771,2023-08-06T09:24:12Z,2578,LOC_0137
CDR_001786,+917356892801,+919944676828,2025-08-22T22:56:36Z,1509,LOC_0138
CDR_001787,+918852128598,+917026972351,2025-06-09T11:24:03Z,1319,LOC_0096
CDR_001788,+917809923704,+917526678932,2025-09-21T19:13:46Z,703,LOC_0107
CDR_001789,+918107376583,+919249102562,2023-12-19T20:42:51Z,147,LOC_0127
CDR_001790,+917762306443,+916659262360,2024-12-01T15:18:36Z,3555,LOC_0054
CDR_001791,+919578054555,+919954149831,2025-12-15T12:38:07Z,2830,LOC_0062
CDR_001792,+918021635448,+918526472243,2024-04-21T23:37:34Z,451,LOC_0044
CDR_001793,+917761349189,+919113804499,2024-05-24T04:36:22Z,2392,LOC_0045
CDR_001794,+917365591754,+916201711625,2026-06-13T16:47:27Z,1519,LOC_0133
CDR_001795,+918023321653,+918231987320,2024-03-24T21:46:28Z,1428,LOC_0082
CDR_001796,+916807254039,+916786585993,2023-06-07T20:49:34Z,3141,LOC_0099
CDR_001797,+918688626717,+916398474792,2024-02-24T09:59:50Z,3164,LOC_0054
CDR_001798,+918261195798,+919875844373,2026-05-01T19:44:14Z,1164,LOC_0033
CDR_001799,+918436392052,+919046647159,2023-11-09T11:51:13Z,553,LOC_0127
CDR_001800,+918711639209,+916869986241,2023-11-16T06:52:20Z,413,LOC_0119
CDR_001801,+918237131884,+918732742483,2023-02-21T17:24:12Z,536,LOC_0135
CDR_001802,+919978157818,+919103002206,2024-08-13T20:04:16Z,16,LOC_0125
CDR_001803,+918591125930,+917489416646,2026-07-14T00:07:45Z,1220,LOC_0071
CDR_001804,+919816975777,+916797309341,2025-11-21T21:55:40Z,1705,LOC_0001
CDR_001805,+919331818614,+918959222174,2026-03-06T21:44:47Z,1542,LOC_0054
CDR_001806,+919524134708,+917023285481,2024-09-10T09:28:31Z,1142,LOC_0019
CDR_001807,+916012309827,+919398794286,2023-10-06T10:06:43Z,2431,LOC_0141
CDR_001808,+918472422439,+919055359754,2023-02-28T14:39:21Z,3329,LOC_0044
CDR_001809,+916283293302,+916784557073,2023-05-28T00:21:21Z,1479,LOC_0023
CDR_001810,+917737551584,+918217665352,2025-09-20T22:32:53Z,2984,LOC_0059
CDR_001811,+916814184372,+917787786836,2025-01-07T15:36:10Z,540,LOC_0051
CDR_001812,+919601971852,+919538760086,2025-02-27T02:53:31Z,1503,LOC_0012
CDR_001813,+917167633175,+917421785056,2024-04-29T15:50:16Z,2200,LOC_0094
CDR_001814,+919505899440,+916088974176,2023-03-21T16:17:06Z,2599,LOC_0037
CDR_001815,+919524134708,+919229269576,2024-03-22T07:29:48Z,2688,LOC_0121
CDR_001816,+917612816731,+916951424441,2024-02-03T09:53:29Z,150,LOC_0082
CDR_001817,+917830957372,+916114752423,2023-03-12T14:48:54Z,3133,LOC_0104
CDR_001818,+916811405047,+918178861531,2023-12-17T14:12:25Z,2515,LOC_0005
CDR_001819,+916463072131,+917105059551,2024-07-21T21:28:15Z,2692,LOC_0136
CDR_001820,+918895259482,+918509565608,2025-01-05T04:48:55Z,1495,LOC_0043
CDR_001821,+916188569773,+916840592753,2023-03-22T00:11:47Z,2079,LOC_0126
CDR_001822,+918432790994,+917721633165,2024-10-12T15:06:43Z,2308,LOC_0058
CDR_001823,+917609324972,+919462108703,2024-07-22T12:50:23Z,1470,LOC_0103
CDR_001824,+916602393888,+917493072850,2024-07-29T18:15:41Z,2421,LOC_0143
CDR_001825,+917580205025,+919435050715,2026-04-11T08:48:24Z,635,LOC_0143
CDR_001826,+916539280391,+918008116195,2025-08-09T12:33:35Z,2314,LOC_0113
CDR_001827,+918473781261,+917523133874,2026-05-12T13:04:20Z,1600,LOC_0149
CDR_001828,+917531092238,+916824272995,2023-03-10T00:48:55Z,3585,LOC_0089
CDR_001829,+917176226755,+919645019830,2026-01-10T04:22:22Z,859,LOC_0052
CDR_001830,+918924542318,+916337605742,2024-12-16T21:42:41Z,2559,LOC_0033
CDR_001831,+919208320641,+917996025623,2024-08-26T05:22:50Z,8,LOC_0148
CDR_001832,+918987145791,+918655800295,2023-01-16T14:21:09Z,1250,LOC_0065
CDR_001833,+919395215160,+919829335496,2023-02-10T17:47:08Z,425,LOC_0117
CDR_001834,+916354923180,+917695702318,2024-06-01T12:38:11Z,1694,LOC_0101
CDR_001835,+916848446906,+918831060255,2025-03-12T07:17:23Z,2443,LOC_0010
CDR_001836,+918481973488,+918842116065,2024-05-16T21:05:54Z,2195,LOC_0102
CDR_001837,+919852775860,+916912575226,2026-05-10T20:40:20Z,3071,LOC_0035
CDR_001838,+918844458160,+917365591754,2023-09-20T21:43:44Z,1190,LOC_0047
CDR_001839,+916824272995,+917426129087,2024-01-09T04:27:51Z,79,LOC_0016
CDR_001840,+919498894110,+918082025057,2025-12-08T04:32:25Z,267,LOC_0147
CDR_001841,+916996027749,+918849524815,2026-07-08T02:28:40Z,1764,LOC_0145
CDR_001842,+919979644466,+919504556843,2026-02-21T23:28:38Z,3477,LOC_0064
CDR_001843,+916759072075,+916659262360,2024-06-11T23:41:25Z,2428,LOC_0021
CDR_001844,+917898721574,+916399206328,2024-04-12T22:21:52Z,2948,LOC_0038
CDR_001845,+917887532541,+916869986241,2025-04-30T15:31:28Z,1634,LOC_0028
CDR_001846,+916267119789,+918879534353,2023-12-03T00:10:10Z,651,LOC_0142
CDR_001847,+919576333768,+919130846781,2026-03-27T00:20:26Z,499,LOC_0070
CDR_001848,+916955019690,+917504686545,2025-09-15T00:22:43Z,1182,LOC_0085
CDR_001849,+919472255508,+918982728970,2023-08-15T05:57:02Z,1075,LOC_0040
CDR_001850,+917205839367,+916013248527,2024-01-08T14:33:12Z,96,LOC_0039
CDR_001851,+919909719636,+917504686545,2026-04-17T08:43:28Z,2882,LOC_0015
CDR_001852,+918244817796,+917376463094,2023-05-30T22:07:54Z,786,LOC_0034
CDR_001853,+917762597948,+916228463400,2025-07-26T15:57:11Z,706,LOC_0140
CDR_001854,+918553162493,+917410688654,2023-09-08T06:49:50Z,1089,LOC_0061
CDR_001855,+918261195798,+919764066450,2025-09-22T06:47:31Z,2405,LOC_0126
CDR_001856,+917485395392,+919252811795,2026-01-14T09:18:24Z,960,LOC_0086
CDR_001857,+917183009989,+916195355435,2025-07-27T12:56:39Z,1326,LOC_0098
CDR_001858,+919740355928,+916387632437,2025-01-22T22:41:53Z,1687,LOC_0048
CDR_001859,+916074159865,+919475395721,2026-02-18T03:15:01Z,2857,LOC_0133
CDR_001860,+918227099629,+917568711995,2026-02-16T04:12:31Z,2004,LOC_0097
CDR_001861,+918928566389,+918023321653,2026-04-07T11:05:04Z,2206,LOC_0117
CDR_001862,+919127220285,+916527198854,2024-07-17T17:56:00Z,887,LOC_0097
CDR_001863,+919063754568,+916712206951,2023-01-06T09:35:56Z,2265,LOC_0049
CDR_001864,+919966014688,+916834443750,2024-12-23T06:04:19Z,167,LOC_0014
CDR_001865,+918339220005,+919524134708,2024-01-04T21:58:03Z,1548,LOC_0015
CDR_001866,+916119791902,+919847558512,2023-10-19T13:31:57Z,504,LOC_0086
CDR_001867,+917249155118,+918301905670,2026-07-28T03:21:31Z,2970,LOC_0042
CDR_001868,+916692447546,+919063754568,2025-01-31T00:10:00Z,3060,LOC_0051
CDR_001869,+918930030550,+917526393650,2025-07-01T23:02:38Z,601,LOC_0075
CDR_001870,+916377188000,+918615798918,2025-11-04T11:53:24Z,2238,LOC_0147
CDR_001871,+916493012661,+919461484918,2024-12-07T15:16:11Z,805,LOC_0140
CDR_001872,+919822880514,+916265793778,2023-10-29T17:58:34Z,2063,LOC_0040
CDR_001873,+919553043688,+916781616736,2024-11-02T08:42:53Z,685,LOC_0041
CDR_001874,+918889252025,+916463884781,2023-09-07T12:08:35Z,2176,LOC_0058
CDR_001875,+916849651876,+917328533462,2026-01-24T14:24:24Z,3225,LOC_0022
CDR_001876,+916849651876,+916705217830,2024-05-20T12:58:01Z,728,LOC_0042
CDR_001877,+917463121724,+917184650635,2025-07-23T05:21:10Z,119,LOC_0099
CDR_001878,+918774190383,+919847558512,2025-11-24T21:08:14Z,117,LOC_0149
CDR_001879,+919174859715,+916824272995,2026-01-22T01:44:42Z,2820,LOC_0025
CDR_001880,+916006779966,+916382850920,2023-04-26T14:12:51Z,708,LOC_0080
CDR_001881,+919630302254,+916258449780,2023-10-16T04:52:14Z,2422,LOC_0040
CDR_001882,+918709582850,+916549034032,2024-08-25T12:51:36Z,1818,LOC_0007
CDR_001883,+917328533462,+916707889594,2026-07-04T06:19:34Z,2647,LOC_0146
CDR_001884,+918945328818,+916557127028,2026-01-02T02:14:41Z,933,LOC_0090
CDR_001885,+916866546691,+916781616736,2024-10-06T15:41:36Z,645,LOC_0049
CDR_001886,+916188569773,+917970984707,2024-12-14T03:46:03Z,1145,LOC_0029
CDR_001887,+917808590634,+916188569773,2024-06-15T06:54:29Z,2269,LOC_0060
CDR_001888,+917700377445,+917328533462,2024-11-25T01:09:28Z,2087,LOC_0150
CDR_001889,+917561569542,+917056191455,2023-05-04T18:55:43Z,3000,LOC_0006
CDR_001890,+918060106614,+916930600995,2026-03-30T09:59:32Z,137,LOC_0149
CDR_001891,+917215861114,+916840592753,2024-06-12T14:28:17Z,2304,LOC_0124
CDR_001892,+918765414165,+919288577072,2024-06-20T19:37:42Z,247,LOC_0131
CDR_001893,+919779305645,+917281406275,2026-06-10T03:35:44Z,1958,LOC_0034
CDR_001894,+916801836494,+919937258287,2026-02-25T04:37:59Z,2864,LOC_0049
CDR_001895,+919842941932,+916793631899,2025-01-18T20:16:12Z,23,LOC_0144
CDR_001896,+918048497671,+917429633718,2025-05-16T03:05:35Z,1789,LOC_0078
CDR_001897,+918156891321,+919472255508,2024-09-03T18:30:40Z,2795,LOC_0117
CDR_001898,+918589800302,+918089575851,2026-01-22T01:49:27Z,2585,LOC_0090
CDR_001899,+917987249301,+919076274213,2023-06-02T04:44:19Z,1106,LOC_0141
CDR_001900,+916283537782,+918509666281,2025-10-01T00:37:19Z,1564,LOC_0093
CDR_001901,+918774732090,+919001004149,2025-09-18T03:17:50Z,3163,LOC_0098
CDR_001902,+916506774170,+918982728970,2025-10-29T09:01:58Z,3439,LOC_0036
CDR_001903,+919127220285,+919985212098,2023-01-02T01:11:38Z,3061,LOC_0045
CDR_001904,+918261195798,+916531772868,2025-11-18T10:33:47Z,2803,LOC_0095
CDR_001905,+918302158748,+919033297428,2026-01-02T23:03:18Z,1087,LOC_0027
CDR_001906,+918120533071,+918405805049,2023-04-07T11:15:16Z,3078,LOC_0095
CDR_001907,+918564468364,+919784541097,2023-10-04T10:03:32Z,2681,LOC_0078
CDR_001908,+918883048433,+919271385463,2024-10-18T19:53:59Z,2707,LOC_0105
CDR_001909,+916900925556,+918156834290,2025-09-28T17:51:47Z,2083,LOC_0007
CDR_001910,+917427799501,+916092098088,2026-07-09T07:51:34Z,1091,LOC_0013
CDR_001911,+918098632248,+918132866657,2024-09-16T22:41:41Z,1242,LOC_0124
CDR_001912,+918463252622,+917531483679,2023-11-08T06:40:09Z,1742,LOC_0069
CDR_001913,+917205839367,+918655800295,2026-04-04T10:28:27Z,1335,LOC_0051
CDR_001914,+919924462352,+918390864624,2024-10-30T06:06:14Z,1316,LOC_0070
CDR_001915,+916801836494,+919518115388,2024-09-25T18:26:31Z,2601,LOC_0018
CDR_001916,+919990039529,+918945328818,2024-04-08T12:05:51Z,3562,LOC_0016
CDR_001917,+919848090287,+919816975777,2025-01-13T06:07:05Z,296,LOC_0089
CDR_001918,+919692161811,+917105059551,2023-10-23T06:06:25Z,3260,LOC_0031
CDR_001919,+918778509037,+919057945892,2023-04-11T21:49:50Z,1377,LOC_0106
CDR_001920,+918011671937,+918682951628,2025-10-07T14:05:37Z,128,LOC_0094
CDR_001921,+916533226125,+916702463180,2026-03-07T02:35:22Z,768,LOC_0042
CDR_001922,+916002301808,+919796457360,2026-02-19T20:44:59Z,3527,LOC_0103
CDR_001923,+918971416447,+916165812391,2024-11-21T01:34:00Z,1158,LOC_0113
CDR_001924,+917498230953,+916617485408,2023-04-06T21:46:21Z,1786,LOC_0113
CDR_001925,+917382283488,+916288884955,2025-11-03T16:15:56Z,1566,LOC_0075
CDR_001926,+917258964802,+919796457360,2025-02-25T10:50:58Z,1699,LOC_0060
CDR_001927,+918167410280,+918089575851,2025-10-20T18:59:50Z,3023,LOC_0008
CDR_001928,+917384717361,+919982435523,2023-05-04T05:41:27Z,3013,LOC_0011
CDR_001929,+919063754568,+918167410280,2023-06-19T12:54:23Z,558,LOC_0076
CDR_001930,+916071426604,+916473264907,2026-04-13T06:50:00Z,42,LOC_0096
CDR_001931,+916091087253,+916518784128,2025-09-21T11:15:26Z,1222,LOC_0033
CDR_001932,+918093781592,+917450559731,2026-02-21T19:50:53Z,2090,LOC_0124
CDR_001933,+918267074575,+917073452407,2025-10-11T06:18:41Z,85,LOC_0007
CDR_001934,+916781616736,+916576672427,2025-06-26T11:31:58Z,289,LOC_0014
CDR_001935,+916287969013,+916098655791,2024-11-13T11:05:01Z,699,LOC_0050
CDR_001936,+918883048433,+919574933679,2025-06-04T11:43:15Z,713,LOC_0008
CDR_001937,+918889673699,+918132866657,2025-07-22T13:01:08Z,856,LOC_0005
CDR_001938,+917345139329,+918835659453,2023-03-29T22:08:29Z,1090,LOC_0022
CDR_001939,+916531772868,+916501832818,2023-04-02T15:32:27Z,1882,LOC_0011
CDR_001940,+916768823182,+918227099629,2025-11-30T04:48:40Z,852,LOC_0020
CDR_001941,+916242447651,+919304752292,2024-07-29T12:03:47Z,3223,LOC_0003
CDR_001942,+917003833443,+916517981598,2024-07-20T03:01:20Z,2986,LOC_0134
CDR_001943,+918551232705,+919395215160,2025-05-03T19:51:00Z,1301,LOC_0010
CDR_001944,+917954313872,+916465578258,2023-01-24T22:52:13Z,3162,LOC_0111
CDR_001945,+918991213165,+919010582093,2025-10-02T19:53:28Z,479,LOC_0069
CDR_001946,+918178861531,+919265568728,2025-03-22T11:58:53Z,938,LOC_0089
CDR_001947,+918493172294,+916954451581,2024-09-18T06:03:47Z,91,LOC_0146
CDR_001948,+917694562195,+916651165188,2024-02-17T23:02:32Z,2951,LOC_0034
CDR_001949,+919441693196,+917861746627,2023-03-22T09:23:45Z,2811,LOC_0040
CDR_001950,+919701990020,+917628199646,2026-04-24T06:14:15Z,948,LOC_0139
CDR_001951,+916088974176,+919614631486,2023-06-12T16:09:11Z,1376,LOC_0032
CDR_001952,+916662695110,+916483144641,2026-01-06T22:35:26Z,1784,LOC_0045
CDR_001953,+917406772445,+917466019993,2024-02-02T18:24:26Z,856,LOC_0095
CDR_001954,+918603481095,+918646142846,2024-02-13T22:28:20Z,463,LOC_0010
CDR_001955,+916609176803,+916996027749,2025-10-02T07:45:38Z,3515,LOC_0108
CDR_001956,+918586190457,+919270228642,2025-09-08T11:21:44Z,1048,LOC_0128
CDR_001957,+918546428118,+919491241190,2024-06-24T05:32:37Z,887,LOC_0032
CDR_001958,+918432790994,+916912575226,2023-11-07T19:05:08Z,2049,LOC_0020
CDR_001959,+918546428118,+919223624529,2023-01-11T17:06:41Z,1801,LOC_0038
CDR_001960,+917561476763,+917145119397,2025-04-27T18:40:20Z,2659,LOC_0079
CDR_001961,+916377188000,+917683021116,2024-04-12T00:42:48Z,86,LOC_0141
CDR_001962,+919828415377,+917158988822,2026-01-22T06:06:43Z,3245,LOC_0009
CDR_001963,+919172900312,+919680791091,2025-11-13T09:59:07Z,2433,LOC_0033
CDR_001964,+919491241190,+917183009989,2026-06-16T06:39:59Z,966,LOC_0105
CDR_001965,+916914625337,+918656434573,2025-11-10T03:40:34Z,66,LOC_0150
CDR_001966,+918244034945,+918118679324,2025-06-12T08:59:57Z,978,LOC_0020
CDR_001967,+919852775860,+918816643737,2026-04-15T21:06:28Z,2893,LOC_0069
CDR_001968,+916476003514,+918044022431,2026-06-14T08:51:04Z,2442,LOC_0130
CDR_001969,+919979854542,+919925678450,2026-07-20T13:32:19Z,2949,LOC_0116
CDR_001970,+918120533071,+917154261079,2023-07-30T19:54:36Z,2715,LOC_0048
CDR_001971,+918849317889,+917176494120,2024-11-26T02:40:48Z,3517,LOC_0079
CDR_001972,+916811405047,+918949175145,2026-01-07T21:54:26Z,2426,LOC_0066
CDR_001973,+917185874957,+918326924276,2026-05-28T13:37:20Z,1462,LOC_0068
CDR_001974,+916387632437,+919372682391,2024-04-07T16:46:18Z,2903,LOC_0085
CDR_001975,+917109805988,+917876975522,2024-09-21T10:00:39Z,1751,LOC_0067
CDR_001976,+917221587418,+916823996116,2025-01-14T10:00:12Z,999,LOC_0137
CDR_001977,+917411844389,+919495540116,2025-07-13T15:18:58Z,3503,LOC_0101
CDR_001978,+916297465366,+918254694587,2025-05-02T09:11:46Z,261,LOC_0022
CDR_001979,+918849524815,+919462108703,2023-04-19T20:24:02Z,3142,LOC_0044
CDR_001980,+919814051350,+916563470451,2026-02-07T09:05:26Z,560,LOC_0120
CDR_001981,+919702151572,+917096326544,2023-10-21T15:23:24Z,83,LOC_0110
CDR_001982,+919000742597,+917406772445,2025-02-12T03:06:01Z,2534,LOC_0133
CDR_001983,+917690290029,+916544189915,2024-08-21T17:16:02Z,1870,LOC_0118
CDR_001984,+919790739390,+917796717941,2023-01-18T23:27:02Z,2025,LOC_0001
CDR_001985,+919661734239,+918526469228,2024-01-26T14:30:47Z,225,LOC_0129
CDR_001986,+919172900312,+918295619572,2025-09-10T09:56:52Z,1473,LOC_0022
CDR_001987,+917609324972,+916839267208,2026-02-27T06:35:25Z,3126,LOC_0025
CDR_001988,+918564468364,+917149372498,2025-06-14T07:15:47Z,735,LOC_0015
CDR_001989,+916221100658,+917463733306,2025-11-09T15:45:49Z,1024,LOC_0111
CDR_001990,+916699730242,+916348163949,2026-07-11T05:31:06Z,2915,LOC_0100
CDR_001991,+917970984707,+918844458160,2023-01-26T02:10:21Z,342,LOC_0115
CDR_001992,+917749238945,+918739085759,2026-06-14T16:32:07Z,1337,LOC_0030
CDR_001993,+919130846781,+919518115388,2024-08-15T09:59:01Z,2644,LOC_0103
CDR_001994,+919397402104,+918002538288,2025-05-23T10:18:13Z,3541,LOC_0108
CDR_001995,+916165812391,+917249155118,2026-04-20T07:05:01Z,457,LOC_0023
CDR_001996,+919168819811,+919961573889,2024-02-25T18:42:34Z,11,LOC_0062
CDR_001997,+917139394892,+917376463094,2026-02-27T02:21:46Z,2331,LOC_0047
CDR_001998,+916855847996,+918244034945,2025-11-09T07:24:43Z,1960,LOC_0101
CDR_001999,+918583125110,+919106703986,2026-03-22T14:17:06Z,1692,LOC_0006
CDR_002000,+916369382071,+918369496447,2023-12-22T00:05:05Z,3299,LOC_0053
CDR_002001,+916900159659,+917629196971,2025-07-14T02:52:02Z,2659,LOC_0089
CDR_002002,+917109805988,+918334428286,2024-08-30T11:09:35Z,2881,LOC_0104
CDR_002003,+917970984707,+917371523398,2024-10-27T04:46:12Z,40,LOC_0088
CDR_002004,+919295893248,+919168819811,2025-03-28T07:23:50Z,2649,LOC_0007
CDR_002005,+917082434192,+918167410280,2024-06-11T19:08:00Z,3410,LOC_0013
CDR_002006,+919543552219,+919057945892,2023-03-24T20:37:29Z,2251,LOC_0056
CDR_002007,+918778509037,+917212069537,2025-08-30T01:02:09Z,2552,LOC_0048
CDR_002008,+917633602176,+919320829552,2025-12-10T17:42:26Z,2911,LOC_0130
CDR_002009,+918432790994,+917694562195,2024-07-29T23:18:10Z,1770,LOC_0076
CDR_002010,+918035280879,+916702463180,2025-06-27T19:49:22Z,2355,LOC_0074
CDR_002011,+919896945119,+918308259281,2024-02-10T20:04:46Z,870,LOC_0107
CDR_002012,+917640993275,+918339220005,2023-03-16T19:59:29Z,1527,LOC_0004
CDR_002013,+917061516500,+919854270267,2025-09-14T12:24:26Z,3083,LOC_0150
CDR_002014,+919911316017,+916824272995,2024-11-14T20:30:48Z,1639,LOC_0024
CDR_002015,+918526472243,+916662695110,2026-03-30T05:25:45Z,2586,LOC_0130
CDR_002016,+918864985663,+916936889011,2025-08-07T14:52:27Z,3598,LOC_0138
CDR_002017,+917642270644,+916537443660,2025-02-05T08:08:39Z,2142,LOC_0068
CDR_002018,+919911316017,+916054914778,2024-01-04T04:22:53Z,553,LOC_0024
CDR_002019,+919015464849,+916487937820,2024-03-09T12:58:37Z,2313,LOC_0024
CDR_002020,+917053624456,+917053633420,2024-11-07T10:52:57Z,1802,LOC_0086
CDR_002021,+917799609152,+917974208537,2025-12-12T16:38:29Z,2740,LOC_0011
CDR_002022,+917609115472,+916259807661,2026-07-06T17:22:07Z,2027,LOC_0087
CDR_002023,+916834443750,+917627460852,2026-02-20T03:34:13Z,3586,LOC_0027
CDR_002024,+916954451581,+916900925556,2024-07-04T13:34:45Z,2645,LOC_0034
CDR_002025,+919779994103,+916373077289,2024-05-15T14:03:15Z,219,LOC_0138
CDR_002026,+916518849078,+918440808550,2024-09-03T12:48:03Z,151,LOC_0051
CDR_002027,+917629196971,+916476003514,2023-11-27T17:48:26Z,1743,LOC_0127
CDR_002028,+919174859715,+919278571664,2024-10-28T23:13:23Z,1815,LOC_0093
CDR_002029,+919965627504,+918068348342,2024-07-24T11:05:07Z,3500,LOC_0053
CDR_002030,+919676857818,+918632521028,2024-05-05T01:52:40Z,1022,LOC_0067
CDR_002031,+918682211099,+918735480334,2024-03-17T21:14:12Z,832,LOC_0035
CDR_002032,+916322742735,+919509154515,2025-03-15T20:55:45Z,433,LOC_0044
CDR_002033,+917511211495,+919127220285,2025-04-27T16:49:00Z,188,LOC_0007
CDR_002034,+917700377445,+918954600756,2025-04-18T12:12:33Z,369,LOC_0001
CDR_002035,+919357171471,+916337605742,2024-01-22T22:18:08Z,2601,LOC_0037
CDR_002036,+916793631899,+917853165178,2023-08-25T11:23:22Z,3474,LOC_0062
CDR_002037,+916983590548,+916335954600,2026-06-16T13:12:56Z,3152,LOC_0104
CDR_002038,+919585190250,+917581844680,2025-11-30T16:04:08Z,2522,LOC_0007
CDR_002039,+919855335187,+916476447262,2024-06-23T19:35:59Z,2008,LOC_0134
CDR_002040,+919246378777,+916541696649,2023-06-26T17:40:51Z,1645,LOC_0103
CDR_002041,+918552087856,+917676868646,2023-01-29T16:50:47Z,2047,LOC_0102
CDR_002042,+916539280391,+918548600919,2024-02-18T00:01:29Z,2459,LOC_0013
CDR_002043,+919475395721,+916466598191,2026-05-03T00:29:56Z,2421,LOC_0074
CDR_002044,+917898721574,+916634711065,2026-01-19T15:09:20Z,311,LOC_0112
CDR_002045,+918047867526,+919738453527,2023-07-14T09:28:40Z,2829,LOC_0044
CDR_002046,+916432381741,+918744125013,2023-07-25T10:01:40Z,1772,LOC_0027
CDR_002047,+916524802306,+918060106614,2024-02-22T04:55:02Z,3202,LOC_0010
CDR_002048,+918922958662,+916759072075,2023-01-31T00:34:39Z,3059,LOC_0047
CDR_002049,+919415928831,+918959222174,2024-04-14T13:35:34Z,3492,LOC_0106
CDR_002050,+918062413300,+919341789294,2025-06-27T08:07:42Z,587,LOC_0024
CDR_002051,+919883349761,+916533891998,2024-05-07T12:59:36Z,1574,LOC_0139
CDR_002052,+918285488356,+919296539503,2024-01-24T15:13:02Z,3583,LOC_0148
CDR_002053,+917003833443,+918868437461,2025-11-04T18:01:36Z,2401,LOC_0116
CDR_002054,+918227099629,+917808590634,2023-10-23T10:54:30Z,3596,LOC_0017
CDR_002055,+916367640292,+917993550742,2023-10-01T18:09:25Z,960,LOC_0139
CDR_002056,+917045206074,+918737594009,2024-11-15T21:44:40Z,1686,LOC_0022
CDR_002057,+917215861114,+917174469727,2024-04-16T17:18:06Z,1049,LOC_0058
CDR_002058,+916137693023,+918943631361,2025-11-15T21:34:36Z,3151,LOC_0113
CDR_002059,+918474471345,+916167893174,2026-04-12T22:04:11Z,2643,LOC_0010
CDR_002060,+919817709488,+916098655791,2025-03-06T12:06:50Z,1353,LOC_0113
CDR_002061,+918380098110,+918295619572,2026-04-23T10:44:10Z,3028,LOC_0120
CDR_002062,+917554267761,+916092624498,2024-11-18T20:18:10Z,1612,LOC_0056
CDR_002063,+918093781592,+916369382071,2026-01-16T05:18:19Z,897,LOC_0066
CDR_002064,+917061516500,+916395097504,2023-01-25T21:55:27Z,58,LOC_0041
CDR_002065,+918595756047,+916069227038,2023-09-15T18:41:40Z,2635,LOC_0125
CDR_002066,+917160392103,+916322648158,2023-09-01T23:59:15Z,3474,LOC_0052
CDR_002067,+919990039529,+919121185924,2026-01-30T09:16:44Z,2702,LOC_0021
CDR_002068,+916272723132,+916409221994,2026-05-11T10:25:30Z,658,LOC_0029
CDR_002069,+918032640310,+917306916015,2024-09-18T09:56:57Z,3016,LOC_0002
CDR_002070,+919415928831,+919057945892,2024-09-27T04:50:00Z,186,LOC_0023
CDR_002071,+919168819811,+919982499657,2024-10-25T15:05:18Z,3583,LOC_0082
CDR_002072,+916468944111,+919451612191,2024-11-23T11:51:25Z,2061,LOC_0041
CDR_002073,+916936889011,+919614573360,2026-02-15T20:33:35Z,1518,LOC_0108
CDR_002074,+917633602176,+916126795342,2023-07-23T04:25:13Z,3099,LOC_0148
CDR_002075,+916900159659,+918109271409,2026-06-24T16:44:06Z,1355,LOC_0065
CDR_002076,+919398794286,+917743180954,2025-09-02T11:48:20Z,2704,LOC_0077
CDR_002077,+916452988831,+916288884955,2024-06-07T02:53:24Z,77,LOC_0060
CDR_002078,+916775643094,+917195461796,2024-09-12T10:46:26Z,798,LOC_0135
CDR_002079,+919620148151,+916999034756,2024-08-08T15:58:44Z,1602,LOC_0006
CDR_002080,+919415928831,+917599601959,2024-02-04T23:55:02Z,1210,LOC_0136
CDR_002081,+918334428286,+916684439498,2023-08-02T12:21:27Z,2483,LOC_0104
CDR_002082,+916283293302,+917218987399,2023-10-12T18:13:43Z,2820,LOC_0143
CDR_002083,+918295619572,+916811405047,2024-06-19T05:52:44Z,2719,LOC_0052
CDR_002084,+917848581435,+917368329940,2023-01-26T20:55:23Z,1914,LOC_0027
CDR_002085,+919825288730,+916824272995,2026-05-21T10:22:28Z,1198,LOC_0135
CDR_002086,+916322742735,+918849317889,2024-10-21T22:49:34Z,98,LOC_0020
CDR_002087,+916517376881,+917986099771,2025-03-11T23:31:08Z,2916,LOC_0058
CDR_002088,+916492558512,+919994392015,2026-06-11T07:32:29Z,1310,LOC_0019
CDR_002089,+918061440088,+916518784128,2025-03-30T22:18:48Z,615,LOC_0065
CDR_002090,+916848446906,+918925158297,2026-03-16T15:12:40Z,361,LOC_0131
CDR_002091,+917267221594,+916902962666,2026-04-24T17:30:59Z,2037,LOC_0144
CDR_002092,+917176494120,+918180279805,2024-04-17T17:51:02Z,2669,LOC_0126
CDR_002093,+918267074575,+918774190383,2024-06-27T19:06:48Z,101,LOC_0118
CDR_002094,+916417984375,+916877052144,2025-03-28T16:09:57Z,3462,LOC_0035
CDR_002095,+919867939656,+917587594499,2025-07-13T00:58:48Z,1461,LOC_0016
CDR_002096,+919242863201,+917176977900,2024-11-19T14:48:26Z,2087,LOC_0110
CDR_002097,+919003544284,+917296841600,2024-06-01T04:59:44Z,1373,LOC_0001
CDR_002098,+916866546691,+916377188000,2023-10-23T07:49:26Z,3076,LOC_0082
CDR_002099,+917224224246,+919441494580,2025-09-09T05:28:05Z,3357,LOC_0099
CDR_002100,+918054564070,+918233121087,2023-12-08T16:11:19Z,1612,LOC_0116
CDR_002101,+917267221594,+917003833443,2024-08-27T08:52:38Z,283,LOC_0069
CDR_002102,+918231987320,+917642272651,2025-01-02T20:35:28Z,1155,LOC_0022
CDR_002103,+916354828271,+918366502646,2026-07-14T20:59:41Z,1784,LOC_0058
CDR_002104,+917104570218,+917885133086,2024-05-05T20:54:14Z,1793,LOC_0107
CDR_002105,+919553043688,+916086561545,2024-03-03T14:10:03Z,2087,LOC_0041
CDR_002106,+917895695777,+916847687424,2024-01-12T01:17:12Z,1711,LOC_0078
CDR_002107,+917790556687,+916322648158,2023-04-27T19:25:11Z,1822,LOC_0136
CDR_002108,+916195355435,+917638802005,2025-11-24T04:35:45Z,1486,LOC_0127
CDR_002109,+916711474712,+917407377479,2023-04-04T11:25:09Z,3128,LOC_0100
CDR_002110,+916368244826,+916539280391,2024-08-30T10:05:57Z,125,LOC_0021
CDR_002111,+918954600756,+918943631361,2024-01-31T23:57:56Z,3142,LOC_0023
CDR_002112,+919761760595,+916167893174,2024-04-21T05:54:24Z,110,LOC_0016
CDR_002113,+919764066450,+919640382786,2023-08-29T21:57:34Z,1346,LOC_0106
CDR_002114,+918737947824,+918926773184,2026-05-12T07:59:05Z,833,LOC_0085
CDR_002115,+918314847294,+917870369767,2024-10-24T17:48:07Z,3400,LOC_0033
CDR_002116,+917590239196,+919954149831,2024-01-23T10:32:15Z,2568,LOC_0143
CDR_002117,+916711474712,+917844202253,2025-01-13T09:17:54Z,1571,LOC_0085
CDR_002118,+916539280391,+919966014688,2023-07-28T06:20:59Z,924,LOC_0077
CDR_002119,+917406772445,+919942866138,2024-03-15T19:28:45Z,1416,LOC_0030
CDR_002120,+916696987256,+918161921273,2024-02-28T09:15:36Z,2703,LOC_0002
CDR_002121,+918197612808,+918934842114,2025-10-02T20:15:26Z,3207,LOC_0042
CDR_002122,+917351112065,+916354828271,2026-05-24T01:59:55Z,3335,LOC_0111
CDR_002123,+916322648158,+918231987320,2025-06-04T13:45:19Z,917,LOC_0097
CDR_002124,+917597574443,+917156403157,2024-08-26T12:04:45Z,737,LOC_0117
CDR_002125,+916549034032,+918709582850,2024-06-13T19:14:50Z,2766,LOC_0067
CDR_002126,+919842941932,+917175860156,2026-04-25T06:15:20Z,1254,LOC_0150
CDR_002127,+918732742483,+918161399993,2026-03-20T09:11:57Z,2349,LOC_0064
CDR_002128,+918169069878,+918374058517,2024-07-15T04:19:47Z,2545,LOC_0092
CDR_002129,+919383506796,+916114752423,2024-09-12T07:21:54Z,2694,LOC_0077
CDR_002130,+918567712298,+919505899440,2023-10-09T11:44:07Z,2814,LOC_0013
CDR_002131,+917488787930,+919099565230,2024-11-11T11:05:56Z,142,LOC_0085
CDR_002132,+916983590548,+918724585317,2025-02-07T18:18:21Z,3550,LOC_0102
CDR_002133,+918035354181,+916420102358,2026-01-05T22:23:46Z,2865,LOC_0052
CDR_002134,+919911316017,+918682211099,2026-04-06T18:48:12Z,2904,LOC_0003
CDR_002135,+916368244826,+919527576042,2026-02-05T18:30:27Z,2688,LOC_0120
CDR_002136,+918781267374,+919190533614,2023-09-13T08:25:57Z,3424,LOC_0115
CDR_002137,+917986099771,+916148208887,2024-01-08T19:43:32Z,2099,LOC_0139
CDR_002138,+919341789294,+917180955041,2025-03-17T23:07:42Z,1851,LOC_0017
CDR_002139,+916471298719,+918945420528,2023-12-29T11:40:32Z,1116,LOC_0069
CDR_002140,+916801836494,+919074007690,2023-07-24T04:57:06Z,3375,LOC_0150
CDR_002141,+919076274213,+918545365683,2024-12-25T03:16:19Z,2941,LOC_0062
CDR_002142,+917498230953,+918388260217,2024-04-27T16:55:31Z,1112,LOC_0046
CDR_002143,+919475395721,+917780248603,2023-08-31T02:02:22Z,2525,LOC_0067
CDR_002144,+918492465821,+919520097229,2024-04-13T10:20:55Z,2867,LOC_0109
CDR_002145,+919452692504,+917304147917,2024-08-21T10:37:35Z,2882,LOC_0143
CDR_002146,+916674279418,+919451612191,2023-03-14T15:24:17Z,2213,LOC_0116
CDR_002147,+919296539503,+916902962666,2026-07-29T23:44:23Z,1049,LOC_0045
CDR_002148,+918629897176,+918889252025,2024-04-22T10:32:48Z,1803,LOC_0120
CDR_002149,+918445685199,+917533491749,2024-06-29T04:28:01Z,1829,LOC_0141
CDR_002150,+916731908588,+918130006033,2025-01-16T07:33:18Z,3208,LOC_0138
CDR_002151,+919141962771,+918608649529,2024-09-23T16:30:19Z,507,LOC_0104
CDR_002152,+919276966820,+919701990020,2026-02-24T09:52:13Z,2007,LOC_0055
CDR_002153,+919982499657,+916711474712,2023-05-14T06:58:43Z,965,LOC_0136
CDR_002154,+919055359754,+919802687719,2023-04-08T22:55:01Z,1200,LOC_0006
CDR_002155,+919220862110,+919529867456,2023-04-28T01:57:12Z,2336,LOC_0031
CDR_002156,+918842116065,+917269627466,2024-10-07T06:54:40Z,3556,LOC_0031
CDR_002157,+916612559057,+919505899440,2024-04-27T16:17:11Z,3063,LOC_0102
CDR_002158,+916888384398,+917790556687,2025-03-23T00:27:07Z,2966,LOC_0148
CDR_002159,+917970984707,+919754483808,2025-01-14T21:45:03Z,1615,LOC_0045
CDR_002160,+919164829267,+917140651959,2023-08-04T07:59:04Z,742,LOC_0080
CDR_002161,+916609178356,+916092098088,2025-09-04T09:09:48Z,2585,LOC_0047
CDR_002162,+919812534646,+916883979150,2025-02-06T10:58:03Z,1663,LOC_0142
CDR_002163,+917026972351,+917523392144,2023-03-07T21:21:15Z,2818,LOC_0117
CDR_002164,+917811957488,+918339220005,2024-11-19T08:48:06Z,381,LOC_0069
CDR_002165,+917534138301,+919848090287,2025-06-05T16:17:02Z,1476,LOC_0118
CDR_002166,+919172900312,+916525394346,2024-06-02T19:46:10Z,1873,LOC_0138
CDR_002167,+919829335496,+919203931525,2023-10-26T16:46:11Z,1297,LOC_0039
CDR_002168,+917581844680,+917853165178,2023-03-27T16:32:35Z,111,LOC_0049
CDR_002169,+919057767497,+917429633718,2023-12-12T23:02:20Z,3188,LOC_0114
CDR_002170,+918082025057,+917082074708,2024-06-13T21:48:33Z,1108,LOC_0033
CDR_002171,+918928566389,+917053633420,2026-07-16T22:35:20Z,3576,LOC_0025
CDR_002172,+917640993275,+917502043261,2024-05-03T20:27:05Z,2126,LOC_0048
CDR_002173,+918231987320,+918577335953,2025-05-15T20:19:08Z,468,LOC_0145
CDR_002174,+919008433628,+918552087856,2024-11-21T16:28:19Z,382,LOC_0001
CDR_002175,+918790116381,+917680985022,2024-11-06T09:57:08Z,1873,LOC_0121
CDR_002176,+919803205717,+918442691577,2025-11-02T21:01:50Z,2486,LOC_0051
CDR_002177,+919041538490,+918008116195,2023-05-31T23:33:02Z,3254,LOC_0101
CDR_002178,+917619246984,+916145998097,2024-01-14T17:06:03Z,2272,LOC_0051
CDR_002179,+916696987256,+917387503825,2024-04-04T19:12:05Z,665,LOC_0090
CDR_002180,+917066599674,+919115351748,2023-12-13T06:27:11Z,1482,LOC_0063
CDR_002181,+917898625259,+919626419350,2026-06-20T14:28:02Z,3006,LOC_0023
CDR_002182,+916429740169,+916580310006,2023-09-07T07:44:04Z,1386,LOC_0077
CDR_002183,+916012309827,+918790116381,2024-05-23T18:17:44Z,3155,LOC_0018
CDR_002184,+919057767497,+919613894362,2025-07-03T14:40:12Z,2743,LOC_0092
CDR_002185,+918360277484,+918374058517,2025-01-02T00:34:43Z,178,LOC_0060
CDR_002186,+917787786836,+918412227961,2023-01-03T21:27:08Z,1481,LOC_0110
CDR_002187,+916412498542,+916287969013,2026-02-01T02:30:34Z,520,LOC_0095
CDR_002188,+918529100509,+917248015331,2023-10-17T21:20:29Z,173,LOC_0018
CDR_002189,+918556293060,+919106703986,2024-05-27T06:00:52Z,1260,LOC_0095
CDR_002190,+916088974176,+916696987256,2026-05-05T09:23:08Z,1627,LOC_0121
CDR_002191,+917885133086,+919661734239,2025-03-11T23:36:25Z,2816,LOC_0059
CDR_002192,+917158988822,+916632604586,2024-11-04T13:04:17Z,968,LOC_0108
CDR_002193,+917766215487,+916265793778,2025-11-05T08:16:04Z,1282,LOC_0080
CDR_002194,+919613894362,+919790739390,2023-07-01T20:43:42Z,129,LOC_0104
CDR_002195,+917026578951,+919068114086,2026-05-02T21:04:26Z,1694,LOC_0115
CDR_002196,+916696987256,+918502988880,2023-08-05T21:17:20Z,2600,LOC_0007
CDR_002197,+916195904052,+917974208537,2024-03-02T19:34:00Z,580,LOC_0149
CDR_002198,+916452988831,+917180955041,2025-08-14T21:47:04Z,2502,LOC_0036
CDR_002199,+918386604692,+919802820039,2025-08-12T03:14:01Z,3402,LOC_0045
CDR_002200,+917105059551,+919003544284,2024-02-13T00:05:17Z,875,LOC_0088
CDR_002201,+918106074066,+917614141871,2025-07-24T06:05:37Z,2723,LOC_0124
CDR_002202,+917678103394,+919505899440,2023-04-03T19:46:10Z,2363,LOC_0149
CDR_002203,+917700377445,+917853165178,2025-01-15T20:34:39Z,555,LOC_0031
CDR_002204,+919180492708,+916173010491,2023-01-29T18:30:11Z,887,LOC_0131
CDR_002205,+917749238945,+916999320584,2025-08-13T15:53:56Z,2074,LOC_0050
CDR_002206,+916533891998,+917402480930,2026-07-19T17:55:33Z,172,LOC_0027
CDR_002207,+917294831357,+917320394595,2026-04-28T06:00:21Z,2734,LOC_0095
CDR_002208,+919451612191,+917883652701,2024-04-08T00:43:53Z,2012,LOC_0110
CDR_002209,+917896312622,+918341106022,2025-05-18T01:59:17Z,3085,LOC_0016
CDR_002210,+918567712298,+916088974176,2025-03-07T16:43:48Z,146,LOC_0061
CDR_002211,+918884329289,+916936889011,2026-02-03T23:11:41Z,3506,LOC_0008
CDR_002212,+916389894192,+918790736347,2025-11-25T16:30:30Z,2859,LOC_0070
CDR_002213,+919850486204,+917176494120,2023-01-27T07:45:42Z,329,LOC_0052
CDR_002214,+917885956471,+919311300347,2023-11-25T02:59:01Z,989,LOC_0107
CDR_002215,+917338197849,+919010582093,2025-02-05T18:45:31Z,1078,LOC_0051
CDR_002216,+917950244847,+917811957488,2026-02-16T08:28:28Z,446,LOC_0031
CDR_002217,+916009596257,+918556293060,2025-06-11T04:04:33Z,1366,LOC_0034
CDR_002218,+917369488764,+917057238139,2026-03-24T09:49:14Z,2804,LOC_0122
CDR_002219,+919761760595,+918015372326,2025-07-15T08:13:59Z,1557,LOC_0013
CDR_002220,+917352126022,+917796717941,2023-12-31T23:19:17Z,1558,LOC_0075
CDR_002221,+917640993275,+916451554348,2025-09-26T13:15:50Z,1710,LOC_0082
CDR_002222,+917853345235,+916119791902,2023-01-29T01:39:09Z,3449,LOC_0095
CDR_002223,+916329044656,+918146764942,2025-04-22T00:27:51Z,2603,LOC_0053
CDR_002224,+918842116065,+918443214578,2025-06-04T11:55:51Z,116,LOC_0020
CDR_002225,+918156834290,+916886084049,2023-01-22T02:45:08Z,444,LOC_0022
CDR_002226,+917820995777,+918409958962,2023-12-03T14:45:08Z,3043,LOC_0107
CDR_002227,+917529426298,+917056191455,2024-08-21T01:53:19Z,1200,LOC_0054
CDR_002228,+919057945892,+916547253832,2024-07-19T07:52:25Z,2592,LOC_0051
CDR_002229,+918244034945,+917948210501,2025-08-02T02:57:13Z,2023,LOC_0054
CDR_002230,+919783757459,+916476003514,2023-01-05T15:11:53Z,3487,LOC_0150
CDR_002231,+916788958738,+918159374355,2023-07-01T00:52:42Z,1527,LOC_0051
CDR_002232,+918543952630,+916823264888,2026-06-03T02:48:33Z,2588,LOC_0008
CDR_002233,+916810327163,+918945328818,2023-10-06T04:05:56Z,3258,LOC_0089
CDR_002234,+918012143631,+919203931525,2024-04-23T20:55:39Z,2778,LOC_0144
CDR_002235,+918423259574,+916221100658,2025-10-01T20:48:20Z,2824,LOC_0139
CDR_002236,+917196227113,+916265793778,2025-07-14T18:13:05Z,2034,LOC_0012
CDR_002237,+919265568728,+919046647159,2024-03-05T04:17:20Z,2263,LOC_0085
CDR_002238,+917066599674,+916354828271,2023-06-01T02:25:14Z,2803,LOC_0104
CDR_002239,+919322643566,+919455320375,2023-09-11T04:27:44Z,2943,LOC_0073
CDR_002240,+918825091118,+918261195798,2026-04-03T00:47:42Z,2620,LOC_0116
CDR_002241,+917410688654,+918835659453,2023-06-04T22:39:59Z,334,LOC_0145
CDR_002242,+918141418189,+918291612234,2023-11-06T04:13:09Z,2326,LOC_0026
CDR_002243,+916166699419,+919048975310,2023-12-31T04:46:32Z,2106,LOC_0149
CDR_002244,+916501832818,+918278396996,2026-06-19T00:10:18Z,3155,LOC_0103
CDR_002245,+916896194129,+918409083421,2025-12-03T13:28:47Z,113,LOC_0093
CDR_002246,+917996401878,+918163575681,2025-02-27T03:46:18Z,3414,LOC_0086
CDR_002247,+918737947824,+916420102358,2024-08-11T08:08:23Z,2178,LOC_0011
CDR_002248,+917014944264,+918506826031,2025-07-30T13:18:42Z,1071,LOC_0037
CDR_002249,+918489235583,+919842941932,2023-02-20T19:30:30Z,3252,LOC_0132
CDR_002250,+916418653917,+919985212098,2025-04-05T00:25:39Z,2409,LOC_0037
CDR_002251,+918361581808,+916288372981,2026-07-10T22:29:46Z,2603,LOC_0084
CDR_002252,+917224224246,+918029665156,2026-05-13T09:57:09Z,823,LOC_0140
CDR_002253,+917348210721,+919372682391,2025-01-12T22:45:01Z,102,LOC_0055
CDR_002254,+919336675287,+919125636238,2023-11-17T05:50:16Z,3083,LOC_0022
CDR_002255,+917612816731,+919073784537,2024-07-26T00:18:05Z,2265,LOC_0143
CDR_002256,+918019427054,+917011968176,2025-09-25T00:36:07Z,2822,LOC_0079
CDR_002257,+918480705258,+918913320633,2023-11-15T20:21:25Z,2839,LOC_0016
CDR_002258,+918386883320,+917426129087,2025-03-19T13:42:59Z,1884,LOC_0142
CDR_002259,+916702463180,+918203858241,2024-02-03T05:13:54Z,96,LOC_0090
CDR_002260,+917715434253,+916662695110,2024-03-01T08:00:38Z,63,LOC_0082
CDR_002261,+919272659618,+918493172294,2025-05-09T21:55:39Z,418,LOC_0063
CDR_002262,+916616423848,+918632521028,2025-02-06T19:35:33Z,142,LOC_0001
CDR_002263,+918849524815,+918517193451,2025-03-10T13:36:35Z,3362,LOC_0092
CDR_002264,+917251961948,+918252188304,2023-06-19T13:37:47Z,2969,LOC_0035
CDR_002265,+918002538288,+918868437461,2025-10-30T17:27:03Z,1032,LOC_0130
CDR_002266,+918445685199,+918998458008,2026-01-31T11:00:54Z,2391,LOC_0073
CDR_002267,+919597965706,+918586190457,2023-09-14T23:03:46Z,1308,LOC_0084
CDR_002268,+917727175965,+917473713393,2024-08-21T08:49:02Z,603,LOC_0083
CDR_002269,+917829981864,+919754483808,2023-05-02T15:52:56Z,1117,LOC_0069
CDR_002270,+916898633785,+918079500806,2025-10-27T04:29:37Z,2939,LOC_0145
CDR_002271,+919615163315,+916900925556,2023-04-06T03:24:08Z,261,LOC_0015
CDR_002272,+917376265912,+918178011686,2025-10-24T08:31:58Z,534,LOC_0032
CDR_002273,+919008433628,+919223624529,2025-07-03T16:32:35Z,1052,LOC_0028
CDR_002274,+916322742735,+919754483808,2023-06-20T05:47:59Z,458,LOC_0025
CDR_002275,+918990913497,+919329701564,2023-12-30T18:54:51Z,650,LOC_0065
CDR_002276,+917779466167,+916922854141,2024-09-23T01:05:36Z,3074,LOC_0088
CDR_002277,+916619962132,+916418653917,2024-09-30T23:21:12Z,3336,LOC_0020
CDR_002278,+917504686545,+918835435059,2024-08-25T18:01:11Z,3354,LOC_0106
CDR_002279,+916321165294,+916496884614,2025-03-12T23:44:47Z,365,LOC_0016
CDR_002280,+919048975310,+916811405047,2023-04-10T20:33:27Z,679,LOC_0054
CDR_002281,+919168848623,+917351021444,2023-07-10T09:27:29Z,1724,LOC_0117
CDR_002282,+916527198854,+916759072075,2024-06-07T21:57:07Z,1515,LOC_0100
CDR_002283,+917382283488,+916609178356,2024-01-17T17:44:58Z,769,LOC_0057
CDR_002284,+916679955714,+917427799501,2026-05-25T22:01:27Z,792,LOC_0100
CDR_002285,+918551421745,+918267074575,2023-06-04T11:25:24Z,1206,LOC_0062
CDR_002286,+918267074575,+918692246047,2024-09-02T15:08:30Z,700,LOC_0045
CDR_002287,+918551421745,+917351021444,2026-03-11T00:47:37Z,1998,LOC_0068
CDR_002288,+918545365683,+917554267761,2025-09-26T02:23:35Z,233,LOC_0081
CDR_002289,+917587594499,+917434751674,2025-11-12T21:51:28Z,3526,LOC_0147
CDR_002290,+916328681328,+919673767577,2024-06-16T10:14:16Z,2995,LOC_0095
CDR_002291,+919520097229,+916427205530,2026-03-31T17:48:46Z,2992,LOC_0070
CDR_002292,+916195355435,+918924542318,2025-09-22T21:05:38Z,286,LOC_0112
CDR_002293,+919515645918,+919909719636,2024-09-09T02:39:37Z,629,LOC_0085
CDR_002294,+916900925556,+917306916015,2023-10-06T06:21:38Z,356,LOC_0007
CDR_002295,+916122777002,+916972128295,2023-10-15T10:13:52Z,1917,LOC_0074
CDR_002296,+917453003039,+917359313973,2026-07-17T12:29:43Z,1531,LOC_0150
CDR_002297,+916483144641,+917519292165,2026-02-25T08:20:01Z,1891,LOC_0147
CDR_002298,+917493072850,+918552087856,2024-08-02T15:08:44Z,1395,LOC_0087
CDR_002299,+916399206328,+918529100509,2024-04-29T15:40:39Z,2433,LOC_0092
CDR_002300,+918519262249,+917516100805,2025-08-25T08:05:20Z,1742,LOC_0066
CDR_002301,+916189032301,+916166699419,2024-05-08T02:44:47Z,580,LOC_0036
CDR_002302,+919252811795,+917224224246,2023-11-04T23:14:42Z,530,LOC_0142
CDR_002303,+919964932788,+919738453527,2024-02-15T20:51:34Z,3187,LOC_0135
CDR_002304,+916918145589,+918817716350,2025-11-06T19:19:00Z,707,LOC_0146
CDR_002305,+919246378777,+918054564070,2025-10-27T04:11:40Z,668,LOC_0006
CDR_002306,+917996401878,+916888384398,2023-04-29T04:06:26Z,2640,LOC_0118
CDR_002307,+918369899340,+916779594723,2024-05-03T08:08:32Z,3179,LOC_0028
CDR_002308,+918689357814,+916891986607,2024-01-14T23:53:47Z,2949,LOC_0068
CDR_002309,+919223624529,+916429740169,2024-04-30T05:56:11Z,2565,LOC_0086
CDR_002310,+916972128295,+918107376583,2026-03-16T12:50:09Z,460,LOC_0063
CDR_002311,+918674461918,+917003126774,2024-07-17T17:48:04Z,3126,LOC_0098
CDR_002312,+916140047655,+919181347543,2023-12-19T20:12:36Z,253,LOC_0056
CDR_002313,+918952647739,+916173010491,2024-03-11T22:33:15Z,3486,LOC_0017
CDR_002314,+919168848623,+917562122502,2023-01-24T14:59:47Z,478,LOC_0029
CDR_002315,+917642270644,+917640993275,2024-03-13T14:12:42Z,1742,LOC_0078
CDR_002316,+918267074575,+917947386482,2023-05-10T22:40:52Z,1160,LOC_0064
CDR_002317,+916398474792,+917826016991,2025-01-12T17:56:35Z,2061,LOC_0008
CDR_002318,+917799609152,+918437654971,2025-10-28T03:54:38Z,2532,LOC_0036
CDR_002319,+916420854556,+917053633420,2025-01-06T17:34:50Z,101,LOC_0033
CDR_002320,+918442691577,+919879030194,2026-02-24T07:25:18Z,1257,LOC_0145
CDR_002321,+918089575851,+919121185924,2025-08-25T17:15:41Z,2669,LOC_0122
CDR_002322,+919320036885,+916111635207,2026-02-17T09:13:17Z,2127,LOC_0116
CDR_002323,+917266657868,+917694562195,2024-09-17T19:09:21Z,2756,LOC_0112
CDR_002324,+917731709641,+916092624498,2023-05-01T22:41:12Z,265,LOC_0055
CDR_002325,+919304752292,+917695702318,2024-11-26T16:27:33Z,2835,LOC_0112
CDR_002326,+916071426604,+919825288730,2025-08-25T02:51:23Z,1562,LOC_0116
CDR_002327,+916761010785,+919003544284,2026-01-02T13:58:30Z,1655,LOC_0049
CDR_002328,+917463121724,+918502988880,2024-09-30T06:37:34Z,2077,LOC_0007
CDR_002329,+916646275116,+918236353823,2023-06-25T19:45:01Z,439,LOC_0073
CDR_002330,+917943180190,+917577640521,2023-03-16T03:15:42Z,2700,LOC_0092
CDR_002331,+918302158748,+917266657868,2023-07-19T01:17:05Z,191,LOC_0025
CDR_002332,+918577335953,+919866520330,2026-05-09T12:30:23Z,3411,LOC_0124
CDR_002333,+919115351748,+917258964802,2023-08-10T04:38:54Z,531,LOC_0095
CDR_002334,+919322643566,+916466598191,2024-01-01T18:56:38Z,2663,LOC_0036
CDR_002335,+919455320375,+918529100509,2023-05-14T03:36:45Z,3315,LOC_0078
CDR_002336,+917489416646,+919375300097,2023-06-23T12:46:32Z,1669,LOC_0020
CDR_002337,+919754483808,+919208320641,2026-02-21T10:48:31Z,3538,LOC_0121
CDR_002338,+918267074575,+918217665352,2024-04-22T12:33:16Z,3599,LOC_0106
CDR_002339,+916080953576,+919237083706,2023-03-03T14:56:35Z,2002,LOC_0030
CDR_002340,+919556012519,+916986825871,2025-03-29T17:56:42Z,3310,LOC_0149
CDR_002341,+916535244065,+916368244826,2026-05-15T00:42:12Z,455,LOC_0031
CDR_002342,+916549034032,+918735480334,2025-04-26T20:45:50Z,1863,LOC_0033
CDR_002343,+916602393888,+917907050257,2023-04-04T06:02:03Z,812,LOC_0127
CDR_002344,+916662695110,+917561476763,2025-10-02T08:43:05Z,1516,LOC_0133
CDR_002345,+919296539503,+919270228642,2023-10-10T08:47:54Z,1652,LOC_0078
CDR_002346,+916531772868,+919455320375,2024-09-18T08:38:31Z,3568,LOC_0046
CDR_002347,+918146764942,+916402153307,2026-05-23T01:58:57Z,2091,LOC_0138
CDR_002348,+918595756047,+919661352590,2026-02-24T17:48:49Z,2383,LOC_0053
CDR_002349,+917590239196,+919063754568,2026-06-16T02:06:58Z,1156,LOC_0119
CDR_002350,+918047867526,+918026160767,2025-02-10T20:28:26Z,1423,LOC_0007
CDR_002351,+918480705258,+916764557476,2023-02-05T19:48:08Z,1467,LOC_0118
CDR_002352,+918079765165,+917640993275,2023-04-15T20:32:29Z,3360,LOC_0128
CDR_002353,+916369382071,+919442209286,2025-09-08T23:35:58Z,1261,LOC_0072
CDR_002354,+916458762697,+918952647739,2023-08-31T13:38:28Z,3008,LOC_0125
CDR_002355,+916539280391,+917493072850,2025-07-24T18:24:38Z,1051,LOC_0044
CDR_002356,+918517193451,+919254357648,2023-12-25T22:30:10Z,1813,LOC_0053
CDR_002357,+919208320641,+919400156805,2024-10-26T12:14:34Z,218,LOC_0074
CDR_002358,+918478872199,+919844220524,2026-03-20T01:37:41Z,1632,LOC_0118
CDR_002359,+919041538490,+918169056122,2025-04-16T15:11:53Z,2151,LOC_0020
CDR_002360,+917596371622,+919896945119,2025-03-28T05:45:56Z,696,LOC_0126
CDR_002361,+918409083421,+917221587418,2023-12-09T03:53:31Z,1216,LOC_0115
CDR_002362,+916617485408,+919003318664,2025-07-02T14:43:44Z,1715,LOC_0113
CDR_002363,+918945420528,+919997946704,2024-08-05T09:11:53Z,2873,LOC_0033
CDR_002364,+916832488843,+917766426225,2025-12-10T09:10:30Z,997,LOC_0027
CDR_002365,+916563470451,+918849317889,2026-07-12T15:08:43Z,3294,LOC_0134
CDR_002366,+918093781592,+919491241190,2024-10-07T07:01:38Z,2034,LOC_0084
CDR_002367,+918589800302,+916592681126,2026-06-26T23:58:43Z,879,LOC_0086
CDR_002368,+919994392015,+919610744021,2026-04-07T05:45:06Z,3586,LOC_0091
CDR_002369,+918075004731,+918409958962,2024-11-11T16:45:06Z,2451,LOC_0117
CDR_002370,+919441494580,+919910091063,2026-01-29T12:13:19Z,1890,LOC_0016
CDR_002371,+917930172860,+919850442961,2025-09-24T05:05:35Z,231,LOC_0080
CDR_002372,+918581527840,+919220862110,2024-08-02T20:54:24Z,1386,LOC_0054
CDR_002373,+918649735743,+919168819811,2023-04-21T15:52:36Z,1991,LOC_0051
CDR_002374,+918445685199,+919099565230,2023-06-12T01:41:40Z,624,LOC_0121
CDR_002375,+918369899340,+917694562195,2025-07-02T00:55:52Z,723,LOC_0028
CDR_002376,+919398794286,+916437346137,2025-06-11T18:21:25Z,2570,LOC_0142
CDR_002377,+917207482097,+918808155776,2024-11-26T15:06:42Z,2833,LOC_0033
CDR_002378,+918239704894,+918373948273,2024-07-23T16:37:53Z,1504,LOC_0088
CDR_002379,+918481973488,+916166699419,2023-09-10T13:31:50Z,1342,LOC_0027
CDR_002380,+918814446299,+918078381873,2024-03-24T12:10:33Z,2604,LOC_0137
CDR_002381,+918564468364,+917614141871,2024-05-13T05:11:53Z,644,LOC_0104
CDR_002382,+918990913497,+918079500806,2026-03-25T12:44:05Z,3072,LOC_0070
CDR_002383,+918809299600,+917281346811,2024-04-23T03:46:28Z,637,LOC_0130
CDR_002384,+918509565608,+916869986241,2023-02-06T18:31:07Z,762,LOC_0033
CDR_002385,+919073784537,+916712206951,2023-04-24T03:49:44Z,19,LOC_0108
CDR_002386,+918138571816,+918360277484,2024-09-22T09:58:09Z,176,LOC_0118
CDR_002387,+916195355435,+919661352590,2024-06-12T21:05:29Z,645,LOC_0016
CDR_002388,+918674461918,+918254694587,2025-03-08T18:27:18Z,1894,LOC_0108
CDR_002389,+918241790651,+917185874957,2024-09-30T18:32:37Z,1853,LOC_0060
CDR_002390,+917500130102,+918120892071,2024-08-03T21:12:28Z,142,LOC_0015
CDR_002391,+919750605143,+916492558512,2023-09-07T18:52:22Z,485,LOC_0147
CDR_002392,+917628199646,+919400156805,2026-01-24T12:36:38Z,3443,LOC_0050
CDR_002393,+918061440088,+919637667342,2024-08-04T17:44:49Z,3005,LOC_0001
CDR_002394,+917921912834,+919921773774,2023-03-06T17:48:31Z,1630,LOC_0146
CDR_002395,+916088974176,+918567712298,2023-06-26T08:07:25Z,2761,LOC_0086
CDR_002396,+916444988777,+916886084049,2024-01-29T16:07:29Z,1121,LOC_0090
CDR_002397,+918308259281,+917463121724,2024-09-08T14:15:10Z,1029,LOC_0149
CDR_002398,+917895695777,+918493172294,2023-06-10T18:08:38Z,3047,LOC_0007
CDR_002399,+918159374355,+917428785242,2023-09-23T01:53:22Z,140,LOC_0138
CDR_002400,+916092098088,+918543104905,2025-02-02T18:58:03Z,1659,LOC_0009
CDR_002401,+917619246984,+917720829540,2026-05-11T09:48:11Z,1692,LOC_0037
CDR_002402,+916858932011,+916463884781,2023-05-31T01:11:01Z,3431,LOC_0093
CDR_002403,+917599601959,+916432381741,2024-05-04T09:44:39Z,515,LOC_0097
CDR_002404,+919961454933,+918489235583,2026-05-16T09:24:32Z,737,LOC_0148
CDR_002405,+917568711995,+916550606479,2024-06-08T00:20:06Z,2147,LOC_0111
CDR_002406,+916541696649,+917175860156,2023-05-06T05:32:50Z,1113,LOC_0055
CDR_002407,+919801044279,+916319718936,2023-10-06T20:04:00Z,139,LOC_0127
CDR_002408,+917013789043,+917529133908,2023-12-04T01:54:49Z,327,LOC_0012
CDR_002409,+916140336385,+918646850542,2023-09-19T13:22:31Z,684,LOC_0037
CDR_002410,+916433418050,+918089575851,2024-01-30T06:16:25Z,2535,LOC_0086
CDR_002411,+919844246833,+917011968176,2023-10-27T00:07:02Z,3010,LOC_0103
CDR_002412,+919237083706,+919574933679,2023-09-13T09:00:40Z,2219,LOC_0102
CDR_002413,+916429740169,+919811215239,2025-01-25T04:49:50Z,3174,LOC_0101
CDR_002414,+916086561545,+917406772445,2025-11-03T04:53:53Z,3554,LOC_0136
CDR_002415,+919461484918,+919200658366,2025-02-19T20:37:17Z,3130,LOC_0133
CDR_002416,+919272659618,+919518268770,2023-06-11T07:06:16Z,266,LOC_0053
CDR_002417,+916429740169,+919803205717,2024-06-27T19:35:53Z,710,LOC_0149
CDR_002418,+916784557073,+919816975777,2025-04-02T18:03:52Z,916,LOC_0094
CDR_002419,+916904622735,+917725708681,2023-11-23T19:18:39Z,1911,LOC_0127
CDR_002420,+918949175145,+917109805988,2024-02-24T01:21:25Z,1178,LOC_0135
CDR_002421,+919910091063,+918842116065,2025-10-11T09:05:19Z,996,LOC_0048
CDR_002422,+917710446980,+918254694587,2025-05-04T19:09:33Z,2795,LOC_0103
CDR_002423,+917498230953,+916289185573,2024-09-28T13:01:34Z,146,LOC_0072
CDR_002424,+918864985663,+918922958662,2024-10-11T12:40:20Z,434,LOC_0102
CDR_002425,+917023285481,+919676857818,2025-09-07T05:25:33Z,1278,LOC_0034
CDR_002426,+917611705235,+917205597858,2024-01-20T16:22:49Z,809,LOC_0147
CDR_002427,+918078381873,+918023321653,2023-07-25T11:33:25Z,499,LOC_0077
CDR_002428,+916764557476,+919538760086,2023-05-01T05:39:19Z,3041,LOC_0099
CDR_002429,+919320036885,+917234182744,2024-04-29T11:21:22Z,1944,LOC_0098
CDR_002430,+917362867804,+917359313973,2023-08-20T04:15:40Z,2506,LOC_0110
CDR_002431,+918409958962,+917082434192,2025-10-05T11:43:24Z,1507,LOC_0068
CDR_002432,+919850045517,+918926214216,2025-06-30T20:58:22Z,3069,LOC_0012
CDR_002433,+917835657356,+919620148151,2025-01-30T01:44:28Z,1909,LOC_0009
CDR_002434,+919833568382,+919825288730,2025-10-22T15:20:19Z,1702,LOC_0118
CDR_002435,+916429740169,+916535244065,2023-01-17T11:35:04Z,847,LOC_0083
CDR_002436,+918658772734,+917987249301,2024-01-05T04:44:25Z,1852,LOC_0048
CDR_002437,+919311300347,+919759823710,2025-11-02T23:59:46Z,1104,LOC_0084
CDR_002438,+919759823710,+919585190250,2024-04-01T21:04:17Z,2205,LOC_0092
CDR_002439,+919428015166,+919141962771,2025-06-27T23:54:19Z,2434,LOC_0009
CDR_002440,+917549875589,+919438177052,2026-03-15T07:52:44Z,1614,LOC_0061
CDR_002441,+918221601510,+916463884781,2025-11-11T21:59:14Z,1660,LOC_0125
CDR_002442,+918169069878,+917089448023,2026-03-27T09:56:47Z,477,LOC_0020
CDR_002443,+917115350130,+918126746095,2024-06-07T04:15:55Z,472,LOC_0047
CDR_002444,+919921773774,+917554267761,2026-01-10T03:47:27Z,706,LOC_0117
CDR_002445,+916706442979,+916256495642,2023-04-30T21:24:45Z,1665,LOC_0075
CDR_002446,+918087034313,+919223624529,2023-07-23T02:21:49Z,3478,LOC_0037
CDR_002447,+918021635448,+916189032301,2025-04-28T14:50:00Z,1058,LOC_0019
CDR_002448,+918529100509,+918236353823,2024-05-28T04:18:15Z,3243,LOC_0123
CDR_002449,+916597988721,+917095920639,2025-01-31T03:00:32Z,1664,LOC_0096
CDR_002450,+919130846781,+919614828553,2023-09-09T08:12:34Z,659,LOC_0067
CDR_002451,+917225427052,+917176494120,2026-06-25T02:51:44Z,2136,LOC_0061
CDR_002452,+916268007062,+919299465388,2023-01-22T20:13:30Z,2051,LOC_0150
CDR_002453,+918449720786,+918809299600,2023-12-31T21:42:07Z,2720,LOC_0073
CDR_002454,+919799177162,+918029665156,2023-11-09T06:39:51Z,3007,LOC_0050
CDR_002455,+918068348342,+917426596199,2023-12-05T20:53:19Z,1612,LOC_0029
CDR_002456,+918058556284,+917922583478,2025-06-14T06:08:02Z,752,LOC_0100
CDR_002457,+919450315857,+917328533462,2024-09-22T09:46:59Z,1571,LOC_0133
CDR_002458,+918390864624,+919615163315,2023-02-04T09:04:18Z,1976,LOC_0095
CDR_002459,+918369496447,+918437654971,2024-01-06T14:58:04Z,213,LOC_0007
CDR_002460,+917887532541,+916463884781,2026-06-14T17:23:25Z,591,LOC_0125
CDR_002461,+917850733732,+919673767577,2025-08-14T18:54:11Z,831,LOC_0105
CDR_002462,+917421785056,+917562122502,2024-03-12T09:12:41Z,1931,LOC_0002
CDR_002463,+917210482937,+918079500806,2025-05-20T10:02:15Z,151,LOC_0061
CDR_002464,+918440361275,+919336675287,2026-05-30T10:25:04Z,361,LOC_0068
CDR_002465,+918461270060,+916378652730,2023-06-23T03:34:20Z,889,LOC_0121
CDR_002466,+918655800295,+917638802005,2026-07-04T01:36:55Z,728,LOC_0128
CDR_002467,+918132866657,+918304048189,2025-06-18T02:38:51Z,723,LOC_0037
CDR_002468,+919596765375,+918156891321,2025-08-24T09:37:49Z,1145,LOC_0147
CDR_002469,+916303044487,+918724585317,2023-09-03T03:19:07Z,2047,LOC_0107
CDR_002470,+919812534646,+919254125195,2024-01-18T17:37:47Z,2990,LOC_0064
CDR_002471,+917534625773,+916329044656,2025-03-04T10:30:33Z,882,LOC_0037
CDR_002472,+918478872199,+917007694189,2025-11-20T20:41:03Z,1935,LOC_0045
CDR_002473,+919329701564,+919442665234,2026-04-29T18:20:22Z,2532,LOC_0089
CDR_002474,+918894408903,+917140651959,2023-06-12T19:51:09Z,2588,LOC_0107
CDR_002475,+917871640952,+916392294862,2025-02-17T13:21:45Z,109,LOC_0130
CDR_002476,+918312482595,+916964568093,2025-04-09T22:38:57Z,2304,LOC_0016
CDR_002477,+917225581333,+916991372057,2025-08-28T20:36:15Z,856,LOC_0060
CDR_002478,+918814769504,+917683021116,2024-11-10T18:35:28Z,605,LOC_0069
CDR_002479,+917356892801,+919383506796,2026-07-11T21:42:01Z,525,LOC_0048
CDR_002480,+917224224246,+917176226755,2025-07-24T15:08:15Z,1065,LOC_0035
CDR_002481,+919400156805,+919645019830,2023-12-28T06:48:49Z,3270,LOC_0035
CDR_002482,+917224224246,+918061440088,2023-10-15T23:03:12Z,609,LOC_0027
CDR_002483,+916098899199,+918021635448,2024-01-05T21:28:55Z,603,LOC_0082
CDR_002484,+918106074066,+917466019993,2024-09-01T11:55:29Z,2538,LOC_0149
CDR_002485,+916798534963,+917950244847,2025-05-30T08:02:31Z,1817,LOC_0065
CDR_002486,+918765414165,+917466019993,2023-05-13T13:52:19Z,2891,LOC_0102
CDR_002487,+917310770039,+919742821232,2024-10-17T16:23:36Z,22,LOC_0140
CDR_002488,+919498894110,+916823996116,2026-04-18T18:54:06Z,1218,LOC_0084
CDR_002489,+917150402112,+916801836494,2023-11-06T14:14:33Z,2385,LOC_0109
CDR_002490,+916305517870,+916510767017,2026-02-16T11:26:23Z,1401,LOC_0119
CDR_002491,+918478503075,+919692161811,2025-09-23T09:25:54Z,2360,LOC_0104
CDR_002492,+917534625773,+916655851097,2025-01-13T22:46:48Z,274,LOC_0024
CDR_002493,+916054695674,+919442665234,2023-11-26T15:16:08Z,556,LOC_0001
CDR_002494,+917773541214,+917996401878,2023-10-28T07:03:51Z,3023,LOC_0147
CDR_002495,+917053624456,+917907050257,2026-01-07T16:06:01Z,362,LOC_0138
CDR_002496,+917225581333,+919121185924,2024-05-27T00:59:04Z,1499,LOC_0014
CDR_002497,+918161637381,+917463121724,2024-11-03T01:39:20Z,2381,LOC_0131
CDR_002498,+917820995777,+917580205025,2024-08-10T12:58:37Z,1881,LOC_0108
CDR_002499,+917082434192,+917633602176,2024-07-05T18:36:32Z,2544,LOC_0149
CDR_002500,+917871640952,+917262991125,2024-08-11T21:35:26Z,3383,LOC_0106
CDR_002501,+917637632518,+916487937820,2024-09-22T15:46:20Z,256,LOC_0048
CDR_002502,+916473890212,+919802687719,2024-08-10T13:45:47Z,1130,LOC_0079
CDR_002503,+917473713393,+919750605143,2026-05-16T20:06:41Z,3276,LOC_0089
CDR_002504,+916033819777,+918835659453,2023-12-31T06:39:49Z,1849,LOC_0002
CDR_002505,+917737551584,+916849651876,2025-11-22T03:20:47Z,1036,LOC_0040
CDR_002506,+919416820264,+919581395249,2023-06-10T22:00:26Z,3493,LOC_0108
CDR_002507,+918079500806,+917128835207,2023-11-03T20:31:29Z,495,LOC_0128
CDR_002508,+916043552210,+919979644466,2026-04-01T18:07:31Z,1117,LOC_0070
CDR_002509,+917725708681,+918231987320,2023-08-14T10:40:32Z,409,LOC_0048
CDR_002510,+917904383663,+916457783056,2023-07-23T19:06:23Z,2649,LOC_0028
CDR_002511,+919852775860,+916918145589,2023-10-25T22:47:09Z,2107,LOC_0024
CDR_002512,+919033297428,+916378652730,2025-06-14T07:29:56Z,120,LOC_0060
CDR_002513,+916883979150,+919575606753,2023-11-13T21:45:49Z,430,LOC_0117
CDR_002514,+918790736347,+919504556843,2023-02-18T13:16:13Z,2715,LOC_0046
CDR_002515,+917108131444,+916416127433,2025-04-19T13:24:11Z,973,LOC_0144
CDR_002516,+918790736347,+918244817796,2025-02-25T05:23:55Z,3017,LOC_0053
CDR_002517,+917766426225,+917987249301,2025-01-06T06:19:49Z,419,LOC_0007
CDR_002518,+916496884614,+917577640521,2023-11-18T23:36:21Z,3019,LOC_0083
CDR_002519,+919347894979,+917463121724,2024-05-08T17:27:19Z,2668,LOC_0110
CDR_002520,+917365591754,+917410688654,2026-01-06T08:11:21Z,1212,LOC_0058
CDR_002521,+917640993275,+918042254462,2023-05-01T22:24:38Z,2484,LOC_0017
CDR_002522,+917394297304,+917183009989,2026-06-06T17:02:46Z,806,LOC_0090
CDR_002523,+917014944264,+917590239196,2025-09-02T21:40:36Z,353,LOC_0092
CDR_002524,+916539280391,+917004122133,2024-01-13T15:43:34Z,2622,LOC_0130
CDR_002525,+919274763284,+918478503075,2024-04-15T05:13:47Z,446,LOC_0125
CDR_002526,+919784541097,+918867748200,2025-06-06T16:58:30Z,581,LOC_0038
CDR_002527,+917384789235,+919701033334,2025-04-17T22:26:01Z,549,LOC_0146
CDR_002528,+917221587418,+916999320584,2026-02-01T12:59:20Z,1048,LOC_0088
CDR_002529,+916292960178,+917743180954,2023-09-27T20:54:28Z,2103,LOC_0078
CDR_002530,+916038069463,+916110123941,2023-07-04T01:52:03Z,2766,LOC_0143
CDR_002531,+917156067809,+917774102729,2025-12-02T17:42:20Z,414,LOC_0145
CDR_002532,+918472422439,+917745177124,2025-03-09T19:45:14Z,354,LOC_0110
CDR_002533,+918221601510,+918291612234,2024-03-31T16:24:03Z,2449,LOC_0051
CDR_002534,+918674461918,+918146764942,2024-05-15T14:05:30Z,1024,LOC_0108
CDR_002535,+919630302254,+919455905653,2023-11-08T04:02:11Z,893,LOC_0133
CDR_002536,+918595746889,+918391568856,2026-05-07T02:00:38Z,918,LOC_0107
CDR_002537,+916432381741,+917003126774,2024-08-22T16:14:01Z,339,LOC_0111
CDR_002538,+916580310006,+918930030550,2026-07-07T04:46:52Z,49,LOC_0082
CDR_002539,+916148208887,+916533226125,2023-12-18T21:09:30Z,1859,LOC_0006
CDR_002540,+917224224246,+919033297428,2026-05-17T07:47:59Z,2848,LOC_0061
CDR_002541,+917154459322,+919979644466,2023-05-02T12:32:20Z,525,LOC_0128
CDR_002542,+916300582933,+918583125110,2023-01-07T07:24:44Z,1715,LOC_0096
CDR_002543,+918355482651,+916702463180,2023-09-28T10:09:41Z,447,LOC_0117
CDR_002544,+916369382071,+916876353362,2024-04-15T00:53:27Z,3512,LOC_0001
CDR_002545,+917202528733,+918591125930,2025-08-23T22:07:54Z,3157,LOC_0116
CDR_002546,+919518115388,+917502077414,2024-10-24T01:17:39Z,1833,LOC_0037
CDR_002547,+918373948273,+916148208887,2023-05-19T08:52:40Z,2276,LOC_0111
CDR_002548,+919505899440,+918118679324,2023-10-31T12:11:27Z,271,LOC_0028
CDR_002549,+917221587418,+916195904052,2024-11-20T09:41:06Z,2265,LOC_0116
CDR_002550,+919340328400,+916874195977,2024-08-21T06:33:52Z,2832,LOC_0067
CDR_002551,+917115350130,+918239704894,2023-01-23T04:09:45Z,3196,LOC_0030
CDR_002552,+916313595787,+919866520330,2025-09-18T09:20:32Z,1494,LOC_0089
CDR_002553,+916189032301,+916592681126,2024-12-04T18:58:08Z,1376,LOC_0084
CDR_002554,+919509154515,+916539280391,2024-08-30T12:57:28Z,3437,LOC_0027
CDR_002555,+916491028289,+919556012519,2024-04-03T04:54:36Z,2896,LOC_0060
CDR_002556,+917678103394,+918727217217,2023-03-17T21:44:37Z,933,LOC_0120
CDR_002557,+919812534646,+918759143335,2025-01-10T15:08:47Z,1382,LOC_0073
CDR_002558,+917281406275,+917523392144,2024-10-11T14:19:52Z,3357,LOC_0015
CDR_002559,+916256495642,+917045206074,2023-05-19T06:37:34Z,1061,LOC_0034
CDR_002560,+918062413300,+918733074647,2026-03-14T19:50:57Z,258,LOC_0091
CDR_002561,+918339220005,+916188569773,2024-09-26T20:54:00Z,2778,LOC_0015
CDR_002562,+919632690501,+919152000372,2024-05-27T18:36:52Z,2652,LOC_0083
CDR_002563,+916258449780,+918285488356,2026-03-19T23:50:52Z,2146,LOC_0048
CDR_002564,+918016589212,+918178861531,2023-11-23T09:58:19Z,613,LOC_0110
CDR_002565,+916408536494,+916054695674,2023-12-02T20:00:33Z,3375,LOC_0080
CDR_002566,+917407377479,+916517376881,2025-04-12T07:22:55Z,2869,LOC_0094
CDR_002567,+916888384398,+917201662484,2023-06-17T21:11:22Z,3574,LOC_0119
CDR_002568,+916432381741,+918019427054,2024-01-20T01:32:54Z,2103,LOC_0093
CDR_002569,+916054695674,+916091087253,2025-12-29T00:35:52Z,3285,LOC_0148
CDR_002570,+919702151572,+918461270060,2024-06-03T00:19:05Z,2923,LOC_0070
CDR_002571,+919692414917,+918629897176,2025-12-11T11:22:31Z,1672,LOC_0051
CDR_002572,+918048497671,+917977353085,2023-10-02T09:26:37Z,2063,LOC_0128
CDR_002573,+916335954600,+916811405047,2024-12-17T20:26:01Z,3332,LOC_0030
CDR_002574,+916297465366,+917926216462,2023-11-26T14:42:19Z,2613,LOC_0088
CDR_002575,+917262991125,+918261195798,2024-06-23T04:41:46Z,804,LOC_0069
CDR_002576,+918291612234,+919799177162,2024-10-22T04:49:18Z,2730,LOC_0146
CDR_002577,+919909826129,+916509173023,2024-06-07T08:00:06Z,2063,LOC_0033
CDR_002578,+919190533614,+917167633175,2025-04-15T22:31:40Z,1696,LOC_0061
CDR_002579,+919764066450,+919190533614,2025-06-10T06:25:38Z,2999,LOC_0119
CDR_002580,+916784557073,+917176494120,2024-06-02T02:43:32Z,1337,LOC_0071
CDR_002581,+919942866138,+917296841600,2025-06-20T14:24:23Z,842,LOC_0077
CDR_002582,+919168848623,+919141962771,2024-04-30T00:50:43Z,2323,LOC_0031
CDR_002583,+917167633175,+918321171058,2023-04-21T15:33:53Z,1464,LOC_0065
CDR_002584,+917250185823,+916429740169,2025-06-19T16:17:03Z,1649,LOC_0119
CDR_002585,+916612615256,+919563493764,2024-04-28T13:25:31Z,589,LOC_0141
CDR_002586,+917633602176,+918840128614,2024-02-11T12:56:26Z,140,LOC_0080
CDR_002587,+917351021444,+916549034032,2023-09-04T19:38:14Z,3054,LOC_0125
CDR_002588,+916674279418,+916398474792,2026-05-12T15:27:21Z,85,LOC_0052
CDR_002589,+919026491892,+918709582850,2024-12-18T12:15:58Z,1770,LOC_0098
CDR_002590,+918474471345,+918106074066,2024-12-04T08:45:18Z,3238,LOC_0114
CDR_002591,+919288577072,+916313595787,2025-01-28T20:39:57Z,1317,LOC_0020
CDR_002592,+918149094710,+917221587418,2023-01-01T17:15:07Z,2392,LOC_0008
CDR_002593,+917534625773,+916607813459,2024-07-03T08:30:11Z,3144,LOC_0026
CDR_002594,+919142342983,+918515332140,2023-02-05T21:45:15Z,2002,LOC_0044
CDR_002595,+917670711748,+919475395721,2026-06-04T03:06:14Z,1676,LOC_0027
CDR_002596,+919056236865,+917743180954,2024-02-27T10:53:05Z,489,LOC_0017
CDR_002597,+917943180190,+918106074066,2025-03-08T11:58:10Z,631,LOC_0145
CDR_002598,+918639151858,+917595440130,2023-03-23T18:53:10Z,2411,LOC_0037
CDR_002599,+919491241190,+916517981598,2026-03-22T01:21:17Z,2872,LOC_0054
CDR_002600,+918097515527,+917838882481,2023-01-07T19:01:36Z,739,LOC_0150
CDR_002601,+918062413300,+919103002206,2023-04-10T11:01:41Z,3212,LOC_0024
CDR_002602,+917174469727,+919104074578,2024-02-03T19:01:20Z,2767,LOC_0115
CDR_002603,+916201711625,+918862310586,2025-06-07T20:47:16Z,229,LOC_0089
CDR_002604,+919829335496,+917561476763,2023-07-16T14:03:36Z,990,LOC_0124
CDR_002605,+916420102358,+916798534963,2025-12-14T10:34:35Z,2536,LOC_0008
CDR_002606,+916289968212,+918118679324,2025-02-07T05:37:19Z,1417,LOC_0123
CDR_002607,+918138571816,+918098632248,2024-08-08T06:00:55Z,2233,LOC_0073
CDR_002608,+918889673699,+918982728970,2026-07-05T02:48:22Z,1570,LOC_0060
CDR_002609,+916128924554,+917642270644,2026-07-03T00:26:42Z,1011,LOC_0143
CDR_002610,+918867043264,+918267074575,2026-02-08T11:38:04Z,3554,LOC_0107
CDR_002611,+917628199646,+918577335953,2025-06-05T14:25:49Z,177,LOC_0054
CDR_002612,+917003126774,+916433418050,2023-11-07T10:12:44Z,3248,LOC_0014
CDR_002613,+918930719057,+916473890212,2024-04-02T15:03:01Z,370,LOC_0054
CDR_002614,+918774732090,+916662695110,2024-10-17T22:12:43Z,3259,LOC_0013
CDR_002615,+916905110100,+918409958962,2026-04-12T15:22:50Z,3240,LOC_0066
CDR_002616,+918682211099,+917225581333,2026-06-03T19:33:35Z,2387,LOC_0011
CDR_002617,+916823264888,+917422543580,2025-09-19T09:03:01Z,3053,LOC_0145
CDR_002618,+917898625259,+917003126774,2023-07-04T11:39:07Z,1992,LOC_0124
CDR_002619,+919495540116,+916881827040,2023-11-13T17:34:35Z,1171,LOC_0060
CDR_002620,+919322937931,+916824272995,2026-03-23T16:22:40Z,2886,LOC_0117
CDR_002621,+918391568856,+916146387689,2026-01-23T00:46:59Z,3354,LOC_0039
CDR_002622,+919455905653,+916852864391,2025-04-05T08:57:13Z,658,LOC_0024
CDR_002623,+916995243301,+916918177938,2023-01-27T05:02:32Z,1781,LOC_0049
CDR_002624,+917853345235,+919925678450,2023-12-08T08:33:45Z,279,LOC_0136
CDR_002625,+919661352590,+916119478823,2025-09-13T01:48:23Z,2732,LOC_0134
CDR_002626,+917107337642,+916123853836,2023-05-12T23:23:35Z,2714,LOC_0007
CDR_002627,+918867043264,+917780248603,2023-08-28T14:54:38Z,3568,LOC_0061
CDR_002628,+918077559531,+918109271409,2024-01-10T08:58:32Z,1639,LOC_0148
CDR_002629,+917904383663,+916918145589,2023-01-10T17:44:32Z,3160,LOC_0036
CDR_002630,+916764557476,+918062413300,2024-11-29T15:12:06Z,2495,LOC_0082
CDR_002631,+916602393888,+919010582093,2024-10-19T05:45:04Z,1273,LOC_0070
CDR_002632,+918553162493,+919086292314,2023-04-18T23:27:24Z,2486,LOC_0049
CDR_002633,+917565497109,+919997946704,2026-04-27T02:52:35Z,1853,LOC_0048
CDR_002634,+919415928831,+918056895862,2024-01-22T19:53:32Z,2429,LOC_0145
CDR_002635,+918339220005,+917697821614,2024-04-20T14:39:15Z,3311,LOC_0005
CDR_002636,+916544189915,+919276966820,2023-12-26T16:30:08Z,2062,LOC_0068
CDR_002637,+917185874957,+919866520330,2023-03-31T10:45:24Z,928,LOC_0019
CDR_002638,+918561216903,+918085229775,2024-06-19T22:40:54Z,2556,LOC_0020
CDR_002639,+919113804499,+916553260471,2023-01-16T13:33:48Z,2492,LOC_0012
CDR_002640,+916837619957,+917970984707,2023-02-06T14:43:44Z,2687,LOC_0049
CDR_002641,+917404951301,+916123853836,2024-07-21T08:16:16Z,3147,LOC_0123
CDR_002642,+916173010491,+919909826129,2024-08-07T13:46:07Z,2526,LOC_0062
CDR_002643,+916427205530,+917820995777,2024-01-01T22:09:38Z,2365,LOC_0023
CDR_002644,+919074007690,+916995243301,2026-01-20T06:08:07Z,1974,LOC_0058
CDR_002645,+917459525419,+917433479019,2025-03-18T07:47:37Z,759,LOC_0114
CDR_002646,+916779594723,+919438177052,2026-06-27T21:11:14Z,891,LOC_0076
CDR_002647,+918232620908,+918943631361,2023-03-23T12:06:28Z,3523,LOC_0046
CDR_002648,+918477838974,+918334942645,2024-08-27T14:33:38Z,1607,LOC_0134
CDR_002649,+917885133086,+917501810324,2025-12-30T02:51:45Z,706,LOC_0061
CDR_002650,+919187526779,+917156403157,2025-05-01T01:01:37Z,1418,LOC_0085
CDR_002651,+919822880514,+917376463094,2023-04-25T01:32:03Z,11,LOC_0029
CDR_002652,+917922583478,+917904383663,2024-07-19T16:15:11Z,2784,LOC_0080
CDR_002653,+918583274296,+916417984375,2025-05-05T06:40:36Z,3483,LOC_0080
CDR_002654,+917115350130,+916486115413,2023-08-08T08:28:42Z,21,LOC_0115
CDR_002655,+917096326544,+917511211495,2024-07-23T05:47:37Z,434,LOC_0141
CDR_002656,+916432381741,+919842941932,2023-10-21T06:13:26Z,2784,LOC_0035
CDR_002657,+918120892071,+919875844373,2026-01-27T11:31:52Z,2674,LOC_0116
CDR_002658,+916731908588,+918420824631,2025-08-13T21:39:07Z,2512,LOC_0014
CDR_002659,+917916260187,+919964496896,2026-04-22T14:33:09Z,1033,LOC_0136
CDR_002660,+916533226125,+916329044656,2023-04-26T15:19:27Z,111,LOC_0054
CDR_002661,+918221601510,+916389894192,2025-12-09T15:26:26Z,1128,LOC_0028
CDR_002662,+919614098856,+918523258748,2025-09-21T01:21:08Z,1998,LOC_0034
CDR_002663,+917687430058,+919896945119,2023-03-27T02:43:37Z,620,LOC_0117
CDR_002664,+918369899340,+919761760595,2024-06-14T14:31:49Z,3353,LOC_0115
CDR_002665,+918790736347,+917207482097,2023-06-27T18:01:33Z,642,LOC_0111
CDR_002666,+919307451625,+918831490250,2023-03-28T17:49:16Z,2641,LOC_0015
CDR_002667,+918735480334,+919581395249,2024-10-24T07:24:36Z,3159,LOC_0055
CDR_002668,+919816975777,+917974208537,2026-05-22T17:11:43Z,745,LOC_0041
CDR_002669,+917565497109,+918025030698,2024-12-26T09:31:23Z,1590,LOC_0110
CDR_002670,+917158988822,+916367640292,2025-08-25T18:51:36Z,2508,LOC_0045
CDR_002671,+919518268770,+916904622735,2025-01-29T19:02:10Z,1175,LOC_0107
CDR_002672,+916258449780,+919731383917,2023-11-19T23:11:35Z,881,LOC_0078
CDR_002673,+917850733732,+919855335187,2026-01-18T21:00:02Z,1428,LOC_0144
CDR_002674,+917683021116,+917215861114,2025-08-25T02:50:14Z,1510,LOC_0102
CDR_002675,+917542910061,+918842116065,2023-09-05T23:01:36Z,266,LOC_0149
CDR_002676,+916842186354,+919916463262,2026-01-31T19:52:55Z,1340,LOC_0009
CDR_002677,+917629196971,+917011968176,2024-04-17T03:54:35Z,3588,LOC_0077
CDR_002678,+918632521028,+916496884614,2025-02-13T07:50:59Z,1497,LOC_0054
CDR_002679,+917500130102,+918442691577,2023-11-01T10:17:45Z,3098,LOC_0116
CDR_002680,+919278571664,+916522773527,2024-06-25T22:04:59Z,1714,LOC_0075
CDR_002681,+917687430058,+916541696649,2025-04-24T03:19:47Z,1759,LOC_0080
CDR_002682,+916896194129,+917158988822,2024-10-10T20:43:58Z,2395,LOC_0092
CDR_002683,+918472422439,+918478503075,2025-11-17T15:46:15Z,2039,LOC_0125
CDR_002684,+916510767017,+916363398580,2023-07-02T16:52:28Z,2301,LOC_0105
CDR_002685,+916416127433,+918373948273,2024-09-07T15:34:29Z,1905,LOC_0149
CDR_002686,+918658772734,+916797309341,2024-06-07T16:21:55Z,277,LOC_0026
CDR_002687,+917721633165,+917205597858,2025-09-23T00:16:19Z,26,LOC_0081
CDR_002688,+918603481095,+919958659997,2024-05-29T18:38:29Z,1695,LOC_0129
CDR_002689,+916731908588,+917320394595,2024-04-27T04:47:51Z,3579,LOC_0043
CDR_002690,+916404216517,+916757784718,2024-08-10T01:16:50Z,2505,LOC_0128
CDR_002691,+916888384398,+917207482097,2023-03-14T01:24:28Z,3478,LOC_0140
CDR_002692,+918241790651,+916547253832,2025-12-05T18:25:28Z,1632,LOC_0105
CDR_002693,+916689588485,+918567712298,2024-08-28T10:34:30Z,907,LOC_0130
CDR_002694,+916437346137,+917262745715,2024-07-30T18:20:39Z,134,LOC_0076
CDR_002695,+917811957488,+917156067809,2023-08-09T22:19:34Z,3130,LOC_0119
CDR_002696,+916535244065,+919966014688,2026-05-25T14:55:52Z,2584,LOC_0042
CDR_002697,+916550606479,+918712510228,2025-08-12T15:51:56Z,651,LOC_0047
CDR_002698,+918543952630,+919667299965,2023-06-20T17:31:11Z,760,LOC_0058
CDR_002699,+916433418050,+917218101886,2023-09-29T04:00:06Z,2384,LOC_0073
CDR_002700,+917835657356,+918808155776,2026-07-31T20:18:10Z,555,LOC_0127
CDR_002701,+919982499657,+917677693197,2024-05-18T14:22:36Z,2949,LOC_0025
CDR_002702,+919850045517,+917426596199,2024-12-21T20:29:54Z,1084,LOC_0121
CDR_002703,+917492838599,+918010986027,2024-05-04T12:19:42Z,2750,LOC_0025
CDR_002704,+917504686545,+918755969088,2025-07-16T23:40:16Z,1351,LOC_0071
CDR_002705,+916549034032,+917531092238,2025-07-18T10:00:25Z,989,LOC_0140
CDR_002706,+918098632248,+916466598191,2025-09-08T21:05:36Z,3550,LOC_0059
CDR_002707,+919341789294,+916705217830,2025-10-23T10:49:04Z,1206,LOC_0147
CDR_002708,+919854416702,+918079765165,2026-07-22T15:47:17Z,2474,LOC_0018
CDR_002709,+917411844389,+919852775860,2024-06-23T17:48:11Z,917,LOC_0090
CDR_002710,+917642431326,+916891986607,2025-07-21T03:24:07Z,2922,LOC_0087
CDR_002711,+916383604911,+916267119789,2025-05-04T14:07:36Z,2935,LOC_0122
CDR_002712,+918233121087,+919130846781,2024-05-14T17:35:37Z,329,LOC_0034
CDR_002713,+918168568631,+916506774170,2025-12-12T13:02:58Z,185,LOC_0017
CDR_002714,+918009645719,+919802820039,2025-02-10T08:20:13Z,2738,LOC_0078
CDR_002715,+917501810324,+918646850542,2024-01-23T11:21:00Z,3143,LOC_0017
CDR_002716,+917453003039,+916483144641,2024-03-22T01:00:41Z,2492,LOC_0109
CDR_002717,+918082025057,+918008116195,2024-10-20T02:05:37Z,3489,LOC_0007
CDR_002718,+918502988880,+918732446042,2025-08-05T20:25:07Z,2945,LOC_0025
CDR_002719,+917292304779,+916354923180,2025-11-05T22:56:09Z,16,LOC_0073
CDR_002720,+918606076280,+917561476763,2025-07-29T02:10:52Z,3084,LOC_0100
CDR_002721,+918302158748,+916369768979,2025-08-18T17:32:26Z,2685,LOC_0116
CDR_002722,+917082434192,+919187698891,2023-04-06T16:28:29Z,119,LOC_0093
CDR_002723,+918862310586,+919110019797,2024-07-24T03:39:36Z,3185,LOC_0134
CDR_002724,+919816975777,+919099565230,2025-11-10T12:27:05Z,1196,LOC_0092
CDR_002725,+918314847294,+916148208887,2023-09-19T00:36:19Z,369,LOC_0005
CDR_002726,+916547253832,+919114168187,2023-01-26T22:27:19Z,2773,LOC_0131
CDR_002727,+917045206074,+919802820039,2025-03-08T23:07:47Z,770,LOC_0140
CDR_002728,+918079765165,+917596371622,2024-05-12T22:30:56Z,1116,LOC_0146
CDR_002729,+918432790994,+916398474792,2025-04-30T00:42:49Z,1819,LOC_0045
CDR_002730,+916157771113,+917802539655,2023-02-24T02:31:50Z,2897,LOC_0096
CDR_002731,+919117963765,+918169056122,2024-06-03T18:35:19Z,499,LOC_0013
CDR_002732,+916329044656,+918141418189,2024-12-12T11:45:37Z,1519,LOC_0115
CDR_002733,+916432381741,+916955019690,2026-07-22T18:55:03Z,3506,LOC_0114
CDR_002734,+919613894362,+918296067730,2025-10-18T04:28:29Z,126,LOC_0103
CDR_002735,+918246663276,+916918177938,2024-10-20T07:06:56Z,2409,LOC_0071
CDR_002736,+917450559731,+917004122133,2026-03-27T07:13:47Z,1500,LOC_0026
CDR_002737,+919736261776,+918077559531,2024-02-12T20:43:57Z,3233,LOC_0143
CDR_002738,+918141418189,+918717352279,2025-07-22T12:55:07Z,1287,LOC_0093
CDR_002739,+919640382786,+917850733732,2025-04-15T21:39:11Z,660,LOC_0125
CDR_002740,+918831490250,+916098655791,2025-12-12T19:25:12Z,1681,LOC_0150
CDR_002741,+918237222263,+917504686545,2023-07-31T23:45:45Z,1708,LOC_0029
CDR_002742,+916790558940,+916088974176,2025-05-25T03:21:08Z,2760,LOC_0065
CDR_002743,+919916463262,+917838882481,2024-11-06T16:33:16Z,90,LOC_0135
CDR_002744,+917221587418,+916319718936,2025-02-11T13:50:37Z,1744,LOC_0032
CDR_002745,+916991372057,+918001032544,2023-09-21T15:13:30Z,2919,LOC_0058
CDR_002746,+919295893248,+916811405047,2025-10-19T04:49:21Z,568,LOC_0007
CDR_002747,+919613918807,+918704895305,2024-07-21T16:34:40Z,2406,LOC_0099
CDR_002748,+916111635207,+918864985663,2024-06-03T08:38:27Z,3204,LOC_0121
CDR_002749,+917382219816,+917014944264,2025-07-22T11:12:38Z,1075,LOC_0050
CDR_002750,+919527576042,+917502043261,2025-09-13T01:55:33Z,2710,LOC_0109
CDR_002751,+918263133100,+919226843425,2025-01-10T11:00:45Z,1473,LOC_0146
CDR_002752,+916054695674,+917737551584,2025-07-09T00:55:58Z,2842,LOC_0022
CDR_002753,+917898625259,+916444988777,2026-02-16T12:21:12Z,1944,LOC_0136
CDR_002754,+916896194129,+917320394595,2023-06-25T12:52:38Z,2303,LOC_0133
CDR_002755,+919160620396,+917996025623,2026-05-02T01:25:53Z,2717,LOC_0023
CDR_002756,+917599601959,+917914402567,2023-12-29T23:04:35Z,3266,LOC_0122
CDR_002757,+919911316017,+917191405559,2025-11-04T11:32:40Z,659,LOC_0054
CDR_002758,+917365591754,+917526678932,2024-02-18T03:18:44Z,968,LOC_0043
CDR_002759,+918971416447,+918259218970,2025-09-04T21:25:14Z,1816,LOC_0004
CDR_002760,+919793682791,+916398474792,2026-03-24T04:57:37Z,3126,LOC_0026
CDR_002761,+918774190383,+916205446492,2025-02-20T17:32:51Z,1992,LOC_0107
CDR_002762,+916602393888,+919524134708,2026-03-04T08:56:13Z,2093,LOC_0125
CDR_002763,+918603481095,+918481973488,2023-03-05T14:10:46Z,3452,LOC_0132
CDR_002764,+919742821232,+918868437461,2025-11-14T16:16:57Z,710,LOC_0045
CDR_002765,+917359313973,+919790739390,2023-08-09T03:30:47Z,746,LOC_0014
CDR_002766,+919964932788,+917258964802,2025-03-17T07:55:51Z,1208,LOC_0062
CDR_002767,+918388260217,+919556012519,2025-07-26T20:28:25Z,2015,LOC_0132
CDR_002768,+916221100658,+917696227959,2024-10-07T06:38:00Z,1051,LOC_0091
CDR_002769,+918435856503,+917533491749,2026-06-01T14:37:37Z,3113,LOC_0009
CDR_002770,+917003126774,+919738453527,2025-11-04T15:48:34Z,3570,LOC_0088
CDR_002771,+917404951301,+917108131444,2023-01-27T11:56:36Z,65,LOC_0048
CDR_002772,+918926773184,+916452988831,2023-09-12T20:41:37Z,550,LOC_0071
CDR_002773,+917863152169,+916939673695,2023-03-09T21:42:59Z,2898,LOC_0032
CDR_002774,+918698267940,+918689357814,2026-07-12T01:43:57Z,919,LOC_0025
CDR_002775,+916492558512,+918840128614,2025-02-03T14:20:25Z,2773,LOC_0071
CDR_002776,+918008116195,+916883979150,2023-02-24T05:45:59Z,923,LOC_0016
CDR_002777,+918608649529,+918405805049,2025-01-04T18:27:29Z,2355,LOC_0044
CDR_002778,+916954451581,+917215861114,2023-05-22T04:17:27Z,2044,LOC_0058
CDR_002779,+918295619572,+919524134708,2024-06-23T16:54:17Z,2137,LOC_0030
CDR_002780,+917782638028,+916330992932,2025-02-17T00:25:31Z,673,LOC_0042
CDR_002781,+918241790651,+917057238139,2025-09-02T19:53:59Z,1375,LOC_0040
CDR_002782,+918118679324,+919237083706,2025-08-15T08:11:01Z,1718,LOC_0142
CDR_002783,+918519262249,+916110296578,2024-09-19T15:52:41Z,724,LOC_0021
CDR_002784,+918246663276,+916699730242,2024-12-02T15:58:49Z,40,LOC_0014
CDR_002785,+918369496447,+916904622735,2023-03-09T15:54:33Z,2110,LOC_0036
CDR_002786,+917812495724,+917408091983,2024-02-21T01:21:19Z,45,LOC_0118
CDR_002787,+917988055189,+916167893174,2024-11-03T04:30:44Z,1170,LOC_0087
CDR_002788,+918405805049,+917433479019,2024-08-27T02:15:31Z,629,LOC_0148
CDR_002789,+918197612808,+919740355928,2026-03-20T22:59:34Z,2856,LOC_0063
CDR_002790,+918261195798,+916684439498,2025-09-10T07:26:03Z,3501,LOC_0026
CDR_002791,+918093781592,+916602393888,2024-02-25T18:30:09Z,1054,LOC_0097
CDR_002792,+918077559531,+916527198854,2024-05-21T18:29:24Z,115,LOC_0034
CDR_002793,+919747112149,+918926214216,2026-07-31T18:26:48Z,3385,LOC_0135
CDR_002794,+918595756047,+918126746095,2025-06-28T11:21:39Z,2435,LOC_0066
CDR_002795,+916354828271,+918727217217,2025-11-04T15:16:09Z,2960,LOC_0150
CDR_002796,+916006779966,+917502077414,2024-11-13T05:44:18Z,581,LOC_0091
CDR_002797,+916452988831,+916432381741,2023-08-16T22:23:27Z,2703,LOC_0015
CDR_002798,+918655800295,+916205446492,2024-01-25T11:00:30Z,3228,LOC_0079
CDR_002799,+919812534646,+919543552219,2023-06-17T09:36:23Z,1839,LOC_0093
CDR_002800,+919046647159,+917914402567,2025-06-02T22:08:01Z,1058,LOC_0001
CDR_002801,+917225581333,+916779594723,2024-05-20T17:50:55Z,418,LOC_0073
CDR_002802,+919425314333,+918239704894,2024-04-19T01:14:45Z,1727,LOC_0093
CDR_002803,+919847558512,+918478872199,2025-03-13T20:07:40Z,284,LOC_0075
CDR_002804,+918388260217,+916179495626,2024-05-07T13:22:11Z,556,LOC_0131
CDR_002805,+918926773184,+917806058066,2025-11-01T03:00:30Z,3270,LOC_0101
CDR_002806,+919472255508,+918296067730,2024-05-08T23:58:09Z,3546,LOC_0005
CDR_002807,+917531092238,+919254125195,2023-12-23T06:19:15Z,106,LOC_0065
CDR_002808,+917703703278,+919811215239,2025-01-08T21:51:50Z,2290,LOC_0076
CDR_002809,+917996401878,+918386604692,2024-01-05T02:12:09Z,2446,LOC_0026
CDR_002810,+916400469224,+917158988822,2025-12-27T22:11:51Z,2500,LOC_0128
CDR_002811,+917820995777,+916539280391,2025-03-29T13:31:48Z,901,LOC_0055
CDR_002812,+918629897176,+919847558512,2025-01-21T10:07:02Z,547,LOC_0113
CDR_002813,+919307777078,+917156403157,2024-01-26T11:21:01Z,3428,LOC_0039
CDR_002814,+919796457360,+916883979150,2023-06-29T13:20:39Z,677,LOC_0082
CDR_002815,+919048975310,+919748868637,2025-03-29T18:02:47Z,2779,LOC_0054
CDR_002816,+916712206951,+917696227959,2023-10-16T23:59:45Z,1184,LOC_0122
CDR_002817,+919958659997,+917463733306,2023-12-23T15:26:03Z,3547,LOC_0117
CDR_002818,+916516612288,+916684439498,2024-11-21T13:55:41Z,1223,LOC_0018
CDR_002819,+917636767626,+916512213630,2024-06-20T18:34:05Z,891,LOC_0123
CDR_002820,+916458762697,+918033445449,2023-03-22T17:07:38Z,3510,LOC_0110
CDR_002821,+917761349189,+919618246531,2023-12-31T15:46:24Z,2445,LOC_0143
CDR_002822,+918472422439,+918079765165,2025-05-12T23:45:48Z,2010,LOC_0117
CDR_002823,+918008116195,+916246759544,2024-08-02T03:54:23Z,657,LOC_0025
CDR_002824,+917338197849,+918915952991,2024-06-14T10:58:00Z,2173,LOC_0049
CDR_002825,+916563470451,+917384717361,2024-07-22T02:31:03Z,1464,LOC_0140
CDR_002826,+918061440088,+916465578258,2023-12-18T15:32:11Z,656,LOC_0023
CDR_002827,+917079898502,+916986825871,2024-03-12T17:55:38Z,3282,LOC_0095
CDR_002828,+919455905653,+917780248603,2025-05-14T22:00:17Z,2148,LOC_0089
CDR_002829,+919790739390,+916321165294,2026-01-01T11:16:34Z,2827,LOC_0149
CDR_002830,+918107376583,+919033297428,2023-05-25T23:34:13Z,2166,LOC_0032
CDR_002831,+919455905653,+919431704416,2025-08-21T16:30:10Z,1112,LOC_0047
CDR_002832,+916433418050,+917599601959,2025-02-10T22:22:40Z,3355,LOC_0144
CDR_002833,+917766426225,+918595756047,2023-07-29T13:33:04Z,3199,LOC_0001
CDR_002834,+919046647159,+916651420194,2023-10-22T16:31:12Z,826,LOC_0082
CDR_002835,+918380098110,+916259807661,2026-06-13T11:11:46Z,1269,LOC_0051
CDR_002836,+916798534963,+916262235551,2025-05-25T21:24:35Z,2778,LOC_0117
CDR_002837,+919731383917,+917402480930,2024-11-21T23:46:44Z,527,LOC_0004
CDR_002838,+919801044279,+917359313973,2026-07-11T06:18:43Z,3575,LOC_0145
CDR_002839,+916123853836,+919529867456,2023-10-15T18:23:37Z,1197,LOC_0038
CDR_002840,+919994392015,+917248015331,2026-07-10T04:24:12Z,2571,LOC_0009
CDR_002841,+919074007690,+918118679324,2025-09-29T07:16:46Z,336,LOC_0118
CDR_002842,+916801836494,+917533491749,2024-08-07T09:00:27Z,794,LOC_0057
CDR_002843,+916267119789,+919574933679,2025-10-03T13:02:34Z,936,LOC_0001
CDR_002844,+917788007547,+918107376583,2025-10-15T00:36:35Z,3266,LOC_0128
CDR_002845,+917205839367,+916092624498,2024-01-31T08:09:28Z,1971,LOC_0129
CDR_002846,+918082025057,+917774102729,2026-02-18T11:38:18Z,121,LOC_0125
CDR_002847,+917053624456,+916619962132,2023-05-10T19:22:15Z,689,LOC_0094
CDR_002848,+918832448381,+918237222263,2026-06-14T02:57:41Z,2215,LOC_0111
CDR_002849,+918314847294,+916702463180,2023-03-19T10:32:49Z,605,LOC_0078
CDR_002850,+917533491749,+917853345235,2025-02-20T13:42:36Z,3429,LOC_0046
CDR_002851,+917406772445,+919114168187,2024-03-12T11:48:15Z,1196,LOC_0093
CDR_002852,+916201711625,+918849524815,2024-11-15T12:44:32Z,1577,LOC_0147
CDR_002853,+917907050257,+916940299467,2026-06-19T12:17:14Z,320,LOC_0092
CDR_002854,+916383604911,+918232620908,2023-11-24T00:08:49Z,354,LOC_0024
CDR_002855,+919814051350,+916617485408,2025-02-04T20:30:58Z,2080,LOC_0148
CDR_002856,+918652628333,+918674461918,2024-10-24T02:56:43Z,1666,LOC_0092
CDR_002857,+919081149490,+918674461918,2025-04-10T21:09:29Z,202,LOC_0014
CDR_002858,+917244064601,+918517193451,2024-04-05T23:57:13Z,90,LOC_0037
CDR_002859,+918089575851,+917281346811,2024-08-28T14:45:04Z,247,LOC_0030
CDR_002860,+916707889594,+919783757459,2023-12-12T06:54:01Z,403,LOC_0100
CDR_002861,+919958659997,+918380098110,2025-01-02T05:12:40Z,1511,LOC_0024
CDR_002862,+919074007690,+918159374355,2023-01-31T01:20:37Z,888,LOC_0099
CDR_002863,+918161637381,+917160392103,2024-06-25T20:41:31Z,1936,LOC_0080
CDR_002864,+918082025057,+917205597858,2026-04-24T17:04:19Z,1949,LOC_0061
CDR_002865,+916679955714,+919801044279,2026-05-24T14:12:04Z,1852,LOC_0024
CDR_002866,+918423259574,+919187698891,2026-05-30T18:04:48Z,1504,LOC_0129
CDR_002867,+919978157818,+916088974176,2023-12-19T10:23:05Z,3531,LOC_0013
CDR_002868,+916201711625,+916089365072,2023-09-28T08:32:23Z,2430,LOC_0020
CDR_002869,+918666701128,+918321171058,2023-10-26T06:17:38Z,1672,LOC_0050
CDR_002870,+917861746627,+917916260187,2024-05-27T22:52:09Z,3385,LOC_0029
CDR_002871,+917773904836,+918087034313,2025-07-14T11:18:23Z,2723,LOC_0134
CDR_002872,+918825091118,+919073692775,2026-03-18T06:06:03Z,2954,LOC_0023
CDR_002873,+918373948273,+916869986241,2024-08-14T07:38:50Z,631,LOC_0060
CDR_002874,+918409083421,+919074007690,2024-07-17T18:57:56Z,156,LOC_0099
CDR_002875,+917149372498,+918987145791,2024-04-02T23:43:44Z,2286,LOC_0045
CDR_002876,+918737947824,+917542910061,2023-09-06T15:48:28Z,3543,LOC_0040
CDR_002877,+918824296704,+916179495626,2024-05-21T10:28:21Z,1157,LOC_0101
CDR_002878,+918912912223,+918606076280,2024-03-08T17:51:19Z,2029,LOC_0097
CDR_002879,+916877052144,+916811405047,2024-11-02T20:39:02Z,2470,LOC_0024
CDR_002880,+918473781261,+919829335496,2024-07-03T18:22:03Z,2442,LOC_0014
CDR_002881,+917152492014,+918781267374,2024-06-09T13:44:36Z,927,LOC_0091
CDR_002882,+917258964802,+919362450803,2026-07-18T00:52:48Z,840,LOC_0113
CDR_002883,+918308697931,+917022476958,2024-11-09T20:07:05Z,1742,LOC_0116
CDR_002884,+916779594723,+919812534646,2023-09-17T23:46:08Z,1681,LOC_0124
CDR_002885,+919400156805,+918144093270,2025-02-04T20:46:25Z,1250,LOC_0113
CDR_002886,+919640382786,+917409244959,2024-03-07T01:44:49Z,3301,LOC_0092
CDR_002887,+918949175145,+919274763284,2026-03-20T14:30:50Z,589,LOC_0076
CDR_002888,+917205839367,+918778509037,2024-07-13T06:34:52Z,2451,LOC_0110
CDR_002889,+916539280391,+919563493764,2024-07-22T21:42:15Z,1188,LOC_0116
CDR_002890,+916367640292,+918373948273,2024-08-06T05:27:49Z,1118,LOC_0059
CDR_002891,+916213286953,+918535484518,2025-08-17T01:47:28Z,3453,LOC_0102
CDR_002892,+917564547781,+918047867526,2023-10-21T16:04:54Z,1193,LOC_0131
CDR_002893,+917404951301,+918769290424,2023-12-12T01:02:04Z,288,LOC_0028
CDR_002894,+919689390899,+917013789043,2023-07-10T20:36:16Z,1430,LOC_0098
CDR_002895,+917451521111,+918998076115,2025-05-29T11:42:14Z,2474,LOC_0095
CDR_002896,+919779305645,+917290179231,2023-05-29T22:12:31Z,3168,LOC_0082
CDR_002897,+916797309341,+916437346137,2024-02-01T05:36:55Z,24,LOC_0024
CDR_002898,+919921773774,+917351021444,2025-11-17T01:10:22Z,3041,LOC_0067
CDR_002899,+919200658366,+918712510228,2024-12-23T20:02:19Z,2507,LOC_0016
CDR_002900,+918924542318,+918590682033,2026-07-25T09:15:49Z,2249,LOC_0007
CDR_002901,+918915952991,+916054695674,2024-01-10T07:41:32Z,1391,LOC_0135
CDR_002902,+918291612234,+917808590634,2025-02-19T20:20:51Z,2646,LOC_0058
CDR_002903,+918792983216,+917014944264,2024-05-13T04:03:41Z,1081,LOC_0144
CDR_002904,+917970632194,+918940739520,2026-04-04T04:57:14Z,2515,LOC_0115
CDR_002905,+916775643094,+917809923704,2026-04-14T04:15:11Z,3122,LOC_0124
CDR_002906,+918724585317,+916420854556,2024-06-26T20:06:31Z,3010,LOC_0075
CDR_002907,+916195355435,+916261148003,2025-06-21T09:47:37Z,2659,LOC_0015
CDR_002908,+918572171352,+917433479019,2024-08-20T10:38:14Z,2176,LOC_0043
CDR_002909,+916128591125,+918361581808,2024-09-18T22:47:19Z,2114,LOC_0066
CDR_002910,+917637632518,+916969934690,2025-11-09T17:59:39Z,2167,LOC_0084
CDR_002911,+916098655791,+919677963600,2025-03-22T16:05:00Z,3535,LOC_0111
CDR_002912,+919076337420,+919331818614,2026-03-31T05:16:45Z,1305,LOC_0060
CDR_002913,+917511211495,+917426596199,2023-06-16T04:57:51Z,1371,LOC_0136
CDR_002914,+916793631899,+919515645918,2024-09-19T16:12:41Z,1803,LOC_0134
CDR_002915,+918033445449,+919761760595,2024-02-11T06:53:27Z,1533,LOC_0028
CDR_002916,+918015372326,+917352126022,2023-12-12T13:26:04Z,2787,LOC_0041
CDR_002917,+918889673699,+916537443660,2025-01-19T06:47:47Z,295,LOC_0145
CDR_002918,+918862310586,+916069227038,2023-08-28T16:49:15Z,1906,LOC_0087
CDR_002919,+916842186354,+919106703986,2024-11-13T03:00:03Z,437,LOC_0006
CDR_002920,+918998458008,+917180955041,2026-02-05T04:47:02Z,3268,LOC_0095
CDR_002921,+919320036885,+916328681328,2024-08-22T02:07:39Z,785,LOC_0082
CDR_002922,+918144093270,+918930719057,2025-01-24T17:44:29Z,1442,LOC_0116
CDR_002923,+917176977900,+917023285481,2023-11-13T18:18:38Z,3341,LOC_0047
CDR_002924,+917743180954,+917676868646,2026-01-20T21:12:40Z,1011,LOC_0097
CDR_002925,+918386604692,+919960579149,2025-11-28T13:31:54Z,2590,LOC_0006
CDR_002926,+919701990020,+919003318664,2024-04-29T07:23:52Z,3310,LOC_0105
CDR_002927,+918586211674,+918180279805,2025-08-23T21:34:12Z,1980,LOC_0041
CDR_002928,+917714635390,+917988055189,2024-03-24T21:43:20Z,295,LOC_0015
CDR_002929,+917004122133,+918442691577,2025-02-04T22:52:11Z,1348,LOC_0136
CDR_002930,+916054914778,+919110874528,2025-06-01T19:24:07Z,3202,LOC_0057
CDR_002931,+917612816731,+919982435523,2025-07-07T17:40:06Z,1095,LOC_0011
CDR_002932,+917089448023,+918010986027,2024-12-09T11:12:03Z,322,LOC_0049
CDR_002933,+918640665603,+917531483679,2026-01-03T03:14:24Z,1989,LOC_0008
CDR_002934,+917210482937,+918712018738,2023-06-07T10:16:57Z,2171,LOC_0068
CDR_002935,+919046647159,+918221688140,2025-07-07T04:17:56Z,238,LOC_0142
CDR_002936,+916398474792,+917930172860,2026-05-27T06:28:25Z,2864,LOC_0060
CDR_002937,+918435856503,+918809299600,2025-09-16T12:01:38Z,437,LOC_0107
CDR_002938,+918360277484,+916383604911,2024-11-26T01:26:57Z,1418,LOC_0044
CDR_002939,+916972128295,+918478872199,2024-10-04T18:50:05Z,198,LOC_0022
CDR_002940,+918778509037,+916860125163,2024-09-12T22:25:54Z,2615,LOC_0114
CDR_002941,+916493012661,+919057767497,2023-03-22T01:25:47Z,11,LOC_0119
CDR_002942,+918711639209,+917580205025,2025-03-08T21:39:51Z,887,LOC_0034
CDR_002943,+919829335496,+917996025623,2025-11-15T11:38:14Z,2827,LOC_0102
CDR_002944,+919538760086,+918883048433,2025-04-25T08:27:01Z,40,LOC_0097
CDR_002945,+917526678932,+916337605742,2025-03-29T02:50:19Z,1392,LOC_0063
CDR_002946,+919359506482,+917762054424,2023-01-11T01:20:17Z,2051,LOC_0016
CDR_002947,+917300312565,+916580310006,2023-01-10T14:04:35Z,618,LOC_0036
CDR_002948,+917408091983,+919041538490,2023-09-20T22:59:38Z,2881,LOC_0102
CDR_002949,+918449720786,+919632690501,2025-08-11T21:21:15Z,176,LOC_0082
CDR_002950,+919252811795,+918432790994,2023-07-09T08:33:45Z,3413,LOC_0020
CDR_002951,+916120133063,+916368244826,2026-02-14T03:12:36Z,1556,LOC_0145
CDR_002952,+917248015331,+917737551584,2026-02-02T05:43:01Z,2413,LOC_0029
CDR_002953,+916284530257,+918808155776,2024-12-20T13:24:54Z,1792,LOC_0133
CDR_002954,+917260459282,+916964151220,2023-03-03T14:51:35Z,3440,LOC_0029
CDR_002955,+918692246047,+919252579672,2024-04-18T16:04:32Z,330,LOC_0021
CDR_002956,+918476098565,+919512836993,2026-07-22T14:18:47Z,740,LOC_0144
CDR_002957,+917104570218,+918639151858,2024-07-17T14:13:32Z,464,LOC_0146
CDR_002958,+919538760086,+916983590548,2026-04-15T19:53:13Z,558,LOC_0085
CDR_002959,+918285488356,+918581527840,2024-08-22T20:33:33Z,502,LOC_0111
CDR_002960,+917590239196,+919223624529,2023-06-18T14:57:13Z,262,LOC_0125
CDR_002961,+919168819811,+919924462352,2026-06-16T13:15:06Z,1343,LOC_0065
CDR_002962,+916457783056,+916876353362,2024-08-29T13:58:00Z,1299,LOC_0084
CDR_002963,+918432790994,+919276966820,2026-01-01T21:39:44Z,1133,LOC_0041
CDR_002964,+916348163949,+917762306443,2025-10-27T12:25:57Z,3252,LOC_0037
CDR_002965,+918586190457,+917167633175,2025-09-15T18:57:19Z,2154,LOC_0013
CDR_002966,+919341789294,+918089575851,2024-06-20T09:21:56Z,2535,LOC_0085
CDR_002967,+916955019690,+917205839367,2024-04-02T08:00:03Z,585,LOC_0065
CDR_002968,+917382283488,+916173010491,2024-10-12T18:51:08Z,886,LOC_0063
CDR_002969,+916790558940,+918061440088,2023-12-19T20:35:24Z,477,LOC_0119
CDR_002970,+917397569678,+916553260471,2024-03-22T14:07:45Z,2066,LOC_0114
CDR_002971,+916896194129,+919007744409,2025-12-02T02:58:59Z,800,LOC_0040
CDR_002972,+916955019690,+916494270721,2023-01-26T20:06:22Z,1645,LOC_0024
CDR_002973,+917152492014,+916509173023,2026-05-30T20:04:38Z,2616,LOC_0034
CDR_002974,+916054914778,+917766426225,2023-06-14T10:59:49Z,3192,LOC_0135
CDR_002975,+916465578258,+917638802005,2024-10-22T16:45:43Z,3411,LOC_0119
CDR_002976,+916797309341,+918267074575,2025-03-15T18:46:36Z,689,LOC_0046
CDR_002977,+919661734239,+918654191036,2025-05-11T14:27:27Z,49,LOC_0128
CDR_002978,+917558287806,+916427205530,2023-04-06T23:21:52Z,184,LOC_0077
CDR_002979,+917376265912,+916774268185,2023-12-24T21:36:36Z,133,LOC_0149
CDR_002980,+916616423848,+918369496447,2024-08-31T00:43:55Z,3556,LOC_0115
CDR_002981,+917158988822,+919667299965,2025-05-31T19:50:55Z,1554,LOC_0009
CDR_002982,+917766215487,+918379735122,2026-05-15T09:17:23Z,2909,LOC_0112
CDR_002983,+917382283488,+918035280879,2025-08-05T12:20:33Z,2455,LOC_0018
CDR_002984,+916926059797,+917743180954,2024-02-04T06:20:35Z,3249,LOC_0127
CDR_002985,+917864326250,+919450315857,2024-04-07T14:59:00Z,3370,LOC_0084
CDR_002986,+916983590548,+916553260471,2025-09-18T00:30:06Z,2061,LOC_0068
CDR_002987,+917251961948,+917596371622,2024-06-18T15:40:40Z,1921,LOC_0119
CDR_002988,+919518268770,+916120019264,2025-12-04T13:30:49Z,3344,LOC_0116
CDR_002989,+918391568856,+919964496896,2023-11-03T20:06:11Z,1048,LOC_0043
CDR_002990,+919920098784,+917140651959,2026-03-05T11:03:31Z,2388,LOC_0055
CDR_002991,+916554975640,+919667299965,2025-03-20T12:55:53Z,3482,LOC_0119
CDR_002992,+919363510233,+916516612288,2026-05-01T07:59:03Z,3186,LOC_0045
CDR_002993,+916503400821,+916167893174,2024-10-24T03:44:57Z,1317,LOC_0066
CDR_002994,+916118854361,+917150724227,2024-03-25T18:30:26Z,529,LOC_0128
CDR_002995,+916655851097,+917502077414,2026-04-11T20:14:05Z,3277,LOC_0075
CDR_002996,+919680791091,+919964932788,2024-06-16T11:05:27Z,2577,LOC_0071
CDR_002997,+916891986607,+916476003514,2023-10-21T18:20:08Z,2993,LOC_0008
CDR_002998,+919477005482,+918079500806,2025-09-26T04:15:02Z,415,LOC_0077
CDR_002999,+917690290029,+916811147196,2024-10-07T19:02:43Z,1341,LOC_0145
CDR_003000,+919850045517,+916517376881,2023-11-09T14:59:11Z,2274,LOC_0142
CDR_003001,+918369899340,+919363510233,2023-07-31T23:14:09Z,1024,LOC_0079
CDR_003002,+918261195798,+916858932011,2023-12-06T05:10:07Z,1434,LOC_0100
CDR_003003,+918369496447,+919329701564,2026-06-10T19:50:23Z,668,LOC_0034
CDR_003004,+916473264907,+916922854141,2026-02-14T15:54:56Z,3139,LOC_0107
CDR_003005,+917561569542,+917224224246,2025-11-08T02:54:24Z,1514,LOC_0078
CDR_003006,+916506651617,+917922583478,2023-08-20T02:08:13Z,2726,LOC_0002
CDR_003007,+917400500857,+916427205530,2025-04-30T00:18:26Z,7,LOC_0029
CDR_003008,+917365591754,+917782638028,2026-06-11T11:25:58Z,2608,LOC_0120
CDR_003009,+917215861114,+918683316346,2023-04-24T18:01:41Z,3250,LOC_0020
CDR_003010,+916416127433,+917410688654,2024-12-10T19:40:52Z,1978,LOC_0003
CDR_003011,+918656434573,+919117963765,2023-05-19T11:36:03Z,476,LOC_0021
CDR_003012,+916354828271,+916369382071,2023-06-17T16:51:50Z,2612,LOC_0098
CDR_003013,+917612816731,+917264944407,2023-04-18T09:29:13Z,1453,LOC_0063
CDR_003014,+919172900312,+918925158297,2023-09-07T06:18:29Z,2252,LOC_0019
CDR_003015,+916518351152,+918035354181,2025-04-27T04:25:40Z,1900,LOC_0104
CDR_003016,+917184650635,+916914625337,2025-06-15T02:44:03Z,3182,LOC_0017
CDR_003017,+919661352590,+917365591754,2025-07-21T06:55:51Z,1842,LOC_0094
CDR_003018,+917351021444,+917294831357,2024-11-13T05:30:00Z,3364,LOC_0036
CDR_003019,+916592681126,+917926216462,2023-04-10T23:17:50Z,162,LOC_0143
CDR_003020,+918246663276,+917986099771,2023-02-17T06:25:19Z,2644,LOC_0149
CDR_003021,+919265568728,+916452988831,2023-12-10T05:58:49Z,66,LOC_0010
CDR_003022,+917595440130,+916427683935,2025-01-28T06:30:04Z,927,LOC_0036
CDR_003023,+919842941932,+917428785242,2024-08-05T15:38:05Z,1380,LOC_0102
CDR_003024,+919814051350,+918835659453,2023-08-15T20:36:54Z,1833,LOC_0106
CDR_003025,+916940299467,+918203858241,2025-05-10T00:02:08Z,39,LOC_0135
CDR_003026,+918447715974,+917154459322,2023-11-04T01:42:50Z,680,LOC_0101
CDR_003027,+918991213165,+918369496447,2026-02-18T06:01:15Z,932,LOC_0026
CDR_003028,+919347894979,+918478872199,2024-01-18T21:35:25Z,329,LOC_0016
CDR_003029,+918221688140,+918380098110,2023-12-22T05:55:20Z,3525,LOC_0129
CDR_003030,+918435856503,+916498319477,2024-03-05T06:00:06Z,450,LOC_0069
CDR_003031,+917950244847,+918012143631,2026-01-25T08:32:27Z,1200,LOC_0035
CDR_003032,+916999320584,+917400500857,2023-02-17T17:58:40Z,3257,LOC_0097
CDR_003033,+916764557476,+916983590548,2026-02-08T20:22:25Z,1567,LOC_0029
CDR_003034,+918692246047,+917627460852,2025-02-25T08:57:08Z,3010,LOC_0052
CDR_003035,+916477096961,+917580205025,2024-10-03T14:52:11Z,2041,LOC_0077
CDR_003036,+918526469228,+918232620908,2026-02-02T04:55:45Z,2442,LOC_0081
CDR_003037,+919117963765,+918932339303,2024-07-06T15:50:36Z,2185,LOC_0073
CDR_003038,+917988055189,+917861746627,2024-02-08T05:16:35Z,1013,LOC_0143
CDR_003039,+916111635207,+918138571816,2025-01-28T23:11:02Z,3597,LOC_0087
CDR_003040,+916267119789,+917687430058,2025-07-04T15:46:51Z,1988,LOC_0042
CDR_003041,+916546674084,+919964932788,2024-06-02T10:21:15Z,3350,LOC_0118
CDR_003042,+916321165294,+919001004149,2025-07-04T21:56:35Z,2229,LOC_0046
CDR_003043,+917526393650,+916110296578,2024-06-11T23:09:24Z,1417,LOC_0076
CDR_003044,+918649735743,+917828376268,2024-03-10T06:59:13Z,625,LOC_0032
CDR_003045,+916867290276,+919585190250,2023-06-25T04:11:33Z,1234,LOC_0103
CDR_003046,+917885956471,+918864985663,2026-03-28T06:39:38Z,3403,LOC_0122
CDR_003047,+916900925556,+916228463400,2024-05-14T18:42:26Z,3282,LOC_0072
CDR_003048,+916716980913,+917267221594,2025-05-29T01:11:48Z,3031,LOC_0009
CDR_003049,+916038069463,+917523392144,2025-12-28T19:02:13Z,2544,LOC_0140
CDR_003050,+919029934995,+916811147196,2023-07-18T22:09:05Z,3052,LOC_0111
CDR_003051,+916486115413,+916201711625,2026-05-04T09:22:09Z,885,LOC_0061
CDR_003052,+917011968176,+919630302254,2026-05-29T15:07:10Z,993,LOC_0003
CDR_003053,+917384789235,+917898721574,2025-09-03T20:40:37Z,528,LOC_0089
CDR_003054,+917694562195,+916128924554,2025-07-13T01:28:33Z,1375,LOC_0047
CDR_003055,+918712510228,+918291612234,2024-09-13T20:41:28Z,2844,LOC_0053
CDR_003056,+917149372498,+918629897176,2025-11-04T00:02:38Z,3062,LOC_0056
CDR_003057,+917812495724,+916522773527,2026-06-23T09:10:11Z,1474,LOC_0041
CDR_003058,+917834428050,+917156403157,2025-04-04T14:57:38Z,2951,LOC_0126
CDR_003059,+917145119397,+917864326250,2023-12-10T03:07:23Z,394,LOC_0030
CDR_003060,+916213816205,+918991213165,2024-06-29T08:17:56Z,504,LOC_0126
CDR_003061,+917475998631,+918149094710,2023-11-17T09:08:41Z,1499,LOC_0143
CDR_003062,+917248015331,+919576333768,2023-08-09T16:43:27Z,1209,LOC_0145
CDR_003063,+916261148003,+916201711625,2023-07-13T03:25:05Z,1384,LOC_0023
CDR_003064,+918380098110,+917575103101,2025-06-18T16:01:33Z,1270,LOC_0080
CDR_003065,+918945328818,+918857274115,2025-02-08T16:32:01Z,2248,LOC_0122
CDR_003066,+917429633718,+919441693196,2023-04-17T07:35:16Z,951,LOC_0083
CDR_003067,+919057945892,+919529867456,2024-06-25T10:31:09Z,2857,LOC_0132
CDR_003068,+918728591473,+917820357559,2023-05-11T05:13:11Z,236,LOC_0090
CDR_003069,+918254694587,+919013231659,2026-04-13T02:59:16Z,3183,LOC_0045
CDR_003070,+916283293302,+917411844389,2023-09-05T01:47:10Z,2960,LOC_0124
CDR_003071,+917433479019,+916653936235,2024-10-21T11:38:04Z,3224,LOC_0072
CDR_003072,+917627460852,+918755969088,2026-04-24T17:42:56Z,832,LOC_0032
CDR_003073,+916663839732,+919811215239,2026-04-06T20:57:43Z,636,LOC_0001
CDR_003074,+917745177124,+917636767626,2025-08-15T12:32:25Z,583,LOC_0141
CDR_003075,+918156834290,+919525113411,2025-04-08T19:32:59Z,2713,LOC_0122
CDR_003076,+916874195977,+919574933679,2023-08-26T22:35:31Z,2735,LOC_0121
CDR_003077,+919076337420,+916535244065,2023-06-09T20:21:41Z,1293,LOC_0057
CDR_003078,+919759823710,+917788007547,2024-11-14T02:39:29Z,3241,LOC_0036
CDR_003079,+918241790651,+918489235583,2024-11-13T20:53:48Z,3532,LOC_0091
CDR_003080,+918432790994,+916779594723,2024-08-06T07:40:32Z,2527,LOC_0027
CDR_003081,+916834443750,+916119791902,2026-02-12T09:26:27Z,2243,LOC_0081
CDR_003082,+919965627504,+918945420528,2024-05-27T01:30:07Z,2320,LOC_0071
CDR_003083,+919174859715,+917896312622,2024-10-15T00:35:06Z,1174,LOC_0147
CDR_003084,+916890656381,+917382219816,2023-06-04T08:00:42Z,3141,LOC_0022
CDR_003085,+916383060868,+919438177052,2024-08-15T16:07:26Z,3104,LOC_0139
CDR_003086,+919491241190,+918548600919,2023-02-14T06:00:33Z,701,LOC_0100
CDR_003087,+919812126034,+918656434573,2025-03-15T12:36:59Z,174,LOC_0101
CDR_003088,+917988055189,+918208691233,2026-01-16T21:42:07Z,1010,LOC_0105
CDR_003089,+916283537782,+919505899440,2023-12-25T16:24:32Z,2809,LOC_0095
CDR_003090,+917453003039,+918817212424,2024-05-20T09:27:58Z,3556,LOC_0044
CDR_003091,+918774190383,+916486115413,2025-10-20T23:49:24Z,369,LOC_0110
CDR_003092,+919295893248,+919498894110,2023-05-25T21:28:48Z,821,LOC_0016
CDR_003093,+917523392144,+918606996024,2026-05-26T23:41:46Z,2545,LOC_0132
CDR_003094,+917281346811,+916498319477,2025-10-03T14:38:13Z,2749,LOC_0075
CDR_003095,+918926773184,+918835659453,2025-11-24T20:27:13Z,1321,LOC_0070
CDR_003096,+918990913497,+917627460852,2023-02-16T01:37:11Z,21,LOC_0119
CDR_003097,+918481973488,+919057767497,2026-04-30T16:05:55Z,1385,LOC_0116
CDR_003098,+919645019830,+918078381873,2024-03-28T01:36:12Z,501,LOC_0076
CDR_003099,+919850486204,+916038069463,2023-06-05T18:36:01Z,2058,LOC_0054
CDR_003100,+916335954600,+918584467005,2024-01-15T19:04:53Z,826,LOC_0045
CDR_003101,+918509666281,+918440361275,2026-05-04T20:42:44Z,997,LOC_0111
CDR_003102,+916849651876,+917564547781,2024-05-31T13:10:41Z,1875,LOC_0091
CDR_003103,+918831490250,+916468944111,2026-06-17T22:23:57Z,1560,LOC_0104
CDR_003104,+918023321653,+917773541214,2023-04-01T15:41:16Z,770,LOC_0087
CDR_003105,+917974208537,+916731908588,2026-01-22T00:49:46Z,1568,LOC_0110
CDR_003106,+918032640310,+919103002206,2024-08-23T11:46:08Z,2362,LOC_0092
CDR_003107,+916991372057,+919452692504,2024-07-14T20:02:58Z,2920,LOC_0038
CDR_003108,+918032640310,+917057238139,2023-03-15T09:43:13Z,1728,LOC_0132
CDR_003109,+918603481095,+917231663777,2024-08-01T14:01:33Z,1422,LOC_0054
CDR_003110,+919054368419,+916699730242,2026-03-31T15:47:45Z,1048,LOC_0128
CDR_003111,+917096326544,+916089365072,2025-10-04T10:10:52Z,2909,LOC_0067
CDR_003112,+919553043688,+917463733306,2025-11-10T16:10:22Z,1119,LOC_0004
CDR_003113,+918033445449,+918724585317,2023-10-31T16:33:30Z,2334,LOC_0112
CDR_003114,+919954149831,+918889673699,2025-03-10T17:02:00Z,3461,LOC_0054
CDR_003115,+918388260217,+917629196971,2026-05-08T10:54:33Z,3166,LOC_0100
CDR_003116,+918106074066,+918168568631,2023-01-09T07:18:08Z,280,LOC_0142
CDR_003117,+918733074647,+918079500806,2023-01-13T00:11:40Z,2108,LOC_0125
CDR_003118,+917812495724,+919110874528,2025-09-09T01:20:58Z,892,LOC_0136
CDR_003119,+918026160767,+919307777078,2025-07-09T06:53:58Z,887,LOC_0149
CDR_003120,+917150724227,+916328681328,2023-08-14T09:33:30Z,1957,LOC_0021
CDR_003121,+916877175367,+919376604904,2025-02-24T23:18:27Z,2431,LOC_0148
CDR_003122,+918945328818,+918440808550,2026-07-30T11:04:35Z,3511,LOC_0028
CDR_003123,+919254125195,+916118854361,2025-01-12T08:27:46Z,3590,LOC_0033
CDR_003124,+917466019993,+918658772734,2024-05-31T11:27:07Z,16,LOC_0025
CDR_003125,+918924542318,+918144093270,2024-12-23T21:44:56Z,3023,LOC_0093
CDR_003126,+918386883320,+918048497671,2026-03-02T11:45:34Z,37,LOC_0027
CDR_003127,+917426596199,+917145119397,2025-03-18T16:09:23Z,1770,LOC_0113
CDR_003128,+919702276600,+919812126034,2023-07-15T22:51:48Z,1690,LOC_0034
CDR_003129,+917814355114,+917262991125,2026-04-30T20:18:03Z,359,LOC_0086
CDR_003130,+916119791902,+917762306443,2025-08-12T20:40:20Z,925,LOC_0044
CDR_003131,+919661734239,+916089365072,2026-05-21T12:52:29Z,3420,LOC_0104
CDR_003132,+916908355009,+916786427950,2026-05-17T20:37:41Z,3074,LOC_0021
CDR_003133,+918629897176,+918654191036,2023-11-09T02:41:07Z,323,LOC_0053
CDR_003134,+918535484518,+917849145121,2026-04-07T15:54:32Z,3297,LOC_0118
CDR_003135,+916071426604,+916092098088,2024-01-18T02:41:27Z,478,LOC_0062
CDR_003136,+917191405559,+919958659997,2026-01-12T21:45:35Z,3253,LOC_0126
CDR_003137,+918737947824,+918032640310,2026-05-27T22:04:31Z,751,LOC_0089
CDR_003138,+917628199646,+918862310586,2024-01-19T18:14:40Z,2019,LOC_0109
CDR_003139,+918553162493,+916549034032,2023-04-08T06:14:50Z,385,LOC_0133
CDR_003140,+918197612808,+916553260471,2024-11-10T07:29:53Z,3091,LOC_0109
CDR_003141,+916288884955,+917184650635,2023-06-21T06:26:11Z,1575,LOC_0055
CDR_003142,+917402480930,+918864985663,2024-12-09T00:00:40Z,699,LOC_0121
CDR_003143,+917787786836,+918592473405,2024-01-27T05:00:07Z,2195,LOC_0050
CDR_003144,+918658772734,+918369899340,2025-04-11T02:24:34Z,385,LOC_0050
CDR_003145,+916013248527,+919942866138,2023-12-30T22:20:51Z,3217,LOC_0086
CDR_003146,+918390864624,+916798534963,2023-11-10T07:22:56Z,1165,LOC_0103
CDR_003147,+917218101886,+916849872844,2024-04-28T09:04:06Z,2432,LOC_0107
CDR_003148,+917922583478,+918551421745,2024-11-16T00:51:24Z,1339,LOC_0115
CDR_003149,+916457783056,+918481973488,2026-03-03T03:56:13Z,1216,LOC_0110
CDR_003150,+916098899199,+917251961948,2026-01-06T04:13:28Z,1041,LOC_0138
CDR_003151,+919272555625,+919614631486,2025-03-11T11:06:20Z,3475,LOC_0126
CDR_003152,+917463121724,+916427205530,2025-05-16T09:29:18Z,2706,LOC_0046
CDR_003153,+917812495724,+918235400336,2024-05-27T12:20:21Z,1340,LOC_0131
CDR_003154,+919515645918,+916205446492,2025-01-01T18:52:39Z,1149,LOC_0011
CDR_003155,+917694562195,+919397402104,2023-12-05T13:21:08Z,3156,LOC_0017
CDR_003156,+918060106614,+918577335953,2023-11-20T02:42:47Z,1276,LOC_0098
CDR_003157,+918940739520,+917292304779,2025-04-27T08:17:21Z,2891,LOC_0107
CDR_003158,+918831060255,+917351112065,2025-08-20T14:34:08Z,2309,LOC_0110
CDR_003159,+917609324972,+917790556687,2025-01-31T18:59:04Z,3237,LOC_0069
CDR_003160,+919574933679,+917368329940,2025-02-03T05:32:14Z,325,LOC_0059
CDR_003161,+918990913497,+917095920639,2023-09-14T20:21:39Z,1395,LOC_0062
CDR_003162,+916086561545,+917534138301,2026-07-22T10:17:48Z,2856,LOC_0064
CDR_003163,+917167633175,+916383060868,2023-02-09T15:07:45Z,1741,LOC_0095
CDR_003164,+918221688140,+916619962132,2025-08-06T23:09:03Z,2996,LOC_0115
CDR_003165,+916692447546,+917154459322,2024-07-23T14:59:13Z,1732,LOC_0041
CDR_003166,+917993550742,+918048497671,2026-06-24T17:00:42Z,2048,LOC_0013
CDR_003167,+917761349189,+919190533614,2023-12-29T02:27:54Z,881,LOC_0097
CDR_003168,+918409083421,+917904383663,2025-01-26T12:24:52Z,1865,LOC_0066
CDR_003169,+917834428050,+919376604904,2023-02-21T23:54:43Z,3537,LOC_0144
CDR_003170,+918709582850,+917407377479,2025-06-28T09:39:18Z,1926,LOC_0032
CDR_003171,+919556012519,+916886084049,2023-10-16T22:57:30Z,2891,LOC_0015
CDR_003172,+917218101886,+919632690501,2025-11-08T18:39:30Z,1132,LOC_0010
CDR_003173,+917404951301,+916120019264,2024-06-04T22:04:45Z,3024,LOC_0131
CDR_003174,+916437346137,+916128591125,2026-02-17T08:17:36Z,2807,LOC_0030
CDR_003175,+918769290424,+916766829608,2025-12-03T23:11:30Z,2994,LOC_0035
CDR_003176,+919879030194,+917004122133,2023-05-04T20:43:10Z,2726,LOC_0003
CDR_003177,+916297465366,+919759823710,2024-09-04T22:32:29Z,1157,LOC_0112
CDR_003178,+917176226755,+917466019993,2025-02-18T03:30:47Z,1097,LOC_0122
CDR_003179,+918126746095,+917687430058,2025-02-13T04:59:36Z,2938,LOC_0120
CDR_003180,+916175892199,+917498230953,2025-03-06T08:26:06Z,1252,LOC_0090
CDR_003181,+916632604586,+916852864391,2025-12-30T11:09:30Z,2975,LOC_0126
CDR_003182,+918237222263,+918062413300,2024-12-23T17:30:32Z,2874,LOC_0149
CDR_003183,+916128591125,+919141962771,2023-06-03T17:15:27Z,1202,LOC_0023
CDR_003184,+919127220285,+919431704416,2024-04-01T06:15:03Z,1711,LOC_0018
CDR_003185,+917427799501,+917376265912,2023-03-26T03:15:46Z,1543,LOC_0046
CDR_003186,+917218987399,+919398794286,2026-01-19T23:47:28Z,2344,LOC_0091
CDR_003187,+917466019993,+917300312565,2025-04-17T03:59:19Z,3528,LOC_0053
CDR_003188,+916420854556,+917371523398,2025-11-07T18:08:35Z,2121,LOC_0102
CDR_003189,+918339220005,+919954149831,2024-10-23T05:42:00Z,2225,LOC_0147
CDR_003190,+917304147917,+916457783056,2023-08-15T23:01:22Z,77,LOC_0006
CDR_003191,+919738550295,+917526393650,2024-08-21T11:45:37Z,3323,LOC_0085
CDR_003192,+918952647739,+916086561545,2023-12-21T16:06:58Z,208,LOC_0082
CDR_003193,+916208954648,+919113804499,2023-05-26T16:27:41Z,400,LOC_0070
CDR_003194,+917987249301,+918739872850,2026-02-14T17:56:32Z,1819,LOC_0105
CDR_003195,+919224351311,+919376604904,2026-06-06T22:04:37Z,918,LOC_0056
CDR_003196,+916786427950,+916319718936,2026-07-27T13:58:20Z,2310,LOC_0073
CDR_003197,+918314847294,+919224351311,2025-01-10T00:59:10Z,1795,LOC_0014
CDR_003198,+917727175965,+919322937931,2026-03-15T22:47:01Z,2338,LOC_0107
CDR_003199,+919900803267,+916491650481,2025-04-18T18:30:24Z,1112,LOC_0146
CDR_003200,+919925678450,+919852775860,2025-01-12T07:40:03Z,225,LOC_0078
CDR_003201,+916272723132,+919073692775,2025-03-21T03:14:19Z,1742,LOC_0139
CDR_003202,+918744125013,+919701033334,2023-04-19T12:33:45Z,592,LOC_0146
CDR_003203,+917970632194,+919576333768,2025-02-01T14:35:53Z,1548,LOC_0039
CDR_003204,+917107337642,+916674279418,2023-11-01T17:23:32Z,1378,LOC_0077
CDR_003205,+918581527840,+916377188000,2024-09-19T15:12:11Z,3079,LOC_0018
CDR_003206,+919475395721,+919692414917,2023-07-07T04:17:50Z,1415,LOC_0051
CDR_003207,+916707889594,+916054695674,2025-08-31T21:41:16Z,788,LOC_0078
CDR_003208,+916874195977,+916328681328,2025-06-14T09:03:29Z,3559,LOC_0093
CDR_003209,+916858932011,+918577335953,2023-10-04T21:43:34Z,3569,LOC_0013
CDR_003210,+917145119397,+916886084049,2026-04-04T21:09:11Z,1363,LOC_0148
CDR_003211,+917993550742,+918035280879,2023-03-16T03:36:41Z,3194,LOC_0008
CDR_003212,+916522773527,+916781616736,2023-06-11T13:27:56Z,2779,LOC_0116
CDR_003213,+917145119397,+919363510233,2024-09-20T07:06:29Z,2939,LOC_0065
CDR_003214,+916437346137,+917677693197,2026-05-24T23:46:35Z,2015,LOC_0064
CDR_003215,+917463121724,+916786585993,2023-11-14T18:26:29Z,1229,LOC_0039
CDR_003216,+917834428050,+916213816205,2024-03-30T03:47:39Z,2570,LOC_0113
CDR_003217,+917800902537,+917434751674,2025-06-08T02:33:03Z,1980,LOC_0101
CDR_003218,+917697821614,+918632521028,2026-03-26T01:33:47Z,1972,LOC_0121
CDR_003219,+918717124135,+918553162493,2026-06-19T10:02:50Z,3010,LOC_0076
CDR_003220,+916525394346,+916834443750,2025-08-05T03:12:44Z,732,LOC_0026
CDR_003221,+917234182744,+918445685199,2025-02-07T23:22:28Z,561,LOC_0127
CDR_003222,+916308978453,+918077559531,2026-04-06T10:03:56Z,551,LOC_0021
CDR_003223,+918060106614,+917095920639,2025-01-15T21:03:19Z,3145,LOC_0087
CDR_003224,+919168819811,+916972128295,2025-11-28T08:00:54Z,2329,LOC_0108
CDR_003225,+917761349189,+916775907148,2023-12-16T09:20:18Z,593,LOC_0071
CDR_003226,+918952647739,+918545365683,2026-02-02T16:23:34Z,1129,LOC_0100
CDR_003227,+916775907148,+917404951301,2024-10-14T01:15:42Z,2868,LOC_0082
CDR_003228,+917290179231,+919911316017,2024-09-07T18:40:10Z,1611,LOC_0044
CDR_003229,+919076337420,+917290179231,2024-03-05T07:08:39Z,1442,LOC_0124
CDR_003230,+919073784537,+916612559057,2024-05-06T12:46:03Z,2831,LOC_0137
CDR_003231,+917411844389,+919790739390,2024-11-08T02:36:16Z,672,LOC_0055
CDR_003232,+918852128598,+917426596199,2024-07-31T22:28:53Z,2857,LOC_0115
CDR_003233,+916832488843,+917466019993,2025-11-16T06:36:34Z,1901,LOC_0032
CDR_003234,+916319718936,+917640993275,2025-06-12T13:50:08Z,2424,LOC_0147
CDR_003235,+917558287806,+916607813459,2025-07-28T21:56:03Z,3231,LOC_0023
CDR_003236,+918954600756,+918717352279,2026-01-25T12:29:20Z,3047,LOC_0123
CDR_003237,+919509154515,+919848090287,2026-03-14T08:38:26Z,2009,LOC_0003
CDR_003238,+919509154515,+918235400336,2023-09-24T01:08:27Z,2653,LOC_0113
CDR_003239,+917575967938,+916612559057,2026-04-18T17:13:04Z,663,LOC_0071
CDR_003240,+916092624498,+918912912223,2023-10-12T08:10:16Z,1817,LOC_0130
CDR_003241,+919468434391,+917248015331,2023-01-01T02:54:21Z,2869,LOC_0003
CDR_003242,+919168848623,+916518784128,2025-04-26T18:44:56Z,2040,LOC_0129
CDR_003243,+919441494580,+917564547781,2024-10-14T12:23:29Z,3212,LOC_0074
CDR_003244,+917026972351,+918060106614,2026-07-18T18:55:37Z,2315,LOC_0079
CDR_003245,+917262991125,+919347894979,2025-10-20T05:39:26Z,3129,LOC_0139
CDR_003246,+919450315857,+918732446042,2025-09-29T19:15:36Z,3005,LOC_0078
CDR_003247,+918607483282,+917828376268,2025-03-05T03:00:49Z,1997,LOC_0070
CDR_003248,+917352126022,+918130006033,2025-12-21T12:18:02Z,735,LOC_0002
CDR_003249,+918008116195,+918526472243,2023-08-08T09:03:28Z,688,LOC_0097
CDR_003250,+918857274115,+917651961479,2025-02-17T14:21:20Z,1933,LOC_0007
CDR_003251,+917731709641,+916889915488,2024-12-31T19:10:54Z,1508,LOC_0096
CDR_003252,+919110019797,+918934842114,2024-07-25T17:30:01Z,3224,LOC_0074
CDR_003253,+916303044487,+917224224246,2025-12-31T10:46:22Z,2846,LOC_0099
CDR_003254,+916157771113,+919307451625,2023-01-07T14:41:58Z,2380,LOC_0037
CDR_003255,+916539280391,+919228438569,2024-03-23T04:33:14Z,845,LOC_0005
CDR_003256,+918551421745,+917533491749,2023-12-12T15:23:23Z,533,LOC_0039
CDR_003257,+918447715974,+917502043261,2024-12-16T08:29:35Z,1523,LOC_0005
CDR_003258,+918239704894,+919164829267,2023-08-03T13:37:27Z,675,LOC_0108
CDR_003259,+917834532707,+916092624498,2026-03-14T21:54:49Z,982,LOC_0096
CDR_003260,+916337605742,+917473713393,2024-03-12T21:35:26Z,3438,LOC_0081
CDR_003261,+916549034032,+918047867526,2025-09-27T21:10:14Z,1821,LOC_0060
CDR_003262,+917696227959,+919508331976,2026-04-11T07:13:37Z,2340,LOC_0039
CDR_003263,+918553162493,+916612559057,2024-10-17T09:05:45Z,731,LOC_0038
CDR_003264,+917788007547,+917642272651,2025-02-02T05:26:42Z,1800,LOC_0110
CDR_003265,+916955019690,+916823264888,2025-05-12T20:07:21Z,628,LOC_0129
CDR_003266,+919637667342,+919076337420,2023-04-20T03:45:24Z,254,LOC_0013
CDR_003267,+918879534353,+916651420194,2024-05-06T02:00:29Z,2157,LOC_0136
CDR_003268,+916418653917,+919680791091,2024-02-28T20:02:52Z,468,LOC_0118
CDR_003269,+918244034945,+916533891998,2024-01-07T17:19:57Z,2453,LOC_0100
CDR_003270,+919320036885,+917053633420,2025-07-25T19:09:46Z,1006,LOC_0058
CDR_003271,+918118679324,+917407377479,2024-01-17T19:00:39Z,2075,LOC_0051
CDR_003272,+917248015331,+917848222489,2024-11-24T00:06:07Z,3359,LOC_0110
CDR_003273,+916452826172,+917434751674,2023-11-23T14:43:42Z,2264,LOC_0103
CDR_003274,+917328533462,+916091438352,2026-05-13T15:46:11Z,2173,LOC_0039
CDR_003275,+917281406275,+919784972278,2023-07-10T16:50:12Z,1837,LOC_0054
CDR_003276,+919187526779,+918595746889,2025-04-16T13:33:03Z,424,LOC_0097
CDR_003277,+918021635448,+917463733306,2026-02-27T20:45:59Z,586,LOC_0064
CDR_003278,+918261195798,+918849524815,2025-02-01T23:35:45Z,3315,LOC_0061
CDR_003279,+916918145589,+919515645918,2025-01-31T22:43:51Z,958,LOC_0093
CDR_003280,+916420854556,+919304435774,2025-06-19T15:10:40Z,2477,LOC_0134
CDR_003281,+918443214578,+918371470157,2025-03-13T05:18:13Z,1052,LOC_0104
CDR_003282,+916491650481,+918855475644,2023-11-02T23:35:30Z,859,LOC_0075
CDR_003283,+916201711625,+916486115413,2026-07-25T08:36:20Z,3199,LOC_0090
CDR_003284,+919272659618,+917678103394,2024-09-05T00:09:18Z,1904,LOC_0040
CDR_003285,+916869986241,+916330992932,2025-10-26T09:59:01Z,2590,LOC_0112
CDR_003286,+919779305645,+916118854361,2023-05-17T23:27:45Z,236,LOC_0116
CDR_003287,+918398200084,+917523392144,2024-12-10T18:45:41Z,3040,LOC_0114
CDR_003288,+919013231659,+918658772734,2024-11-19T09:32:49Z,2752,LOC_0059
CDR_003289,+919431704416,+916213286953,2023-04-27T21:00:09Z,2187,LOC_0018
CDR_003290,+919057945892,+917348210721,2024-07-11T12:07:17Z,2675,LOC_0148
CDR_003291,+917281346811,+919265568728,2024-10-30T07:10:29Z,2058,LOC_0147
CDR_003292,+918132866657,+918304048189,2023-12-04T10:06:22Z,140,LOC_0093
CDR_003293,+919529867456,+916408536494,2024-03-11T22:38:32Z,180,LOC_0109
CDR_003294,+919634735698,+916576672427,2023-08-06T22:14:12Z,1593,LOC_0031
CDR_003295,+917176977900,+916328709442,2024-01-11T07:58:05Z,625,LOC_0072
CDR_003296,+919001004149,+918005937631,2025-02-12T18:25:49Z,774,LOC_0100
CDR_003297,+917542910061,+919793200863,2025-03-31T10:55:00Z,2202,LOC_0071
CDR_003298,+918717124135,+918391568856,2025-08-11T23:43:45Z,2202,LOC_0105
CDR_003299,+917834532707,+918259218970,2023-11-25T12:21:09Z,583,LOC_0149
CDR_003300,+919425314333,+916867290276,2024-09-13T17:08:29Z,980,LOC_0094
CDR_003301,+918005937631,+919822880514,2024-02-15T17:52:11Z,1918,LOC_0104
CDR_003302,+919370111473,+917636767626,2025-05-05T12:47:41Z,1431,LOC_0122
CDR_003303,+919563493764,+918683316346,2025-10-23T01:58:50Z,2870,LOC_0134
CDR_003304,+918831060255,+916866546691,2023-01-18T11:15:12Z,1909,LOC_0036
CDR_003305,+918857274115,+916418653917,2026-01-03T03:37:21Z,1229,LOC_0059
CDR_003306,+917687430058,+917731709641,2026-01-11T03:08:07Z,2849,LOC_0091
CDR_003307,+918924542318,+919115351748,2023-02-11T23:14:30Z,2376,LOC_0131
CDR_003308,+917575103101,+918595746889,2025-12-02T20:21:01Z,2872,LOC_0146
CDR_003309,+919605572307,+916840592753,2025-09-28T18:36:06Z,3271,LOC_0081
CDR_003310,+916860125163,+918790736347,2023-04-11T15:46:14Z,3573,LOC_0069
CDR_003311,+918603481095,+917838882481,2024-04-27T06:45:55Z,2066,LOC_0120
CDR_003312,+916466598191,+916025302093,2026-01-24T18:40:41Z,2492,LOC_0125
CDR_003313,+916790558940,+918925158297,2023-12-17T13:57:55Z,3430,LOC_0074
CDR_003314,+916363398580,+918998076115,2024-08-15T22:55:32Z,3449,LOC_0076
CDR_003315,+918097515527,+917809923704,2024-08-31T13:32:51Z,415,LOC_0016
CDR_003316,+918629897176,+917943180190,2026-01-25T23:07:08Z,2355,LOC_0114
CDR_003317,+916731908588,+919272555625,2023-08-21T05:43:15Z,663,LOC_0037
CDR_003318,+918930030550,+918267074575,2024-08-11T13:01:00Z,2996,LOC_0022
CDR_003319,+918954638206,+916659262360,2024-01-04T01:51:50Z,144,LOC_0003
CDR_003320,+917725708681,+916912575226,2023-01-18T06:09:09Z,561,LOC_0118
CDR_003321,+916002301808,+918054564070,2025-01-09T20:02:00Z,3455,LOC_0108
CDR_003322,+918894408903,+916493012661,2026-04-01T19:24:28Z,2843,LOC_0112
CDR_003323,+919747112149,+917677693197,2025-04-15T00:17:58Z,2838,LOC_0010
CDR_003324,+918828589764,+918180279805,2024-01-27T16:36:21Z,1472,LOC_0062
CDR_003325,+916452826172,+916195904052,2025-10-05T07:35:51Z,2439,LOC_0003
CDR_003326,+919041538490,+918341106022,2025-03-12T03:29:53Z,3579,LOC_0019
CDR_003327,+917996401878,+918849524815,2025-02-12T13:15:31Z,1405,LOC_0002
CDR_003328,+919691166761,+918443214578,2024-09-17T07:53:32Z,2511,LOC_0021
CDR_003329,+919304752292,+917422543580,2025-04-02T22:14:04Z,1423,LOC_0146
CDR_003330,+917609324972,+917637632518,2025-10-24T21:44:39Z,647,LOC_0037
CDR_003331,+918239704894,+916576672427,2024-05-10T06:25:18Z,1462,LOC_0112
CDR_003332,+919630302254,+916235316246,2023-11-26T12:41:30Z,748,LOC_0033
CDR_003333,+919252811795,+918572171352,2026-02-28T07:33:08Z,2200,LOC_0080
CDR_003334,+916781616736,+916348163949,2023-10-22T10:24:15Z,2552,LOC_0147
CDR_003335,+916775643094,+919224351311,2025-10-15T23:44:30Z,354,LOC_0115
CDR_003336,+917645767952,+917714635390,2025-07-20T14:18:52Z,820,LOC_0054
CDR_003337,+919614098856,+916492558512,2025-05-06T22:20:08Z,329,LOC_0082
CDR_003338,+918595746889,+916111635207,2024-05-23T04:56:56Z,2410,LOC_0011
CDR_003339,+919493502674,+919673767577,2024-06-26T12:06:53Z,3027,LOC_0112
CDR_003340,+919916463262,+918291612234,2026-01-05T10:16:56Z,271,LOC_0004
CDR_003341,+919754483808,+917267221594,2024-09-30T18:44:31Z,463,LOC_0017
CDR_003342,+919518115388,+917534138301,2025-01-22T22:15:38Z,1198,LOC_0011
CDR_003343,+917853165178,+917731709641,2023-06-25T15:41:13Z,266,LOC_0117
CDR_003344,+918178011686,+919074007690,2025-12-02T23:05:48Z,1544,LOC_0148
CDR_003345,+916837619957,+919512836993,2026-07-17T17:46:37Z,2177,LOC_0038
CDR_003346,+919063754568,+918971416447,2024-05-02T17:38:52Z,547,LOC_0140
CDR_003347,+918409083421,+918480705258,2025-06-24T16:02:33Z,2472,LOC_0149
CDR_003348,+917809923704,+918683316346,2023-07-29T15:32:32Z,2074,LOC_0148
CDR_003349,+918998076115,+919520097229,2026-04-27T22:49:59Z,2633,LOC_0048
CDR_003350,+916126795342,+917529133908,2023-03-29T15:02:14Z,1482,LOC_0037
CDR_003351,+918632521028,+917853165178,2024-07-11T22:58:02Z,198,LOC_0083
CDR_003352,+919874782671,+919614098856,2025-05-19T08:37:58Z,782,LOC_0028
CDR_003353,+918360277484,+919252811795,2023-08-21T15:49:01Z,2678,LOC_0105
CDR_003354,+917668470325,+916757784718,2025-12-26T01:03:14Z,2993,LOC_0140
CDR_003355,+916541696649,+919372680168,2025-05-31T04:53:02Z,1729,LOC_0084
CDR_003356,+917167633175,+918118679324,2025-05-06T21:57:43Z,283,LOC_0141
CDR_003357,+918727217217,+918795621419,2023-01-25T00:04:23Z,2438,LOC_0062
CDR_003358,+918045084752,+919689390899,2024-07-02T16:34:48Z,1265,LOC_0118
CDR_003359,+916409221994,+917404951301,2026-04-12T08:21:54Z,769,LOC_0128
CDR_003360,+916086561545,+919073784537,2025-12-03T17:38:02Z,1531,LOC_0065
CDR_003361,+919661734239,+918646850542,2024-04-20T10:29:20Z,2173,LOC_0121
CDR_003362,+918167410280,+919944676828,2024-09-11T23:55:17Z,1563,LOC_0040
CDR_003363,+916801836494,+916550606479,2026-05-05T19:18:48Z,2981,LOC_0013
CDR_003364,+917799609152,+918339220005,2023-01-11T12:45:24Z,2398,LOC_0080
CDR_003365,+918795621419,+916288884955,2024-08-30T22:06:15Z,3575,LOC_0028
CDR_003366,+917633602176,+919270228642,2023-06-01T06:55:29Z,572,LOC_0057
CDR_003367,+918543952630,+918373948273,2024-10-09T20:44:45Z,1621,LOC_0096
CDR_003368,+919661352590,+919299465388,2026-07-23T04:46:13Z,231,LOC_0093
CDR_003369,+916242447651,+917565497109,2025-08-17T08:50:25Z,90,LOC_0131
CDR_003370,+917633602176,+917250860498,2024-08-01T19:59:57Z,2856,LOC_0118
CDR_003371,+919689390899,+918592473405,2025-01-22T22:55:55Z,2207,LOC_0148
CDR_003372,+916306440248,+917930172860,2025-06-09T00:31:34Z,2870,LOC_0064
CDR_003373,+916111635207,+917466019993,2025-07-23T22:14:50Z,1268,LOC_0125
CDR_003374,+917105059551,+918832831122,2024-12-18T04:16:24Z,627,LOC_0146
CDR_003375,+916069227038,+917743180954,2025-12-31T02:07:52Z,786,LOC_0084
CDR_003376,+917674778305,+918926214216,2025-12-13T22:41:39Z,3243,LOC_0146
CDR_003377,+919110874528,+916632966915,2025-07-09T09:37:10Z,515,LOC_0007
CDR_003378,+916473890212,+919395215160,2024-10-18T11:11:44Z,3206,LOC_0070
CDR_003379,+916807099214,+917089448023,2026-04-02T03:59:53Z,3156,LOC_0079
CDR_003380,+917526393650,+917082074708,2025-11-15T11:18:37Z,2676,LOC_0059
CDR_003381,+917987249301,+918419129100,2023-06-06T10:46:07Z,309,LOC_0149
CDR_003382,+916458762697,+918458590795,2024-11-09T15:08:14Z,2659,LOC_0107
CDR_003383,+918987145791,+916267119789,2023-12-31T08:48:16Z,1991,LOC_0116
CDR_003384,+918868437461,+917766215487,2025-05-07T20:04:57Z,451,LOC_0057
CDR_003385,+917671543978,+919520097229,2025-08-08T19:40:41Z,2205,LOC_0063
CDR_003386,+917696227959,+917225581333,2024-07-28T18:24:14Z,670,LOC_0064
CDR_003387,+919110019797,+917806058066,2026-04-08T10:42:23Z,3262,LOC_0004
CDR_003388,+917700377445,+919649904956,2024-08-22T10:32:04Z,893,LOC_0051
CDR_003389,+918231987320,+919329701564,2024-11-19T03:18:00Z,1087,LOC_0040
CDR_003390,+917850733732,+918564571185,2024-05-11T22:22:23Z,1657,LOC_0142
CDR_003391,+916609176803,+916788958738,2026-03-27T06:13:26Z,2181,LOC_0009
CDR_003392,+916855847996,+919229269576,2025-05-10T07:05:08Z,171,LOC_0009
CDR_003393,+917887532541,+917830957372,2025-05-13T23:19:52Z,2363,LOC_0090
CDR_003394,+919363510233,+918867748200,2023-06-29T22:48:07Z,1346,LOC_0121
CDR_003395,+917244064601,+919879030194,2023-05-24T17:45:26Z,3499,LOC_0081
CDR_003396,+917322037419,+917400500857,2025-11-29T11:38:44Z,2231,LOC_0086
CDR_003397,+919359506482,+918232620908,2023-06-15T11:55:27Z,2298,LOC_0013
CDR_003398,+918584719544,+919359506482,2025-08-22T16:22:03Z,2923,LOC_0071
CDR_003399,+918237222263,+918674461918,2026-05-26T08:49:03Z,1160,LOC_0136
CDR_003400,+916886084049,+919979854542,2024-06-23T21:42:59Z,2748,LOC_0030
CDR_003401,+919990039529,+917096326544,2024-10-26T09:17:04Z,1669,LOC_0024
CDR_003402,+919854270267,+916287969013,2025-07-11T14:45:46Z,1402,LOC_0065
CDR_003403,+918120533071,+917149372498,2023-05-25T18:52:03Z,150,LOC_0001
CDR_003404,+917621181725,+916002301808,2024-10-06T17:17:20Z,3459,LOC_0037
CDR_003405,+919965627504,+918056895862,2024-10-27T04:18:06Z,2201,LOC_0142
CDR_003406,+917156403157,+919468434391,2026-05-02T13:05:43Z,1289,LOC_0086
CDR_003407,+917766426225,+918732742483,2025-11-30T01:54:46Z,1639,LOC_0057
CDR_003408,+916896194129,+916322742735,2024-10-23T02:00:15Z,1780,LOC_0093
CDR_003409,+918895259482,+916373077289,2024-07-01T02:47:30Z,2537,LOC_0012
CDR_003410,+916951424441,+917202528733,2023-12-22T04:03:49Z,1133,LOC_0073
CDR_003411,+917408091983,+917966356928,2026-05-31T00:47:19Z,2303,LOC_0027
CDR_003412,+919689390899,+918231987320,2023-10-14T16:29:19Z,1566,LOC_0110
CDR_003413,+919187698891,+919661734239,2024-04-26T03:23:15Z,2519,LOC_0028
CDR_003414,+916228463400,+917731709641,2024-09-01T01:47:35Z,401,LOC_0080
CDR_003415,+918781267374,+916258449780,2025-05-02T07:47:24Z,2121,LOC_0060
CDR_003416,+918398200084,+919632690501,2026-01-11T13:34:34Z,1377,LOC_0138
CDR_003417,+918054564070,+918553162493,2024-08-04T01:34:33Z,3084,LOC_0053
CDR_003418,+916508924953,+917095920639,2025-10-19T13:44:13Z,1482,LOC_0022
CDR_003419,+917492838599,+916902962666,2023-04-30T23:26:15Z,2780,LOC_0051
CDR_003420,+917281406275,+917614141871,2023-06-26T14:23:50Z,3344,LOC_0028
CDR_003421,+918744125013,+916510767017,2023-09-12T12:56:56Z,1992,LOC_0130
CDR_003422,+918835659453,+918561216903,2023-10-19T12:27:35Z,1221,LOC_0079
CDR_003423,+916731908588,+917369488764,2026-05-10T05:35:22Z,789,LOC_0115
CDR_003424,+917205839367,+916522773527,2023-12-19T02:35:31Z,3158,LOC_0029
CDR_003425,+916200969429,+919029934995,2023-04-29T06:49:01Z,2504,LOC_0105
CDR_003426,+919187526779,+916258449780,2023-09-22T08:00:52Z,1423,LOC_0134
CDR_003427,+916120133063,+918646930819,2025-11-01T00:43:53Z,2145,LOC_0070
CDR_003428,+918682211099,+916849651876,2023-07-06T14:24:09Z,887,LOC_0081
CDR_003429,+918407584239,+918728591473,2025-02-08T20:30:25Z,1251,LOC_0004
CDR_003430,+917079898502,+917762597948,2024-04-22T14:22:34Z,1835,LOC_0071
CDR_003431,+916550606479,+918132042931,2023-10-31T09:32:09Z,2503,LOC_0123
CDR_003432,+918639151858,+916775643094,2025-09-03T06:43:11Z,1724,LOC_0027
CDR_003433,+918389935392,+919921773774,2024-09-24T18:13:36Z,1403,LOC_0113
CDR_003434,+919847558512,+918739085759,2025-06-07T03:54:51Z,3322,LOC_0015
CDR_003435,+918781267374,+919007744409,2025-02-26T06:20:34Z,999,LOC_0075
CDR_003436,+916757784718,+919692161811,2024-05-25T18:39:25Z,514,LOC_0023
CDR_003437,+916477096961,+918849524815,2025-07-16T21:42:50Z,1300,LOC_0067
CDR_003438,+919229269576,+918098632248,2023-05-02T01:22:00Z,2401,LOC_0033
CDR_003439,+918835659453,+916033819777,2024-07-27T10:09:11Z,534,LOC_0132
CDR_003440,+918012143631,+916114752423,2024-04-28T13:13:40Z,2246,LOC_0065
CDR_003441,+916389894192,+917796717941,2024-10-23T15:34:59Z,3465,LOC_0023
CDR_003442,+916918177938,+918132042931,2023-03-16T11:52:42Z,3412,LOC_0098
CDR_003443,+918709582850,+919190533614,2023-07-02T05:24:10Z,1251,LOC_0079
CDR_003444,+918586190457,+919375300097,2024-01-17T06:52:14Z,2021,LOC_0090
CDR_003445,+918061440088,+916769210137,2023-05-30T17:03:57Z,3359,LOC_0093
CDR_003446,+919538760086,+918118679324,2023-05-29T13:15:05Z,1135,LOC_0112
CDR_003447,+918755969088,+919578054555,2024-08-12T16:29:22Z,2810,LOC_0077
CDR_003448,+918386604692,+916814184372,2025-01-06T09:17:40Z,938,LOC_0049
CDR_003449,+918675382218,+918476098565,2025-03-15T05:31:30Z,1111,LOC_0002
CDR_003450,+917210482937,+919160620396,2023-11-10T04:27:41Z,1099,LOC_0019
CDR_003451,+917397569678,+917115350130,2025-02-26T07:55:53Z,286,LOC_0004
CDR_003452,+918097515527,+916793631899,2025-01-26T11:18:10Z,460,LOC_0147
CDR_003453,+917721633165,+919493502674,2025-09-24T20:40:45Z,423,LOC_0077
CDR_003454,+916025302093,+916369768979,2024-04-29T02:20:58Z,2392,LOC_0092
CDR_003455,+919731383917,+916781616736,2025-06-23T18:12:14Z,3515,LOC_0092
CDR_003456,+918790736347,+916582787332,2026-04-18T14:43:57Z,780,LOC_0139
CDR_003457,+919237083706,+916306440248,2024-08-18T23:53:41Z,2253,LOC_0010
CDR_003458,+917611705235,+919626419350,2025-07-12T22:31:34Z,1619,LOC_0110
CDR_003459,+916702463180,+919828415377,2023-03-19T01:44:01Z,2196,LOC_0066
CDR_003460,+918883607330,+919954149831,2025-03-16T14:03:30Z,285,LOC_0098
CDR_003461,+916444988777,+919117963765,2025-04-02T11:48:28Z,578,LOC_0120
CDR_003462,+919505899440,+916128924554,2025-10-10T01:32:13Z,100,LOC_0009
CDR_003463,+919395215160,+917196227113,2026-05-08T13:26:19Z,1281,LOC_0099
CDR_003464,+918971416447,+917295079715,2024-06-12T18:28:46Z,18,LOC_0061
CDR_003465,+918329753974,+917202528733,2023-01-11T15:34:10Z,1551,LOC_0001
CDR_003466,+919113804499,+919010582093,2026-01-12T22:16:42Z,2969,LOC_0032
CDR_003467,+918685515992,+919911316017,2025-08-12T20:42:27Z,199,LOC_0131
CDR_003468,+916348163949,+918551232705,2025-01-14T17:38:05Z,950,LOC_0055
CDR_003469,+919879030194,+917838882481,2023-10-03T12:05:46Z,2024,LOC_0097
CDR_003470,+918082025057,+917595440130,2026-06-08T19:52:36Z,1876,LOC_0047
CDR_003471,+919274763284,+916889915488,2026-04-30T01:20:14Z,2037,LOC_0057
CDR_003472,+918032640310,+918118679324,2024-05-18T06:42:59Z,247,LOC_0068
CDR_003473,+919816975777,+916516612288,2025-10-05T04:01:22Z,1585,LOC_0012
CDR_003474,+917175304017,+917637632518,2023-03-16T16:17:38Z,1071,LOC_0119
CDR_003475,+917690290029,+918652628333,2023-11-24T12:50:41Z,1345,LOC_0037
CDR_003476,+916904622735,+917351112065,2026-03-22T22:08:35Z,3381,LOC_0094
CDR_003477,+918724585317,+918739085759,2023-11-17T01:23:24Z,219,LOC_0089
CDR_003478,+917998246910,+919747112149,2024-12-28T09:10:39Z,782,LOC_0079
CDR_003479,+918291612234,+917466019993,2023-10-30T12:23:15Z,2778,LOC_0089
CDR_003480,+917849145121,+916533891998,2024-11-05T17:30:00Z,1217,LOC_0038
CDR_003481,+918156834290,+919637667342,2025-09-11T00:56:15Z,1560,LOC_0016
CDR_003482,+918044022431,+919911316017,2025-05-22T12:23:59Z,2553,LOC_0118
CDR_003483,+918379735122,+917611705235,2024-02-01T12:45:31Z,50,LOC_0081
CDR_003484,+919802820039,+918239704894,2025-10-14T01:55:23Z,2868,LOC_0063
CDR_003485,+919979854542,+917954313872,2024-03-27T23:47:17Z,378,LOC_0018
CDR_003486,+917521998002,+916427205530,2023-05-19T06:50:34Z,2877,LOC_0052
CDR_003487,+916491028289,+918509666281,2024-10-14T06:36:41Z,1276,LOC_0013
CDR_003488,+916328681328,+918379735122,2025-12-20T12:23:04Z,1482,LOC_0074
CDR_003489,+918447715974,+919689390899,2023-03-05T06:14:12Z,177,LOC_0106
CDR_003490,+918235400336,+916288372981,2026-03-14T22:17:37Z,2650,LOC_0148
CDR_003491,+917421785056,+916437346137,2023-09-17T19:42:00Z,780,LOC_0134
CDR_003492,+916300582933,+919370111473,2024-07-13T05:46:34Z,3490,LOC_0119
CDR_003493,+919854416702,+917885133086,2023-10-19T11:13:51Z,2207,LOC_0082
CDR_003494,+917774102729,+916265793778,2024-07-24T13:17:29Z,3593,LOC_0144
CDR_003495,+917809923704,+917516100805,2023-08-30T17:32:41Z,1340,LOC_0017
CDR_003496,+916328681328,+916200969429,2024-03-08T23:49:33Z,3557,LOC_0125
CDR_003497,+917561476763,+918221601510,2025-07-15T14:38:35Z,1114,LOC_0114
CDR_003498,+919127220285,+918564468364,2024-09-10T12:04:34Z,1505,LOC_0081
CDR_003499,+917811957488,+917697821614,2025-03-10T21:21:44Z,3470,LOC_0132
CDR_003500,+918755969088,+919825288730,2025-11-08T19:01:02Z,1369,LOC_0112
CDR_003501,+917365591754,+918666701128,2023-10-20T06:16:04Z,1758,LOC_0126
CDR_003502,+917568711995,+917026972351,2024-06-23T03:12:13Z,3169,LOC_0117
CDR_003503,+917720829540,+919455320375,2023-05-05T17:13:03Z,3016,LOC_0001
CDR_003504,+916498319477,+916761010785,2023-07-18T06:01:40Z,2574,LOC_0019
CDR_003505,+916120019264,+916137693023,2025-09-27T10:23:33Z,3118,LOC_0133
CDR_003506,+919000742597,+916354828271,2026-05-06T01:10:50Z,866,LOC_0068
CDR_003507,+916706442979,+916501832818,2024-04-13T01:30:41Z,1181,LOC_0131
CDR_003508,+919307451625,+918437654971,2024-03-24T04:53:53Z,2773,LOC_0085
CDR_003509,+919359506482,+919003318664,2025-05-25T23:38:24Z,2079,LOC_0135
CDR_003510,+916940299467,+919909719636,2025-08-18T16:48:18Z,1745,LOC_0134
CDR_003511,+918263133100,+916221100658,2025-12-12T17:54:09Z,525,LOC_0093
CDR_003512,+916784557073,+916716980913,2024-03-20T19:58:47Z,886,LOC_0010
CDR_003513,+917861342732,+918868437461,2024-06-14T15:41:46Z,2828,LOC_0064
CDR_003514,+918380098110,+918447715974,2023-04-10T12:32:25Z,1446,LOC_0017
CDR_003515,+916451554348,+916128924554,2025-11-22T18:34:07Z,1178,LOC_0098
CDR_003516,+919850486204,+916867290276,2026-05-06T10:37:43Z,1776,LOC_0137
CDR_003517,+916329044656,+916563470451,2025-05-27T19:29:56Z,3319,LOC_0039
CDR_003518,+917022476958,+916493012661,2023-06-08T11:04:35Z,1471,LOC_0122
CDR_003519,+916377188000,+916465578258,2023-06-13T17:33:01Z,75,LOC_0140
CDR_003520,+917013789043,+916011470941,2023-04-30T08:38:12Z,164,LOC_0055
CDR_003521,+916769210137,+917697821614,2023-10-06T20:38:30Z,425,LOC_0036
CDR_003522,+918008116195,+916080953576,2024-06-09T10:54:46Z,1493,LOC_0028
CDR_003523,+918688626717,+917466019993,2026-06-17T03:50:38Z,1715,LOC_0132
CDR_003524,+916137693023,+918982728970,2023-10-24T18:06:26Z,632,LOC_0143
CDR_003525,+918564468364,+916300582933,2023-06-03T08:36:34Z,1077,LOC_0033
CDR_003526,+916904622735,+918019427054,2026-06-26T00:31:47Z,949,LOC_0035
CDR_003527,+917167490678,+918197612808,2023-06-26T18:26:49Z,1213,LOC_0068
CDR_003528,+919702276600,+917407377479,2025-01-07T14:01:09Z,440,LOC_0087
CDR_003529,+919312303657,+917491712941,2024-02-19T06:15:09Z,1323,LOC_0032
CDR_003530,+919825288730,+916609176803,2025-01-28T20:34:58Z,2231,LOC_0113
CDR_003531,+918735480334,+917195461796,2025-02-15T18:53:42Z,3321,LOC_0009
CDR_003532,+916498319477,+919543552219,2023-07-13T15:36:00Z,2621,LOC_0091
CDR_003533,+918717124135,+916580310006,2023-11-20T04:49:19Z,736,LOC_0109
CDR_003534,+919604328146,+916496884614,2023-10-17T06:08:59Z,806,LOC_0045
CDR_003535,+917834532707,+916034711242,2024-06-08T14:06:58Z,1460,LOC_0069
CDR_003536,+917345139329,+919254125195,2025-11-23T02:00:32Z,171,LOC_0054
CDR_003537,+918868437461,+917954313872,2026-07-01T15:06:39Z,3020,LOC_0145
CDR_003538,+916259807661,+917095920639,2023-02-24T12:31:46Z,3594,LOC_0088
CDR_003539,+919202789486,+918926214216,2025-05-31T16:37:21Z,1868,LOC_0064
CDR_003540,+918221601510,+918263133100,2025-12-28T09:20:14Z,2250,LOC_0026
CDR_003541,+919295893248,+919574933679,2024-06-13T07:30:03Z,1391,LOC_0036
CDR_003542,+919359506482,+918930719057,2026-02-07T08:42:51Z,1927,LOC_0112
CDR_003543,+917215861114,+916195355435,2025-09-05T16:12:00Z,1565,LOC_0002
CDR_003544,+919822880514,+919363510233,2024-05-27T05:18:23Z,1764,LOC_0073
CDR_003545,+918329753974,+917802050514,2025-06-25T02:14:03Z,958,LOC_0004
CDR_003546,+917404951301,+917376265912,2026-03-26T09:15:16Z,2527,LOC_0137
CDR_003547,+917411844389,+917493072850,2025-07-31T23:52:05Z,325,LOC_0096
CDR_003548,+917218101886,+919493502674,2025-12-16T23:38:55Z,2301,LOC_0112
CDR_003549,+919055359754,+917853345235,2024-08-31T22:04:56Z,2337,LOC_0147
CDR_003550,+919190533614,+916877175367,2023-12-04T14:27:21Z,2740,LOC_0135
CDR_003551,+918180279805,+916092098088,2025-09-30T15:34:58Z,510,LOC_0146
CDR_003552,+919468434391,+916221100658,2026-06-24T19:25:59Z,2798,LOC_0118
CDR_003553,+916148208887,+917066624804,2023-07-02T20:32:25Z,714,LOC_0061
CDR_003554,+918553162493,+918535484518,2025-07-18T22:21:18Z,2855,LOC_0003
CDR_003555,+918432790994,+918461270060,2024-03-25T01:24:51Z,377,LOC_0093
CDR_003556,+918912912223,+916518351152,2025-02-07T02:03:26Z,3478,LOC_0084
CDR_003557,+916886084049,+918278396996,2023-12-05T06:05:48Z,1860,LOC_0054
CDR_003558,+919008433628,+919226843425,2023-11-11T21:12:42Z,684,LOC_0122
CDR_003559,+916866546691,+918458590795,2025-02-23T00:21:49Z,3180,LOC_0103
CDR_003560,+916330992932,+916491028289,2025-02-18T05:50:41Z,1777,LOC_0137
CDR_003561,+917294831357,+918698267940,2026-07-18T12:46:59Z,3060,LOC_0069
CDR_003562,+916306440248,+916409221994,2023-05-19T02:12:14Z,1582,LOC_0042
CDR_003563,+916123579604,+919637667342,2026-01-11T15:51:16Z,2754,LOC_0104
CDR_003564,+918913320633,+918552087856,2024-04-18T07:54:49Z,2875,LOC_0065
CDR_003565,+916108619179,+916889915488,2026-05-07T15:46:15Z,2518,LOC_0104
CDR_003566,+916002301808,+919468434391,2026-03-09T14:40:15Z,828,LOC_0021
CDR_003567,+916632966915,+917820995777,2024-07-03T09:38:45Z,1802,LOC_0127
CDR_003568,+918577335953,+917202528733,2023-03-12T04:44:08Z,844,LOC_0015
CDR_003569,+918682211099,+919866520330,2024-12-17T01:25:11Z,1358,LOC_0147
CDR_003570,+917345139329,+918774732090,2025-05-15T14:50:26Z,2583,LOC_0140
CDR_003571,+917488787930,+916283293302,2025-05-01T07:07:37Z,1573,LOC_0116
CDR_003572,+916313595787,+918506826031,2024-05-30T08:12:30Z,3558,LOC_0134
CDR_003573,+916547253832,+919370111473,2024-02-02T10:48:13Z,664,LOC_0049
CDR_003574,+919455905653,+919099565230,2025-05-31T09:09:27Z,1137,LOC_0086
CDR_003575,+917516100805,+916898633785,2023-09-20T06:10:24Z,1420,LOC_0141
CDR_003576,+917411844389,+917348210721,2024-10-21T01:37:53Z,574,LOC_0002
CDR_003577,+917139394892,+916054695674,2023-06-16T23:22:48Z,2264,LOC_0012
CDR_003578,+918002538288,+916148208887,2023-03-16T04:17:34Z,2680,LOC_0148
CDR_003579,+917210482937,+917820357559,2023-06-29T07:43:00Z,1303,LOC_0032
CDR_003580,+917356892801,+918445685199,2024-03-29T07:28:34Z,13,LOC_0092
CDR_003581,+918054564070,+916874195977,2024-06-25T14:54:07Z,63,LOC_0021
CDR_003582,+916659262360,+918033445449,2024-02-18T14:07:23Z,1967,LOC_0070
CDR_003583,+919618246531,+916837619957,2025-12-04T20:18:56Z,1649,LOC_0057
CDR_003584,+919450315857,+917608566723,2023-04-23T02:26:16Z,753,LOC_0044
CDR_003585,+919046647159,+918583274296,2024-12-03T12:32:11Z,560,LOC_0082
CDR_003586,+917948210501,+917609324972,2025-12-22T10:04:32Z,2359,LOC_0046
CDR_003587,+918595756047,+918060106614,2023-11-26T03:31:47Z,2461,LOC_0102
CDR_003588,+916970118986,+918835659453,2023-07-16T12:00:32Z,1043,LOC_0007
CDR_003589,+919604328146,+916348163949,2024-12-05T13:33:32Z,1164,LOC_0071
CDR_003590,+916173010491,+916560430538,2025-11-10T23:53:54Z,976,LOC_0147
CDR_003591,+917387503825,+919372680168,2025-10-08T19:49:46Z,1387,LOC_0048
CDR_003592,+919336675287,+916774268185,2025-02-20T13:27:09Z,3511,LOC_0046
CDR_003593,+916991372057,+918132866657,2023-06-02T01:52:04Z,2249,LOC_0141
CDR_003594,+917811957488,+918614719178,2023-08-25T18:22:12Z,1261,LOC_0099
CDR_003595,+919400156805,+917864326250,2024-02-08T08:50:20Z,658,LOC_0138
CDR_003596,+918739872850,+918169069878,2026-06-03T06:53:08Z,2004,LOC_0001
CDR_003597,+919618246531,+919115351748,2025-08-02T11:09:19Z,3125,LOC_0120
CDR_003598,+917154261079,+917695702318,2025-08-01T13:19:49Z,1788,LOC_0064
CDR_003599,+918035354181,+916898633785,2026-07-14T22:36:07Z,3407,LOC_0082
CDR_003600,+917185874957,+916786585993,2023-04-27T04:47:24Z,1926,LOC_0088
CDR_003601,+919583391810,+917433479019,2024-01-02T04:48:02Z,485,LOC_0113
CDR_003602,+918711639209,+916619962132,2025-11-07T21:57:19Z,3468,LOC_0090
CDR_003603,+919370111473,+918082025057,2025-02-13T22:45:36Z,2456,LOC_0122
CDR_003604,+919048975310,+918934842114,2024-08-27T17:16:21Z,215,LOC_0079
CDR_003605,+917427799501,+916328709442,2024-12-27T13:33:10Z,3131,LOC_0123
CDR_003606,+917281406275,+917195461796,2024-12-16T18:20:06Z,742,LOC_0095
CDR_003607,+919620148151,+917611705235,2023-05-15T05:50:44Z,2021,LOC_0036
CDR_003608,+918463252622,+919614631486,2024-05-17T06:38:33Z,948,LOC_0062
CDR_003609,+916674462136,+919074007690,2023-01-12T11:40:37Z,822,LOC_0048
CDR_003610,+918912912223,+917154459322,2025-06-12T19:51:51Z,3314,LOC_0107
CDR_003611,+918727217217,+918991213165,2026-04-01T01:06:25Z,1034,LOC_0018
CDR_003612,+918178011686,+917761349189,2023-04-19T15:52:18Z,416,LOC_0092
CDR_003613,+918010986027,+916876353362,2024-10-06T00:03:11Z,2065,LOC_0059
CDR_003614,+919911316017,+917003126774,2025-04-17T21:43:16Z,3079,LOC_0078
CDR_003615,+919634735698,+916525394346,2024-10-02T09:53:31Z,2692,LOC_0111
CDR_003616,+919802687719,+917095920639,2024-07-25T14:21:05Z,1244,LOC_0055
CDR_003617,+917529426298,+916261189271,2026-07-19T02:11:11Z,2523,LOC_0008
CDR_003618,+917152492014,+916834443750,2025-10-11T14:50:28Z,1279,LOC_0146
CDR_003619,+916662695110,+916189032301,2023-04-29T04:15:05Z,1462,LOC_0098
CDR_003620,+916563470451,+917628199646,2023-11-01T10:51:56Z,3522,LOC_0098
CDR_003621,+918012143631,+916322742735,2023-05-17T15:19:29Z,853,LOC_0103
CDR_003622,+916092624498,+919228438569,2026-01-01T11:50:56Z,806,LOC_0085
CDR_003623,+918535484518,+916457783056,2024-05-19T14:12:51Z,696,LOC_0048
CDR_003624,+919329701564,+917215861114,2023-07-30T18:14:22Z,875,LOC_0036
CDR_003625,+919676857818,+919106703986,2026-07-14T11:33:24Z,1269,LOC_0131
CDR_003626,+918733074647,+916377188000,2026-01-31T12:33:48Z,770,LOC_0115
CDR_003627,+919320036885,+916556046133,2023-11-25T21:43:03Z,2921,LOC_0066
CDR_003628,+917402480930,+917621181725,2024-07-05T22:01:41Z,1799,LOC_0117
CDR_003629,+916098899199,+916749458391,2024-01-08T16:13:52Z,2631,LOC_0057
CDR_003630,+916038069463,+916201711625,2023-07-05T07:16:08Z,2745,LOC_0128
CDR_003631,+919966014688,+917977184333,2024-08-25T01:21:56Z,1210,LOC_0002
CDR_003632,+917411844389,+919003318664,2023-05-18T05:20:54Z,593,LOC_0051
CDR_003633,+916328681328,+918386604692,2024-05-17T11:38:13Z,1155,LOC_0011
CDR_003634,+918079500806,+916417984375,2024-02-10T21:35:08Z,1890,LOC_0129
CDR_003635,+919226843425,+918998458008,2024-12-04T00:07:53Z,1373,LOC_0004
CDR_003636,+916089365072,+919121185924,2023-11-02T18:11:50Z,585,LOC_0128
CDR_003637,+917922583478,+917300312565,2023-10-22T11:45:51Z,2670,LOC_0069
CDR_003638,+918360277484,+919614631486,2024-01-28T13:02:44Z,423,LOC_0005
CDR_003639,+919740543801,+916038069463,2023-07-14T18:06:31Z,1563,LOC_0102
CDR_003640,+916508924953,+918658772734,2024-04-07T07:00:12Z,689,LOC_0119
CDR_003641,+917674778305,+918144093270,2023-10-19T06:24:33Z,3583,LOC_0104
CDR_003642,+919113804499,+918098632248,2024-03-18T13:53:03Z,835,LOC_0100
CDR_003643,+919237083706,+917351112065,2025-03-02T17:53:01Z,2658,LOC_0124
CDR_003644,+916653936235,+917411844389,2025-01-13T17:39:44Z,2704,LOC_0079
CDR_003645,+919400156805,+917368329940,2025-09-05T00:19:36Z,3509,LOC_0048
CDR_003646,+916616423848,+917402480930,2025-03-09T04:40:39Z,1677,LOC_0050
CDR_003647,+916510767017,+919573639898,2025-12-09T07:20:27Z,957,LOC_0053
CDR_003648,+918945328818,+917408091983,2025-01-28T08:54:20Z,2524,LOC_0144
CDR_003649,+918817212424,+918509565608,2026-06-15T01:29:11Z,392,LOC_0116
CDR_003650,+919509154515,+916842186354,2025-09-22T17:31:15Z,1713,LOC_0124
CDR_003651,+916592681126,+917554267761,2025-05-30T07:04:52Z,1581,LOC_0019
CDR_003652,+919416820264,+917554267761,2024-03-15T19:19:54Z,2557,LOC_0025
CDR_003653,+918232620908,+918058556284,2023-07-05T20:05:15Z,1267,LOC_0118
CDR_003654,+918913320633,+917921912834,2023-07-11T08:36:00Z,1708,LOC_0011
CDR_003655,+917267221594,+918867748200,2024-03-15T21:02:23Z,2393,LOC_0084
CDR_003656,+918326924276,+919701033334,2023-02-15T10:29:10Z,3360,LOC_0108
CDR_003657,+919452692504,+917266657868,2026-07-29T22:45:34Z,650,LOC_0129
CDR_003658,+919127220285,+916877175367,2024-05-01T19:51:18Z,2915,LOC_0104
CDR_003659,+918883048433,+919254357648,2026-04-24T15:10:44Z,351,LOC_0003
CDR_003660,+919814051350,+919029934995,2024-08-17T05:58:59Z,291,LOC_0095
CDR_003661,+916427205530,+919505899440,2025-08-22T03:26:52Z,783,LOC_0041
CDR_003662,+916786427950,+918161921273,2025-03-30T22:50:57Z,2458,LOC_0012
CDR_003663,+916146387689,+917262745715,2024-06-04T09:15:27Z,3268,LOC_0012
CDR_003664,+917026972351,+918132866657,2023-01-24T04:43:40Z,788,LOC_0015
CDR_003665,+916877052144,+918595756047,2026-02-17T05:13:26Z,3070,LOC_0124
CDR_003666,+917089448023,+916498319477,2023-10-13T20:22:02Z,206,LOC_0036
CDR_003667,+918078381873,+916306440248,2023-02-08T02:02:32Z,3410,LOC_0036
CDR_003668,+917175860156,+919372680168,2025-08-29T09:48:55Z,3343,LOC_0093
CDR_003669,+919398794286,+919750605143,2026-07-17T02:03:01Z,1358,LOC_0025
CDR_003670,+918087034313,+918490611661,2025-08-30T15:43:36Z,636,LOC_0010
CDR_003671,+916609178356,+917674778305,2023-08-17T14:48:26Z,811,LOC_0012
CDR_003672,+918141418189,+916930600995,2024-07-31T09:47:26Z,3019,LOC_0142
CDR_003673,+918326924276,+916877052144,2023-12-15T10:50:35Z,2365,LOC_0139
CDR_003674,+916888384398,+919740543801,2024-07-12T06:26:27Z,281,LOC_0028
CDR_003675,+917599601959,+916533226125,2025-08-31T04:41:00Z,3136,LOC_0150
CDR_003676,+916807099214,+919979644466,2026-05-20T12:07:14Z,1002,LOC_0139
CDR_003677,+918682211099,+919441693196,2025-07-23T13:45:23Z,649,LOC_0113
CDR_003678,+918026160767,+916043552210,2024-08-28T21:03:52Z,1797,LOC_0137
CDR_003679,+918379735122,+919524134708,2024-08-31T04:12:40Z,36,LOC_0142
CDR_003680,+919574933679,+919822880514,2023-07-22T07:34:17Z,2434,LOC_0099
CDR_003681,+917568711995,+917802539655,2023-06-11T15:19:58Z,1252,LOC_0066
CDR_003682,+918724585317,+917493072850,2024-08-08T08:13:22Z,1392,LOC_0118
CDR_003683,+918429270402,+916766829608,2023-02-06T17:17:53Z,1655,LOC_0040
CDR_003684,+917974208537,+918808155776,2025-03-30T23:09:52Z,269,LOC_0080
CDR_003685,+917802050514,+918109271409,2025-09-14T22:27:09Z,1228,LOC_0145
CDR_003686,+917849145121,+916288884955,2023-07-11T15:14:24Z,2411,LOC_0130
CDR_003687,+917500130102,+919738453527,2023-03-20T05:30:16Z,714,LOC_0132
CDR_003688,+916483144641,+916213816205,2023-11-20T20:55:44Z,46,LOC_0002
CDR_003689,+918945420528,+918727217217,2024-01-05T02:58:29Z,2654,LOC_0056
CDR_003690,+917637632518,+917599601959,2024-03-25T20:11:38Z,349,LOC_0149
CDR_003691,+916749458391,+918178861531,2026-03-18T12:53:33Z,314,LOC_0113
CDR_003692,+917108131444,+919784541097,2024-01-23T02:14:19Z,803,LOC_0006
CDR_003693,+916852864391,+917184650635,2023-01-03T00:28:11Z,1866,LOC_0072
CDR_003694,+916506774170,+918380098110,2023-03-24T00:25:44Z,3560,LOC_0073
CDR_003695,+918515332140,+918082025057,2023-09-23T08:12:12Z,1811,LOC_0025
CDR_003696,+919852775860,+919274763284,2025-06-05T01:20:40Z,2292,LOC_0002
CDR_003697,+918461270060,+919954149831,2024-03-12T11:18:39Z,2666,LOC_0068
CDR_003698,+917533491749,+918019427054,2023-05-15T07:49:07Z,2766,LOC_0097
CDR_003699,+916999320584,+917433479019,2025-11-28T08:07:09Z,1678,LOC_0046
CDR_003700,+918925158297,+917720829540,2025-03-18T05:02:19Z,3040,LOC_0135
CDR_003701,+916535244065,+919979854542,2025-10-14T04:05:00Z,2674,LOC_0110
CDR_003702,+917782638028,+917408091983,2024-01-09T15:28:41Z,2077,LOC_0027
CDR_003703,+917248015331,+916451554348,2023-01-22T16:00:00Z,3020,LOC_0082
CDR_003704,+916200969429,+916392294862,2024-04-02T02:27:25Z,318,LOC_0010
CDR_003705,+917898625259,+918435856503,2024-09-30T08:19:57Z,655,LOC_0045
CDR_003706,+917345139329,+918543952630,2025-07-22T14:08:48Z,1101,LOC_0032
CDR_003707,+918361581808,+916119791902,2024-07-13T10:24:52Z,3597,LOC_0137
CDR_003708,+919455320375,+916228463400,2024-06-27T14:03:52Z,347,LOC_0111
CDR_003709,+917175860156,+916354923180,2025-02-04T22:55:41Z,2122,LOC_0019
CDR_003710,+917885956471,+919576333768,2024-03-15T10:12:54Z,3230,LOC_0072
CDR_003711,+918595746889,+919784541097,2026-07-01T17:25:56Z,2054,LOC_0071
CDR_003712,+917597574443,+917150402112,2026-07-02T15:24:10Z,783,LOC_0044
CDR_003713,+919076274213,+916476003514,2026-05-15T19:12:52Z,416,LOC_0016
CDR_003714,+916319718936,+916986825871,2025-10-05T00:06:59Z,418,LOC_0087
CDR_003715,+919909826129,+918685515992,2024-06-13T15:11:41Z,2811,LOC_0031
CDR_003716,+918816643737,+916292960178,2024-07-25T02:33:33Z,2158,LOC_0021
CDR_003717,+916592681126,+919879030194,2023-05-26T15:15:59Z,1173,LOC_0099
CDR_003718,+919867939656,+917504686545,2023-10-25T04:56:42Z,3142,LOC_0095
CDR_003719,+916283537782,+917184650635,2025-09-11T15:31:41Z,3222,LOC_0102
CDR_003720,+919152000372,+919114168187,2025-03-03T15:27:13Z,2430,LOC_0004
CDR_003721,+917863152169,+918429270402,2023-03-16T17:13:01Z,2208,LOC_0030
CDR_003722,+919518115388,+916930600995,2024-06-06T21:14:00Z,1761,LOC_0059
CDR_003723,+917057238139,+919498894110,2025-02-08T05:36:04Z,3351,LOC_0098
CDR_003724,+917534625773,+916458762697,2023-08-10T22:11:38Z,1860,LOC_0025
CDR_003725,+919759823710,+918686376206,2025-06-24T16:06:43Z,742,LOC_0119
CDR_003726,+916369382071,+917119695300,2025-05-11T18:36:17Z,2282,LOC_0071
CDR_003727,+916503400821,+917434751674,2026-04-13T10:34:44Z,2816,LOC_0118
CDR_003728,+919802820039,+918996395544,2023-04-30T04:03:17Z,3502,LOC_0051
CDR_003729,+916582787332,+918523258748,2024-04-22T04:11:23Z,2047,LOC_0114
CDR_003730,+919867939656,+919304752292,2023-05-18T19:42:35Z,56,LOC_0066
CDR_003731,+917861746627,+917782638028,2023-01-03T14:25:53Z,2573,LOC_0143
CDR_003732,+916491650481,+917947386482,2025-03-14T08:59:08Z,679,LOC_0025
CDR_003733,+919529867456,+917107337642,2025-12-30T02:22:33Z,327,LOC_0077
CDR_003734,+918926773184,+919203931525,2024-04-28T04:37:17Z,2581,LOC_0024
CDR_003735,+919425314333,+917175860156,2023-02-02T11:33:28Z,1127,LOC_0076
CDR_003736,+918478872199,+916759072075,2025-05-30T22:28:30Z,1907,LOC_0137
CDR_003737,+916166699419,+916074159865,2024-04-05T20:44:02Z,605,LOC_0084
CDR_003738,+917676868646,+916537443660,2023-12-10T09:53:54Z,1235,LOC_0149
CDR_003739,+917562122502,+916867290276,2023-05-23T01:01:30Z,2424,LOC_0116
CDR_003740,+916556270789,+916175892199,2026-01-23T15:14:24Z,2996,LOC_0058
CDR_003741,+916189032301,+919497082739,2024-07-12T18:39:26Z,34,LOC_0016
CDR_003742,+918239704894,+918445685199,2025-08-18T17:42:50Z,1496,LOC_0023
CDR_003743,+918855475644,+917095920639,2023-11-04T17:59:52Z,2583,LOC_0012
CDR_003744,+919307451625,+917680985022,2024-11-19T15:11:37Z,3183,LOC_0100
CDR_003745,+916597988721,+919900803267,2025-01-10T12:58:31Z,22,LOC_0100
CDR_003746,+917150402112,+918591125930,2025-11-30T13:00:48Z,2967,LOC_0103
CDR_003747,+918737594009,+916840592753,2024-10-04T18:11:29Z,1278,LOC_0138
CDR_003748,+918033445449,+916619962132,2026-05-21T09:48:01Z,2630,LOC_0008
CDR_003749,+917636767626,+917328533462,2025-01-29T05:51:51Z,523,LOC_0136
CDR_003750,+918478872199,+919415928831,2026-07-18T12:40:45Z,295,LOC_0132
CDR_003751,+917812495724,+916118854361,2024-08-27T15:41:50Z,2356,LOC_0101
CDR_003752,+918895259482,+916208954648,2023-12-18T13:58:52Z,3202,LOC_0072
CDR_003753,+917608566723,+916576672427,2023-03-28T14:36:19Z,1342,LOC_0095
CDR_003754,+918042254462,+919272555625,2024-04-25T03:39:33Z,2046,LOC_0119
CDR_003755,+916842186354,+918926214216,2026-05-13T14:10:26Z,916,LOC_0147
CDR_003756,+917231663777,+917248015331,2025-10-06T22:27:00Z,1658,LOC_0040
CDR_003757,+918044022431,+917907050257,2023-04-26T13:06:46Z,1676,LOC_0002
CDR_003758,+919525113411,+916148208887,2025-06-26T13:03:15Z,2778,LOC_0076
CDR_003759,+918864985663,+916128591125,2026-02-16T17:25:19Z,2875,LOC_0041
CDR_003760,+918130006033,+916368244826,2025-08-27T11:06:15Z,122,LOC_0017
CDR_003761,+917468961055,+918023321653,2025-12-21T11:29:51Z,3289,LOC_0100
CDR_003762,+917026972351,+917848222489,2024-08-06T22:33:07Z,999,LOC_0113
CDR_003763,+917916260187,+919455905653,2025-12-19T14:45:34Z,2239,LOC_0093
CDR_003764,+916491661170,+918824296704,2023-12-01T16:59:36Z,3455,LOC_0089
CDR_003765,+918551232705,+916289185573,2026-02-02T19:19:37Z,2952,LOC_0014
CDR_003766,+916655851097,+919076337420,2023-03-03T04:44:09Z,3195,LOC_0094
CDR_003767,+918386883320,+916517981598,2026-07-08T15:20:17Z,3298,LOC_0041
CDR_003768,+918564571185,+919491241190,2024-08-26T03:56:13Z,1424,LOC_0099
CDR_003769,+916006779966,+919504556843,2025-11-23T06:12:30Z,1759,LOC_0081
CDR_003770,+917534625773,+919400156805,2024-10-13T19:34:13Z,1879,LOC_0025
CDR_003771,+918949175145,+919127220285,2026-04-15T21:44:11Z,3251,LOC_0029
CDR_003772,+918535484518,+917053624456,2023-08-07T00:33:41Z,164,LOC_0127
CDR_003773,+917529426298,+918093781592,2025-03-22T09:06:07Z,2826,LOC_0005
CDR_003774,+917184650635,+916288884955,2025-03-28T20:06:02Z,3150,LOC_0146
CDR_003775,+919372682391,+916560430538,2025-06-03T23:08:56Z,1736,LOC_0126
CDR_003776,+918581527840,+918739085759,2026-06-09T16:13:05Z,765,LOC_0105
CDR_003777,+919822880514,+918765414165,2026-01-25T17:08:57Z,3574,LOC_0087
CDR_003778,+919958659997,+916025302093,2024-12-16T05:58:14Z,1729,LOC_0021
CDR_003779,+917883652701,+919477005482,2026-01-10T03:41:13Z,2922,LOC_0061
CDR_003780,+916798534963,+919921773774,2026-07-05T08:17:39Z,2492,LOC_0132
CDR_003781,+918481973488,+919442209286,2025-04-11T21:21:18Z,198,LOC_0133
CDR_003782,+917156067809,+917640993275,2025-02-21T21:45:17Z,1770,LOC_0133
CDR_003783,+916839267208,+918208691233,2026-06-26T11:10:20Z,1040,LOC_0053
CDR_003784,+916797309341,+916826466503,2023-09-08T04:25:42Z,2432,LOC_0127
CDR_003785,+918232620908,+919224351311,2023-12-03T22:26:01Z,540,LOC_0032
CDR_003786,+916337605742,+916964151220,2026-01-11T00:03:00Z,989,LOC_0057
CDR_003787,+917907050257,+918867043264,2025-05-28T01:35:54Z,3389,LOC_0056
CDR_003788,+919585190250,+917809923704,2023-01-22T06:25:05Z,1154,LOC_0002
CDR_003789,+919799177162,+918682951628,2025-01-31T04:04:43Z,3336,LOC_0108
CDR_003790,+919964496896,+916452826172,2024-04-25T10:41:07Z,3419,LOC_0146
CDR_003791,+918682211099,+917562122502,2023-06-14T17:17:57Z,1250,LOC_0011
CDR_003792,+916402153307,+919299465388,2024-06-01T00:44:28Z,3018,LOC_0001
CDR_003793,+919702151572,+918058556284,2024-11-30T05:06:01Z,2250,LOC_0126
CDR_003794,+918849524815,+918606076280,2026-02-22T12:22:13Z,3350,LOC_0012
CDR_003795,+919254125195,+919676857818,2025-08-06T12:15:13Z,235,LOC_0037
CDR_003796,+916378652730,+916119478823,2026-02-16T11:37:58Z,2470,LOC_0145
CDR_003797,+918168568631,+917096326544,2024-08-30T06:11:51Z,795,LOC_0102
CDR_003798,+916506651617,+916368244826,2026-04-23T04:17:00Z,2441,LOC_0148
CDR_003799,+917533491749,+918849317889,2026-04-03T10:51:18Z,795,LOC_0134
CDR_003800,+919850486204,+917948210501,2025-04-04T07:21:11Z,3094,LOC_0139
CDR_003801,+916798534963,+917394297304,2023-07-26T17:38:53Z,1678,LOC_0107
CDR_003802,+916483144641,+916537443660,2025-12-24T03:31:07Z,799,LOC_0100
CDR_003803,+918991213165,+917898721574,2025-01-07T21:47:52Z,277,LOC_0117
CDR_003804,+919441693196,+918388260217,2023-10-15T17:21:39Z,2453,LOC_0106
CDR_003805,+918728591473,+919288577072,2026-01-02T16:08:52Z,1230,LOC_0047
CDR_003806,+916811147196,+917185874957,2023-06-04T05:01:23Z,1469,LOC_0070
CDR_003807,+918232620908,+917766215487,2025-08-11T23:47:22Z,1897,LOC_0139
CDR_003808,+918867043264,+916517981598,2025-11-09T07:37:30Z,2612,LOC_0068
CDR_003809,+917466019993,+916173010491,2024-02-05T12:19:15Z,1348,LOC_0042
CDR_003810,+919202789486,+918005937631,2023-02-25T01:33:25Z,1486,LOC_0010
CDR_003811,+918011671937,+918005937631,2024-06-08T19:46:20Z,1389,LOC_0011
CDR_003812,+917561476763,+917128835207,2023-09-11T06:27:29Z,1092,LOC_0076
CDR_003813,+916118854361,+916775907148,2025-04-24T06:08:42Z,3047,LOC_0138
CDR_003814,+916412498542,+918553162493,2026-06-29T14:56:25Z,1583,LOC_0114
CDR_003815,+918849317889,+916546416390,2026-01-16T16:31:32Z,1512,LOC_0007
CDR_003816,+916898633785,+918832831122,2025-06-10T15:32:41Z,467,LOC_0148
CDR_003817,+916508924953,+919435050715,2024-12-17T14:32:57Z,259,LOC_0113
CDR_003818,+918254694587,+918419129100,2024-04-09T04:17:29Z,3591,LOC_0044
CDR_003819,+918329753974,+916898633785,2024-01-10T00:10:55Z,1137,LOC_0138
CDR_003820,+917250185823,+917264944407,2025-05-07T16:00:10Z,3065,LOC_0045
CDR_003821,+917790556687,+918472422439,2026-04-02T05:56:08Z,312,LOC_0080
CDR_003822,+917000167474,+918138571816,2024-08-29T11:35:42Z,729,LOC_0080
CDR_003823,+918561216903,+916412498542,2024-11-10T13:52:39Z,2820,LOC_0051
CDR_003824,+919010582093,+917523392144,2026-03-15T02:12:59Z,762,LOC_0056
CDR_003825,+919784541097,+916544189915,2023-09-10T12:36:38Z,1977,LOC_0059
CDR_003826,+917782638028,+919799177162,2025-02-18T03:10:01Z,2711,LOC_0147
CDR_003827,+919026796228,+916659262360,2024-04-20T01:22:50Z,1309,LOC_0076
CDR_003828,+917250185823,+918683316346,2025-10-14T23:27:15Z,2053,LOC_0073
CDR_003829,+917727175965,+916706442979,2026-07-21T06:47:21Z,262,LOC_0011
CDR_003830,+917502077414,+917561476763,2024-04-04T16:31:31Z,2467,LOC_0100
CDR_003831,+919527576042,+919228438569,2023-06-08T00:33:17Z,2000,LOC_0118
CDR_003832,+916707889594,+916259807661,2023-03-30T21:59:33Z,3207,LOC_0121
CDR_003833,+916877175367,+916337605742,2025-06-08T23:06:56Z,2546,LOC_0020
CDR_003834,+918360277484,+919254125195,2025-09-22T18:41:11Z,2598,LOC_0129
CDR_003835,+917609115472,+918683316346,2024-11-23T16:56:51Z,1722,LOC_0018
CDR_003836,+919920098784,+916991372057,2025-07-15T22:20:46Z,2357,LOC_0096
CDR_003837,+919518268770,+918246663276,2026-03-14T17:47:37Z,167,LOC_0056
CDR_003838,+917694562195,+918398200084,2026-02-06T14:14:07Z,672,LOC_0082
CDR_003839,+916200969429,+918842116065,2023-07-26T14:24:14Z,287,LOC_0015
CDR_003840,+916852864391,+916876353362,2023-02-22T07:19:33Z,588,LOC_0135
CDR_003841,+918044022431,+916038069463,2024-12-05T16:37:21Z,3110,LOC_0088
CDR_003842,+919224351311,+917974208537,2023-02-07T05:41:19Z,3298,LOC_0015
CDR_003843,+918237131884,+917619246984,2024-03-01T22:15:06Z,306,LOC_0089
CDR_003844,+918032640310,+918808155776,2025-11-22T05:13:57Z,980,LOC_0011
CDR_003845,+917721633165,+918374058517,2023-08-31T22:19:13Z,2040,LOC_0096
CDR_003846,+918595746889,+916494270721,2026-05-30T18:41:38Z,3570,LOC_0048
CDR_003847,+918329753974,+918844458160,2023-06-26T11:48:48Z,1852,LOC_0082
CDR_003848,+916444988777,+916556046133,2023-10-05T20:52:51Z,3373,LOC_0144
CDR_003849,+919375300097,+917714635390,2025-12-24T05:35:44Z,94,LOC_0083
CDR_003850,+917026578951,+918712018738,2023-02-15T10:04:24Z,486,LOC_0059
CDR_003851,+916834443750,+917053633420,2026-01-06T04:19:24Z,1612,LOC_0008
CDR_003852,+916707889594,+916731908588,2023-10-14T23:29:22Z,24,LOC_0056
CDR_003853,+917674778305,+917609115472,2025-03-17T21:08:16Z,2494,LOC_0050
CDR_003854,+916525394346,+916674462136,2025-10-03T17:05:52Z,1911,LOC_0124
CDR_003855,+916416127433,+918156834290,2025-02-02T13:41:03Z,1954,LOC_0070
CDR_003856,+918163880803,+918591125930,2025-04-27T01:54:57Z,1336,LOC_0053
CDR_003857,+916463884781,+919994392015,2023-07-01T09:01:03Z,3127,LOC_0076
CDR_003858,+918551421745,+918515332140,2023-08-31T15:54:19Z,1719,LOC_0144
CDR_003859,+918895259482,+917687430058,2025-05-04T21:13:14Z,2987,LOC_0010
CDR_003860,+919237083706,+919104074578,2024-07-11T16:33:50Z,1955,LOC_0074
CDR_003861,+916297465366,+919964496896,2025-04-02T18:59:18Z,1392,LOC_0113
CDR_003862,+917498230953,+916716980913,2024-09-04T19:10:54Z,3370,LOC_0077
CDR_003863,+917023285481,+919347894979,2026-04-20T01:16:17Z,2853,LOC_0149
CDR_003864,+918061440088,+919994392015,2023-08-02T16:04:35Z,1841,LOC_0146
CDR_003865,+916659262360,+917835657356,2024-08-22T12:06:20Z,2209,LOC_0033
CDR_003866,+916847687424,+918862310586,2025-11-04T08:48:00Z,2296,LOC_0093
CDR_003867,+916399206328,+916634711065,2024-06-21T07:02:27Z,596,LOC_0047
CDR_003868,+918149094710,+919909826129,2025-02-01T00:26:38Z,856,LOC_0084
CDR_003869,+918015372326,+917095920639,2025-05-05T14:06:41Z,1917,LOC_0124
CDR_003870,+919883349761,+917834532707,2024-01-09T15:38:51Z,1068,LOC_0018
CDR_003871,+918586211674,+916415932585,2025-05-19T14:28:03Z,1964,LOC_0125
CDR_003872,+919104074578,+916265793778,2024-11-22T04:46:43Z,1674,LOC_0051
CDR_003873,+919718334842,+916900925556,2025-10-20T14:54:35Z,2958,LOC_0020
CDR_003874,+916632966915,+916696987256,2023-04-15T13:38:35Z,2150,LOC_0138
CDR_003875,+917468961055,+918688626717,2025-02-11T12:54:03Z,1997,LOC_0146
CDR_003876,+917351112065,+918711639209,2024-09-28T14:49:59Z,2738,LOC_0139
CDR_003877,+916468944111,+917679444852,2025-11-06T14:49:18Z,1569,LOC_0113
CDR_003878,+918405805049,+918515332140,2026-02-08T16:16:17Z,720,LOC_0003
CDR_003879,+916535244065,+916491650481,2025-10-29T13:01:46Z,3365,LOC_0084
CDR_003880,+916493012661,+919246378777,2024-04-04T20:45:00Z,1657,LOC_0045
CDR_003881,+918879534353,+916409221994,2024-09-21T12:49:12Z,862,LOC_0068
CDR_003882,+917596371622,+916535244065,2023-05-24T21:59:44Z,2181,LOC_0104
CDR_003883,+918388260217,+917107337642,2024-06-21T16:58:52Z,958,LOC_0022
CDR_003884,+917408091983,+919086292314,2024-03-31T06:34:16Z,298,LOC_0060
CDR_003885,+919909826129,+919812126034,2025-09-03T12:52:58Z,2527,LOC_0129
CDR_003886,+916834443750,+917224224246,2025-08-26T14:45:17Z,197,LOC_0137
CDR_003887,+917128835207,+919525113411,2025-03-01T17:03:08Z,1754,LOC_0081
CDR_003888,+918180279805,+917215861114,2024-01-29T17:50:53Z,1793,LOC_0105
CDR_003889,+919879030194,+917811957488,2025-02-06T15:03:57Z,62,LOC_0090
CDR_003890,+917011968176,+916114752423,2025-08-11T22:39:30Z,1703,LOC_0119
CDR_003891,+918167410280,+916089365072,2026-06-19T19:09:40Z,2821,LOC_0086
CDR_003892,+918291612234,+919925678450,2023-10-13T19:09:29Z,1592,LOC_0079
CDR_003893,+916702463180,+916267119789,2024-02-13T11:57:40Z,1585,LOC_0096
CDR_003894,+918543952630,+916869986241,2025-12-05T04:55:00Z,2700,LOC_0093
CDR_003895,+916408536494,+916433418050,2024-12-03T16:22:04Z,3256,LOC_0051
CDR_003896,+916272723132,+919979854542,2024-08-12T08:39:59Z,2229,LOC_0062
CDR_003897,+918087034313,+916793631899,2026-06-21T23:11:52Z,741,LOC_0041
CDR_003898,+918831490250,+916033939818,2023-05-09T05:23:09Z,882,LOC_0021
CDR_003899,+916705217830,+918106074066,2023-04-03T23:53:24Z,591,LOC_0022
CDR_003900,+916006779966,+918607483282,2025-03-16T23:46:14Z,215,LOC_0009
CDR_003901,+918011671937,+919169313432,2024-11-18T22:22:56Z,2813,LOC_0081
CDR_003902,+918261195798,+917830957372,2024-11-24T20:16:33Z,2808,LOC_0125
CDR_003903,+916189032301,+919468434391,2025-12-02T16:06:59Z,2647,LOC_0056
CDR_003904,+917104570218,+917531092238,2023-10-08T08:28:32Z,942,LOC_0018
CDR_003905,+916259807661,+918235400336,2025-10-26T01:30:31Z,2897,LOC_0017
CDR_003906,+916749458391,+917922583478,2024-01-10T10:48:30Z,1708,LOC_0100
CDR_003907,+918999355782,+916757784718,2025-08-26T20:27:41Z,2124,LOC_0064
CDR_003908,+918035354181,+916533891998,2025-03-07T20:43:29Z,2631,LOC_0003
CDR_003909,+919982435523,+918727217217,2024-08-28T21:50:20Z,2464,LOC_0133
CDR_003910,+916807099214,+917152492014,2023-08-03T16:48:56Z,2370,LOC_0117
CDR_003911,+919411680270,+919661734239,2024-02-28T21:35:10Z,3105,LOC_0086
CDR_003912,+918792983216,+918461270060,2025-01-06T14:56:16Z,443,LOC_0049
CDR_003913,+916432381741,+917668470325,2025-08-29T02:30:12Z,593,LOC_0067
CDR_003914,+916382850920,+918339220005,2025-08-05T20:09:14Z,2156,LOC_0071
CDR_003915,+919304752292,+916321165294,2025-04-21T16:02:56Z,2521,LOC_0008
CDR_003916,+919431704416,+919764066450,2024-08-12T16:35:19Z,1640,LOC_0008
CDR_003917,+919750605143,+918473781261,2024-12-27T00:51:12Z,2153,LOC_0051
CDR_003918,+919691166761,+918564571185,2023-08-17T10:12:43Z,3464,LOC_0109
CDR_003919,+917003126774,+916905110100,2026-01-24T06:07:56Z,1363,LOC_0129
CDR_003920,+916582787332,+916877175367,2025-07-05T22:16:39Z,2271,LOC_0128
CDR_003921,+919779994103,+916840592753,2024-02-21T04:31:31Z,3114,LOC_0077
CDR_003922,+917066624804,+916930600995,2023-05-08T13:09:40Z,587,LOC_0136
CDR_003923,+916797309341,+916208954648,2025-12-03T17:35:32Z,180,LOC_0149
CDR_003924,+919203931525,+918221688140,2024-04-19T21:53:22Z,2404,LOC_0063
CDR_003925,+917485395392,+917109805988,2025-07-03T19:27:30Z,2117,LOC_0024
CDR_003926,+917501539056,+916383604911,2023-08-03T23:28:56Z,160,LOC_0047
CDR_003927,+918144093270,+918646930819,2025-10-15T18:55:08Z,399,LOC_0036
CDR_003928,+917642431326,+919790739390,2024-07-03T20:25:28Z,325,LOC_0054
CDR_003929,+916995243301,+919152000372,2024-03-09T05:42:03Z,136,LOC_0084
CDR_003930,+917003126774,+918180279805,2026-01-15T20:07:17Z,1593,LOC_0085
CDR_003931,+918614719178,+918523258748,2025-01-28T22:38:49Z,37,LOC_0001
CDR_003932,+917160392103,+918161921273,2025-02-12T20:42:18Z,1955,LOC_0096
CDR_003933,+916786585993,+917849145121,2023-03-25T19:11:14Z,3080,LOC_0012
CDR_003934,+919073692775,+918221601510,2023-09-04T02:26:15Z,2976,LOC_0111
CDR_003935,+918649735743,+918435856503,2024-01-11T19:26:40Z,1180,LOC_0119
CDR_003936,+919152000372,+917529133908,2024-01-08T13:39:18Z,663,LOC_0110
CDR_003937,+919472691748,+918237131884,2025-04-06T08:03:58Z,1273,LOC_0109
CDR_003938,+918795621419,+916387632437,2023-12-07T13:46:25Z,322,LOC_0016
CDR_003939,+917267221594,+919518115388,2023-12-06T01:40:36Z,955,LOC_0140
CDR_003940,+918472422439,+916541696649,2026-06-13T20:20:00Z,1059,LOC_0063
CDR_003941,+917296841600,+918341106022,2025-01-17T08:52:35Z,972,LOC_0015
CDR_003942,+918062413300,+918009645719,2024-06-16T14:32:01Z,2208,LOC_0045
CDR_003943,+916786585993,+916373077289,2024-10-18T20:08:27Z,3050,LOC_0072
CDR_003944,+918646930819,+917352126022,2025-08-09T21:37:31Z,1723,LOC_0140
CDR_003945,+917876975522,+916173010491,2024-02-26T15:50:33Z,848,LOC_0024
CDR_003946,+919054368419,+918958015721,2025-10-30T12:18:11Z,332,LOC_0039
CDR_003947,+918062413300,+916416127433,2025-02-17T21:52:07Z,2060,LOC_0134
CDR_003948,+916128924554,+918862310586,2023-09-19T14:27:44Z,2828,LOC_0053
CDR_003949,+917300312565,+916128591125,2025-04-24T05:31:05Z,494,LOC_0069
CDR_003950,+918391568856,+918197612808,2026-04-19T18:43:51Z,3152,LOC_0085
CDR_003951,+919472691748,+917300312565,2025-10-26T21:42:20Z,1694,LOC_0116
CDR_003952,+917720829540,+918646850542,2025-02-12T22:56:33Z,3411,LOC_0048
CDR_003953,+918477838974,+916999034756,2026-01-12T10:01:05Z,3356,LOC_0088
CDR_003954,+916265793778,+918078381873,2024-05-21T05:40:52Z,2684,LOC_0113
CDR_003955,+916409221994,+918025030698,2023-12-25T03:49:05Z,3444,LOC_0029
CDR_003956,+919224351311,+916465578258,2026-05-28T09:36:57Z,2161,LOC_0125
CDR_003957,+917642270644,+919041538490,2025-11-12T16:10:52Z,174,LOC_0034
CDR_003958,+916496884614,+918440596445,2024-08-24T12:01:03Z,3299,LOC_0076
CDR_003959,+916272723132,+916837619957,2026-01-31T13:39:58Z,3291,LOC_0110
CDR_003960,+917914402567,+917473713393,2024-03-10T14:06:38Z,1755,LOC_0136
CDR_003961,+917529133908,+917799609152,2025-03-08T18:30:05Z,880,LOC_0026
CDR_003962,+917218101886,+916395097504,2023-01-23T14:56:34Z,792,LOC_0089
CDR_003963,+916491661170,+919130846781,2024-06-19T21:04:01Z,2067,LOC_0122
CDR_003964,+918509565608,+919982499657,2023-10-23T18:47:15Z,2795,LOC_0048
CDR_003965,+916849872844,+917519292165,2023-02-23T12:57:14Z,3439,LOC_0048
CDR_003966,+919110019797,+918732742483,2023-04-21T05:01:51Z,2486,LOC_0040
CDR_003967,+917066624804,+916092624498,2023-10-14T05:38:27Z,457,LOC_0002
CDR_003968,+918447715974,+917766426225,2025-05-04T01:49:32Z,3204,LOC_0113
CDR_003969,+917697821614,+918849317889,2026-07-31T12:55:40Z,2246,LOC_0008
CDR_003970,+919645019830,+917671543978,2024-11-06T06:45:17Z,1701,LOC_0079
CDR_003971,+917853345235,+917371523398,2023-03-07T00:31:12Z,1556,LOC_0081
CDR_003972,+917201662484,+919817709488,2023-01-05T02:28:43Z,2987,LOC_0030
CDR_003973,+919747112149,+917549875589,2025-10-26T23:31:32Z,2587,LOC_0069
CDR_003974,+918945328818,+918409958962,2026-01-09T20:18:35Z,986,LOC_0089
CDR_003975,+916788958738,+916383604911,2023-10-21T10:56:36Z,2385,LOC_0086
CDR_003976,+918649735743,+918369899340,2023-04-24T14:59:31Z,321,LOC_0031
CDR_003977,+918126746095,+919125636238,2023-01-09T08:11:56Z,2816,LOC_0012
CDR_003978,+916463072131,+916646275116,2025-04-15T02:31:19Z,3576,LOC_0036
CDR_003979,+918688626717,+918197612808,2023-03-27T12:44:38Z,1475,LOC_0061
CDR_003980,+917455909264,+919833568382,2023-03-08T01:04:11Z,2224,LOC_0061
CDR_003981,+918824296704,+916517376881,2024-08-18T17:12:47Z,3143,LOC_0013
CDR_003982,+919148439236,+918360277484,2025-03-31T17:53:46Z,129,LOC_0075
CDR_003983,+916404216517,+916995243301,2023-04-21T02:44:57Z,3483,LOC_0115
CDR_003984,+919740355928,+917695702318,2023-05-24T03:56:56Z,1176,LOC_0121
CDR_003985,+916540890313,+919331818614,2024-02-14T10:15:46Z,3318,LOC_0120
CDR_003986,+917808590634,+917809923704,2025-08-11T13:57:23Z,2958,LOC_0026
CDR_003987,+919307777078,+918389935392,2023-10-25T09:55:09Z,2330,LOC_0012
CDR_003988,+918339220005,+919228438569,2024-05-18T14:52:31Z,243,LOC_0104
CDR_003989,+919329701564,+918915952991,2025-09-05T00:41:50Z,2985,LOC_0129
CDR_003990,+917561569542,+918802563740,2026-01-18T18:36:20Z,1764,LOC_0010
CDR_003991,+916235316246,+916398474792,2023-11-02T19:14:34Z,501,LOC_0109
CDR_003992,+919168819811,+916492558512,2026-07-12T01:02:30Z,1431,LOC_0014
CDR_003993,+917612816731,+919964932788,2024-06-12T14:13:01Z,68,LOC_0101
CDR_003994,+916902962666,+918308259281,2026-02-26T15:26:39Z,1901,LOC_0016
CDR_003995,+917410688654,+917883652701,2023-08-28T23:32:45Z,3463,LOC_0071
CDR_003996,+916517981598,+919525113411,2024-10-26T01:03:24Z,2497,LOC_0066
CDR_003997,+916554975640,+919340328400,2024-10-31T22:54:35Z,1232,LOC_0098
CDR_003998,+919604328146,+918590682033,2024-08-11T14:17:36Z,1917,LOC_0102
CDR_003999,+916554975640,+918733074647,2026-02-11T04:14:12Z,2919,LOC_0066
CDR_004000,+919046647159,+919252579672,2023-07-06T13:53:34Z,1143,LOC_0043
CDR_004001,+918551421745,+916655851097,2023-01-13T23:38:17Z,76,LOC_0002
CDR_004002,+919673767577,+918864985663,2023-11-25T21:46:32Z,3118,LOC_0114
CDR_004003,+917225581333,+916839267208,2024-11-25T22:17:04Z,2096,LOC_0070
CDR_004004,+918654191036,+917863152169,2023-01-27T18:49:14Z,3109,LOC_0122
CDR_004005,+918606996024,+919790739390,2026-06-14T23:26:42Z,735,LOC_0049
CDR_004006,+917463733306,+919563493764,2024-05-20T01:18:53Z,3474,LOC_0139
CDR_004007,+918295619572,+916466598191,2025-01-17T00:32:09Z,1756,LOC_0043
CDR_004008,+917826016991,+919738453527,2023-11-21T18:57:09Z,2956,LOC_0061
CDR_004009,+917737551584,+919383506796,2023-03-10T23:28:34Z,478,LOC_0088
CDR_004010,+918517193451,+917885956471,2025-01-01T05:31:19Z,2027,LOC_0104
CDR_004011,+917294831357,+916108619179,2025-04-17T07:26:09Z,1731,LOC_0112
CDR_004012,+916498319477,+916824272995,2025-12-20T19:01:16Z,2673,LOC_0013
CDR_004013,+918432790994,+916524802306,2024-06-30T00:44:17Z,2456,LOC_0023
CDR_004014,+917864326250,+917248985201,2024-08-15T04:40:37Z,671,LOC_0069
CDR_004015,+916807254039,+917521998002,2026-03-14T10:27:10Z,982,LOC_0056
CDR_004016,+916852864391,+917152492014,2024-04-13T04:16:00Z,2086,LOC_0148
CDR_004017,+919141962771,+918595756047,2023-03-29T03:16:41Z,530,LOC_0102
CDR_004018,+916074159865,+917826016991,2025-11-14T17:28:41Z,1597,LOC_0058
CDR_004019,+919428015166,+919438177052,2025-12-22T08:26:17Z,1428,LOC_0090
CDR_004020,+917802050514,+919435050715,2023-03-16T07:39:23Z,2661,LOC_0005
CDR_004021,+918156891321,+918584719544,2024-07-29T14:37:38Z,2045,LOC_0087
CDR_004022,+916110123941,+918420824631,2023-06-03T00:48:00Z,2829,LOC_0055
CDR_004023,+918864985663,+917493072850,2026-03-30T05:30:05Z,919,LOC_0142
CDR_004024,+919054368419,+918646142846,2025-02-02T01:25:09Z,227,LOC_0138
CDR_004025,+919875234259,+918227099629,2024-02-02T20:52:23Z,1594,LOC_0138
CDR_004026,+919398794286,+919702276600,2023-01-26T16:13:24Z,436,LOC_0051
CDR_004027,+918581527840,+918077559531,2023-05-17T03:26:29Z,1006,LOC_0130
CDR_004028,+918509666281,+918737947824,2024-04-08T10:45:40Z,3497,LOC_0028
CDR_004029,+917498230953,+919649904956,2023-10-02T21:46:31Z,2528,LOC_0058
CDR_004030,+919605572307,+919019762806,2026-02-23T07:44:57Z,1151,LOC_0083
CDR_004031,+917773541214,+918884809577,2023-04-13T02:25:41Z,1929,LOC_0115
CDR_004032,+916283537782,+919738550295,2026-07-30T09:37:15Z,3570,LOC_0125
CDR_004033,+919525113411,+917779466167,2023-04-14T17:36:22Z,198,LOC_0109
CDR_004034,+918765414165,+918646142846,2024-09-15T21:49:32Z,186,LOC_0089
CDR_004035,+916452988831,+917809923704,2025-01-25T13:56:43Z,344,LOC_0048
CDR_004036,+919961454933,+917575967938,2023-12-28T21:10:47Z,328,LOC_0010
CDR_004037,+917806058066,+919924462352,2024-08-25T20:13:12Z,680,LOC_0124
CDR_004038,+916043552210,+919340328400,2024-10-11T23:06:13Z,3483,LOC_0001
CDR_004039,+916491028289,+917848581435,2024-04-12T02:03:43Z,479,LOC_0130
CDR_004040,+918595746889,+918603481095,2026-06-28T23:59:59Z,1595,LOC_0003
CDR_004041,+919254125195,+917176226755,2024-08-19T20:51:39Z,1655,LOC_0026
CDR_004042,+916188321417,+919001004149,2023-10-18T07:03:08Z,2260,LOC_0148
CDR_004043,+919614573360,+916383060868,2026-01-01T22:56:35Z,76,LOC_0124
CDR_004044,+918098632248,+917853165178,2024-10-31T04:21:28Z,1251,LOC_0057
CDR_004045,+917829981864,+919527576042,2026-06-10T13:37:51Z,977,LOC_0006
CDR_004046,+917637632518,+919000742597,2024-05-14T20:39:45Z,919,LOC_0051
CDR_004047,+916195904052,+916766829608,2023-06-25T08:37:33Z,1077,LOC_0149
CDR_004048,+918526469228,+916122777002,2025-09-04T20:29:08Z,2428,LOC_0105
CDR_004049,+917201662484,+919180492708,2025-03-12T14:11:39Z,2815,LOC_0104
CDR_004050,+917599601959,+918553162493,2025-01-07T16:17:05Z,1314,LOC_0102
CDR_004051,+917790556687,+918012143631,2023-12-05T13:37:13Z,1030,LOC_0082
CDR_004052,+918553162493,+918227099629,2026-05-25T13:27:32Z,2427,LOC_0098
CDR_004053,+916781616736,+918405805049,2025-11-28T16:16:30Z,699,LOC_0045
CDR_004054,+917838882481,+917212069537,2026-06-11T01:41:58Z,3393,LOC_0146
CDR_004055,+919750605143,+916011470941,2023-08-26T22:38:36Z,1390,LOC_0088
CDR_004056,+916369382071,+918606996024,2023-03-26T14:48:43Z,49,LOC_0051
CDR_004057,+917519292165,+919246378777,2023-04-02T17:57:45Z,2724,LOC_0142
CDR_004058,+917384717361,+919026491892,2024-09-22T06:10:30Z,2570,LOC_0063
CDR_004059,+919169313432,+916071426604,2025-08-16T15:22:02Z,401,LOC_0011
CDR_004060,+918285488356,+918945420528,2024-06-24T13:55:11Z,3457,LOC_0060
CDR_004061,+919468434391,+919187526779,2025-04-28T16:43:20Z,988,LOC_0022
CDR_004062,+917521998002,+916463884781,2024-11-15T12:42:37Z,2973,LOC_0042
CDR_004063,+919677963600,+916487937820,2025-02-25T03:48:39Z,3213,LOC_0054
CDR_004064,+919003318664,+918241790651,2025-02-10T14:20:36Z,2392,LOC_0049
CDR_004065,+919958659997,+916122777002,2023-05-03T17:12:32Z,2286,LOC_0023
CDR_004066,+918952218016,+918545365683,2025-01-06T01:38:07Z,357,LOC_0126
CDR_004067,+918161921273,+916707889594,2023-05-26T16:57:33Z,493,LOC_0002
CDR_004068,+918832831122,+916415932585,2023-03-09T12:17:51Z,719,LOC_0014
CDR_004069,+917115350130,+917609324972,2024-11-09T11:21:46Z,275,LOC_0128
CDR_004070,+919117963765,+919702276600,2024-12-07T19:46:16Z,3105,LOC_0067
CDR_004071,+917812495724,+916711474712,2025-08-31T10:24:48Z,2517,LOC_0017
CDR_004072,+917140651959,+918795621419,2025-09-19T09:32:36Z,2169,LOC_0002
CDR_004073,+917529426298,+917986099771,2023-02-13T21:59:40Z,3083,LOC_0004
CDR_004074,+918418311717,+918304048189,2024-01-06T23:02:53Z,246,LOC_0044
CDR_004075,+916662695110,+918517193451,2026-07-04T21:32:06Z,2247,LOC_0005
CDR_004076,+916651420194,+919115351748,2023-05-04T19:01:36Z,388,LOC_0064
CDR_004077,+917826016991,+919288577072,2023-09-09T03:18:21Z,451,LOC_0091
CDR_004078,+919985212098,+916674279418,2025-05-17T17:05:56Z,3545,LOC_0020
CDR_004079,+918999355782,+918326924276,2024-12-25T00:23:01Z,3150,LOC_0126
CDR_004080,+919563493764,+917105059551,2024-03-24T07:21:01Z,1028,LOC_0115
CDR_004081,+918156834290,+918655800295,2024-05-15T16:20:48Z,1550,LOC_0020
CDR_004082,+918945420528,+916936889011,2024-10-24T04:49:37Z,2302,LOC_0147
CDR_004083,+919731383917,+918940739520,2025-12-05T04:58:02Z,2607,LOC_0140
CDR_004084,+917248015331,+917152492014,2024-09-08T23:41:04Z,1349,LOC_0114
CDR_004085,+918478872199,+918629897176,2023-03-11T02:56:27Z,2583,LOC_0027
CDR_004086,+919174859715,+919452692504,2024-12-17T17:42:44Z,3044,LOC_0031
CDR_004087,+919928329603,+919779305645,2025-12-19T06:53:07Z,2762,LOC_0004
CDR_004088,+918926773184,+916137693023,2023-12-13T01:51:14Z,2143,LOC_0034
CDR_004089,+918163880803,+919921773774,2024-10-17T15:35:04Z,501,LOC_0146
CDR_004090,+918301905670,+919246378777,2025-09-13T12:37:24Z,3295,LOC_0149
CDR_004091,+918759143335,+919515645918,2023-04-20T11:44:04Z,560,LOC_0097
CDR_004092,+919019762806,+919576333768,2025-11-27T19:00:34Z,2532,LOC_0149
CDR_004093,+917885956471,+918781267374,2026-02-07T11:32:15Z,3469,LOC_0147
CDR_004094,+917011968176,+919634735698,2026-02-06T00:09:17Z,2942,LOC_0118
CDR_004095,+919677963600,+918685515992,2023-02-11T15:39:51Z,2770,LOC_0129
CDR_004096,+918732742483,+916404216517,2025-12-17T05:54:29Z,3219,LOC_0097
CDR_004097,+918564468364,+919395215160,2026-05-14T04:04:54Z,1219,LOC_0138
CDR_004098,+916612559057,+917799609152,2026-07-28T16:45:48Z,2450,LOC_0116
CDR_004099,+919850442961,+918472422439,2024-05-11T17:16:53Z,2464,LOC_0119
CDR_004100,+916972128295,+918595746889,2025-01-19T09:08:37Z,881,LOC_0130
CDR_004101,+917562122502,+918739872850,2024-12-19T06:23:22Z,1307,LOC_0009
CDR_004102,+919576333768,+918924542318,2023-07-26T18:36:31Z,792,LOC_0064
CDR_004103,+918561216903,+917766426225,2026-07-25T13:46:48Z,922,LOC_0145
CDR_004104,+918082025057,+917609115472,2024-12-27T10:22:02Z,3168,LOC_0073
CDR_004105,+917773904836,+916011470941,2026-01-21T18:24:41Z,724,LOC_0112
CDR_004106,+916939673695,+919527576042,2025-02-15T21:25:42Z,1661,LOC_0087
CDR_004107,+918374058517,+919614098856,2024-11-25T00:18:02Z,1012,LOC_0140
CDR_004108,+918519262249,+919113804499,2026-07-29T01:45:54Z,1654,LOC_0001
CDR_004109,+917176226755,+918079500806,2023-05-07T09:13:15Z,1888,LOC_0054
CDR_004110,+916619962132,+917796717941,2024-01-22T02:25:14Z,897,LOC_0001
CDR_004111,+919398794286,+916954451581,2025-03-09T09:39:10Z,3274,LOC_0113
CDR_004112,+918958015721,+917531092238,2025-06-25T21:10:57Z,690,LOC_0131
CDR_004113,+917304147917,+918244817796,2023-09-13T08:50:44Z,2930,LOC_0041
CDR_004114,+916074159865,+917988055189,2026-06-22T21:21:43Z,1424,LOC_0086
CDR_004115,+916807254039,+919701033334,2025-08-18T19:14:23Z,3104,LOC_0056
CDR_004116,+918711639209,+916054695674,2025-03-22T20:47:02Z,2206,LOC_0056
CDR_004117,+918814446299,+917145119397,2024-11-12T09:34:37Z,2456,LOC_0150
CDR_004118,+919742821232,+917410688654,2025-07-22T22:56:12Z,3215,LOC_0003
CDR_004119,+918369496447,+918235400336,2023-10-20T16:55:54Z,2810,LOC_0022
CDR_004120,+917502043261,+917258964802,2023-12-16T06:56:39Z,3170,LOC_0079
CDR_004121,+919850045517,+917139394892,2023-05-03T07:29:29Z,2310,LOC_0126
CDR_004122,+916936889011,+917149372498,2023-01-05T17:48:27Z,2618,LOC_0140
CDR_004123,+918595756047,+917678103394,2026-02-27T12:45:22Z,1631,LOC_0125
CDR_004124,+916033939818,+917533491749,2025-12-28T11:28:35Z,1806,LOC_0041
CDR_004125,+919574933679,+919172900312,2025-03-31T21:20:23Z,2590,LOC_0081
CDR_004126,+917205597858,+916195904052,2024-01-08T05:14:29Z,1053,LOC_0052
CDR_004127,+917921912834,+919224351311,2026-07-13T22:31:51Z,3230,LOC_0013
CDR_004128,+918862310586,+917295079715,2023-06-12T03:10:21Z,1715,LOC_0037
CDR_004129,+918581527840,+916091087253,2024-12-08T01:22:18Z,736,LOC_0069
CDR_004130,+918001032544,+916468944111,2025-07-31T17:12:48Z,1559,LOC_0042
CDR_004131,+918449720786,+916392294862,2025-02-04T01:04:53Z,237,LOC_0022
CDR_004132,+916189032301,+919271385463,2023-06-06T23:09:03Z,1529,LOC_0102
CDR_004133,+916612559057,+918374058517,2023-04-07T02:30:50Z,263,LOC_0020
CDR_004134,+918926773184,+916398474792,2023-07-04T12:01:20Z,1908,LOC_0029
CDR_004135,+918168568631,+916840592753,2026-05-06T01:31:28Z,1371,LOC_0147
CDR_004136,+918615798918,+918321171058,2026-01-17T22:12:04Z,189,LOC_0122
CDR_004137,+916498319477,+918107376583,2025-08-02T20:53:13Z,2259,LOC_0006
CDR_004138,+917104570218,+919203931525,2023-05-03T08:45:09Z,997,LOC_0027
CDR_004139,+919278571664,+917907050257,2025-10-03T09:30:22Z,1633,LOC_0009
CDR_004140,+918098632248,+917234182744,2023-10-24T09:36:15Z,1284,LOC_0099
CDR_004141,+919578054555,+918732742483,2023-05-20T15:02:21Z,1945,LOC_0061
CDR_004142,+919990039529,+918418311717,2025-01-19T11:58:15Z,2899,LOC_0066
CDR_004143,+916517981598,+917609115472,2024-09-25T08:21:12Z,3426,LOC_0089
CDR_004144,+917225427052,+918477838974,2024-05-24T00:07:43Z,356,LOC_0047
CDR_004145,+918682951628,+917152492014,2024-06-12T14:00:23Z,1496,LOC_0020
CDR_004146,+919450315857,+916457783056,2026-03-04T20:48:15Z,2543,LOC_0023
CDR_004147,+917565497109,+918230719199,2024-09-29T22:38:23Z,1668,LOC_0050
CDR_004148,+918390864624,+916188569773,2024-08-16T04:16:49Z,823,LOC_0060
CDR_004149,+917434751674,+919046647159,2026-01-15T16:31:35Z,1265,LOC_0131
CDR_004150,+919121185924,+918261195798,2023-01-30T15:12:40Z,228,LOC_0115
CDR_004151,+916452988831,+919099565230,2023-11-21T08:20:35Z,1338,LOC_0046
CDR_004152,+916272723132,+916546674084,2023-01-03T05:40:55Z,268,LOC_0146
CDR_004153,+919347894979,+918658772734,2024-07-22T09:27:10Z,951,LOC_0102
CDR_004154,+916300582933,+916119478823,2023-01-31T13:44:03Z,3310,LOC_0101
CDR_004155,+917828376268,+917375191063,2025-08-10T18:36:54Z,1754,LOC_0123
CDR_004156,+918769290424,+918285488356,2025-08-29T00:05:26Z,410,LOC_0054
CDR_004157,+919265568728,+916964151220,2024-04-24T22:02:53Z,3268,LOC_0088
CDR_004158,+917104570218,+919311300347,2024-03-03T22:02:15Z,2247,LOC_0111
CDR_004159,+918227099629,+916111635207,2023-04-11T16:57:43Z,2811,LOC_0081
CDR_004160,+918809299600,+917502043261,2023-02-08T01:39:11Z,2342,LOC_0005
CDR_004161,+919601971852,+917835657356,2023-11-01T23:53:40Z,1443,LOC_0020
CDR_004162,+917176494120,+919994392015,2023-03-03T00:20:31Z,1555,LOC_0054
CDR_004163,+918615798918,+917612816731,2025-07-22T16:46:03Z,2917,LOC_0066
CDR_004164,+919441494580,+918398200084,2024-07-19T10:32:15Z,407,LOC_0053
CDR_004165,+918774190383,+919395215160,2023-05-14T06:42:46Z,206,LOC_0009
CDR_004166,+916382850920,+918097515527,2025-10-15T06:22:01Z,2392,LOC_0027
CDR_004167,+918447715974,+918930030550,2026-04-04T19:41:06Z,3189,LOC_0072
CDR_004168,+916328709442,+918849317889,2024-02-17T02:23:53Z,3102,LOC_0121
CDR_004169,+918044022431,+919911316017,2025-05-21T08:26:12Z,406,LOC_0148
CDR_004170,+919362450803,+917427799501,2023-01-27T16:56:59Z,1489,LOC_0013
CDR_004171,+918717124135,+919376604904,2024-08-18T06:26:07Z,3522,LOC_0055
CDR_004172,+918082025057,+917011968176,2025-11-16T08:22:01Z,3013,LOC_0039
CDR_004173,+917421785056,+916225121807,2026-06-25T02:04:04Z,3284,LOC_0101
CDR_004174,+918235400336,+919491241190,2025-06-23T22:22:42Z,906,LOC_0035
CDR_004175,+916126795342,+919680791091,2024-07-15T06:29:38Z,2010,LOC_0031
CDR_004176,+918391568856,+916313595787,2023-09-20T06:30:51Z,2906,LOC_0076
CDR_004177,+916329044656,+918180279805,2023-08-06T11:30:14Z,2097,LOC_0055
CDR_004178,+917320394595,+918649735743,2024-10-26T06:24:28Z,714,LOC_0062
CDR_004179,+916582787332,+917450559731,2025-03-06T21:15:50Z,872,LOC_0044
CDR_004180,+919700780593,+917225427052,2023-06-30T02:29:06Z,1702,LOC_0127
CDR_004181,+919288577072,+919573639898,2025-02-05T17:12:27Z,1848,LOC_0103
CDR_004182,+917453003039,+918002538288,2026-01-16T04:18:10Z,2352,LOC_0112
CDR_004183,+919115351748,+917115350130,2025-08-21T09:36:44Z,3321,LOC_0022
CDR_004184,+919376604904,+918005937631,2023-08-07T11:37:19Z,2515,LOC_0039
CDR_004185,+916114752423,+917670711748,2025-12-28T07:39:32Z,1341,LOC_0145
CDR_004186,+917864326250,+917727175965,2026-02-10T14:03:49Z,863,LOC_0093
CDR_004187,+917152492014,+919811215239,2024-08-02T23:10:16Z,1017,LOC_0091
CDR_004188,+918012143631,+916761010785,2026-01-10T19:38:30Z,3094,LOC_0140
CDR_004189,+917384717361,+919958659997,2026-01-20T22:17:51Z,1279,LOC_0091
CDR_004190,+918085229775,+917848581435,2026-04-13T08:43:43Z,1121,LOC_0008
CDR_004191,+916775643094,+916999034756,2023-06-10T19:53:06Z,1096,LOC_0115
CDR_004192,+916707889594,+916322742735,2023-05-20T21:35:18Z,3101,LOC_0110
CDR_004193,+917195461796,+918889252025,2025-04-06T05:07:36Z,2733,LOC_0138
CDR_004194,+918447715974,+916786585993,2025-04-12T21:36:07Z,2669,LOC_0033
CDR_004195,+919468434391,+918595756047,2024-08-22T21:18:00Z,2247,LOC_0042
CDR_004196,+916335954600,+917387503825,2023-10-30T06:52:44Z,1542,LOC_0034
CDR_004197,+919916463262,+918991259771,2023-01-07T01:43:12Z,873,LOC_0134
CDR_004198,+919754483808,+917826016991,2024-03-18T11:40:01Z,2642,LOC_0113
CDR_004199,+917914402567,+919738453527,2026-01-18T06:15:18Z,670,LOC_0056
CDR_004200,+917595440130,+916473890212,2024-01-27T18:43:16Z,655,LOC_0111
CDR_004201,+917587594499,+919677963600,2025-05-14T01:07:54Z,2974,LOC_0055
CDR_004202,+916609176803,+917434751674,2026-03-05T01:18:43Z,326,LOC_0041
CDR_004203,+918060106614,+917082074708,2023-06-11T14:26:09Z,1207,LOC_0088
CDR_004204,+918982728970,+919909826129,2026-04-23T08:32:11Z,1992,LOC_0139
CDR_004205,+916797309341,+917260459282,2024-06-23T07:28:16Z,2507,LOC_0002
CDR_004206,+916027574993,+919442209286,2024-12-24T06:41:54Z,1164,LOC_0024
CDR_004207,+916487937820,+916612559057,2024-04-29T23:08:10Z,884,LOC_0070
CDR_004208,+917737551584,+916702463180,2023-01-06T10:21:38Z,1414,LOC_0118
CDR_004209,+917073452407,+916547253832,2025-11-03T06:43:31Z,3003,LOC_0009
CDR_004210,+916616423848,+916363398580,2023-10-11T12:19:05Z,3100,LOC_0090
CDR_004211,+917003833443,+916201711625,2025-06-18T11:40:42Z,1015,LOC_0033
CDR_004212,+919700780593,+916382850920,2026-07-22T09:57:48Z,1105,LOC_0138
CDR_004213,+917489416646,+916027574993,2026-02-03T03:37:48Z,1537,LOC_0031
CDR_004214,+919855335187,+917154261079,2024-07-27T06:58:46Z,1312,LOC_0002
CDR_004215,+918817212424,+918233121087,2025-12-19T07:42:32Z,2477,LOC_0116
CDR_004216,+916200969429,+918388260217,2026-06-10T21:36:04Z,1085,LOC_0127
CDR_004217,+918982728970,+918045084752,2026-05-03T04:27:47Z,500,LOC_0083
CDR_004218,+919601971852,+919461484918,2023-02-12T20:35:16Z,1757,LOC_0109
CDR_004219,+916319718936,+916038069463,2026-05-14T20:51:20Z,2926,LOC_0001
CDR_004220,+918445685199,+917575103101,2023-09-27T04:40:37Z,771,LOC_0007
CDR_004221,+916265793778,+917558287806,2025-10-21T07:24:00Z,3415,LOC_0115
CDR_004222,+919575606753,+919007744409,2024-02-07T10:01:19Z,2514,LOC_0074
CDR_004223,+918009645719,+918435856503,2023-09-14T08:11:29Z,1159,LOC_0133
CDR_004224,+916289185573,+919718334842,2023-07-20T21:14:13Z,1764,LOC_0030
CDR_004225,+918021635448,+918369899340,2025-03-17T00:00:34Z,3574,LOC_0061
CDR_004226,+916793631899,+917066599674,2026-03-13T09:04:28Z,1745,LOC_0141
CDR_004227,+916267119789,+919073784537,2025-05-19T10:09:47Z,3508,LOC_0013
CDR_004228,+918126746095,+916522773527,2023-02-03T03:14:52Z,2972,LOC_0122
CDR_004229,+916086561545,+917140651959,2023-01-07T16:49:17Z,2437,LOC_0129
CDR_004230,+918436392052,+919822880514,2023-09-23T17:05:24Z,152,LOC_0149
CDR_004231,+919120333471,+916354828271,2023-10-02T20:39:05Z,2569,LOC_0030
CDR_004232,+916463072131,+918047867526,2025-12-28T16:41:33Z,3288,LOC_0071
CDR_004233,+918879534353,+916128924554,2025-09-13T18:28:07Z,1420,LOC_0067
CDR_004234,+919110019797,+918502988880,2023-05-08T09:10:13Z,871,LOC_0013
CDR_004235,+919276966820,+916451554348,2026-04-24T10:20:17Z,2384,LOC_0034
CDR_004236,+916533891998,+918999355782,2023-01-18T10:47:59Z,691,LOC_0081
CDR_004237,+917095920639,+917351021444,2023-01-25T00:21:13Z,3262,LOC_0043
CDR_004238,+918922958662,+917368329940,2025-07-17T11:18:41Z,2304,LOC_0035
CDR_004239,+917829981864,+916617485408,2025-06-07T20:15:56Z,3239,LOC_0147
CDR_004240,+917434751674,+919435050715,2024-01-20T16:27:12Z,1368,LOC_0065
CDR_004241,+917264944407,+916951424441,2024-10-31T20:40:08Z,3240,LOC_0009
CDR_004242,+917489416646,+916319718936,2026-07-30T01:02:23Z,704,LOC_0077
CDR_004243,+916458762697,+916292960178,2023-01-07T21:33:07Z,3509,LOC_0120
CDR_004244,+916849872844,+916834443750,2023-02-19T21:07:00Z,56,LOC_0060
CDR_004245,+919076337420,+917806058066,2023-06-11T17:42:02Z,2014,LOC_0028
CDR_004246,+916848446906,+916458762697,2024-08-12T23:34:28Z,2225,LOC_0084
CDR_004247,+919702151572,+919850045517,2024-08-15T05:09:32Z,60,LOC_0130
CDR_004248,+918161399993,+919527576042,2026-05-21T20:27:27Z,2403,LOC_0095
CDR_004249,+918824296704,+916195355435,2025-11-14T00:51:50Z,209,LOC_0139
CDR_004250,+918361581808,+919041538490,2024-07-10T08:34:20Z,350,LOC_0048
CDR_004251,+919518115388,+919312303657,2025-03-03T14:35:16Z,1711,LOC_0099
CDR_004252,+919867939656,+918329753974,2025-06-08T09:45:52Z,2394,LOC_0117
CDR_004253,+916071426604,+917369488764,2024-03-11T23:43:33Z,453,LOC_0027
CDR_004254,+919850442961,+916856778208,2024-08-02T20:53:59Z,2391,LOC_0016
CDR_004255,+918998076115,+916905110100,2024-04-04T08:22:01Z,3416,LOC_0129
CDR_004256,+919645019830,+917531483679,2025-01-02T00:50:38Z,520,LOC_0089
CDR_004257,+917225170345,+918755969088,2026-05-30T11:18:55Z,2720,LOC_0006
CDR_004258,+917812495724,+919223624529,2024-05-06T00:37:06Z,2471,LOC_0148
CDR_004259,+916305517870,+916477096961,2024-03-09T20:28:19Z,2139,LOC_0053
CDR_004260,+919187698891,+919512836993,2025-12-21T07:31:24Z,559,LOC_0145
CDR_004261,+918852128598,+916444988777,2025-10-22T20:09:00Z,1751,LOC_0126
CDR_004262,+919978157818,+918949175145,2024-04-30T01:10:13Z,2696,LOC_0048
CDR_004263,+917485395392,+918380098110,2025-11-11T17:11:08Z,2548,LOC_0083
CDR_004264,+919847558512,+917057238139,2026-05-08T13:20:04Z,2386,LOC_0078
CDR_004265,+917500130102,+917898721574,2025-10-14T13:03:06Z,2039,LOC_0014
CDR_004266,+919103002206,+919472691748,2023-05-18T04:09:31Z,2463,LOC_0022
CDR_004267,+917745177124,+918241790651,2023-12-27T16:18:09Z,1506,LOC_0049
CDR_004268,+917609324972,+918584467005,2026-06-19T16:43:44Z,917,LOC_0090
CDR_004269,+917056191455,+917876975522,2023-06-27T17:19:30Z,2567,LOC_0121
CDR_004270,+918061440088,+917365591754,2024-02-17T18:14:53Z,50,LOC_0087
CDR_004271,+918581527840,+917095920639,2024-08-02T04:58:02Z,1317,LOC_0137
CDR_004272,+919515645918,+918481973488,2024-11-05T00:35:10Z,1727,LOC_0064
CDR_004273,+916856778208,+916855847996,2025-10-05T06:45:05Z,1119,LOC_0057
CDR_004274,+918077559531,+916432381741,2023-03-29T17:23:42Z,1542,LOC_0029
CDR_004275,+919553043688,+917451521111,2024-04-17T02:11:49Z,602,LOC_0030
CDR_004276,+917450559731,+917679444852,2026-03-26T09:10:16Z,2053,LOC_0087
CDR_004277,+917376265912,+918237131884,2025-07-17T01:03:17Z,2910,LOC_0030
CDR_004278,+919613918807,+917725708681,2026-01-31T13:42:34Z,2913,LOC_0099
CDR_004279,+918586190457,+917898721574,2025-06-21T00:30:24Z,1380,LOC_0031
CDR_004280,+918435856503,+917382219816,2023-12-28T14:32:06Z,1618,LOC_0100
CDR_004281,+917249155118,+919964932788,2025-05-02T09:39:05Z,496,LOC_0072
CDR_004282,+918295619572,+916517981598,2023-12-05T15:43:25Z,3236,LOC_0116
CDR_004283,+917710446980,+917974208537,2026-04-02T15:04:35Z,3054,LOC_0001
CDR_004284,+918366502646,+917011968176,2025-04-29T10:50:16Z,242,LOC_0030
CDR_004285,+918015372326,+916510767017,2024-09-28T16:39:06Z,1020,LOC_0143
CDR_004286,+919925678450,+919331818614,2024-03-01T04:23:04Z,3436,LOC_0070
CDR_004287,+917766426225,+918321171058,2024-08-20T04:54:32Z,1427,LOC_0068
CDR_004288,+918132866657,+917577640521,2023-05-05T17:31:20Z,2733,LOC_0132
CDR_004289,+916313595787,+919495540116,2025-10-16T13:55:11Z,2057,LOC_0031
CDR_004290,+916834443750,+919613894362,2025-01-26T17:05:53Z,2055,LOC_0085
CDR_004291,+917191405559,+919701990020,2024-11-30T06:10:06Z,2454,LOC_0029
CDR_004292,+916038069463,+918589800302,2024-01-06T09:36:02Z,1646,LOC_0149
CDR_004293,+916369445790,+917762054424,2025-09-23T11:27:54Z,879,LOC_0070
CDR_004294,+918509666281,+917352126022,2026-01-13T16:52:35Z,1055,LOC_0137
CDR_004295,+916486115413,+918141418189,2023-02-14T11:00:13Z,1166,LOC_0070
CDR_004296,+917887532541,+918924542318,2023-03-14T12:31:57Z,2496,LOC_0018
CDR_004297,+918159374355,+916793631899,2024-10-08T20:29:08Z,2407,LOC_0084
CDR_004298,+919296539503,+918118679324,2025-04-20T07:29:14Z,387,LOC_0138
CDR_004299,+918809299600,+916259807661,2023-10-24T04:34:03Z,356,LOC_0102
CDR_004300,+916493012661,+916158929928,2026-03-24T00:15:54Z,694,LOC_0100
CDR_004301,+918781267374,+916110296578,2023-01-27T17:34:49Z,3127,LOC_0061
CDR_004302,+919320829552,+919003544284,2024-06-23T00:32:10Z,16,LOC_0087
CDR_004303,+916321165294,+916775643094,2025-05-30T14:54:16Z,115,LOC_0111
CDR_004304,+916006779966,+917300312565,2025-03-12T09:51:35Z,477,LOC_0016
CDR_004305,+918163880803,+917762597948,2023-06-21T06:44:49Z,240,LOC_0148
CDR_004306,+918093781592,+918852128598,2025-08-27T02:42:19Z,1544,LOC_0095
CDR_004307,+917696227959,+917529426298,2026-06-03T18:05:35Z,3300,LOC_0084
CDR_004308,+918169069878,+917697821614,2026-07-12T19:42:44Z,3441,LOC_0007
CDR_004309,+918232620908,+917154459322,2024-05-24T18:42:31Z,886,LOC_0128
CDR_004310,+918835659453,+919613894362,2024-02-26T19:31:52Z,1454,LOC_0092
CDR_004311,+916412498542,+916128924554,2025-07-11T16:02:53Z,775,LOC_0022
CDR_004312,+917304147917,+917850733732,2026-02-09T06:35:40Z,1785,LOC_0099
CDR_004313,+916954451581,+916576672427,2025-05-27T05:32:21Z,1011,LOC_0066
CDR_004314,+918802563740,+918161399993,2023-06-14T15:47:17Z,3253,LOC_0038
CDR_004315,+919784541097,+919828415377,2025-05-01T18:18:27Z,2110,LOC_0032
CDR_004316,+918168568631,+918078381873,2025-09-02T03:18:57Z,3270,LOC_0143
CDR_004317,+918163880803,+918079765165,2025-11-09T07:57:34Z,981,LOC_0046
CDR_004318,+916476003514,+918419129100,2025-07-18T07:20:54Z,1906,LOC_0011
CDR_004319,+918567712298,+919632690501,2023-02-05T12:57:58Z,2014,LOC_0135
CDR_004320,+916592681126,+916476447262,2026-02-21T08:20:48Z,1740,LOC_0033
CDR_004321,+916283537782,+919203931525,2024-05-23T01:42:36Z,1378,LOC_0136
CDR_004322,+918867043264,+919304435774,2023-05-12T19:46:56Z,2654,LOC_0030
CDR_004323,+918614719178,+918042254462,2024-12-20T19:27:31Z,1719,LOC_0026
CDR_004324,+919056236865,+917787786836,2025-04-27T10:24:21Z,125,LOC_0116
CDR_004325,+917853165178,+918556293060,2024-04-28T05:05:19Z,524,LOC_0068
CDR_004326,+917066624804,+916503400821,2024-11-06T08:07:44Z,3212,LOC_0005
CDR_004327,+919764066450,+919169313432,2025-10-19T20:55:03Z,574,LOC_0089
CDR_004328,+917521998002,+919575606753,2024-09-30T22:08:06Z,1297,LOC_0128
CDR_004329,+918246663276,+917266657868,2024-06-10T00:15:30Z,1056,LOC_0077
CDR_004330,+917519292165,+918996395544,2024-04-13T02:20:34Z,3271,LOC_0113
CDR_004331,+916556046133,+916392294862,2026-05-25T21:22:13Z,1450,LOC_0023
CDR_004332,+916876353362,+918056895862,2023-04-10T01:23:05Z,1046,LOC_0147
CDR_004333,+916509173023,+917529426298,2023-04-14T15:24:46Z,3404,LOC_0068
CDR_004334,+919477005482,+916533891998,2023-02-03T08:24:20Z,1376,LOC_0078
CDR_004335,+917221587418,+916265793778,2024-04-28T12:39:35Z,3511,LOC_0147
CDR_004336,+917921912834,+918120892071,2025-10-05T10:38:45Z,3050,LOC_0096
CDR_004337,+918774190383,+918864985663,2024-10-16T00:09:42Z,1435,LOC_0064
CDR_004338,+918026160767,+916427205530,2024-12-10T12:57:17Z,3350,LOC_0056
CDR_004339,+916080953576,+918755969088,2023-03-16T19:18:14Z,1878,LOC_0104
CDR_004340,+916597988721,+917645767952,2025-01-25T01:52:09Z,1465,LOC_0039
CDR_004341,+918237131884,+917745177124,2024-04-07T03:50:51Z,749,LOC_0004
CDR_004342,+918606996024,+918445685199,2026-07-25T10:08:18Z,3143,LOC_0083
CDR_004343,+918584719544,+916158929928,2025-07-11T07:43:42Z,2027,LOC_0003
CDR_004344,+917549875589,+916848446906,2026-05-02T06:34:55Z,2288,LOC_0017
CDR_004345,+917811957488,+917455909264,2024-03-07T00:14:38Z,1515,LOC_0015
CDR_004346,+919961454933,+917281346811,2025-05-05T10:11:51Z,962,LOC_0112
CDR_004347,+916400469224,+917958796094,2023-03-08T05:00:40Z,2772,LOC_0108
CDR_004348,+917426596199,+919574848002,2023-06-09T21:33:19Z,2334,LOC_0036
CDR_004349,+916516612288,+918712018738,2023-07-06T01:03:36Z,3134,LOC_0108
CDR_004350,+916465578258,+916842186354,2023-11-17T12:03:45Z,3513,LOC_0059
CDR_004351,+918035354181,+917463733306,2024-10-13T16:49:07Z,10,LOC_0022
CDR_004352,+916119478823,+917397569678,2024-11-26T01:38:52Z,715,LOC_0107
CDR_004353,+918075004731,+918437654971,2025-02-23T09:20:23Z,280,LOC_0053
CDR_004354,+918235400336,+918341106022,2023-06-03T03:38:22Z,782,LOC_0086
CDR_004355,+916607813459,+918724585317,2023-08-01T02:50:26Z,3384,LOC_0116
CDR_004356,+916793631899,+919811215239,2025-11-09T03:56:34Z,3452,LOC_0142
CDR_004357,+919251489188,+919200658366,2023-11-11T04:33:22Z,2651,LOC_0034
CDR_004358,+917250860498,+919610744021,2023-03-31T06:07:02Z,216,LOC_0043
CDR_004359,+916157771113,+918295619572,2023-03-08T22:28:21Z,1133,LOC_0103
CDR_004360,+917406772445,+919649904956,2023-01-27T12:32:35Z,3203,LOC_0117
CDR_004361,+917526678932,+918867748200,2026-04-12T18:00:41Z,2947,LOC_0096
CDR_004362,+917459525419,+917782638028,2023-06-25T20:08:12Z,3118,LOC_0020
CDR_004363,+917820995777,+916012309827,2024-04-03T07:04:42Z,2860,LOC_0130
CDR_004364,+917459525419,+918954638206,2024-10-06T05:49:35Z,732,LOC_0143
CDR_004365,+916110123941,+918380098110,2023-10-28T07:44:27Z,2816,LOC_0028
CDR_004366,+917493072850,+918239704894,2025-04-23T09:45:53Z,3480,LOC_0061
CDR_004367,+917475998631,+918759143335,2024-03-22T21:49:25Z,2309,LOC_0039
CDR_004368,+918120533071,+919964496896,2023-08-22T04:35:06Z,3365,LOC_0107
CDR_004369,+917642272651,+917225427052,2025-03-20T05:09:09Z,1917,LOC_0017
CDR_004370,+919982499657,+916779594723,2023-10-29T12:48:29Z,2665,LOC_0054
CDR_004371,+918241790651,+917700377445,2023-07-25T22:41:32Z,664,LOC_0025
CDR_004372,+918595746889,+918529100509,2026-01-12T11:25:50Z,3205,LOC_0132
CDR_004373,+918884809577,+918089575851,2023-01-05T20:28:28Z,396,LOC_0132
CDR_004374,+919924462352,+916348163949,2026-07-16T04:25:31Z,2875,LOC_0086
CDR_004375,+919944676828,+916205446492,2024-02-13T08:02:05Z,3332,LOC_0023
CDR_004376,+917916260187,+918519262249,2023-06-06T00:18:43Z,735,LOC_0027
CDR_004377,+918867748200,+916120133063,2023-10-23T19:55:59Z,2841,LOC_0050
CDR_004378,+919468434391,+917695702318,2025-10-08T22:35:15Z,324,LOC_0121
CDR_004379,+917501810324,+918163575681,2025-07-10T00:33:29Z,1250,LOC_0069
CDR_004380,+916322648158,+917996025623,2024-07-22T02:28:00Z,1944,LOC_0112
CDR_004381,+916088974176,+916256495642,2026-03-19T04:11:42Z,2918,LOC_0097
CDR_004382,+916784557073,+916009596257,2023-11-10T05:20:42Z,1688,LOC_0116
CDR_004383,+918025030698,+917811957488,2025-01-24T05:03:31Z,508,LOC_0035
CDR_004384,+918778509037,+917670711748,2024-04-18T21:50:28Z,1507,LOC_0123
CDR_004385,+919700780593,+917453003039,2025-09-08T20:55:50Z,1825,LOC_0088
CDR_004386,+917394297304,+919964496896,2026-06-12T13:52:59Z,2539,LOC_0045
CDR_004387,+918364602747,+916793631899,2023-03-15T11:45:46Z,539,LOC_0048
CDR_004388,+918138571816,+916706442979,2023-07-20T11:53:16Z,951,LOC_0116
CDR_004389,+918010986027,+917651961479,2024-08-21T03:58:53Z,1279,LOC_0059
CDR_004390,+917003833443,+918409958962,2026-02-08T07:45:55Z,793,LOC_0092
CDR_004391,+916188321417,+917636767626,2025-08-25T02:58:00Z,2545,LOC_0116
CDR_004392,+916166699419,+916179495626,2023-04-12T15:44:17Z,275,LOC_0018
CDR_004393,+918454243528,+916267119789,2025-08-11T04:57:25Z,667,LOC_0114
CDR_004394,+918998458008,+916509173023,2025-11-24T20:43:29Z,2374,LOC_0055
CDR_004395,+917176977900,+916692447546,2026-06-15T03:42:57Z,1934,LOC_0110
CDR_004396,+919322937931,+918237131884,2023-07-15T05:48:03Z,199,LOC_0030
CDR_004397,+917773904836,+916939673695,2026-03-25T18:32:15Z,3424,LOC_0063
CDR_004398,+918632521028,+916646275116,2023-05-01T20:20:08Z,169,LOC_0030
CDR_004399,+918312482595,+918728591473,2026-04-04T21:49:05Z,1079,LOC_0101
CDR_004400,+918432790994,+919320829552,2026-06-28T22:35:10Z,1363,LOC_0048
CDR_004401,+917731709641,+917013789043,2024-04-28T15:35:37Z,2402,LOC_0088
CDR_004402,+917954313872,+917156067809,2025-04-10T20:23:41Z,3325,LOC_0103
CDR_004403,+916038069463,+919573639898,2023-02-02T10:02:57Z,825,LOC_0141
CDR_004404,+917581844680,+918035354181,2023-11-24T02:13:51Z,1939,LOC_0047
CDR_004405,+916619962132,+916427683935,2026-04-15T01:35:29Z,2896,LOC_0136
CDR_004406,+917183009989,+919750605143,2023-10-11T18:04:45Z,3027,LOC_0003
CDR_004407,+919833568382,+918060106614,2026-05-11T00:52:39Z,883,LOC_0047
CDR_004408,+918267074575,+916840592753,2025-04-01T11:16:04Z,2232,LOC_0140
CDR_004409,+917848581435,+917306916015,2026-04-15T17:45:33Z,1681,LOC_0112
CDR_004410,+918652628333,+916832488843,2025-01-04T23:05:32Z,3258,LOC_0103
CDR_004411,+916354923180,+918035280879,2023-11-28T09:49:49Z,2347,LOC_0091
CDR_004412,+917402480930,+916904622735,2025-05-10T19:25:36Z,2326,LOC_0026
CDR_004413,+916576672427,+917026972351,2024-01-02T15:56:52Z,3128,LOC_0019
CDR_004414,+919274763284,+918230719199,2026-04-13T00:39:30Z,1215,LOC_0088
CDR_004415,+916890656381,+918704895305,2024-12-05T14:35:10Z,1076,LOC_0149
CDR_004416,+918958015721,+917640993275,2023-04-29T09:40:08Z,1668,LOC_0009
CDR_004417,+919152000372,+917835657356,2025-11-20T20:27:16Z,3307,LOC_0120
CDR_004418,+918867043264,+918728591473,2023-07-07T06:11:41Z,2290,LOC_0041
CDR_004419,+918774190383,+919796457360,2023-11-28T15:12:59Z,2638,LOC_0069
CDR_004420,+919543552219,+917096326544,2025-09-12T10:26:04Z,2351,LOC_0075
CDR_004421,+918254694587,+919359506482,2026-05-10T17:15:09Z,3299,LOC_0078
CDR_004422,+918666701128,+917174469727,2025-03-26T23:00:45Z,1459,LOC_0102
CDR_004423,+918237222263,+916936889011,2024-04-12T22:02:47Z,1350,LOC_0021
CDR_004424,+916757784718,+917683021116,2023-07-03T09:20:50Z,2582,LOC_0095
CDR_004425,+916617485408,+919518115388,2025-08-22T03:07:50Z,3048,LOC_0024
CDR_004426,+918237131884,+917408091983,2024-08-12T10:19:38Z,2945,LOC_0015
CDR_004427,+916918145589,+919553043688,2023-12-07T20:28:34Z,836,LOC_0149
CDR_004428,+919141962771,+917322037419,2023-12-30T23:35:41Z,2196,LOC_0034
CDR_004429,+918409083421,+919019762806,2026-05-05T15:29:40Z,1158,LOC_0102
CDR_004430,+919357171471,+919068114086,2023-11-25T15:35:32Z,3008,LOC_0091
CDR_004431,+917066599674,+917710446980,2024-07-23T23:43:20Z,3035,LOC_0038
CDR_004432,+918949175145,+918360277484,2026-04-24T00:20:25Z,462,LOC_0054
CDR_004433,+918852128598,+919203931525,2026-07-27T03:07:52Z,47,LOC_0106
CDR_004434,+916503400821,+919104074578,2025-09-18T22:47:24Z,3530,LOC_0056
CDR_004435,+918952647739,+919817709488,2025-11-16T17:32:41Z,1892,LOC_0144
CDR_004436,+918649735743,+916533226125,2025-08-07T23:41:38Z,2511,LOC_0055
CDR_004437,+916651420194,+917387503825,2025-05-18T20:30:02Z,1623,LOC_0042
CDR_004438,+918932339303,+917597574443,2024-06-17T20:37:02Z,873,LOC_0145
CDR_004439,+918178861531,+917636767626,2023-05-16T11:29:54Z,3121,LOC_0150
CDR_004440,+916034711242,+917498230953,2023-09-03T18:10:21Z,2122,LOC_0145
CDR_004441,+916348163949,+918161399993,2026-07-29T18:17:41Z,2959,LOC_0054
CDR_004442,+916553260471,+916970118986,2024-11-18T06:19:04Z,972,LOC_0129
CDR_004443,+918572171352,+916582787332,2025-09-18T23:20:54Z,1323,LOC_0087
CDR_004444,+918001032544,+919844452015,2023-02-27T04:15:08Z,1607,LOC_0131
CDR_004445,+917053624456,+917502043261,2023-05-26T21:43:12Z,2809,LOC_0023
CDR_004446,+919265568728,+917345139329,2023-07-26T18:47:13Z,1891,LOC_0129
CDR_004447,+919229269576,+917534625773,2026-04-10T11:11:50Z,2604,LOC_0105
CDR_004448,+919605572307,+918883048433,2024-12-30T07:26:55Z,2897,LOC_0101
CDR_004449,+916195355435,+916123853836,2024-12-18T18:06:02Z,3591,LOC_0046
CDR_004450,+917250185823,+917183009989,2026-06-24T18:03:14Z,2075,LOC_0032
CDR_004451,+916655851097,+919187698891,2024-07-17T06:44:00Z,1682,LOC_0090
CDR_004452,+918535484518,+919700780593,2025-07-09T20:03:13Z,2472,LOC_0116
CDR_004453,+917451521111,+919748868637,2025-10-07T01:00:56Z,148,LOC_0018
CDR_004454,+918860159101,+916300582933,2024-08-20T23:07:36Z,3075,LOC_0055
CDR_004455,+916225121807,+918867043264,2024-02-11T09:30:59Z,1321,LOC_0084
CDR_004456,+916262235551,+919229269576,2026-05-27T07:30:25Z,18,LOC_0023
CDR_004457,+919812126034,+916607813459,2023-08-10T00:35:08Z,577,LOC_0019
CDR_004458,+918862310586,+919909826129,2025-10-02T03:36:52Z,2064,LOC_0077
CDR_004459,+918449720786,+916580310006,2023-11-14T15:20:09Z,328,LOC_0033
CDR_004460,+917668470325,+919010582093,2025-07-31T09:07:28Z,1008,LOC_0015
CDR_004461,+917390106458,+916329044656,2025-03-19T09:56:39Z,2534,LOC_0060
CDR_004462,+918390864624,+919814051350,2025-12-25T14:10:03Z,627,LOC_0048
CDR_004463,+918639151858,+917564547781,2023-09-14T04:41:44Z,2943,LOC_0080
CDR_004464,+919063754568,+916807254039,2024-10-24T21:24:38Z,1674,LOC_0113
CDR_004465,+919867939656,+917904383663,2024-09-19T08:53:56Z,3571,LOC_0136
CDR_004466,+916823264888,+919900295590,2023-09-04T20:23:24Z,2268,LOC_0043
CDR_004467,+919982499657,+918017624177,2024-11-27T12:19:09Z,1190,LOC_0016
CDR_004468,+916632966915,+918197757357,2023-01-12T02:27:04Z,2455,LOC_0124
CDR_004469,+918629897176,+919960579149,2024-05-24T03:07:12Z,2834,LOC_0076
CDR_004470,+918999355782,+916855847996,2024-09-28T03:31:59Z,763,LOC_0094
CDR_004471,+919848090287,+919916463262,2024-06-27T18:22:06Z,2426,LOC_0005
CDR_004472,+919357171471,+919738453527,2023-05-21T23:29:11Z,895,LOC_0094
CDR_004473,+916954451581,+918203858241,2023-03-22T11:07:25Z,489,LOC_0042
CDR_004474,+917310770039,+918440361275,2024-01-28T05:13:55Z,2809,LOC_0051
CDR_004475,+918012143631,+918239704894,2024-08-27T00:58:23Z,1764,LOC_0149
CDR_004476,+916877052144,+916398474792,2023-04-06T14:12:53Z,1750,LOC_0122
CDR_004477,+917922583478,+918420824631,2024-11-06T05:56:33Z,1227,LOC_0075
CDR_004478,+917351021444,+917642270644,2025-09-05T09:56:38Z,358,LOC_0069
CDR_004479,+919329701564,+916522773527,2023-10-13T00:33:56Z,494,LOC_0019
CDR_004480,+918237222263,+916539280391,2026-05-30T23:04:21Z,1358,LOC_0127
CDR_004481,+917463733306,+916524802306,2024-06-23T01:15:35Z,1540,LOC_0082
CDR_004482,+916674462136,+919114168187,2023-06-06T15:02:22Z,1629,LOC_0142
CDR_004483,+916157771113,+918058556284,2024-05-07T18:28:39Z,8,LOC_0040
CDR_004484,+919110874528,+917402480930,2024-03-18T22:50:25Z,3275,LOC_0095
CDR_004485,+919842941932,+918155466185,2025-03-23T05:30:15Z,3348,LOC_0054
CDR_004486,+916091087253,+917292304779,2024-12-19T14:18:04Z,656,LOC_0039
CDR_004487,+917531092238,+917853165178,2024-03-13T22:59:26Z,3206,LOC_0149
CDR_004488,+918334942645,+916902962666,2025-06-19T22:50:53Z,618,LOC_0137
CDR_004489,+918732742483,+918440808550,2026-02-09T08:04:09Z,2917,LOC_0105
CDR_004490,+918591125930,+916468944111,2025-06-17T15:54:54Z,2169,LOC_0004
CDR_004491,+917696227959,+918312482595,2024-09-13T05:57:54Z,2595,LOC_0088
CDR_004492,+917061516500,+917523133874,2024-06-19T03:17:19Z,1172,LOC_0080
CDR_004493,+916128924554,+917145119397,2024-05-02T19:09:58Z,720,LOC_0055
CDR_004494,+917269627466,+918025030698,2024-01-31T11:39:17Z,3560,LOC_0025
CDR_004495,+916774268185,+917690290029,2025-10-10T19:00:34Z,1828,LOC_0005
CDR_004496,+916110123941,+919243223486,2023-09-09T10:48:46Z,2039,LOC_0067
CDR_004497,+918087034313,+916242447651,2023-03-12T00:46:30Z,3588,LOC_0090
CDR_004498,+919879030194,+916437346137,2025-10-06T11:30:33Z,2546,LOC_0076
CDR_004499,+916510767017,+916487937820,2025-06-04T15:46:31Z,2518,LOC_0059
CDR_004500,+917352126022,+916487937820,2025-01-05T20:17:28Z,3012,LOC_0144
CDR_004501,+917434751674,+918535484518,2023-03-15T05:52:08Z,1080,LOC_0131
CDR_004502,+918291612234,+917205597858,2023-06-05T19:24:49Z,1430,LOC_0007
CDR_004503,+916810327163,+917835657356,2023-09-23T02:36:03Z,3381,LOC_0076
CDR_004504,+919001004149,+919003544284,2025-03-23T00:10:10Z,1162,LOC_0012
CDR_004505,+916417984375,+918093781592,2026-04-07T14:25:38Z,1263,LOC_0128
CDR_004506,+916033819777,+916539280391,2023-01-10T20:39:11Z,2789,LOC_0132
CDR_004507,+917762306443,+918831490250,2025-01-28T00:31:08Z,3342,LOC_0148
CDR_004508,+917883652701,+916786585993,2024-05-17T04:20:09Z,2864,LOC_0103
CDR_004509,+919911316017,+916074159865,2026-07-13T11:56:14Z,662,LOC_0035
CDR_004510,+916546416390,+919979854542,2025-09-30T05:09:14Z,822,LOC_0117
CDR_004511,+916261148003,+916080953576,2023-02-22T14:47:24Z,2579,LOC_0017
CDR_004512,+919701033334,+919961573889,2025-03-24T05:26:32Z,1159,LOC_0004
CDR_004513,+916417984375,+917844202253,2024-09-19T06:29:07Z,2829,LOC_0061
CDR_004514,+918523258748,+919026796228,2026-04-27T18:30:34Z,2557,LOC_0149
CDR_004515,+917250185823,+917406772445,2026-04-18T02:21:51Z,2631,LOC_0026
CDR_004516,+916655851097,+917811957488,2024-05-03T11:21:01Z,2685,LOC_0148
CDR_004517,+917950244847,+919840121888,2024-04-14T02:35:03Z,572,LOC_0120
CDR_004518,+919029934995,+916972128295,2026-06-30T00:36:21Z,3452,LOC_0117
CDR_004519,+916006779966,+917811957488,2024-11-04T07:15:29Z,1381,LOC_0062
CDR_004520,+919202789486,+916797309341,2024-09-25T23:55:45Z,3015,LOC_0097
CDR_004521,+918409083421,+919001004149,2024-06-17T15:50:12Z,3393,LOC_0108
CDR_004522,+919073692775,+918236353823,2023-06-07T09:50:00Z,1552,LOC_0076
CDR_004523,+916890656381,+919759823710,2023-04-16T17:37:17Z,2679,LOC_0030
CDR_004524,+919180492708,+917977353085,2026-06-04T16:59:53Z,2126,LOC_0095
CDR_004525,+916533891998,+917799609152,2023-08-03T18:40:11Z,1277,LOC_0019
CDR_004526,+918840128614,+916662695110,2024-10-30T09:54:18Z,2143,LOC_0127
CDR_004527,+919425314333,+916972128295,2025-04-30T17:27:17Z,676,LOC_0081
CDR_004528,+917596371622,+919243223486,2024-01-21T06:51:29Z,1122,LOC_0053
CDR_004529,+918447715974,+916157771113,2023-05-17T09:33:49Z,46,LOC_0032
CDR_004530,+917057238139,+917376463094,2023-09-15T03:26:25Z,2700,LOC_0143
CDR_004531,+919415928831,+917407377479,2025-12-13T12:16:07Z,485,LOC_0069
CDR_004532,+916506774170,+918855475644,2026-04-16T00:47:32Z,281,LOC_0070
CDR_004533,+918386604692,+917668470325,2023-05-12T18:59:57Z,372,LOC_0034
CDR_004534,+919867939656,+917057238139,2025-10-01T23:58:55Z,1861,LOC_0079
CDR_004535,+919472691748,+919442209286,2025-12-23T19:54:55Z,2299,LOC_0024
CDR_004536,+918098632248,+918561216903,2025-06-02T09:19:37Z,1791,LOC_0025
CDR_004537,+919640382786,+919311300347,2023-07-21T02:34:19Z,778,LOC_0129
CDR_004538,+919081149490,+916463884781,2026-02-21T21:14:11Z,282,LOC_0045
CDR_004539,+916883979150,+917561476763,2026-06-02T10:51:38Z,2845,LOC_0138
CDR_004540,+916869986241,+916757784718,2026-04-26T03:52:39Z,1962,LOC_0003
CDR_004541,+917493072850,+918443214578,2026-03-10T04:41:01Z,2045,LOC_0012
CDR_004542,+917820357559,+917463733306,2024-12-17T16:06:17Z,2124,LOC_0093
CDR_004543,+917970632194,+919187698891,2026-02-11T12:24:38Z,795,LOC_0105
CDR_004544,+919003318664,+918844458160,2024-05-27T17:56:57Z,1129,LOC_0046
CDR_004545,+916418653917,+917250185823,2025-11-20T16:52:51Z,1896,LOC_0016
CDR_004546,+918369899340,+918952218016,2025-08-28T03:53:16Z,447,LOC_0082
CDR_004547,+918682211099,+919057767497,2024-09-11T00:34:52Z,1666,LOC_0112
CDR_004548,+919190533614,+916852864391,2023-07-24T10:12:28Z,3535,LOC_0001
CDR_004549,+918583125110,+916008396505,2025-06-07T02:56:46Z,1885,LOC_0039
CDR_004550,+917504686545,+916328709442,2025-12-24T15:21:23Z,480,LOC_0134
CDR_004551,+917731709641,+917281346811,2023-02-09T13:24:13Z,2088,LOC_0106
CDR_004552,+916533226125,+918364602747,2026-07-09T21:33:02Z,1244,LOC_0071
CDR_004553,+917542910061,+917914402567,2025-06-23T08:49:39Z,1805,LOC_0093
CDR_004554,+917013789043,+917498230953,2023-09-25T19:08:25Z,2337,LOC_0006
CDR_004555,+916508924953,+918551232705,2026-01-22T09:15:01Z,1324,LOC_0100
CDR_004556,+916876353362,+916122777002,2023-03-13T07:47:53Z,571,LOC_0143
CDR_004557,+918583274296,+918254694587,2023-01-03T23:49:08Z,634,LOC_0116
CDR_004558,+919828415377,+917587594499,2024-10-14T06:56:33Z,2840,LOC_0034
CDR_004559,+917421785056,+918759143335,2025-05-07T18:48:33Z,2944,LOC_0071
CDR_004560,+919825288730,+918860159101,2023-06-19T00:04:26Z,2809,LOC_0076
CDR_004561,+919441693196,+917636767626,2023-03-27T19:08:46Z,1086,LOC_0074
CDR_004562,+919395215160,+918361581808,2023-05-08T07:08:50Z,1423,LOC_0061
CDR_004563,+916972128295,+917119695300,2025-07-29T18:09:13Z,687,LOC_0103
CDR_004564,+919243223486,+917529426298,2026-07-23T11:02:56Z,3115,LOC_0111
CDR_004565,+916867290276,+916288372981,2026-04-11T13:56:06Z,3279,LOC_0034
CDR_004566,+917671543978,+917977184333,2025-03-15T00:37:00Z,605,LOC_0003
CDR_004567,+916797398856,+916860125163,2023-01-22T10:07:41Z,2798,LOC_0045
CDR_004568,+917502077414,+918005937631,2025-04-13T03:59:34Z,40,LOC_0108
CDR_004569,+919243223486,+919493502674,2026-02-09T04:15:58Z,3250,LOC_0142
CDR_004570,+917595440130,+916852864391,2024-02-21T11:21:40Z,1733,LOC_0081
CDR_004571,+917150724227,+919340328400,2023-11-11T14:53:25Z,24,LOC_0038
CDR_004572,+919692161811,+918231987320,2023-09-22T03:32:48Z,500,LOC_0033
CDR_004573,+918029665156,+919900295590,2023-06-10T18:32:39Z,1638,LOC_0006
CDR_004574,+918141418189,+919438177052,2026-06-27T04:43:12Z,2202,LOC_0056
CDR_004575,+919667299965,+917104570218,2023-12-20T15:13:39Z,686,LOC_0127
CDR_004576,+919866520330,+917218987399,2024-04-18T18:06:18Z,1066,LOC_0036
CDR_004577,+916840592753,+918883048433,2026-04-10T01:18:59Z,1610,LOC_0015
CDR_004578,+918107376583,+919672193663,2025-05-14T00:29:16Z,2155,LOC_0021
CDR_004579,+919169313432,+919515645918,2025-06-26T09:06:25Z,2659,LOC_0070
CDR_004580,+918077559531,+919793682791,2023-09-17T00:57:37Z,2751,LOC_0043
CDR_004581,+919307451625,+919372682391,2023-07-17T03:19:24Z,727,LOC_0129
CDR_004582,+919425314333,+917269627466,2026-03-17T19:02:56Z,3518,LOC_0102
CDR_004583,+918169056122,+919431704416,2025-06-25T18:00:00Z,2327,LOC_0114
CDR_004584,+918259218970,+917348210721,2025-02-28T15:24:05Z,2901,LOC_0025
CDR_004585,+917493072850,+917387503825,2023-11-02T17:29:55Z,605,LOC_0029
CDR_004586,+916602393888,+918817716350,2023-12-19T06:49:54Z,1832,LOC_0082
CDR_004587,+918728591473,+916706442979,2023-05-06T08:13:41Z,3196,LOC_0067
CDR_004588,+916025302093,+918409958962,2024-07-08T20:46:11Z,3385,LOC_0078
CDR_004589,+916883979150,+917296841600,2023-07-23T20:29:01Z,637,LOC_0123
CDR_004590,+919477005482,+919073784537,2024-02-15T07:33:00Z,2118,LOC_0127
CDR_004591,+917167633175,+919169313432,2023-09-14T18:49:33Z,722,LOC_0088
CDR_004592,+917225170345,+916797398856,2024-12-03T20:17:18Z,826,LOC_0009
CDR_004593,+916900159659,+917115350130,2024-01-29T02:58:53Z,2114,LOC_0094
CDR_004594,+916891986607,+919614098856,2025-03-26T00:41:28Z,873,LOC_0113
CDR_004595,+917737551584,+916877052144,2023-08-14T08:08:36Z,3012,LOC_0013
CDR_004596,+919614098856,+917387503825,2025-10-20T07:44:09Z,23,LOC_0141
CDR_004597,+919789389791,+916955019690,2025-09-19T17:51:55Z,1867,LOC_0125
CDR_004598,+917677693197,+918341106022,2026-03-05T21:41:49Z,2725,LOC_0098
CDR_004599,+916512213630,+916002301808,2025-02-27T18:19:54Z,1462,LOC_0149
CDR_004600,+917534138301,+918852128598,2025-01-25T19:00:11Z,388,LOC_0082
CDR_004601,+916043552210,+917175860156,2023-12-18T12:31:52Z,957,LOC_0086
CDR_004602,+916877052144,+916122777002,2023-11-26T03:09:15Z,2048,LOC_0010
CDR_004603,+916411587803,+916189032301,2025-04-09T19:09:23Z,2967,LOC_0075
CDR_004604,+916123853836,+918023321653,2024-05-22T05:37:07Z,1794,LOC_0075
CDR_004605,+919543552219,+918221688140,2024-08-13T00:33:21Z,3126,LOC_0027
CDR_004606,+917376265912,+916951424441,2024-12-20T18:21:46Z,3029,LOC_0135
CDR_004607,+917599601959,+917612816731,2026-02-28T10:05:41Z,2776,LOC_0012
CDR_004608,+916119478823,+918717124135,2025-09-08T18:05:26Z,1646,LOC_0040
CDR_004609,+916797309341,+916444988777,2023-02-25T21:22:56Z,2357,LOC_0091
CDR_004610,+919362450803,+916179495626,2024-02-12T06:51:17Z,2696,LOC_0035
CDR_004611,+917149372498,+916303044487,2024-10-24T20:15:01Z,479,LOC_0116
CDR_004612,+916120019264,+917296841600,2023-08-23T22:10:49Z,227,LOC_0021
CDR_004613,+918435856503,+917351021444,2023-04-09T20:44:31Z,465,LOC_0115
CDR_004614,+916377188000,+919243223486,2024-05-27T19:22:45Z,1368,LOC_0101
CDR_004615,+918891804979,+918712018738,2024-04-02T03:46:24Z,1970,LOC_0064
CDR_004616,+919026491892,+919556012519,2023-03-09T00:13:06Z,1719,LOC_0117
CDR_004617,+918572171352,+918473781261,2024-02-09T13:13:45Z,2838,LOC_0131
CDR_004618,+916321165294,+916824272995,2026-05-05T05:11:16Z,2910,LOC_0126
CDR_004619,+916033939818,+916634711065,2025-01-28T09:26:47Z,2576,LOC_0126
CDR_004620,+918480705258,+919452692504,2023-03-23T06:23:25Z,967,LOC_0005
CDR_004621,+918889252025,+919508331976,2026-03-13T00:41:47Z,2362,LOC_0035
CDR_004622,+917609324972,+918033445449,2025-11-16T17:26:18Z,2996,LOC_0001
CDR_004623,+919585190250,+917531092238,2023-11-30T01:32:27Z,923,LOC_0078
CDR_004624,+916592681126,+918011671937,2025-01-15T08:50:23Z,3303,LOC_0031
CDR_004625,+919438177052,+916145998097,2026-05-12T05:37:56Z,2809,LOC_0005
CDR_004626,+917248015331,+918862310586,2025-08-29T12:02:34Z,800,LOC_0015
CDR_004627,+918523258748,+919152000372,2023-01-16T04:06:47Z,784,LOC_0095
CDR_004628,+919187698891,+919073692775,2023-06-13T18:44:55Z,3391,LOC_0064
CDR_004629,+919104074578,+917459525419,2023-06-19T20:12:15Z,623,LOC_0147
CDR_004630,+918291612234,+916242447651,2026-05-19T14:24:40Z,3179,LOC_0070
CDR_004631,+916292960178,+919329701564,2025-08-31T22:19:02Z,3520,LOC_0140
CDR_004632,+918180279805,+918603481095,2025-04-20T14:15:33Z,2047,LOC_0094
CDR_004633,+917809923704,+916877175367,2024-12-19T09:58:29Z,940,LOC_0036
CDR_004634,+919779994103,+917826016991,2025-06-25T03:14:55Z,550,LOC_0124
CDR_004635,+917304147917,+916914625337,2025-08-24T03:27:09Z,2423,LOC_0037
CDR_004636,+917679444852,+917766426225,2026-05-29T20:46:12Z,2874,LOC_0148
CDR_004637,+918698267940,+918278396996,2023-11-24T06:08:14Z,3585,LOC_0148
CDR_004638,+917526678932,+917397569678,2023-03-02T13:47:04Z,1723,LOC_0046
CDR_004639,+918312482595,+919497082739,2024-10-28T05:22:46Z,3406,LOC_0118
CDR_004640,+916221100658,+919450315857,2023-11-02T06:50:49Z,170,LOC_0057
CDR_004641,+918732446042,+919086292314,2024-08-24T23:17:15Z,2375,LOC_0018
CDR_004642,+916506774170,+916883979150,2025-04-27T03:14:53Z,1614,LOC_0123
CDR_004643,+918739872850,+919472691748,2025-10-05T05:41:38Z,1560,LOC_0138
CDR_004644,+917596371622,+918237131884,2024-02-28T09:59:11Z,3385,LOC_0071
CDR_004645,+916165812391,+919553043688,2023-07-06T09:56:36Z,2240,LOC_0090
CDR_004646,+917057238139,+916824272995,2023-06-14T08:09:56Z,1410,LOC_0068
CDR_004647,+919601971852,+919274763284,2024-11-15T01:29:29Z,3192,LOC_0045
CDR_004648,+918831060255,+919462108703,2024-12-14T14:41:08Z,941,LOC_0004
CDR_004649,+917811957488,+916420102358,2026-03-06T06:11:57Z,195,LOC_0135
CDR_004650,+918840128614,+916619962132,2024-06-08T05:32:32Z,2065,LOC_0078
CDR_004651,+916522773527,+916137693023,2023-01-26T15:10:19Z,542,LOC_0042
CDR_004652,+916328681328,+918675382218,2026-05-31T13:18:27Z,741,LOC_0125
CDR_004653,+917244064601,+919362450803,2023-06-28T02:02:58Z,2819,LOC_0089
CDR_004654,+917987249301,+918389935392,2026-04-24T11:29:35Z,2993,LOC_0038
CDR_004655,+918883607330,+919063754568,2023-07-07T06:54:21Z,2876,LOC_0069
CDR_004656,+919960579149,+916013248527,2023-04-16T07:19:54Z,2987,LOC_0099
CDR_004657,+919874782671,+917690290029,2025-04-22T04:26:06Z,654,LOC_0107
CDR_004658,+918802563740,+917500130102,2026-03-22T02:27:58Z,1501,LOC_0150
CDR_004659,+917500130102,+919068114086,2024-12-23T13:04:25Z,1810,LOC_0120
CDR_004660,+918864985663,+918689357814,2025-06-07T07:26:13Z,2089,LOC_0071
CDR_004661,+919596765375,+918649735743,2024-07-01T15:34:35Z,777,LOC_0078
CDR_004662,+918949638733,+919341789294,2025-09-18T17:54:18Z,1808,LOC_0074
CDR_004663,+917780248603,+917225170345,2024-08-14T20:09:47Z,3250,LOC_0138
CDR_004664,+917489416646,+916300582933,2025-12-08T21:56:31Z,2654,LOC_0137
CDR_004665,+917158988822,+916852864391,2025-07-14T00:27:07Z,2069,LOC_0126
CDR_004666,+917526678932,+918792983216,2025-12-15T16:47:27Z,1194,LOC_0103
CDR_004667,+919362450803,+919252579672,2023-07-15T11:10:51Z,2318,LOC_0024
CDR_004668,+916807099214,+918412227961,2026-03-14T00:06:46Z,795,LOC_0100
CDR_004669,+916991372057,+918586190457,2024-01-11T01:16:50Z,3102,LOC_0001
CDR_004670,+918045084752,+919553043688,2023-05-13T15:36:46Z,3208,LOC_0004
CDR_004671,+917974208537,+917145119397,2025-01-18T23:15:08Z,3485,LOC_0121
CDR_004672,+918232620908,+916890656381,2023-07-01T14:49:48Z,3430,LOC_0133
CDR_004673,+918379735122,+916330992932,2023-11-12T21:49:57Z,1957,LOC_0065
CDR_004674,+919900803267,+916165812391,2025-04-18T20:26:35Z,1990,LOC_0013
CDR_004675,+919816975777,+916437346137,2023-10-16T21:27:35Z,1306,LOC_0015
CDR_004676,+919452692504,+919160620396,2025-08-28T02:46:38Z,819,LOC_0060
CDR_004677,+917139394892,+918685515992,2023-08-22T03:42:22Z,664,LOC_0122
CDR_004678,+919442209286,+917082434192,2024-03-28T04:56:44Z,3583,LOC_0095
CDR_004679,+919265568728,+918733074647,2025-12-13T10:22:03Z,1438,LOC_0073
CDR_004680,+918515332140,+916213286953,2023-09-07T00:33:15Z,1822,LOC_0133
CDR_004681,+918840128614,+916964568093,2026-07-23T07:39:16Z,720,LOC_0075
CDR_004682,+917188684621,+917281346811,2026-06-22T07:21:28Z,2777,LOC_0118
CDR_004683,+919164829267,+919395215160,2024-04-29T09:09:31Z,102,LOC_0105
CDR_004684,+916091087253,+916369445790,2024-08-24T22:30:51Z,1845,LOC_0146
CDR_004685,+917369488764,+917014944264,2023-07-15T05:13:37Z,3557,LOC_0002
CDR_004686,+918728591473,+918163880803,2023-07-07T08:34:22Z,900,LOC_0121
CDR_004687,+917575103101,+919854416702,2025-04-06T05:46:49Z,3562,LOC_0043
CDR_004688,+916839267208,+919677963600,2024-08-06T20:09:53Z,354,LOC_0144
CDR_004689,+917455909264,+916272723132,2026-01-24T07:32:29Z,2483,LOC_0053
CDR_004690,+917007694189,+918867748200,2025-02-03T19:47:54Z,2125,LOC_0127
CDR_004691,+916321165294,+916242447651,2025-07-21T05:39:10Z,291,LOC_0046
CDR_004692,+916705217830,+916811405047,2023-10-01T16:26:01Z,342,LOC_0042
CDR_004693,+919208320641,+917003833443,2024-05-05T23:52:07Z,3273,LOC_0143
CDR_004694,+917533491749,+916416127433,2024-11-05T16:53:18Z,1963,LOC_0020
CDR_004695,+918159374355,+918447715974,2024-08-26T22:31:43Z,706,LOC_0044
CDR_004696,+916157771113,+917811957488,2025-08-02T05:45:18Z,823,LOC_0050
CDR_004697,+916272723132,+917350648839,2023-07-22T18:37:00Z,3269,LOC_0130
CDR_004698,+919003318664,+917003126774,2023-12-24T00:15:21Z,2000,LOC_0047
CDR_004699,+917678103394,+917266657868,2025-02-15T19:04:16Z,1045,LOC_0008
CDR_004700,+918656434573,+916761010785,2024-07-05T05:14:12Z,2860,LOC_0034
CDR_004701,+917720829540,+918778509037,2024-02-17T05:57:12Z,1010,LOC_0048
CDR_004702,+917013789043,+917676868646,2023-04-19T01:41:06Z,2220,LOC_0041
CDR_004703,+916705217830,+918959222174,2023-07-02T20:14:50Z,633,LOC_0075
CDR_004704,+919493502674,+919825288730,2024-09-09T05:50:51Z,2702,LOC_0108
CDR_004705,+917614141871,+919525113411,2024-12-25T15:59:10Z,2106,LOC_0053
CDR_004706,+917680985022,+918646142846,2023-06-01T11:54:32Z,2012,LOC_0044
CDR_004707,+917262991125,+917105059551,2023-03-19T23:42:31Z,2524,LOC_0056
CDR_004708,+918675382218,+917542910061,2023-05-05T20:27:01Z,877,LOC_0125
CDR_004709,+918590682033,+916378652730,2025-04-11T03:38:46Z,3291,LOC_0067
CDR_004710,+919883349761,+917450559731,2024-04-15T19:25:34Z,3022,LOC_0027
CDR_004711,+919761760595,+917394297304,2025-02-07T10:31:05Z,2312,LOC_0026
CDR_004712,+918737594009,+917003126774,2026-06-17T04:31:30Z,1341,LOC_0018
CDR_004713,+919613918807,+917612816731,2023-01-05T10:47:15Z,2088,LOC_0070
CDR_004714,+919142342983,+918032640310,2024-06-28T03:11:13Z,1027,LOC_0132
CDR_004715,+919944676828,+916399206328,2025-06-04T10:21:23Z,1079,LOC_0011
CDR_004716,+918940739520,+919019762806,2025-04-18T04:33:52Z,1192,LOC_0089
CDR_004717,+918732742483,+916256495642,2023-11-29T14:25:48Z,2847,LOC_0065
CDR_004718,+919691166761,+918656434573,2023-03-15T00:37:23Z,3427,LOC_0119
CDR_004719,+916002301808,+919667299965,2025-05-02T12:41:23Z,1859,LOC_0122
CDR_004720,+919925678450,+918087034313,2024-06-11T16:06:52Z,1940,LOC_0083
CDR_004721,+918241790651,+916119791902,2023-09-29T09:20:33Z,1382,LOC_0064
CDR_004722,+916662695110,+918409958962,2023-09-01T02:59:02Z,3139,LOC_0048
CDR_004723,+918561216903,+916951424441,2024-08-02T03:41:12Z,1107,LOC_0074
CDR_004724,+917428785242,+919322643566,2026-06-10T23:00:23Z,1503,LOC_0081
CDR_004725,+919495540116,+917409244959,2024-01-20T03:00:53Z,2794,LOC_0004
CDR_004726,+919677963600,+918334942645,2024-05-07T17:59:52Z,2240,LOC_0034
CDR_004727,+916535244065,+917082074708,2026-04-29T04:34:49Z,1757,LOC_0121
CDR_004728,+917523392144,+917876975522,2024-01-05T06:49:11Z,2539,LOC_0097
CDR_004729,+918852128598,+918855475644,2025-01-23T08:04:34Z,2135,LOC_0049
CDR_004730,+916321165294,+918001032544,2024-11-20T10:18:41Z,1313,LOC_0021
CDR_004731,+917596371622,+916823264888,2025-04-24T06:09:34Z,23,LOC_0103
CDR_004732,+916305517870,+918231987320,2024-09-20T02:55:00Z,3096,LOC_0124
CDR_004733,+919142342983,+916382850920,2023-01-21T05:32:42Z,2498,LOC_0149
CDR_004734,+918884329289,+916427683935,2023-11-21T02:05:58Z,1916,LOC_0035
CDR_004735,+919505899440,+916888384398,2026-01-29T16:17:08Z,461,LOC_0128
CDR_004736,+916597988721,+919311300347,2025-04-07T16:32:48Z,66,LOC_0056
CDR_004737,+917387503825,+919063754568,2024-03-19T20:02:58Z,2603,LOC_0092
CDR_004738,+918572171352,+917295079715,2023-02-09T10:11:07Z,2785,LOC_0047
CDR_004739,+916876353362,+917501539056,2025-08-07T20:25:32Z,1488,LOC_0098
CDR_004740,+918261195798,+916991372057,2025-10-30T11:58:48Z,3399,LOC_0084
CDR_004741,+919582739614,+919875234259,2025-05-20T13:23:31Z,1236,LOC_0019
CDR_004742,+918712510228,+917096326544,2025-06-05T10:43:35Z,740,LOC_0033
CDR_004743,+918552669535,+916400469224,2026-07-24T08:18:30Z,1348,LOC_0103
CDR_004744,+918640665603,+916267119789,2023-07-29T10:48:10Z,3435,LOC_0060
CDR_004745,+918652628333,+919553043688,2023-05-08T09:28:34Z,2721,LOC_0125
CDR_004746,+918477838974,+918926773184,2025-09-13T00:53:12Z,1668,LOC_0049
CDR_004747,+916465578258,+919451612191,2024-01-12T22:50:40Z,2218,LOC_0012
CDR_004748,+917542910061,+919844220524,2024-01-29T07:27:28Z,1609,LOC_0009
CDR_004749,+917861746627,+916389894192,2025-10-24T00:08:07Z,3257,LOC_0068
CDR_004750,+919738550295,+916786427950,2025-11-07T16:33:18Z,2864,LOC_0027
CDR_004751,+918389935392,+916790558940,2025-07-30T17:57:48Z,789,LOC_0021
CDR_004752,+917281346811,+916258449780,2024-10-17T16:39:19Z,3566,LOC_0017
CDR_004753,+918159374355,+917678103394,2025-11-11T23:57:06Z,3379,LOC_0068
CDR_004754,+918361581808,+919759823710,2023-11-09T05:08:44Z,2646,LOC_0020
CDR_004755,+917295079715,+919003544284,2025-11-25T17:10:37Z,2428,LOC_0102
CDR_004756,+918445685199,+918061440088,2024-10-17T07:09:33Z,1380,LOC_0013
CDR_004757,+917079898502,+918492465821,2026-01-10T05:20:38Z,2498,LOC_0125
CDR_004758,+917830957372,+918949175145,2025-02-24T11:26:22Z,3340,LOC_0082
CDR_004759,+916881827040,+919961454933,2025-07-06T05:24:52Z,2467,LOC_0123
CDR_004760,+919844220524,+917426596199,2026-07-27T13:12:01Z,338,LOC_0110
CDR_004761,+917350648839,+919329701564,2025-09-13T08:21:59Z,181,LOC_0104
CDR_004762,+918592473405,+916702463180,2023-06-12T22:30:10Z,2357,LOC_0141
CDR_004763,+919790739390,+917390106458,2024-11-22T21:12:36Z,1175,LOC_0078
CDR_004764,+918561216903,+917026578951,2026-05-14T02:56:33Z,745,LOC_0022
CDR_004765,+918561216903,+916563470451,2024-12-04T01:47:42Z,2089,LOC_0083
CDR_004766,+919574933679,+918388260217,2024-12-17T17:23:58Z,1173,LOC_0123
CDR_004767,+918002538288,+918802563740,2023-02-06T06:28:40Z,1630,LOC_0011
CDR_004768,+917176494120,+919243223486,2026-05-19T17:59:59Z,1405,LOC_0087
CDR_004769,+918529100509,+919790739390,2025-11-06T13:28:18Z,786,LOC_0080
CDR_004770,+918232620908,+918940739520,2024-10-05T10:03:54Z,1166,LOC_0060
CDR_004771,+919833568382,+918089575851,2026-01-01T18:35:35Z,1500,LOC_0079
CDR_004772,+919811215239,+917089448023,2026-02-01T20:06:10Z,3381,LOC_0083
CDR_004773,+916305517870,+917225427052,2023-08-22T12:55:25Z,1941,LOC_0117
CDR_004774,+918932339303,+918552087856,2025-09-24T23:50:10Z,1415,LOC_0099
CDR_004775,+916195355435,+919400156805,2024-09-14T20:36:30Z,3103,LOC_0145
CDR_004776,+918552669535,+918259218970,2025-04-18T14:23:08Z,237,LOC_0095
CDR_004777,+919812534646,+919461484918,2026-06-08T19:51:35Z,2412,LOC_0039
CDR_004778,+918649735743,+917348210721,2025-05-17T05:27:56Z,1339,LOC_0066
CDR_004779,+919701033334,+917703703278,2026-06-22T06:35:40Z,422,LOC_0109
CDR_004780,+916027574993,+918017624177,2023-03-02T16:39:39Z,1642,LOC_0103
CDR_004781,+917922583478,+919649904956,2025-05-26T08:11:09Z,3196,LOC_0052
CDR_004782,+919605572307,+916492558512,2025-01-23T04:37:41Z,1376,LOC_0085
CDR_004783,+919844220524,+917642270644,2025-03-11T09:32:48Z,2137,LOC_0052
CDR_004784,+916801836494,+919692414917,2025-10-12T20:13:44Z,369,LOC_0068
CDR_004785,+918526472243,+917727175965,2025-10-08T01:51:22Z,638,LOC_0092
CDR_004786,+918595756047,+918926773184,2024-05-19T09:31:19Z,2372,LOC_0043
CDR_004787,+916122777002,+917492838599,2023-09-28T01:53:00Z,3057,LOC_0003
CDR_004788,+918814769504,+918930030550,2024-11-06T09:28:45Z,1323,LOC_0054
CDR_004789,+918239704894,+916807254039,2025-08-06T10:46:16Z,1841,LOC_0023
CDR_004790,+917234182744,+918569024491,2023-02-03T01:00:11Z,92,LOC_0039
CDR_004791,+919604328146,+919811215239,2023-01-01T04:29:05Z,165,LOC_0006
CDR_004792,+917382219816,+916761010785,2026-03-07T05:02:21Z,1717,LOC_0103
CDR_004793,+918019427054,+918418311717,2024-12-25T16:09:55Z,2301,LOC_0004
CDR_004794,+917687430058,+917426596199,2026-07-05T14:05:15Z,1668,LOC_0066
CDR_004795,+916417984375,+917139394892,2025-12-29T20:56:22Z,2382,LOC_0018
CDR_004796,+918334428286,+919866520330,2025-02-06T16:25:23Z,2850,LOC_0125
CDR_004797,+916788958738,+917281406275,2023-01-06T11:07:48Z,610,LOC_0076
CDR_004798,+916195355435,+919295893248,2023-04-07T23:30:23Z,3109,LOC_0022
CDR_004799,+916869986241,+916420854556,2026-06-16T22:15:42Z,3595,LOC_0147
CDR_004800,+919740355928,+918765414165,2023-11-09T17:59:56Z,1514,LOC_0052
CDR_004801,+916731908588,+916303044487,2025-06-28T12:41:07Z,645,LOC_0124
CDR_004802,+917362867804,+918490611661,2024-12-21T19:03:33Z,3545,LOC_0102
CDR_004803,+918949638733,+919740355928,2024-08-07T00:55:24Z,689,LOC_0074
CDR_004804,+918982728970,+916518784128,2026-03-14T16:34:56Z,3226,LOC_0049
CDR_004805,+916306440248,+919883349761,2023-02-08T15:36:23Z,453,LOC_0013
CDR_004806,+917861746627,+916378652730,2023-03-11T00:42:14Z,478,LOC_0113
CDR_004807,+916119478823,+919850045517,2024-04-24T06:00:57Z,1628,LOC_0006
CDR_004808,+918698267940,+917400500857,2024-04-04T20:22:08Z,2295,LOC_0097
CDR_004809,+917835657356,+916775643094,2023-07-01T21:10:42Z,2001,LOC_0083
CDR_004810,+919585190250,+919395215160,2025-04-30T16:03:32Z,3114,LOC_0052
CDR_004811,+919376604904,+919068114086,2023-11-15T08:35:05Z,916,LOC_0030
CDR_004812,+918828589764,+916378652730,2023-12-18T11:36:20Z,1122,LOC_0128
CDR_004813,+916195904052,+918447715974,2023-06-10T02:13:00Z,3433,LOC_0126
CDR_004814,+917529133908,+918883048433,2025-09-18T18:11:47Z,127,LOC_0057
CDR_004815,+919336675287,+918021635448,2023-06-12T11:18:52Z,1226,LOC_0028
CDR_004816,+918717352279,+916797309341,2025-05-21T16:23:48Z,3006,LOC_0105
CDR_004817,+916811147196,+919372680168,2025-11-30T13:51:23Z,2371,LOC_0144
CDR_004818,+918546428118,+918016589212,2025-08-04T21:21:31Z,2946,LOC_0117
CDR_004819,+918685515992,+918646142846,2025-10-03T06:56:43Z,540,LOC_0114
CDR_004820,+919148439236,+917834532707,2023-02-19T22:05:53Z,657,LOC_0135
CDR_004821,+916071426604,+917056191455,2026-04-23T20:00:34Z,1697,LOC_0056
CDR_004822,+917176226755,+917023285481,2024-07-06T17:09:06Z,2690,LOC_0005
CDR_004823,+916368244826,+919738453527,2023-04-14T02:58:12Z,2698,LOC_0146
CDR_004824,+918419129100,+916757784718,2025-11-17T06:58:27Z,2430,LOC_0090
CDR_004825,+919120333471,+916363398580,2023-10-25T04:56:49Z,1384,LOC_0148
CDR_004826,+916416127433,+916890656381,2023-01-12T17:31:24Z,348,LOC_0147
CDR_004827,+919110874528,+917561569542,2024-02-26T21:07:02Z,2336,LOC_0125
CDR_004828,+919397402104,+918912912223,2026-05-14T17:07:00Z,2559,LOC_0075
CDR_004829,+916576672427,+917633602176,2025-11-19T04:41:41Z,2718,LOC_0146
CDR_004830,+916580310006,+918724585317,2024-05-01T07:14:58Z,610,LOC_0019
CDR_004831,+916510767017,+916140047655,2023-02-28T08:54:18Z,2626,LOC_0053
CDR_004832,+916420102358,+918996395544,2025-10-31T22:36:33Z,1956,LOC_0001
CDR_004833,+917150724227,+918161921273,2023-04-24T03:20:09Z,1016,LOC_0110
CDR_004834,+917848581435,+916110296578,2023-07-24T03:42:46Z,278,LOC_0037
CDR_004835,+918656434573,+916389894192,2023-02-22T15:32:48Z,1177,LOC_0105
CDR_004836,+917678103394,+919847558512,2025-08-03T15:54:16Z,1936,LOC_0091
CDR_004837,+918879534353,+918419129100,2023-03-04T19:47:36Z,252,LOC_0135
CDR_004838,+916415932585,+916292960178,2024-11-01T11:39:48Z,1289,LOC_0077
CDR_004839,+916522773527,+916848446906,2025-11-18T18:51:42Z,1361,LOC_0111
CDR_004840,+919828415377,+919874782671,2026-06-16T13:45:23Z,587,LOC_0047
CDR_004841,+918614719178,+916888384398,2023-03-27T16:25:08Z,3062,LOC_0083
CDR_004842,+917105059551,+918889673699,2026-06-06T16:39:15Z,392,LOC_0118
CDR_004843,+919160620396,+917529426298,2024-06-23T08:13:45Z,3536,LOC_0098
CDR_004844,+916896194129,+919307451625,2025-07-21T22:24:42Z,3003,LOC_0037
CDR_004845,+919076274213,+919106703986,2025-12-20T07:01:54Z,3558,LOC_0106
CDR_004846,+919750605143,+916429740169,2024-12-24T07:50:14Z,42,LOC_0098
CDR_004847,+917082074708,+919130846781,2025-03-13T02:58:31Z,2651,LOC_0127
CDR_004848,+918461270060,+918606996024,2024-06-03T12:01:43Z,3112,LOC_0135
CDR_004849,+916798534963,+916221100658,2025-09-09T21:09:20Z,2363,LOC_0086
CDR_004850,+918926214216,+918802563740,2024-07-19T23:55:02Z,2608,LOC_0036
CDR_004851,+919691166761,+917174469727,2024-12-22T19:13:35Z,1983,LOC_0006
CDR_004852,+917564547781,+917814355114,2025-03-20T10:27:32Z,805,LOC_0002
CDR_004853,+917296841600,+918056895862,2023-07-21T13:43:48Z,1897,LOC_0064
CDR_004854,+918120892071,+917156403157,2024-06-16T14:46:51Z,878,LOC_0140
CDR_004855,+918440596445,+917384717361,2026-02-07T16:20:46Z,1262,LOC_0056
CDR_004856,+916874195977,+917175860156,2023-08-31T07:35:18Z,2858,LOC_0102
CDR_004857,+919618246531,+918197612808,2024-06-07T23:29:15Z,244,LOC_0109
CDR_004858,+918364602747,+917174469727,2025-04-02T12:57:50Z,868,LOC_0117
CDR_004859,+916328709442,+917904383663,2026-02-23T17:52:20Z,565,LOC_0060
CDR_004860,+917320394595,+918883048433,2024-02-09T00:05:57Z,1687,LOC_0066
CDR_004861,+916612559057,+916200969429,2024-07-18T15:08:58Z,3194,LOC_0008
CDR_004862,+917727175965,+917523133874,2023-03-29T07:09:45Z,3257,LOC_0084
CDR_004863,+919990039529,+919141962771,2025-04-21T02:09:26Z,1296,LOC_0043
CDR_004864,+916098655791,+919375300097,2025-06-27T11:43:41Z,2032,LOC_0027
CDR_004865,+916684439498,+916592681126,2025-12-11T04:54:37Z,85,LOC_0071
CDR_004866,+919801044279,+919106703986,2023-12-05T08:44:32Z,151,LOC_0094
CDR_004867,+918778509037,+916111635207,2025-04-17T22:25:19Z,223,LOC_0149
CDR_004868,+916533891998,+918883607330,2026-06-27T17:50:31Z,1046,LOC_0011
CDR_004869,+918472422439,+916527198854,2026-07-27T00:55:46Z,1679,LOC_0006
CDR_004870,+918711639209,+919148439236,2025-01-16T19:24:36Z,3597,LOC_0104
CDR_004871,+916228307893,+919997946704,2025-11-02T01:41:26Z,2162,LOC_0101
CDR_004872,+919224351311,+917958796094,2025-03-20T23:52:44Z,2752,LOC_0078
CDR_004873,+918079500806,+919114168187,2024-06-30T02:29:51Z,763,LOC_0119
CDR_004874,+918042254462,+916597988721,2025-03-22T18:50:24Z,1445,LOC_0120
CDR_004875,+918437654971,+917023285481,2025-12-12T17:32:03Z,1785,LOC_0076
CDR_004876,+918035280879,+919738453527,2025-06-22T01:02:45Z,723,LOC_0127
CDR_004877,+918735480334,+918646930819,2023-02-05T19:36:10Z,359,LOC_0054
CDR_004878,+916516612288,+917176226755,2023-07-22T17:06:43Z,2904,LOC_0105
CDR_004879,+919104074578,+918548600919,2025-08-05T06:29:47Z,1149,LOC_0036
CDR_004880,+917526393650,+918447715974,2023-05-21T01:54:00Z,1743,LOC_0099
CDR_004881,+919397402104,+918118679324,2024-07-05T22:18:20Z,720,LOC_0049
CDR_004882,+917493072850,+917811957488,2024-03-02T14:13:16Z,2499,LOC_0141
CDR_004883,+919015464849,+919164829267,2025-12-06T09:37:18Z,1183,LOC_0047
CDR_004884,+918329753974,+916877052144,2025-10-29T08:05:48Z,1308,LOC_0117
CDR_004885,+916939673695,+917638802005,2025-08-25T12:27:16Z,907,LOC_0031
CDR_004886,+917683021116,+916999034756,2023-03-20T19:05:41Z,1192,LOC_0063
CDR_004887,+919828415377,+916995243301,2026-01-09T19:24:43Z,878,LOC_0097
CDR_004888,+917180955041,+919512836993,2023-04-16T14:44:54Z,2013,LOC_0087
CDR_004889,+918712510228,+917694562195,2023-11-14T00:46:29Z,898,LOC_0120
CDR_004890,+917587594499,+917150724227,2024-04-07T05:27:42Z,1983,LOC_0120
CDR_004891,+919242863201,+918012143631,2023-12-05T04:14:25Z,260,LOC_0112
CDR_004892,+919438177052,+916540890313,2024-07-07T02:03:09Z,2091,LOC_0037
CDR_004893,+919359506482,+917614141871,2024-07-07T07:44:58Z,1233,LOC_0100
CDR_004894,+919451612191,+916165812391,2023-04-16T08:58:24Z,1419,LOC_0142
CDR_004895,+919322643566,+916205446492,2023-12-07T08:22:12Z,2607,LOC_0008
CDR_004896,+916563470451,+916858932011,2026-01-11T18:10:37Z,2018,LOC_0131
CDR_004897,+916553260471,+917079898502,2023-06-09T20:08:17Z,1104,LOC_0080
CDR_004898,+916926059797,+918308259281,2025-05-30T08:19:41Z,2151,LOC_0052
CDR_004899,+916330992932,+916582787332,2024-12-27T04:14:16Z,1683,LOC_0030
CDR_004900,+917056191455,+916867290276,2024-12-15T13:29:59Z,1288,LOC_0007
CDR_004901,+918454243528,+919965627504,2023-05-03T01:25:02Z,411,LOC_0089
CDR_004902,+916471298719,+917225427052,2026-06-01T18:52:27Z,401,LOC_0012
CDR_004903,+918735480334,+916382850920,2026-06-07T00:08:39Z,2442,LOC_0140
CDR_004904,+917864326250,+919527576042,2025-03-20T15:25:55Z,1649,LOC_0098
CDR_004905,+916033819777,+919428015166,2024-08-01T05:40:37Z,2277,LOC_0136
CDR_004906,+917521998002,+916550606479,2023-04-10T15:03:54Z,2003,LOC_0019
CDR_004907,+917853165178,+919567181201,2026-07-19T08:57:27Z,521,LOC_0117
CDR_004908,+919115351748,+916483144641,2026-02-06T19:44:26Z,767,LOC_0107
CDR_004909,+918285488356,+919200658366,2025-09-23T21:40:58Z,483,LOC_0092
CDR_004910,+919208320641,+916951424441,2025-10-03T20:25:46Z,3581,LOC_0067
CDR_004911,+916463884781,+918952647739,2024-08-29T09:11:33Z,203,LOC_0096
CDR_004912,+917215861114,+919063754568,2026-04-23T15:47:04Z,400,LOC_0104
CDR_004913,+917139394892,+919493502674,2024-10-10T12:05:11Z,2503,LOC_0003
CDR_004914,+918075004731,+918556293060,2024-01-19T08:15:54Z,1371,LOC_0039
CDR_004915,+916905110100,+918026160767,2026-05-07T22:20:16Z,518,LOC_0018
CDR_004916,+916506651617,+917619246984,2026-01-08T10:31:59Z,1837,LOC_0022
CDR_004917,+916256495642,+919509154515,2025-12-11T16:01:45Z,541,LOC_0064
CDR_004918,+918447715974,+916912575226,2026-01-02T03:49:22Z,436,LOC_0009
CDR_004919,+916711474712,+919789389791,2023-07-15T17:52:34Z,1398,LOC_0116
CDR_004920,+916416127433,+917861342732,2026-07-16T03:14:52Z,578,LOC_0031
CDR_004921,+918231987320,+916602393888,2026-06-14T23:35:09Z,151,LOC_0052
CDR_004922,+916382850920,+918126746095,2025-08-10T12:26:58Z,2313,LOC_0016
CDR_004923,+916157771113,+917231663777,2026-01-12T08:05:49Z,1034,LOC_0053
CDR_004924,+917057238139,+916487937820,2023-08-02T20:54:50Z,3179,LOC_0021
CDR_004925,+919272659618,+919312303657,2025-10-13T00:21:49Z,1151,LOC_0102
CDR_004926,+918008116195,+917796717941,2026-05-12T22:12:32Z,296,LOC_0135
CDR_004927,+916616423848,+918891804979,2023-01-26T02:30:32Z,2675,LOC_0018
CDR_004928,+916877175367,+917160392103,2025-02-07T20:31:03Z,2194,LOC_0054
CDR_004929,+917519292165,+919168819811,2025-11-26T08:24:23Z,1313,LOC_0078
CDR_004930,+919990039529,+918765414165,2025-08-20T04:51:12Z,781,LOC_0028
CDR_004931,+916146387689,+918674461918,2023-12-12T09:39:46Z,394,LOC_0039
CDR_004932,+916517376881,+919057767497,2024-11-19T13:06:28Z,19,LOC_0148
CDR_004933,+918999355782,+916807254039,2023-10-27T22:59:02Z,1053,LOC_0027
CDR_004934,+917761349189,+919010582093,2025-10-08T17:48:24Z,3472,LOC_0006
CDR_004935,+916322648158,+916006779966,2025-12-11T17:39:41Z,30,LOC_0116
CDR_004936,+919046647159,+919169313432,2026-03-12T23:12:47Z,1982,LOC_0029
CDR_004937,+918959222174,+918737594009,2026-07-22T20:32:14Z,2797,LOC_0099
CDR_004938,+916531772868,+917492838599,2025-07-01T08:10:38Z,1110,LOC_0050
CDR_004939,+918017624177,+918009645719,2025-12-07T19:18:20Z,458,LOC_0049
CDR_004940,+916517981598,+919291271354,2024-06-01T08:34:46Z,963,LOC_0073
CDR_004941,+918857274115,+919242863201,2023-01-13T22:38:59Z,3194,LOC_0120
CDR_004942,+916267119789,+917351021444,2026-06-25T10:05:26Z,3393,LOC_0113
CDR_004943,+916582787332,+916289185573,2026-02-07T02:24:54Z,1425,LOC_0133
CDR_004944,+919994392015,+919383506796,2025-04-12T04:00:33Z,1239,LOC_0014
CDR_004945,+917683021116,+919068114086,2023-09-09T01:28:17Z,1821,LOC_0124
CDR_004946,+918759143335,+916793631899,2023-07-21T08:53:15Z,397,LOC_0142
CDR_004947,+919691166761,+917026972351,2026-03-22T19:13:30Z,1781,LOC_0125
CDR_004948,+918308259281,+918437654971,2023-10-02T17:02:43Z,1842,LOC_0050
CDR_004949,+916262235551,+917608566723,2024-02-25T23:45:12Z,1442,LOC_0032
CDR_004950,+916074159865,+918884329289,2024-09-22T01:15:12Z,1807,LOC_0126
CDR_004951,+918473781261,+916328681328,2023-08-12T07:00:40Z,272,LOC_0002
CDR_004952,+918109271409,+918868437461,2023-01-24T02:42:39Z,1708,LOC_0054
CDR_004953,+919497082739,+919990039529,2023-11-07T12:51:44Z,3422,LOC_0126
CDR_004954,+919875844373,+916991372057,2025-11-26T20:03:38Z,2750,LOC_0133
CDR_004955,+916576672427,+917516100805,2024-05-30T06:03:01Z,1825,LOC_0089
CDR_004956,+917322037419,+919779305645,2026-06-14T05:51:09Z,943,LOC_0118
CDR_004957,+916492558512,+917184650635,2023-11-24T09:26:22Z,2824,LOC_0067
CDR_004958,+919814051350,+916731908588,2023-07-15T01:03:55Z,1280,LOC_0134
CDR_004959,+917350648839,+919954149831,2025-08-19T02:16:02Z,2092,LOC_0050
CDR_004960,+918889252025,+919618246531,2024-05-31T11:50:17Z,3481,LOC_0057
CDR_004961,+918912912223,+917680985022,2023-10-14T05:06:08Z,750,LOC_0115
CDR_004962,+917590239196,+919113804499,2025-10-08T08:42:37Z,1625,LOC_0149
CDR_004963,+919520097229,+918646142846,2023-12-24T09:05:17Z,2126,LOC_0066
CDR_004964,+917306916015,+918120533071,2023-12-08T07:59:15Z,1958,LOC_0003
CDR_004965,+918380098110,+919372680168,2025-02-06T13:39:37Z,2817,LOC_0126
CDR_004966,+918949175145,+919518115388,2023-09-10T16:12:45Z,752,LOC_0022
CDR_004967,+916797398856,+916166699419,2025-11-03T08:02:57Z,661,LOC_0012
CDR_004968,+918159374355,+919964932788,2023-01-19T23:13:46Z,2601,LOC_0039
CDR_004969,+919307451625,+918409958962,2024-03-12T20:58:28Z,549,LOC_0013
CDR_004970,+916798534963,+916246759544,2025-11-19T01:46:33Z,3394,LOC_0140
CDR_004971,+917597574443,+916563470451,2023-11-24T11:41:45Z,2270,LOC_0078
CDR_004972,+919181347543,+919455320375,2024-07-11T13:12:59Z,3427,LOC_0009
CDR_004973,+919691166761,+919812126034,2023-05-31T15:32:44Z,1290,LOC_0106
CDR_004974,+916602393888,+919515645918,2023-11-04T23:54:07Z,1655,LOC_0097
CDR_004975,+916465578258,+919814051350,2024-03-10T16:32:35Z,2626,LOC_0049
CDR_004976,+917596371622,+919630302254,2025-02-27T18:24:41Z,1542,LOC_0078
CDR_004977,+918603481095,+917089448023,2025-07-30T00:12:41Z,2368,LOC_0123
CDR_004978,+919615163315,+916377188000,2025-12-13T17:56:29Z,472,LOC_0057
CDR_004979,+918817716350,+917250185823,2024-04-01T08:03:16Z,3287,LOC_0081
CDR_004980,+916553260471,+916518849078,2025-12-17T14:26:38Z,666,LOC_0100
CDR_004981,+916896194129,+916807099214,2023-10-22T23:36:01Z,2018,LOC_0081
CDR_004982,+918526472243,+918035280879,2023-08-31T14:14:34Z,2223,LOC_0054
CDR_004983,+919160620396,+916228307893,2025-10-02T13:54:35Z,2231,LOC_0135
CDR_004984,+917788007547,+918814769504,2023-06-18T23:50:00Z,1633,LOC_0108
CDR_004985,+917387503825,+918523258748,2024-01-14T19:45:16Z,3337,LOC_0077
CDR_004986,+917947386482,+916054695674,2026-06-13T00:12:59Z,147,LOC_0021
CDR_004987,+917863152169,+916402153307,2024-02-08T06:14:00Z,3001,LOC_0029
CDR_004988,+918296067730,+919661734239,2023-09-25T13:23:28Z,1214,LOC_0119
CDR_004989,+916731908588,+916793631899,2026-03-20T16:13:23Z,1464,LOC_0067
CDR_004990,+918855475644,+916329044656,2023-06-26T19:23:14Z,294,LOC_0067
CDR_004991,+918825091118,+919680791091,2024-07-30T17:02:23Z,2638,LOC_0070
CDR_004992,+918735480334,+918683316346,2024-07-02T22:27:44Z,396,LOC_0047
CDR_004993,+916612559057,+916200969429,2025-11-28T23:38:48Z,2628,LOC_0071
CDR_004994,+917262991125,+917196227113,2024-12-12T12:20:45Z,1465,LOC_0058
CDR_004995,+918021635448,+916898633785,2023-11-08T03:54:01Z,2108,LOC_0064
CDR_004996,+916539280391,+916416127433,2024-10-03T22:19:00Z,677,LOC_0145
CDR_004997,+918809299600,+917400500857,2024-04-14T02:33:46Z,2735,LOC_0084
CDR_004998,+919085773843,+916283293302,2023-06-18T16:41:19Z,1375,LOC_0137
CDR_004999,+917612816731,+917996401878,2025-12-31T02:33:22Z,880,LOC_0014
CDR_005000,+917502077414,+916547253832,2025-01-26T10:23:00Z,1647,LOC_0010
