transaction_id,sender_account,receiver_account,amount,transaction_type,timestamp
TXN_000001,188913657952,399808444886,1070126.12,Crypto Off-ramp,2026-02-22T21:01:16Z
TXN_000002,896163552047,189538395298,213969.42,Cash Deposit,2025-05-27T00:27:09Z
TXN_000003,553508904470,299708254154,579208.24,Cash Deposit,2024-02-06T03:56:16Z
TXN_000004,311237897638,173469759984,957818.08,ATM Withdrawal,2024-08-20T05:40:47Z
TXN_000005,296419335163,403735228688,1275578.09,Hawala,2024-07-31T07:14:12Z
TXN_000006,836826367371,755641749875,2019558.82,ATM Withdrawal,2023-12-14T13:06:13Z
TXN_000007,644054724977,878151054804,1885084.56,Hawala,2025-08-10T10:55:15Z
TXN_000008,621361954789,104024825971,2336271.29,Wire Transfer,2026-03-27T11:08:56Z
TXN_000009,291048960698,525226211418,1722562.79,ATM Withdrawal,2024-10-17T06:13:07Z
TXN_000010,392493759560,824686854563,2214994.59,Cash Deposit,2026-04-24T14:01:04Z
TXN_000011,610152175213,859415578520,2467303.54,ATM Withdrawal,2024-11-30T16:10:06Z
TXN_000012,864324181290,654802816141,13103.54,Wire Transfer,2025-04-06T06:29:31Z
TXN_000013,769926325174,589033694632,1012790.47,Cash Deposit,2024-01-25T22:35:31Z
TXN_000014,843883977052,775379444078,2462991.45,Crypto Off-ramp,2026-03-15T14:33:09Z
TXN_000015,273362959038,646992008730,1263348.65,Crypto Off-ramp,2025-12-02T11:21:40Z
TXN_000016,931053980604,351119549747,860370.86,ATM Withdrawal,2025-05-13T20:59:59Z
TXN_000017,612606730953,721398574914,2381134.53,Wire Transfer,2024-06-28T20:34:47Z
TXN_000018,159568893213,740859208642,1446273.75,ATM Withdrawal,2026-06-06T02:37:28Z
TXN_000019,577207114932,429686382354,751580.65,ATM Withdrawal,2025-04-09T20:40:44Z
TXN_000020,241312394717,297882139006,2117058.53,Crypto Off-ramp,2024-03-24T09:56:15Z
TXN_000021,839346014479,315078306992,204343.25,Hawala,2023-08-09T08:56:02Z
TXN_000022,383175827127,122324194131,75982.15,Cash Deposit,2023-05-08T04:36:53Z
TXN_000023,251510202090,938206903933,1312014.67,Cash Deposit,2026-05-30T18:49:04Z
TXN_000024,725997986456,125592084557,1610598.15,Hawala,2025-10-06T08:24:01Z
TXN_000025,612815827483,623045427426,1401172.97,Wire Transfer,2026-02-28T15:49:59Z
TXN_000026,822586961665,837237186326,1134959.6,Cash Deposit,2023-12-14T15:07:22Z
TXN_000027,916436170997,404724248906,1418467.71,Wire Transfer,2023-02-27T12:49:58Z
TXN_000028,761923001204,897175243274,1616727.57,ATM Withdrawal,2023-10-06T17:50:52Z
TXN_000029,726071779657,525942291846,96071.75,Wire Transfer,2023-08-23T02:22:19Z
TXN_000030,144998273972,574582819955,652589.99,ATM Withdrawal,2025-06-12T02:36:31Z
TXN_000031,633926905953,519478963344,1003868.35,Hawala,2023-06-05T16:19:49Z
TXN_000032,470900838824,124760229468,1282409.74,Wire Transfer,2025-05-09T23:58:47Z
TXN_000033,679284344186,337112821775,1108685.8,Wire Transfer,2024-02-22T04:26:26Z
TXN_000034,127380905918,351611550322,900790.87,Crypto Off-ramp,2025-07-19T03:48:42Z
TXN_000035,105902392359,878151054804,808881.61,Wire Transfer,2026-07-13T17:01:16Z
TXN_000036,865684182938,843180961540,378529.21,ATM Withdrawal,2023-09-04T14:34:24Z
TXN_000037,312590792484,627073536838,1423381.61,ATM Withdrawal,2024-03-10T19:31:28Z
TXN_000038,831433811484,362595765001,2276901.04,Crypto Off-ramp,2025-08-25T18:53:38Z
TXN_000039,288549081524,189336915729,1796561.62,Crypto Off-ramp,2024-03-14T23:17:30Z
TXN_000040,204631543545,311538803488,194280.85,Hawala,2023-05-06T00:28:18Z
TXN_000041,610989253293,849140396032,707883.95,Crypto Off-ramp,2023-02-24T06:23:06Z
TXN_000042,763103240905,261947364074,1894225.32,Wire Transfer,2026-01-01T19:32:10Z
TXN_000043,851041885399,730724401929,1162307.05,Hawala,2024-06-02T23:21:07Z
TXN_000044,224231733594,430900922106,679555.59,Hawala,2024-08-15T17:21:02Z
TXN_000045,159190716367,428950721942,618224.92,ATM Withdrawal,2026-05-20T12:40:26Z
TXN_000046,554621158698,512228633770,149155.86,Cash Deposit,2024-12-30T00:26:20Z
TXN_000047,720301931247,591287149742,408439.57,ATM Withdrawal,2025-02-26T10:53:26Z
TXN_000048,844318281380,837206702374,1833363.03,Cash Deposit,2025-02-21T13:59:12Z
TXN_000049,597401325570,329382103465,1847449.38,Wire Transfer,2025-06-02T11:18:41Z
TXN_000050,400536410991,726071779657,1032588.39,Cash Deposit,2024-08-06T01:53:42Z
TXN_000051,109691407062,174603445189,1288578.05,ATM Withdrawal,2025-09-05T20:52:16Z
TXN_000052,404714130413,391318937123,1807534.88,Wire Transfer,2024-11-06T04:07:07Z
TXN_000053,659535848106,409053230634,849720.58,Crypto Off-ramp,2024-12-07T01:44:06Z
TXN_000054,518155956828,867715673235,1510345.89,Hawala,2026-02-13T03:57:13Z
TXN_000055,667485216837,610667701246,1547181.21,Cash Deposit,2026-05-26T00:12:01Z
TXN_000056,167027944355,774614865670,107792.25,Crypto Off-ramp,2023-04-28T18:54:19Z
TXN_000057,855984816312,168806662718,525319.85,Crypto Off-ramp,2026-02-10T09:15:12Z
TXN_000058,179603418555,943976618396,1962679.6,Crypto Off-ramp,2023-06-23T10:04:57Z
TXN_000059,832508598901,758759696106,2198021.6,Cash Deposit,2023-07-25T18:51:10Z
TXN_000060,930481160814,207872783185,1339973.11,Crypto Off-ramp,2026-02-18T02:47:39Z
TXN_000061,794742375049,791939043931,1687941.53,Crypto Off-ramp,2023-05-04T14:09:51Z
TXN_000062,584831082628,423593328257,1376865.13,Cash Deposit,2025-04-15T23:48:08Z
TXN_000063,880519032210,413094617397,1142983.53,Crypto Off-ramp,2026-05-01T05:23:29Z
TXN_000064,510222040245,243944686612,103078.88,Crypto Off-ramp,2024-06-08T19:50:45Z
TXN_000065,841930984619,870615879892,947714.65,Crypto Off-ramp,2024-08-28T13:59:20Z
TXN_000066,975993074466,876432006248,1874268.33,Hawala,2024-08-30T00:03:24Z
TXN_000067,863787984130,536729747321,1669943.56,Wire Transfer,2023-11-21T10:38:28Z
TXN_000068,482316249551,784038745263,2211935.0,Hawala,2023-04-01T06:47:05Z
TXN_000069,590756335141,133508884937,246613.17,Hawala,2025-02-03T10:18:15Z
TXN_000070,855984816312,809764817410,2038591.48,Wire Transfer,2024-04-14T12:20:30Z
TXN_000071,298099898903,961805038891,1409221.94,Hawala,2025-02-13T05:13:33Z
TXN_000072,118145484224,104261628430,440209.8,Hawala,2024-06-04T15:24:58Z
TXN_000073,392493759560,457534054609,2030572.9,Hawala,2026-02-23T19:05:32Z
TXN_000074,362897298764,311024379137,1772258.06,Cash Deposit,2025-07-16T11:53:24Z
TXN_000075,304574075460,834500536139,450925.89,Hawala,2025-07-04T23:57:56Z
TXN_000076,915417528951,948201731736,2220547.0,Wire Transfer,2023-12-31T02:01:32Z
TXN_000077,774614865670,383175827127,41144.54,Cash Deposit,2024-05-13T19:25:09Z
TXN_000078,512228633770,127672389870,1785104.45,ATM Withdrawal,2024-05-14T23:31:56Z
TXN_000079,825988056608,276378107365,1766226.56,ATM Withdrawal,2025-09-18T21:24:34Z
TXN_000080,671213975238,834500536139,2455012.21,ATM Withdrawal,2023-08-30T10:16:35Z
TXN_000081,704562321344,211057087126,494772.16,Crypto Off-ramp,2025-06-19T17:18:35Z
TXN_000082,659535848106,173469759984,1559902.35,ATM Withdrawal,2026-07-29T03:55:01Z
TXN_000083,214310617088,189538395298,1404610.55,Wire Transfer,2024-01-06T15:07:26Z
TXN_000084,775379444078,750261270391,1720831.31,Hawala,2024-01-23T23:04:46Z
TXN_000085,672823370623,737882406950,2077337.01,Crypto Off-ramp,2026-03-10T09:27:46Z
TXN_000086,282139591375,503649256469,2361043.37,Crypto Off-ramp,2023-04-19T23:41:21Z
TXN_000087,424666491554,820652046614,713221.26,Crypto Off-ramp,2023-04-29T21:47:59Z
TXN_000088,411337155994,540578654853,2222433.71,Crypto Off-ramp,2023-05-16T12:15:55Z
TXN_000089,637940784336,254058350402,273682.26,Wire Transfer,2025-09-29T07:09:22Z
TXN_000090,497557374662,905027059738,997996.95,ATM Withdrawal,2025-07-24T18:09:22Z
TXN_000091,411337155994,137085456283,1997876.76,ATM Withdrawal,2023-10-14T10:30:00Z
TXN_000092,101288461054,822586961665,163415.83,ATM Withdrawal,2025-01-31T20:35:46Z
TXN_000093,211680906360,597156755523,1781485.35,Cash Deposit,2026-01-13T21:35:19Z
TXN_000094,895643876630,275330503693,529821.42,Hawala,2023-03-07T02:19:38Z
TXN_000095,323470969897,509424579955,2489256.27,ATM Withdrawal,2025-07-19T18:53:59Z
TXN_000096,572042480393,497557374662,2296791.34,Crypto Off-ramp,2023-09-03T22:13:04Z
TXN_000097,163131301913,214310617088,1819681.89,Hawala,2025-10-12T19:10:35Z
TXN_000098,330678874270,481498187599,2491354.03,Crypto Off-ramp,2025-03-16T23:28:32Z
TXN_000099,541684933300,840183762064,231175.46,Cash Deposit,2024-02-20T11:44:55Z
TXN_000100,740907432301,330955033046,1274840.05,ATM Withdrawal,2023-11-13T01:12:06Z
TXN_000101,610667701246,612460425385,629677.42,Cash Deposit,2024-01-21T11:50:54Z
TXN_000102,972231880929,782508577611,350960.87,ATM Withdrawal,2026-03-23T14:59:56Z
TXN_000103,481498187599,745081748726,2019408.48,ATM Withdrawal,2024-05-30T01:03:35Z
TXN_000104,809764817410,325614360495,1191490.32,Crypto Off-ramp,2023-03-09T07:22:34Z
TXN_000105,169848466237,675929464367,1461475.18,ATM Withdrawal,2025-11-07T08:12:39Z
TXN_000106,118566111883,957312586089,142940.97,Wire Transfer,2024-08-04T06:36:32Z
TXN_000107,124911242572,630164411294,1494940.03,Wire Transfer,2023-01-17T11:14:15Z
TXN_000108,793468696662,998462046182,1848673.21,Crypto Off-ramp,2026-04-10T00:17:29Z
TXN_000109,464588900070,408249569141,2322112.24,Hawala,2024-04-26T23:36:19Z
TXN_000110,338754551365,523084216424,1675423.24,Hawala,2024-04-12T07:06:39Z
TXN_000111,991649259877,723757284548,119934.49,ATM Withdrawal,2025-12-03T00:12:31Z
TXN_000112,852090325479,288960473204,270431.97,Crypto Off-ramp,2026-03-30T15:05:09Z
TXN_000113,299736267495,754937671430,2099679.83,Cash Deposit,2024-03-13T11:18:18Z
TXN_000114,464375900541,553508904470,1174026.14,Crypto Off-ramp,2026-05-08T10:31:21Z
TXN_000115,437890066202,823926902828,1529399.11,Wire Transfer,2025-12-07T12:58:09Z
TXN_000116,515858975663,354436784355,1586189.64,Crypto Off-ramp,2025-12-26T09:21:59Z
TXN_000117,914060519667,168806662718,2392974.96,Hawala,2026-01-29T12:08:18Z
TXN_000118,610376749064,167572351889,429503.75,ATM Withdrawal,2025-02-03T22:20:05Z
TXN_000119,465663385866,974355229003,1572844.98,Wire Transfer,2023-05-26T05:29:04Z
TXN_000120,576801285370,290006412542,122184.22,Wire Transfer,2025-03-29T19:59:12Z
TXN_000121,920485750127,322628866753,2302595.27,Hawala,2023-11-25T16:59:32Z
TXN_000122,562086572781,174923256230,864590.94,Wire Transfer,2025-01-13T17:06:40Z
TXN_000123,792570318101,168005180900,406831.21,Cash Deposit,2023-07-04T15:43:06Z
TXN_000124,443680694402,481640831538,2231166.69,ATM Withdrawal,2025-03-09T04:02:48Z
TXN_000125,295084874487,369696988696,778439.44,Crypto Off-ramp,2023-02-08T06:10:00Z
TXN_000126,908831295908,418580135461,1050180.23,Wire Transfer,2024-08-03T01:04:27Z
TXN_000127,957657137173,772551023964,754920.63,ATM Withdrawal,2026-02-24T09:34:51Z
TXN_000128,278338984641,916436170997,1189439.78,Wire Transfer,2024-02-07T17:58:27Z
TXN_000129,126203150933,825988056608,1900447.77,Crypto Off-ramp,2023-11-24T06:55:17Z
TXN_000130,179603418555,259610829349,2072796.23,ATM Withdrawal,2025-04-23T13:42:25Z
TXN_000131,625102096404,893846554896,2321979.13,Crypto Off-ramp,2023-12-15T12:24:08Z
TXN_000132,847754399234,773165086983,2180062.77,ATM Withdrawal,2024-01-31T01:51:07Z
TXN_000133,616195218108,535627069252,586163.86,Hawala,2024-05-14T14:07:38Z
TXN_000134,536729747321,942496994555,2154940.68,Wire Transfer,2023-04-03T14:24:17Z
TXN_000135,167027944355,211351543888,1871770.7,Wire Transfer,2023-02-13T15:29:38Z
TXN_000136,692905200466,791069205003,2064302.56,Cash Deposit,2025-04-23T01:44:57Z
TXN_000137,224231733594,503649256469,829944.74,Wire Transfer,2024-11-09T07:09:13Z
TXN_000138,833795013957,656483238381,778971.3,Wire Transfer,2026-02-26T02:01:55Z
TXN_000139,187601656984,644054724977,2243951.69,ATM Withdrawal,2026-06-22T01:35:28Z
TXN_000140,643199244851,349044009729,422542.33,Crypto Off-ramp,2023-02-25T11:33:54Z
TXN_000141,824686854563,662530568731,954446.54,Cash Deposit,2023-12-16T03:19:02Z
TXN_000142,740935847812,174603445189,553490.75,Cash Deposit,2025-06-27T14:39:31Z
TXN_000143,939866188036,409053230634,1432945.6,Cash Deposit,2026-07-05T02:14:01Z
TXN_000144,302742170531,896033951248,1134263.21,Cash Deposit,2025-10-08T05:55:09Z
TXN_000145,179912091749,318259719323,1809881.08,Hawala,2023-12-25T04:30:01Z
TXN_000146,531783835772,494715241590,2042538.06,Hawala,2023-03-10T12:01:31Z
TXN_000147,650347115415,479214286063,1944701.14,ATM Withdrawal,2023-07-03T18:15:48Z
TXN_000148,627073536838,649826008287,2463907.44,Hawala,2024-06-17T03:00:57Z
TXN_000149,807691942767,280193090820,317951.59,Hawala,2024-07-14T06:53:47Z
TXN_000150,457707017893,233315116783,1835623.92,ATM Withdrawal,2026-06-02T16:27:57Z
TXN_000151,857122137563,290006412542,2412919.23,Cash Deposit,2026-04-16T18:48:06Z
TXN_000152,998462046182,275732237306,2337272.37,Hawala,2023-11-29T00:51:30Z
TXN_000153,178964329214,378469771979,2036763.53,ATM Withdrawal,2023-11-14T23:10:36Z
TXN_000154,944224837430,131574439021,1854064.01,Cash Deposit,2024-06-06T08:47:14Z
TXN_000155,662030167406,917117510773,855837.12,Wire Transfer,2023-08-31T20:25:50Z
TXN_000156,667485216837,810115598369,1598029.34,Wire Transfer,2024-08-04T07:39:08Z
TXN_000157,870972911723,791935869243,1768181.81,Crypto Off-ramp,2026-06-22T20:51:19Z
TXN_000158,693895542835,784846251719,1127527.51,Cash Deposit,2023-04-12T11:14:50Z
TXN_000159,866141809814,456687581199,2389226.87,Cash Deposit,2024-09-07T11:32:55Z
TXN_000160,907713967538,883725380717,1367641.39,Cash Deposit,2025-07-12T00:24:10Z
TXN_000161,273189253774,726071779657,1089746.03,Hawala,2023-03-11T06:15:32Z
TXN_000162,843883977052,693172135835,106373.44,Crypto Off-ramp,2025-07-04T22:12:22Z
TXN_000163,979314113745,201016959945,689986.71,Wire Transfer,2024-11-29T14:32:06Z
TXN_000164,406814827519,274873186981,2004924.3,Crypto Off-ramp,2025-09-07T14:02:19Z
TXN_000165,778729562887,288058626828,1841289.16,ATM Withdrawal,2026-01-31T12:26:55Z
TXN_000166,131976488719,582623107798,2136851.88,Crypto Off-ramp,2026-06-04T17:55:49Z
TXN_000167,178267079906,576801285370,2081752.04,ATM Withdrawal,2024-10-30T15:00:34Z
TXN_000168,750675231453,408249569141,242852.45,Cash Deposit,2023-12-11T04:04:33Z
TXN_000169,592921055446,440133403657,2159948.14,Cash Deposit,2023-11-10T20:40:00Z
TXN_000170,505030955723,362897298764,2455239.3,Hawala,2026-06-23T11:54:54Z
TXN_000171,974355229003,363309652753,254623.99,Hawala,2025-10-23T14:37:46Z
TXN_000172,951356393566,790468289425,2497931.19,Wire Transfer,2023-02-21T02:49:59Z
TXN_000173,211057087126,420438136850,1436810.68,Crypto Off-ramp,2026-07-27T14:04:56Z
TXN_000174,278338984641,823926902828,213660.68,Hawala,2024-06-17T20:29:30Z
TXN_000175,725018925608,244556628194,466679.09,ATM Withdrawal,2025-01-04T16:44:11Z
TXN_000176,127672389870,357171615268,2440571.65,ATM Withdrawal,2025-07-07T13:09:54Z
TXN_000177,607085066930,880326884118,2452298.34,Crypto Off-ramp,2025-12-28T12:35:29Z
TXN_000178,924337720185,239166522247,2175055.4,Hawala,2024-06-22T03:09:33Z
TXN_000179,324666768363,342169934180,2343183.02,Wire Transfer,2026-01-04T04:13:41Z
TXN_000180,687552642739,519836034687,780425.95,Wire Transfer,2025-09-14T22:30:04Z
TXN_000181,167572351889,332604838756,353017.07,ATM Withdrawal,2026-01-06T13:22:29Z
TXN_000182,997814425058,255749522616,186256.14,Hawala,2026-01-07T02:59:13Z
TXN_000183,590407241407,111270722874,1230560.81,ATM Withdrawal,2023-10-18T08:30:51Z
TXN_000184,514865691773,967113311304,1532249.48,Hawala,2025-08-17T12:03:58Z
TXN_000185,318159405731,707754044012,868122.45,Wire Transfer,2026-07-22T08:11:55Z
TXN_000186,465663385866,398764754590,18911.06,Cash Deposit,2026-06-16T19:19:05Z
TXN_000187,229728052480,635614187759,1843285.88,Hawala,2023-01-18T06:08:24Z
TXN_000188,228401565519,204562043828,629119.34,Cash Deposit,2025-05-12T13:25:22Z
TXN_000189,581414316443,817241660443,2260952.45,ATM Withdrawal,2025-03-05T14:40:11Z
TXN_000190,482316249551,597796423739,1293664.69,Cash Deposit,2024-03-28T05:35:46Z
TXN_000191,131976488719,821033444790,1684210.97,Hawala,2023-06-23T01:03:40Z
TXN_000192,325614360495,905027059738,361234.12,Wire Transfer,2023-12-20T02:12:53Z
TXN_000193,525613326953,327990144120,1364684.42,Wire Transfer,2023-12-11T23:47:58Z
TXN_000194,338754551365,212201969817,294825.58,Cash Deposit,2023-01-20T08:39:54Z
TXN_000195,805050638808,457323121762,937399.83,ATM Withdrawal,2024-12-28T07:30:35Z
TXN_000196,298099898903,515251518984,424702.39,Crypto Off-ramp,2023-11-30T22:16:09Z
TXN_000197,255310733306,772551023964,767613.84,Cash Deposit,2023-12-30T22:29:29Z
TXN_000198,563745861351,176995658533,537120.98,Cash Deposit,2026-03-15T07:58:11Z
TXN_000199,428958815917,993737484275,2231752.54,Wire Transfer,2026-05-16T12:49:59Z
TXN_000200,529450675009,214310617088,2239112.57,ATM Withdrawal,2023-08-15T00:08:12Z
TXN_000201,138834942383,520115203970,1398003.46,Crypto Off-ramp,2023-05-05T13:27:15Z
TXN_000202,659111498693,513959995856,1634092.84,ATM Withdrawal,2024-05-23T02:47:44Z
TXN_000203,697761680048,457707017893,2142081.76,Wire Transfer,2025-02-01T02:14:20Z
TXN_000204,201016959945,172963726945,2274235.6,Wire Transfer,2024-04-22T19:09:18Z
TXN_000205,639787699126,228608548407,874986.29,Cash Deposit,2023-08-10T08:41:55Z
TXN_000206,554621158698,349925371258,1089807.29,ATM Withdrawal,2026-06-22T21:18:50Z
TXN_000207,456077746116,188618091706,1903480.2,ATM Withdrawal,2024-11-20T13:59:53Z
TXN_000208,342644074665,124760229468,527153.17,Hawala,2023-11-06T18:24:59Z
TXN_000209,528867543627,704123605871,1911971.17,Hawala,2025-01-17T21:56:34Z
TXN_000210,549821150470,173469759984,1525938.99,Hawala,2023-08-07T10:13:24Z
TXN_000211,985961406865,770469446328,75888.54,Crypto Off-ramp,2024-07-01T16:41:35Z
TXN_000212,106598057563,228753738683,812690.6,Hawala,2024-02-12T11:30:28Z
TXN_000213,465663385866,805676852121,2317715.57,Hawala,2024-01-02T00:53:39Z
TXN_000214,943976618396,916019518291,77681.06,Wire Transfer,2025-02-22T12:20:47Z
TXN_000215,819052631553,174603445189,1803336.15,Wire Transfer,2026-06-24T08:10:48Z
TXN_000216,411402863936,398935539836,636628.26,ATM Withdrawal,2025-03-21T20:19:38Z
TXN_000217,378469771979,991032224215,567450.86,Cash Deposit,2025-06-17T05:04:51Z
TXN_000218,118145484224,337144616692,651727.69,Cash Deposit,2025-02-11T14:39:52Z
TXN_000219,111035185213,554621158698,2169371.36,Wire Transfer,2026-01-26T13:41:19Z
TXN_000220,349044009729,991649259877,743991.52,Wire Transfer,2024-09-23T09:06:41Z
TXN_000221,827459100907,972922333083,1807058.81,Crypto Off-ramp,2023-05-28T11:26:16Z
TXN_000222,692551671655,684051680589,880986.77,Crypto Off-ramp,2023-10-21T19:28:39Z
TXN_000223,754733506838,381613218102,151743.84,Cash Deposit,2024-05-15T07:51:30Z
TXN_000224,909902871942,525226211418,481504.02,ATM Withdrawal,2023-07-05T21:22:20Z
TXN_000225,693172135835,843883977052,2137574.4,Cash Deposit,2024-12-20T18:59:43Z
TXN_000226,679342953237,554117410676,2486409.6,Wire Transfer,2026-03-06T16:18:20Z
TXN_000227,649844796841,762480563971,1413565.82,Hawala,2026-03-13T10:46:10Z
TXN_000228,635614187759,938878915271,1038131.88,Hawala,2025-04-07T03:11:29Z
TXN_000229,943305821081,127373867504,1598936.04,Wire Transfer,2025-07-10T20:31:24Z
TXN_000230,932138782905,153386489713,1894753.39,Hawala,2026-04-07T07:13:06Z
TXN_000231,610152175213,498650067049,796177.25,Crypto Off-ramp,2024-03-03T10:27:51Z
TXN_000232,921846864118,747201971892,875689.84,ATM Withdrawal,2025-10-07T09:48:34Z
TXN_000233,920485750127,832508598901,49409.12,Crypto Off-ramp,2023-10-23T15:20:27Z
TXN_000234,700251415691,732468652114,2080118.05,Hawala,2024-10-07T10:04:17Z
TXN_000235,411337155994,351702656792,937551.75,Hawala,2025-02-08T15:51:43Z
TXN_000236,939866188036,140899965934,249743.09,Crypto Off-ramp,2024-01-14T23:43:22Z
TXN_000237,513324968984,378329460257,154813.95,Wire Transfer,2025-08-02T02:53:30Z
TXN_000238,446854951322,944224837430,519279.06,Wire Transfer,2024-02-04T17:39:40Z
TXN_000239,516787799520,859652155913,2308634.01,Crypto Off-ramp,2023-12-04T00:39:44Z
TXN_000240,395852735525,555310459741,170269.24,Hawala,2024-09-18T23:04:13Z
TXN_000241,117063506144,637940784336,2356660.83,Crypto Off-ramp,2024-03-13T01:36:28Z
TXN_000242,345866676491,703285605914,1709043.75,ATM Withdrawal,2023-11-07T19:47:45Z
TXN_000243,834218912712,765490890695,1228799.78,Cash Deposit,2023-08-12T06:36:09Z
TXN_000244,273189253774,741092105305,45181.6,Hawala,2024-04-07T17:59:19Z
TXN_000245,118145484224,809354406363,2279501.28,ATM Withdrawal,2025-07-08T21:12:27Z
TXN_000246,985305458961,174603445189,1952376.47,ATM Withdrawal,2023-11-26T02:03:08Z
TXN_000247,332604838756,288960473204,669972.25,ATM Withdrawal,2025-12-09T15:19:17Z
TXN_000248,430900922106,174603445189,1191253.81,ATM Withdrawal,2023-11-02T01:22:53Z
TXN_000249,896163552047,204562043828,1554131.88,Cash Deposit,2024-08-28T03:56:37Z
TXN_000250,454197380790,127373867504,1855960.27,Cash Deposit,2023-08-21T07:47:12Z
TXN_000251,425078911396,659442187201,2078602.43,Crypto Off-ramp,2023-05-06T22:28:39Z
TXN_000252,952604350668,989400380840,1509829.23,Hawala,2024-09-28T03:14:28Z
TXN_000253,461946293714,281462113811,229095.1,Crypto Off-ramp,2023-04-12T10:58:52Z
TXN_000254,429686382354,745081748726,1033895.2,Crypto Off-ramp,2023-12-06T20:50:57Z
TXN_000255,198168548632,678628829101,305252.77,Crypto Off-ramp,2025-10-05T13:13:07Z
TXN_000256,610152175213,439404690412,1476329.18,Wire Transfer,2024-04-08T15:56:00Z
TXN_000257,693172135835,988171703415,1200463.33,Hawala,2023-02-07T11:16:58Z
TXN_000258,844318281380,740935847812,567809.34,Hawala,2024-11-18T06:39:28Z
TXN_000259,865684182938,985305458961,1497521.37,Crypto Off-ramp,2023-08-02T19:28:38Z
TXN_000260,612815827483,427050537850,380169.82,Cash Deposit,2024-01-16T02:36:40Z
TXN_000261,968658495736,503898503537,1647993.14,Wire Transfer,2026-03-16T04:22:41Z
TXN_000262,982531551438,975993074466,101288.48,Crypto Off-ramp,2025-07-04T18:26:19Z
TXN_000263,944224837430,672195443540,523447.11,Hawala,2025-09-20T12:02:16Z
TXN_000264,323965001607,242582798168,2188966.78,Crypto Off-ramp,2025-02-15T21:39:10Z
TXN_000265,179568939918,261947364074,1662477.56,Cash Deposit,2024-10-12T11:36:43Z
TXN_000266,975993074466,811020143735,190262.26,ATM Withdrawal,2024-12-06T00:02:31Z
TXN_000267,811780509695,937542986030,1855800.01,Hawala,2024-08-18T02:39:33Z
TXN_000268,109691407062,779421493691,1195959.4,Hawala,2024-05-25T02:05:22Z
TXN_000269,138636041735,449355199558,886396.74,ATM Withdrawal,2024-12-19T02:21:51Z
TXN_000270,866141809814,424666491554,753742.65,Crypto Off-ramp,2025-03-23T22:49:26Z
TXN_000271,106598057563,384734566310,96911.37,Cash Deposit,2024-11-27T11:40:16Z
TXN_000272,239166522247,225835850989,1895267.08,ATM Withdrawal,2023-09-12T06:57:53Z
TXN_000273,332604838756,344350808753,2133119.41,Crypto Off-ramp,2026-04-19T22:21:32Z
TXN_000274,273189253774,692383280443,2138413.7,Hawala,2026-02-09T16:00:49Z
TXN_000275,301959599224,880519032210,1115009.78,Hawala,2025-06-03T16:48:36Z
TXN_000276,501562887919,823926902828,2476639.42,Crypto Off-ramp,2023-12-27T21:41:24Z
TXN_000277,892955588347,218070197541,1135072.16,Crypto Off-ramp,2023-12-25T08:00:31Z
TXN_000278,256745702997,876432006248,579596.42,Cash Deposit,2023-07-18T23:22:37Z
TXN_000279,997224362940,791069205003,1010552.53,Wire Transfer,2026-05-12T20:29:05Z
TXN_000280,247649916530,358505791479,922625.06,Cash Deposit,2023-01-15T01:23:39Z
TXN_000281,116187961799,708002717560,290032.02,Hawala,2025-03-03T19:46:10Z
TXN_000282,154714692436,917447846195,1436401.62,Wire Transfer,2023-04-14T01:01:58Z
TXN_000283,535088657361,356359218189,2290597.18,ATM Withdrawal,2025-09-30T00:20:19Z
TXN_000284,654802816141,330075863164,2027323.3,Crypto Off-ramp,2025-07-16T18:51:04Z
TXN_000285,375924112559,837206702374,1211001.8,ATM Withdrawal,2025-10-17T02:48:03Z
TXN_000286,362595765001,391948851849,1702901.32,Wire Transfer,2025-03-13T08:07:15Z
TXN_000287,833795013957,220207332442,1038550.87,Wire Transfer,2024-10-05T10:48:03Z
TXN_000288,725606211721,239166522247,105134.4,Hawala,2025-05-07T22:03:57Z
TXN_000289,854329514569,654802816141,2226207.72,ATM Withdrawal,2023-02-10T14:14:50Z
TXN_000290,383050727000,918368477996,2264971.63,Hawala,2025-11-21T11:01:38Z
TXN_000291,169412101082,328634319398,2103175.34,Crypto Off-ramp,2023-05-10T13:12:46Z
TXN_000292,792570318101,411402863936,235753.46,Cash Deposit,2025-05-22T07:06:49Z
TXN_000293,189538395298,714677894531,1026044.52,Hawala,2024-09-18T16:43:48Z
TXN_000294,431228206518,330678874270,2036822.49,Cash Deposit,2023-12-06T06:15:51Z
TXN_000295,880519032210,246394927792,506756.55,ATM Withdrawal,2023-09-30T17:33:55Z
TXN_000296,737882406950,986429197802,666342.14,ATM Withdrawal,2025-06-16T18:07:46Z
TXN_000297,201212222063,208687734442,1937141.29,ATM Withdrawal,2023-05-01T16:16:18Z
TXN_000298,888459237999,391318937123,1916704.62,ATM Withdrawal,2025-05-16T12:51:30Z
TXN_000299,943305821081,610152175213,1113789.41,Cash Deposit,2023-09-18T04:11:18Z
TXN_000300,383175827127,279230618842,2096187.79,ATM Withdrawal,2025-05-08T19:58:49Z
TXN_000301,587273968867,407516430908,1699323.06,Crypto Off-ramp,2023-02-10T03:06:55Z
TXN_000302,313792447774,481498187599,1173838.82,Wire Transfer,2026-03-15T07:19:10Z
TXN_000303,659442187201,265109398641,673356.84,Crypto Off-ramp,2025-12-04T12:49:32Z
TXN_000304,807173387409,692905200466,1470047.9,Crypto Off-ramp,2024-12-14T12:22:58Z
TXN_000305,584133786322,977966859699,281380.96,ATM Withdrawal,2026-07-30T08:22:45Z
TXN_000306,383519667685,324984440084,1027423.54,Wire Transfer,2025-01-31T08:53:21Z
TXN_000307,692551671655,843883977052,1816737.44,Wire Transfer,2023-02-14T15:20:12Z
TXN_000308,445749571553,610152175213,1424843.33,Crypto Off-ramp,2024-09-16T01:19:37Z
TXN_000309,140286652786,416158496686,135686.61,Hawala,2023-01-22T07:43:45Z
TXN_000310,578038183346,162896081661,1723884.41,Crypto Off-ramp,2024-04-23T09:25:11Z
TXN_000311,519923177633,436659952875,1281506.35,Hawala,2024-01-21T14:57:32Z
TXN_000312,510411023304,637940784336,455789.44,Wire Transfer,2025-07-24T19:54:21Z
TXN_000313,407302026538,350265095151,417158.48,Cash Deposit,2024-06-06T05:55:43Z
TXN_000314,626025086862,485487570495,1585262.8,Wire Transfer,2023-08-18T16:57:45Z
TXN_000315,651215462593,800125921897,905808.83,Wire Transfer,2025-06-15T08:57:17Z
TXN_000316,220502665328,458124708283,203903.62,Hawala,2025-06-03T04:55:10Z
TXN_000317,180762006511,162327312864,656154.57,Hawala,2024-05-26T14:46:57Z
TXN_000318,645217485117,311237897638,1114389.52,Crypto Off-ramp,2024-05-11T07:45:58Z
TXN_000319,824430779269,398030335767,554628.61,Cash Deposit,2025-07-24T03:02:02Z
TXN_000320,630946659683,295084874487,2072184.48,Hawala,2024-09-25T04:49:26Z
TXN_000321,214310617088,351387626218,2319594.7,Crypto Off-ramp,2024-07-29T22:07:44Z
TXN_000322,607085066930,544860692989,153167.31,Hawala,2026-01-10T12:10:28Z
TXN_000323,273189253774,500873499512,1732655.73,Wire Transfer,2024-09-21T16:06:02Z
TXN_000324,350265095151,416283947099,594648.37,Hawala,2025-03-03T13:36:40Z
TXN_000325,455892047104,927522764700,2353181.24,ATM Withdrawal,2025-08-24T02:24:51Z
TXN_000326,940981339838,247649916530,102534.15,ATM Withdrawal,2026-06-17T10:11:16Z
TXN_000327,413094617397,456077746116,1496237.64,ATM Withdrawal,2023-06-26T13:26:35Z
TXN_000328,536729747321,708896167202,325845.76,Crypto Off-ramp,2023-04-22T00:17:00Z
TXN_000329,778729562887,600950801588,761735.35,Wire Transfer,2025-02-07T20:53:17Z
TXN_000330,662530568731,328501765329,562811.19,Crypto Off-ramp,2024-01-30T10:16:55Z
TXN_000331,445259040790,926367383437,2391059.87,Wire Transfer,2024-08-21T01:38:28Z
TXN_000332,423950659705,527168226754,1170241.76,Cash Deposit,2025-04-17T04:19:11Z
TXN_000333,526537892598,930481160814,1498990.69,Hawala,2025-09-28T02:58:44Z
TXN_000334,607685288185,414542408083,1546639.1,Wire Transfer,2024-06-06T11:51:57Z
TXN_000335,184592112887,912904372103,1859025.48,Cash Deposit,2023-04-28T20:00:58Z
TXN_000336,751628603640,319215689220,534607.1,Cash Deposit,2023-10-08T09:54:59Z
TXN_000337,999750763740,961458188465,1605260.49,Wire Transfer,2023-12-24T02:47:05Z
TXN_000338,204612035295,576192098857,1831238.31,Crypto Off-ramp,2023-11-12T10:47:25Z
TXN_000339,692551671655,158683487635,13007.02,Wire Transfer,2024-01-28T16:34:29Z
TXN_000340,338754551365,121792337700,1670905.05,Hawala,2023-09-14T07:09:15Z
TXN_000341,977051496663,173469759984,1590999.09,Wire Transfer,2026-05-04T16:12:00Z
TXN_000342,747072492028,824686854563,1915277.13,Hawala,2026-06-18T14:21:13Z
TXN_000343,460888192010,750261270391,88726.96,ATM Withdrawal,2024-08-23T18:42:54Z
TXN_000344,908831295908,165446332423,940990.24,Hawala,2023-12-13T17:27:18Z
TXN_000345,529356584845,262925187455,1217179.53,Wire Transfer,2025-08-14T03:13:40Z
TXN_000346,646774666704,277071689955,2147988.73,Wire Transfer,2023-04-09T19:18:55Z
TXN_000347,707020264365,371760369583,1613680.83,Crypto Off-ramp,2024-12-29T02:49:55Z
TXN_000348,757653326842,988171703415,552544.53,Cash Deposit,2023-05-12T09:38:22Z
TXN_000349,421894146373,160565223285,836758.65,Crypto Off-ramp,2023-04-19T17:05:26Z
TXN_000350,985305458961,118566111883,2162030.19,Hawala,2024-03-10T16:41:29Z
TXN_000351,733778244899,827459100907,293928.54,ATM Withdrawal,2024-12-12T18:23:36Z
TXN_000352,583392419021,470816096138,635457.5,Crypto Off-ramp,2026-06-12T18:22:39Z
TXN_000353,427050537850,351119549747,1158816.47,Wire Transfer,2023-12-21T20:16:50Z
TXN_000354,807173387409,261947364074,1770912.52,Wire Transfer,2026-04-09T12:48:43Z
TXN_000355,771417679439,620063968917,1304177.79,Cash Deposit,2023-07-12T07:01:01Z
TXN_000356,367090301071,239772489895,1225986.29,Cash Deposit,2023-03-28T15:19:46Z
TXN_000357,525226211418,648156021620,2092022.47,Crypto Off-ramp,2026-06-12T07:23:01Z
TXN_000358,411184697814,325614360495,296752.66,Hawala,2024-08-19T08:17:06Z
TXN_000359,366463090376,707754044012,2282223.22,Wire Transfer,2026-06-02T21:54:32Z
TXN_000360,443680694402,926145655053,2277586.88,ATM Withdrawal,2025-09-22T11:11:25Z
TXN_000361,866338583768,276616372780,333074.61,ATM Withdrawal,2023-11-11T00:13:52Z
TXN_000362,329382103465,109975200621,365745.71,Hawala,2023-11-18T08:58:12Z
TXN_000363,211635217585,503605679964,636330.0,Cash Deposit,2026-05-09T03:25:32Z
TXN_000364,385919817423,684051680589,1622515.93,ATM Withdrawal,2024-09-28T09:12:39Z
TXN_000365,535761856470,947321779307,415095.97,Cash Deposit,2023-10-29T03:29:29Z
TXN_000366,692806548927,763724020729,353096.62,Crypto Off-ramp,2023-10-19T15:07:52Z
TXN_000367,418580135461,176239323225,313112.9,ATM Withdrawal,2024-07-27T10:59:05Z
TXN_000368,138636041735,743616512800,1686478.72,Hawala,2025-04-14T03:41:17Z
TXN_000369,675792551808,162327312864,1359213.5,Crypto Off-ramp,2025-08-28T01:06:55Z
TXN_000370,971458386900,727442023806,951644.08,Wire Transfer,2025-09-29T13:04:55Z
TXN_000371,948201731736,965361455055,1285204.43,Hawala,2026-02-07T17:12:26Z
TXN_000372,168122042206,547964316461,2316212.93,Crypto Off-ramp,2026-04-23T20:20:57Z
TXN_000373,817241660443,851041885399,2442067.65,Wire Transfer,2023-07-27T01:45:40Z
TXN_000374,246394927792,407516430908,2480577.26,Crypto Off-ramp,2025-07-30T14:59:01Z
TXN_000375,723757284548,974357501234,1961903.15,Hawala,2023-07-14T03:13:27Z
TXN_000376,127373867504,556799344325,1743020.75,ATM Withdrawal,2026-03-26T02:29:00Z
TXN_000377,893846554896,866141809814,202314.2,Wire Transfer,2024-06-03T03:22:41Z
TXN_000378,855791246324,525226211418,1182489.63,ATM Withdrawal,2025-11-29T22:19:41Z
TXN_000379,808912330377,153913968659,1887219.97,Hawala,2024-02-21T14:21:27Z
TXN_000380,639916399797,592945005798,2493468.68,Hawala,2025-08-01T20:11:53Z
TXN_000381,916396785219,211031647240,1713254.79,ATM Withdrawal,2023-04-15T05:54:01Z
TXN_000382,791939043931,941525914044,425535.46,Hawala,2025-05-05T21:09:11Z
TXN_000383,321346766736,140899965934,637495.58,ATM Withdrawal,2024-09-13T22:33:10Z
TXN_000384,637940784336,863350696599,728566.71,Cash Deposit,2023-03-08T21:58:36Z
TXN_000385,725997986456,630946659683,811129.82,ATM Withdrawal,2025-03-15T03:49:49Z
TXN_000386,675792551808,685032160775,2140228.33,Wire Transfer,2024-08-24T03:57:46Z
TXN_000387,409200346025,327990144120,768285.34,ATM Withdrawal,2026-05-03T06:49:52Z
TXN_000388,775379444078,732468652114,1290031.6,ATM Withdrawal,2025-07-30T11:50:22Z
TXN_000389,351611550322,464588900070,725010.01,ATM Withdrawal,2024-04-18T01:30:02Z
TXN_000390,844318281380,719078416015,992038.99,Hawala,2026-05-09T17:07:29Z
TXN_000391,692383280443,911864350848,1891069.07,Wire Transfer,2025-06-06T03:36:02Z
TXN_000392,927522764700,927802801931,125933.06,Hawala,2023-06-13T13:25:36Z
TXN_000393,125592084557,867715673235,1436715.46,Wire Transfer,2023-10-19T00:01:10Z
TXN_000394,874723239289,364480952071,1165038.42,Hawala,2023-03-21T08:24:56Z
TXN_000395,831433811484,409053230634,2197987.69,Cash Deposit,2023-12-24T00:40:54Z
TXN_000396,610376749064,152735418295,2424459.46,Hawala,2023-11-18T05:28:07Z
TXN_000397,750675231453,865684182938,1994831.78,Crypto Off-ramp,2024-11-28T05:06:42Z
TXN_000398,549821150470,837237186326,357019.39,Crypto Off-ramp,2025-06-17T07:29:35Z
TXN_000399,374222558529,156252185989,589007.51,Cash Deposit,2023-06-07T02:17:20Z
TXN_000400,991649259877,367090301071,1471908.12,Wire Transfer,2026-05-08T05:04:08Z
TXN_000401,640382414992,172963726945,937537.9,Hawala,2023-08-06T07:55:57Z
TXN_000402,863350696599,938005546431,1894050.97,ATM Withdrawal,2026-04-29T02:45:20Z
TXN_000403,913329702317,327022359985,763055.49,Wire Transfer,2024-10-18T05:34:57Z
TXN_000404,863257610248,643006455836,691792.44,Hawala,2023-05-31T23:21:09Z
TXN_000405,585092446868,939866188036,225339.12,Cash Deposit,2024-04-12T17:10:19Z
TXN_000406,159568893213,617076660349,1619271.86,ATM Withdrawal,2026-03-15T02:46:31Z
TXN_000407,763103240905,439690675628,368566.2,Cash Deposit,2026-03-21T03:30:57Z
TXN_000408,799029249819,423593328257,50650.08,Wire Transfer,2024-08-27T02:14:10Z
TXN_000409,554621158698,655462276652,2200850.61,Crypto Off-ramp,2023-06-08T21:37:24Z
TXN_000410,506369708658,576985766548,1214085.23,ATM Withdrawal,2026-03-01T09:45:45Z
TXN_000411,968409093281,434864719590,41887.38,ATM Withdrawal,2025-09-12T03:19:57Z
TXN_000412,470900838824,633358403062,1765366.2,Crypto Off-ramp,2023-01-17T04:03:54Z
TXN_000413,762264135789,870972911723,2163763.96,Hawala,2023-03-30T13:47:59Z
TXN_000414,963887282468,898779162240,612112.42,Hawala,2025-11-14T13:00:55Z
TXN_000415,277071689955,271832614784,713036.41,Wire Transfer,2023-06-09T08:57:03Z
TXN_000416,951356393566,274873186981,1115178.38,Cash Deposit,2024-10-21T19:39:03Z
TXN_000417,902714479522,122324194131,503961.78,Wire Transfer,2024-03-01T11:31:46Z
TXN_000418,938013614029,908831295908,2061310.4,Wire Transfer,2023-08-31T21:59:12Z
TXN_000419,535761856470,584133786322,600863.56,Hawala,2025-04-01T14:32:08Z
TXN_000420,679284344186,211031647240,2180002.92,Crypto Off-ramp,2024-12-11T06:28:30Z
TXN_000421,368707366587,837237186326,961600.95,Crypto Off-ramp,2025-08-05T23:46:35Z
TXN_000422,283752473518,351702656792,960088.45,Hawala,2026-04-01T06:20:58Z
TXN_000423,318159405731,692806548927,1423677.8,ATM Withdrawal,2026-03-01T20:33:49Z
TXN_000424,372868678403,348536595188,1270976.79,Cash Deposit,2023-10-24T01:55:54Z
TXN_000425,589866681681,596763052570,2247051.86,ATM Withdrawal,2023-01-03T14:37:03Z
TXN_000426,528867543627,381613218102,2366484.38,Wire Transfer,2023-04-15T10:57:08Z
TXN_000427,505790437758,639787699126,287002.42,ATM Withdrawal,2024-12-30T12:35:01Z
TXN_000428,931053980604,454197380790,1193553.0,Hawala,2025-08-23T09:00:34Z
TXN_000429,915417528951,707040726837,1999004.49,Crypto Off-ramp,2025-04-16T00:09:04Z
TXN_000430,154714692436,159190716367,765544.16,Crypto Off-ramp,2024-03-11T06:09:22Z
TXN_000431,299736267495,176995658533,1930243.91,ATM Withdrawal,2026-06-11T16:44:43Z
TXN_000432,835694897979,661095667521,598198.1,Cash Deposit,2025-09-09T09:05:32Z
TXN_000433,503649256469,660364004663,2086466.65,Crypto Off-ramp,2025-08-31T15:26:06Z
TXN_000434,445697998316,610152175213,1696179.74,Crypto Off-ramp,2023-11-27T20:00:39Z
TXN_000435,610989253293,483005980701,1232728.72,Cash Deposit,2025-07-07T16:17:04Z
TXN_000436,836826367371,929183045661,1624901.71,Hawala,2023-12-25T02:06:45Z
TXN_000437,560237883698,489514297576,2370707.05,Crypto Off-ramp,2023-04-22T17:19:27Z
TXN_000438,924337720185,662030167406,1714541.68,Cash Deposit,2024-09-19T21:36:34Z
TXN_000439,525613326953,863350696599,993432.41,Hawala,2024-11-26T15:20:10Z
TXN_000440,255310733306,731806075889,72339.41,Cash Deposit,2026-01-25T16:02:54Z
TXN_000441,348536595188,574582819955,1667363.35,Hawala,2024-08-16T23:16:44Z
TXN_000442,322227525769,324984440084,1843162.32,Wire Transfer,2023-11-07T05:19:34Z
TXN_000443,204990062756,312590792484,1573437.86,ATM Withdrawal,2025-11-14T21:41:36Z
TXN_000444,927123994306,239772489895,1913313.04,ATM Withdrawal,2023-03-15T01:53:16Z
TXN_000445,811020143735,443680694402,2162457.02,Hawala,2023-05-10T12:15:43Z
TXN_000446,153105431702,941525914044,1190937.25,Wire Transfer,2024-04-10T14:40:53Z
TXN_000447,255749522616,468636468787,746811.86,Cash Deposit,2023-06-18T15:15:16Z
TXN_000448,193079706303,730724401929,1733851.57,Crypto Off-ramp,2024-05-04T11:49:28Z
TXN_000449,256745702997,834853886616,1058893.14,Crypto Off-ramp,2023-03-27T03:15:48Z
TXN_000450,523676147636,718787062692,745753.69,Wire Transfer,2026-01-22T04:19:09Z
TXN_000451,210520978942,368707366587,404705.42,Crypto Off-ramp,2024-09-03T03:03:03Z
TXN_000452,174923256230,436545066867,2404517.19,Cash Deposit,2026-04-19T12:18:25Z
TXN_000453,293083311536,972922333083,2101756.39,ATM Withdrawal,2025-12-28T06:40:48Z
TXN_000454,917816083126,512033049213,528377.58,Cash Deposit,2025-01-12T03:27:32Z
TXN_000455,693604183092,569456188828,1984109.8,ATM Withdrawal,2026-04-30T01:39:21Z
TXN_000456,640382414992,597401325570,1183650.31,Crypto Off-ramp,2026-05-09T07:15:02Z
TXN_000457,811020143735,445697998316,1930767.28,Hawala,2024-02-04T02:59:46Z
TXN_000458,839346014479,555928155661,1277332.07,Wire Transfer,2023-10-01T15:51:10Z
TXN_000459,989400380840,805050638808,1602881.03,Wire Transfer,2023-07-27T13:57:24Z
TXN_000460,211680906360,383050727000,1069519.27,Wire Transfer,2023-09-05T17:12:28Z
TXN_000461,174603445189,429686382354,1533288.36,ATM Withdrawal,2024-12-18T00:29:51Z
TXN_000462,296379685166,438154023477,1502764.13,Cash Deposit,2025-10-20T06:55:10Z
TXN_000463,653918814375,870733496857,1459156.7,Wire Transfer,2024-09-24T08:02:43Z
TXN_000464,917117510773,956965006114,447882.63,Crypto Off-ramp,2024-06-23T00:35:22Z
TXN_000465,626025086862,620049183853,1809774.6,Cash Deposit,2023-02-27T04:38:14Z
TXN_000466,116187961799,238591784094,1183142.84,Hawala,2023-08-11T10:55:23Z
TXN_000467,630946659683,628805382225,2342257.12,ATM Withdrawal,2024-02-18T09:50:28Z
TXN_000468,943963062529,972922333083,80348.83,Hawala,2024-03-04T14:24:45Z
TXN_000469,612815827483,127008603057,2355781.85,Crypto Off-ramp,2024-06-23T16:32:43Z
TXN_000470,851041885399,366463090376,1574176.39,ATM Withdrawal,2026-02-22T06:02:25Z
TXN_000471,991839124224,356359218189,178560.11,Hawala,2023-02-09T18:58:25Z
TXN_000472,861909976204,325614360495,281562.26,Hawala,2025-02-19T08:02:27Z
TXN_000473,295084874487,537907453529,1255423.53,Cash Deposit,2024-12-22T16:27:09Z
TXN_000474,537907453529,454707694263,288397.12,ATM Withdrawal,2024-08-06T01:13:49Z
TXN_000475,560237883698,261742492357,2212930.07,Hawala,2025-10-27T13:37:46Z
TXN_000476,555310459741,911560162315,953825.75,Crypto Off-ramp,2023-02-17T02:02:20Z
TXN_000477,741092105305,832508598901,1921855.35,ATM Withdrawal,2023-04-23T02:13:18Z
TXN_000478,446117981702,276378107365,1352434.97,Cash Deposit,2024-08-24T08:51:37Z
TXN_000479,939536452900,349044009729,822769.97,Hawala,2024-07-21T15:55:05Z
TXN_000480,889773004736,152735418295,1473024.39,Wire Transfer,2024-04-28T18:26:12Z
TXN_000481,171539595344,851034410882,2000449.28,Crypto Off-ramp,2023-12-07T07:02:03Z
TXN_000482,917117510773,819052631553,2098123.96,Cash Deposit,2023-08-03T07:02:32Z
TXN_000483,508782562838,449355199558,852158.02,Wire Transfer,2023-03-30T19:32:36Z
TXN_000484,124769669530,170753242751,1973379.66,Wire Transfer,2026-02-12T04:05:38Z
TXN_000485,110268020228,131574439021,1911463.51,Wire Transfer,2024-08-03T01:18:23Z
TXN_000486,404724248906,649826008287,115458.66,Cash Deposit,2025-06-02T13:11:54Z
TXN_000487,229326348518,239166522247,531800.5,ATM Withdrawal,2023-05-13T09:19:00Z
TXN_000488,993737484275,867715673235,1566882.71,Hawala,2023-09-11T07:52:39Z
TXN_000489,834853886616,975714555153,2067212.96,Wire Transfer,2023-09-19T20:22:39Z
TXN_000490,554117410676,895966888756,1032210.74,Crypto Off-ramp,2024-09-17T01:42:03Z
TXN_000491,957657137173,847754399234,2045986.83,ATM Withdrawal,2025-11-02T09:45:06Z
TXN_000492,336333326697,794742375049,2197211.03,Wire Transfer,2024-02-04T17:08:17Z
TXN_000493,772551023964,501562887919,2280360.56,Crypto Off-ramp,2025-10-17T19:08:54Z
TXN_000494,372868678403,576985766548,1382064.32,Cash Deposit,2024-02-06T00:50:09Z
TXN_000495,731843864063,519861247419,2415740.82,Wire Transfer,2026-02-24T03:09:06Z
TXN_000496,898100769028,170753242751,607046.49,Hawala,2023-12-12T17:36:19Z
TXN_000497,180232057210,865009561335,1905780.92,Cash Deposit,2024-03-18T14:05:55Z
TXN_000498,557151808811,129703671966,1168486.45,Cash Deposit,2023-12-22T06:53:06Z
TXN_000499,124760229468,913611993211,739651.52,Hawala,2024-10-30T07:40:15Z
TXN_000500,792429017371,528065999920,1869190.12,Cash Deposit,2026-06-15T19:41:13Z
TXN_000501,319215689220,834218912712,1088440.04,Wire Transfer,2023-06-19T05:16:08Z
TXN_000502,446854951322,763103240905,1000377.41,Wire Transfer,2024-09-27T10:50:53Z
TXN_000503,807691942767,140286652786,771892.01,Wire Transfer,2024-07-28T20:53:11Z
TXN_000504,368707366587,351387626218,1236008.59,Crypto Off-ramp,2024-10-10T14:03:17Z
TXN_000505,276146162920,883725380717,1180165.54,ATM Withdrawal,2023-09-02T18:54:32Z
TXN_000506,131574439021,662530568731,2165431.1,Cash Deposit,2026-03-09T12:43:13Z
TXN_000507,311024379137,590208135304,47535.55,Cash Deposit,2025-04-20T18:12:06Z
TXN_000508,540965129473,827459100907,1143697.95,Crypto Off-ramp,2026-02-09T02:35:03Z
TXN_000509,104364311538,947321779307,509771.12,Wire Transfer,2026-07-03T16:55:29Z
TXN_000510,354436784355,563396478651,765429.67,Cash Deposit,2026-05-20T03:59:22Z
TXN_000511,544860692989,458124708283,1190672.72,Cash Deposit,2025-10-10T11:07:19Z
TXN_000512,430900922106,852953344838,1391942.09,ATM Withdrawal,2025-04-12T00:34:59Z
TXN_000513,707040726837,582006281001,2008590.66,Crypto Off-ramp,2025-05-23T02:17:27Z
TXN_000514,616195218108,723053205254,2107215.42,ATM Withdrawal,2023-02-05T00:45:32Z
TXN_000515,851041885399,895643876630,687703.1,Cash Deposit,2024-08-03T18:34:02Z
TXN_000516,544307317250,968658495736,887446.3,Cash Deposit,2026-02-18T02:27:26Z
TXN_000517,679342953237,312893307017,1384534.3,Wire Transfer,2024-06-15T18:46:05Z
TXN_000518,445259040790,290932531321,1447397.6,ATM Withdrawal,2024-12-29T06:54:18Z
TXN_000519,654802816141,107892084516,205633.3,Crypto Off-ramp,2023-05-11T06:37:31Z
TXN_000520,519861247419,413094617397,317168.15,Hawala,2023-09-08T07:44:13Z
TXN_000521,427840064087,180762006511,542958.11,Wire Transfer,2024-09-04T12:15:55Z
TXN_000522,590756335141,378329460257,519325.95,ATM Withdrawal,2024-12-01T08:26:34Z
TXN_000523,765490890695,983132644129,1162247.35,Crypto Off-ramp,2024-07-23T07:17:58Z
TXN_000524,429686382354,758988607003,742248.55,Crypto Off-ramp,2023-06-19T21:31:32Z
TXN_000525,520115203970,291048960698,1687233.15,Crypto Off-ramp,2024-07-07T15:31:26Z
TXN_000526,700251415691,707040726837,102207.61,Crypto Off-ramp,2023-06-17T07:58:19Z
TXN_000527,331469113742,625102096404,1931680.14,Cash Deposit,2023-06-26T06:23:44Z
TXN_000528,916436170997,972231880929,793585.02,Hawala,2026-06-30T13:05:30Z
TXN_000529,129703671966,174603445189,150847.59,Wire Transfer,2023-08-25T16:33:55Z
TXN_000530,467541033814,692806548927,1472873.74,Crypto Off-ramp,2026-06-17T15:12:39Z
TXN_000531,208787064499,265109398641,1539230.31,ATM Withdrawal,2024-10-13T23:14:41Z
TXN_000532,211351543888,774117152232,1930764.46,Crypto Off-ramp,2026-05-09T08:48:40Z
TXN_000533,476717445096,821033444790,540644.92,Hawala,2024-08-12T04:36:57Z
TXN_000534,942433066333,347417963064,502628.39,ATM Withdrawal,2024-10-03T15:33:08Z
TXN_000535,924337720185,576583505851,764931.46,Crypto Off-ramp,2025-06-22T10:58:40Z
TXN_000536,455892047104,972922333083,1887164.07,Wire Transfer,2023-03-11T09:54:59Z
TXN_000537,400536410991,965361455055,1393051.59,ATM Withdrawal,2024-11-28T02:26:16Z
TXN_000538,312647716134,600342453983,1149370.07,Cash Deposit,2024-10-17T13:00:38Z
TXN_000539,563396478651,350160744044,1597751.56,Crypto Off-ramp,2026-06-05T17:03:31Z
TXN_000540,826407349874,423593328257,398413.58,ATM Withdrawal,2023-11-25T09:18:13Z
TXN_000541,790468289425,739462390627,735220.12,Crypto Off-ramp,2024-03-04T06:10:18Z
TXN_000542,957598637179,210520978942,1221237.7,Wire Transfer,2024-06-29T13:29:52Z
TXN_000543,369696988696,719078416015,1081656.97,Crypto Off-ramp,2024-06-23T10:40:06Z
TXN_000544,929183045661,775379444078,832415.82,Hawala,2023-03-19T19:02:10Z
TXN_000545,842472346346,255906701507,822820.2,Crypto Off-ramp,2025-12-15T12:46:19Z
TXN_000546,559038521281,741092105305,1337247.84,Cash Deposit,2025-08-18T21:33:16Z
TXN_000547,208787064499,920485750127,383026.11,Hawala,2026-02-22T04:02:12Z
TXN_000548,124760229468,105902392359,1924309.94,Cash Deposit,2026-01-25T02:34:50Z
TXN_000549,898746927070,290932531321,767948.91,Wire Transfer,2024-04-06T05:21:54Z
TXN_000550,494715241590,193206004142,1598146.26,Wire Transfer,2025-02-27T12:41:50Z
TXN_000551,488651099520,813091219229,2300005.66,Hawala,2023-01-02T23:33:08Z
TXN_000552,545223117643,228753738683,1170720.42,Hawala,2023-04-16T03:09:48Z
TXN_000553,608943389366,276146162920,705047.28,Crypto Off-ramp,2024-10-10T23:19:27Z
TXN_000554,528867543627,276378107365,1606837.82,Wire Transfer,2025-10-25T07:02:34Z
TXN_000555,551847051700,916019518291,1999560.29,ATM Withdrawal,2024-08-25T09:56:32Z
TXN_000556,692905200466,832951685502,206022.83,Crypto Off-ramp,2025-01-20T22:52:12Z
TXN_000557,769958759501,243944686612,591853.69,Cash Deposit,2024-08-28T04:26:15Z
TXN_000558,106598057563,933209869080,568772.1,Crypto Off-ramp,2026-06-06T22:21:26Z
TXN_000559,540578654853,859652155913,10637.1,Wire Transfer,2024-09-23T06:37:43Z
TXN_000560,406710225626,844736758938,1366814.33,Wire Transfer,2026-07-15T23:59:13Z
TXN_000561,491020653298,600342453983,1997313.09,Hawala,2023-09-17T13:34:44Z
TXN_000562,784846251719,725018925608,1360217.03,Wire Transfer,2025-11-29T21:19:50Z
TXN_000563,276146162920,224231733594,255684.01,Wire Transfer,2026-01-06T13:09:50Z
TXN_000564,278432658583,578038183346,2184411.48,Crypto Off-ramp,2026-07-13T21:37:38Z
TXN_000565,822586961665,109691407062,654292.03,ATM Withdrawal,2023-10-29T15:29:11Z
TXN_000566,453849045211,107892084516,1369963.88,Cash Deposit,2024-09-07T23:34:53Z
TXN_000567,330955033046,409841938029,367899.59,Crypto Off-ramp,2024-04-14T02:57:11Z
TXN_000568,439690675628,656483238381,1418209.85,Cash Deposit,2023-11-19T13:06:28Z
TXN_000569,407302026538,633262369170,716373.29,Wire Transfer,2025-11-07T18:55:25Z
TXN_000570,157414983384,793809923417,944670.17,Crypto Off-ramp,2023-05-19T18:46:48Z
TXN_000571,714677894531,485487570495,223454.88,Hawala,2024-01-02T08:18:59Z
TXN_000572,275669129509,478128340592,1553279.02,Wire Transfer,2023-06-27T22:06:50Z
TXN_000573,230439789310,472584342257,209861.2,Hawala,2023-07-29T02:47:57Z
TXN_000574,489668250756,851041885399,852491.08,ATM Withdrawal,2026-01-02T08:31:45Z
TXN_000575,330075863164,404724248906,1151553.8,Crypto Off-ramp,2025-11-05T03:00:06Z
TXN_000576,676928066527,854193371907,2182293.66,Cash Deposit,2025-10-20T09:12:40Z
TXN_000577,883725380717,843883977052,1551887.0,ATM Withdrawal,2025-04-11T08:06:18Z
TXN_000578,349969704933,201723564789,1508734.96,Cash Deposit,2024-06-14T16:17:20Z
TXN_000579,997814425058,172659966808,989663.93,Crypto Off-ramp,2026-07-25T04:55:35Z
TXN_000580,914060519667,646992008730,1503852.81,Hawala,2023-01-16T05:47:24Z
TXN_000581,121843130183,127380905918,1950096.0,Wire Transfer,2023-05-16T23:26:04Z
TXN_000582,342169934180,943305821081,1466352.22,Cash Deposit,2023-09-06T16:08:28Z
TXN_000583,898746927070,590208135304,282085.71,ATM Withdrawal,2024-11-12T04:56:20Z
TXN_000584,501562887919,834382633307,2173127.07,Crypto Off-ramp,2023-10-16T10:49:04Z
TXN_000585,485487570495,274211980525,273143.34,ATM Withdrawal,2024-08-28T04:22:55Z
TXN_000586,176239323225,537020157057,1750183.67,ATM Withdrawal,2024-04-30T01:20:14Z
TXN_000587,889759925303,942496994555,244359.97,ATM Withdrawal,2024-07-03T19:44:12Z
TXN_000588,275330503693,914060519667,403227.39,Cash Deposit,2025-06-28T06:28:51Z
TXN_000589,722071947893,121843130183,640730.2,Cash Deposit,2023-02-12T12:42:01Z
TXN_000590,741092105305,437890066202,2316205.47,Wire Transfer,2024-06-20T20:51:09Z
TXN_000591,109691407062,342644074665,1735094.74,Hawala,2023-03-23T20:04:30Z
TXN_000592,179568939918,136375278493,1753926.02,Cash Deposit,2026-06-26T13:05:11Z
TXN_000593,926367383437,957598637179,169333.47,Hawala,2026-03-09T01:28:14Z
TXN_000594,117753190354,743126921056,874440.94,Cash Deposit,2025-12-05T18:47:36Z
TXN_000595,274082594113,453849045211,552344.49,Wire Transfer,2026-05-20T11:40:04Z
TXN_000596,843883977052,555928155661,430300.09,Cash Deposit,2024-08-09T08:03:49Z
TXN_000597,549821150470,322628866753,197292.63,Hawala,2023-03-28T03:28:48Z
TXN_000598,352306355987,725018925608,1383252.43,Wire Transfer,2026-06-08T21:31:33Z
TXN_000599,290932531321,649826008287,10243.45,Crypto Off-ramp,2023-06-22T09:32:18Z
TXN_000600,373599874217,421115534909,563780.6,ATM Withdrawal,2026-01-21T02:48:39Z
TXN_000601,610667701246,318227898860,2155912.77,Hawala,2024-02-16T21:02:36Z
TXN_000602,834853886616,563745861351,2222298.77,Cash Deposit,2024-12-22T05:26:22Z
TXN_000603,563745861351,228608548407,1079859.55,ATM Withdrawal,2026-04-05T14:39:51Z
TXN_000604,269452154032,123930287429,471062.63,Crypto Off-ramp,2023-02-09T23:29:47Z
TXN_000605,473027171465,914060519667,1974757.99,Crypto Off-ramp,2025-10-13T04:02:15Z
TXN_000606,968658495736,436500483851,1505378.93,Cash Deposit,2026-01-05T11:05:07Z
TXN_000607,400536410991,365261091783,2383042.24,ATM Withdrawal,2025-04-15T20:43:27Z
TXN_000608,461194404586,793686866832,1822605.8,Hawala,2023-05-14T11:20:42Z
TXN_000609,570841541976,211351543888,132730.18,Crypto Off-ramp,2026-01-29T15:45:27Z
TXN_000610,972922333083,140286652786,1225468.37,Crypto Off-ramp,2025-12-08T09:28:14Z
TXN_000611,732468652114,140899965934,2044213.51,Wire Transfer,2023-08-23T16:19:08Z
TXN_000612,383050727000,793468696662,202756.1,Hawala,2024-10-11T01:32:29Z
TXN_000613,889204983051,311237897638,46305.25,Hawala,2023-01-21T14:29:17Z
TXN_000614,228753738683,826773767749,2086809.67,Wire Transfer,2026-04-02T04:29:44Z
TXN_000615,866338583768,769926325174,763074.0,Hawala,2025-09-17T01:09:53Z
TXN_000616,733084476154,999750763740,598250.14,Cash Deposit,2023-04-14T06:52:41Z
TXN_000617,402605972002,943976618396,2473242.6,Wire Transfer,2026-01-02T23:31:48Z
TXN_000618,628051534073,251510202090,578306.11,Crypto Off-ramp,2026-06-30T23:57:29Z
TXN_000619,154714692436,810753718623,579752.23,Crypto Off-ramp,2023-08-10T15:06:38Z
TXN_000620,399808444886,563332328494,1301107.27,Hawala,2025-04-01T23:26:54Z
TXN_000621,247720270584,366508502832,186750.93,Wire Transfer,2024-04-15T03:34:37Z
TXN_000622,460888192010,692551671655,1271125.34,Crypto Off-ramp,2025-02-22T10:40:50Z
TXN_000623,942578781506,304574075460,40051.86,Crypto Off-ramp,2026-06-17T13:29:02Z
TXN_000624,970119270952,892955588347,707893.39,Crypto Off-ramp,2024-12-10T12:40:56Z
TXN_000625,840183762064,576192098857,1327033.29,Cash Deposit,2023-08-20T17:49:46Z
TXN_000626,921846864118,139636728813,2106096.7,ATM Withdrawal,2025-08-17T14:51:40Z
TXN_000627,806523043344,519861247419,2288828.07,Cash Deposit,2024-04-24T00:08:59Z
TXN_000628,769055387583,201016959945,310736.06,Crypto Off-ramp,2025-09-01T03:49:40Z
TXN_000629,239166522247,421894146373,1345232.9,Cash Deposit,2026-06-10T04:36:06Z
TXN_000630,297882139006,596763052570,899811.75,Cash Deposit,2023-09-22T18:42:51Z
TXN_000631,704123605871,902714479522,654193.41,Wire Transfer,2023-09-30T04:11:14Z
TXN_000632,672926992893,404724248906,1633180.88,Cash Deposit,2026-05-16T16:05:27Z
TXN_000633,893846554896,323000653492,28198.59,ATM Withdrawal,2025-07-30T21:13:15Z
TXN_000634,481640831538,937542986030,1112094.26,Wire Transfer,2025-03-23T21:08:35Z
TXN_000635,247649916530,593183597777,1340899.68,Hawala,2023-05-05T13:49:56Z
TXN_000636,799031538638,265109398641,722108.31,Crypto Off-ramp,2025-12-20T08:22:50Z
TXN_000637,600864536118,170994058601,1864912.87,Hawala,2026-07-04T15:32:37Z
TXN_000638,934164257143,787984883121,1251048.94,Crypto Off-ramp,2025-02-13T06:37:05Z
TXN_000639,626359302200,822586961665,2365196.89,ATM Withdrawal,2023-07-03T19:35:31Z
TXN_000640,649844796841,679284344186,1344585.3,Cash Deposit,2023-10-22T23:05:29Z
TXN_000641,127380905918,684624250184,1181574.45,Wire Transfer,2026-06-08T18:25:41Z
TXN_000642,939866188036,905027059738,2118618.81,Wire Transfer,2026-05-17T00:55:08Z
TXN_000643,892955588347,137085456283,289886.01,ATM Withdrawal,2025-03-19T02:55:40Z
TXN_000644,457534054609,211351543888,642346.3,Cash Deposit,2024-10-16T15:09:40Z
TXN_000645,275330503693,351702656792,229583.87,ATM Withdrawal,2025-12-11T15:07:45Z
TXN_000646,738926552621,416326328379,1696307.2,Wire Transfer,2024-08-26T05:54:33Z
TXN_000647,567224239240,250423233662,1784676.7,Wire Transfer,2025-02-05T14:51:47Z
TXN_000648,562086572781,843180961540,2260075.6,Cash Deposit,2023-06-30T04:29:06Z
TXN_000649,126590170769,193079706303,2080406.83,Hawala,2024-01-06T21:05:50Z
TXN_000650,300377597244,639787699126,1738310.34,Crypto Off-ramp,2023-04-12T06:51:49Z
TXN_000651,750261270391,843883977052,1199585.52,Cash Deposit,2026-04-29T10:26:40Z
TXN_000652,572042480393,319639108224,414050.46,Cash Deposit,2023-09-08T17:51:15Z
TXN_000653,961463362356,192606739113,2109033.46,Crypto Off-ramp,2023-07-05T09:31:09Z
TXN_000654,293083311536,820652046614,959896.4,Cash Deposit,2026-07-05T14:59:11Z
TXN_000655,503055106120,448900404767,1720409.47,Wire Transfer,2026-04-11T18:15:19Z
TXN_000656,512033049213,710520890797,884984.86,Cash Deposit,2025-04-08T17:15:36Z
TXN_000657,929977923698,805676852121,513434.72,Cash Deposit,2023-11-20T20:57:46Z
TXN_000658,402605972002,358505791479,2289699.97,Wire Transfer,2024-01-02T04:17:21Z
TXN_000659,690815363068,733778244899,177605.99,Crypto Off-ramp,2026-02-27T22:12:07Z
TXN_000660,672926992893,721398574914,494953.0,Hawala,2023-10-12T21:33:45Z
TXN_000661,708002717560,406710225626,1419563.36,Cash Deposit,2024-07-06T23:27:55Z
TXN_000662,569536065326,229593833277,1544744.03,ATM Withdrawal,2025-03-13T08:15:56Z
TXN_000663,863787984130,364480952071,2031734.11,Crypto Off-ramp,2025-01-18T14:56:01Z
TXN_000664,312647716134,236793283295,773506.16,ATM Withdrawal,2025-02-12T03:54:29Z
TXN_000665,916019518291,469317232018,1284466.96,Cash Deposit,2023-08-09T03:35:12Z
TXN_000666,792429017371,428950721942,1844606.25,ATM Withdrawal,2024-10-22T22:39:28Z
TXN_000667,170753242751,967113311304,708238.62,Cash Deposit,2024-07-12T06:29:55Z
TXN_000668,293083311536,774117152232,1304777.27,Wire Transfer,2023-11-12T15:00:15Z
TXN_000669,707040726837,615405040246,1084318.76,ATM Withdrawal,2024-09-15T14:46:09Z
TXN_000670,416283947099,731806075889,1735865.31,Cash Deposit,2023-01-01T16:31:22Z
TXN_000671,977051496663,207872783185,1296798.6,ATM Withdrawal,2025-07-08T00:40:40Z
TXN_000672,481498187599,827459100907,853466.89,Hawala,2025-03-11T08:08:24Z
TXN_000673,635614187759,304313400834,1456770.07,Wire Transfer,2025-08-30T04:31:09Z
TXN_000674,324804416487,623045427426,188237.32,ATM Withdrawal,2025-01-30T04:22:59Z
TXN_000675,408249569141,592945005798,1628752.69,ATM Withdrawal,2025-04-24T08:30:29Z
TXN_000676,930481160814,436301446863,2300968.6,Wire Transfer,2025-12-15T06:33:33Z
TXN_000677,565157647710,913566301631,2415902.68,Cash Deposit,2024-11-26T01:19:53Z
TXN_000678,101288461054,750675231453,1344607.94,Wire Transfer,2024-09-25T19:09:07Z
TXN_000679,621361954789,916707106505,1364957.42,Crypto Off-ramp,2023-04-19T12:48:35Z
TXN_000680,242582798168,857589551981,2211227.58,Hawala,2026-07-10T10:26:08Z
TXN_000681,405889038053,843180961540,2440250.49,Crypto Off-ramp,2025-07-09T14:47:30Z
TXN_000682,719866920847,563332328494,85026.27,Cash Deposit,2026-03-03T10:52:30Z
TXN_000683,274873186981,597449585302,2048499.17,Wire Transfer,2024-04-05T06:46:42Z
TXN_000684,361694492375,143325569312,607075.5,Wire Transfer,2024-01-01T22:08:06Z
TXN_000685,916019518291,153386489713,1963868.71,Cash Deposit,2025-07-01T04:00:36Z
TXN_000686,612815827483,319639108224,164557.75,Hawala,2023-10-11T13:46:34Z
TXN_000687,836826367371,867715673235,785326.19,Crypto Off-ramp,2023-12-14T07:01:55Z
TXN_000688,435390506495,659535848106,1022033.16,Wire Transfer,2026-06-17T13:55:08Z
TXN_000689,374730111102,704123605871,842337.78,Wire Transfer,2025-02-12T08:02:59Z
TXN_000690,409200346025,104364311538,2499338.58,Wire Transfer,2023-07-02T23:49:02Z
TXN_000691,409841938029,576583505851,2394817.92,ATM Withdrawal,2023-04-18T19:18:43Z
TXN_000692,943976618396,276146162920,2032654.66,Cash Deposit,2023-04-26T06:14:39Z
TXN_000693,525613326953,834853886616,1136171.49,ATM Withdrawal,2023-01-28T09:44:20Z
TXN_000694,778738835456,943963062529,223432.75,Crypto Off-ramp,2025-08-29T04:27:06Z
TXN_000695,771031557769,629963016478,1671007.37,Cash Deposit,2024-08-08T15:03:59Z
TXN_000696,784038745263,410467891291,2442456.04,Hawala,2023-02-24T16:33:15Z
TXN_000697,790468289425,970119270952,1443856.22,Crypto Off-ramp,2024-09-19T13:18:48Z
TXN_000698,697761680048,867715673235,845192.85,Cash Deposit,2023-11-03T18:28:58Z
TXN_000699,239166522247,876432006248,1997631.11,Cash Deposit,2024-05-19T15:24:48Z
TXN_000700,772551023964,169848466237,1528176.37,Cash Deposit,2024-09-17T21:29:44Z
TXN_000701,574554414664,985961406865,523367.78,Hawala,2023-01-16T07:36:57Z
TXN_000702,385919817423,704123605871,1822665.0,Cash Deposit,2024-12-09T20:20:54Z
TXN_000703,330251163902,131574439021,1670701.41,Hawala,2024-01-01T22:37:53Z
TXN_000704,921510577574,882118402127,918098.69,Wire Transfer,2023-07-07T18:27:14Z
TXN_000705,126203150933,779421493691,2019593.85,Wire Transfer,2025-07-10T03:40:25Z
TXN_000706,411337155994,375924112559,1881290.76,Wire Transfer,2023-05-20T10:53:50Z
TXN_000707,404789066223,322628866753,339832.88,Crypto Off-ramp,2025-10-28T03:38:11Z
TXN_000708,362595765001,489668250756,1340778.18,Cash Deposit,2023-06-01T19:16:56Z
TXN_000709,723053205254,957598637179,873123.46,Crypto Off-ramp,2025-10-08T19:30:13Z
TXN_000710,529441262209,247720270584,115846.64,Wire Transfer,2025-09-08T06:36:51Z
TXN_000711,255906701507,227514957037,1602405.61,Crypto Off-ramp,2023-10-31T03:11:26Z
TXN_000712,282139591375,926569757851,207280.01,Hawala,2024-08-03T13:58:23Z
TXN_000713,555310459741,680169798747,882052.01,Cash Deposit,2024-10-26T21:33:08Z
TXN_000714,773165086983,146577624618,385111.57,ATM Withdrawal,2026-01-06T09:26:09Z
TXN_000715,851482435008,577667237814,1908571.84,Crypto Off-ramp,2024-08-24T04:38:38Z
TXN_000716,556799344325,531783835772,1530238.81,Cash Deposit,2026-04-30T05:32:19Z
TXN_000717,999750763740,719078416015,1440993.26,Wire Transfer,2025-10-01T04:53:34Z
TXN_000718,470816096138,639787699126,274134.06,Hawala,2024-08-03T05:55:09Z
TXN_000719,827753912065,683112336001,925137.19,Cash Deposit,2023-05-31T00:36:42Z
TXN_000720,791935869243,731806075889,1557327.22,Cash Deposit,2023-03-30T02:35:31Z
TXN_000721,538849564747,407302026538,2384325.13,ATM Withdrawal,2026-06-01T07:14:37Z
TXN_000722,626025086862,176239323225,1089653.23,ATM Withdrawal,2024-01-24T09:25:22Z
TXN_000723,957598637179,168806662718,925526.95,Cash Deposit,2025-07-17T05:34:48Z
TXN_000724,792812617551,180232057210,1862077.76,ATM Withdrawal,2026-07-04T19:50:23Z
TXN_000725,157414983384,612606730953,904589.73,Crypto Off-ramp,2026-03-31T08:16:25Z
TXN_000726,104594937577,684103418323,618562.72,Wire Transfer,2023-03-12T12:37:47Z
TXN_000727,957312586089,952400424450,338091.56,ATM Withdrawal,2023-02-10T20:24:40Z
TXN_000728,100393358576,300377597244,1574132.86,Cash Deposit,2023-02-09T19:23:11Z
TXN_000729,555928155661,400536410991,416667.15,Cash Deposit,2023-09-23T02:46:47Z
TXN_000730,651215462593,683112336001,373739.71,Wire Transfer,2024-12-14T01:14:10Z
TXN_000731,374222558529,811020143735,110107.73,Cash Deposit,2023-12-12T14:24:23Z
TXN_000732,790468289425,833795013957,472636.96,ATM Withdrawal,2023-08-02T11:45:17Z
TXN_000733,255749522616,691594197944,1684672.13,ATM Withdrawal,2025-10-13T01:34:11Z
TXN_000734,171539595344,707791823618,1141626.39,ATM Withdrawal,2025-01-07T07:38:41Z
TXN_000735,195914308219,193079706303,280408.51,Hawala,2024-11-23T16:33:18Z
TXN_000736,395852735525,942433066333,103492.08,Crypto Off-ramp,2023-12-17T21:59:28Z
TXN_000737,896033951248,597401325570,253395.02,Hawala,2024-08-29T03:30:27Z
TXN_000738,630164411294,725997986456,1114370.57,Cash Deposit,2025-06-16T16:50:04Z
TXN_000739,837206702374,158683487635,2275191.02,ATM Withdrawal,2024-07-12T23:19:37Z
TXN_000740,881911556237,278432658583,2269750.5,Hawala,2024-05-13T13:25:09Z
TXN_000741,520115203970,241312394717,2171287.95,Cash Deposit,2024-05-17T17:19:33Z
TXN_000742,855984816312,867573972956,304209.09,Cash Deposit,2023-06-13T16:40:43Z
TXN_000743,782508577611,451005816415,1055405.2,Wire Transfer,2024-03-24T20:08:26Z
TXN_000744,998462046182,479214286063,1235223.22,Cash Deposit,2024-01-01T12:00:06Z
TXN_000745,384734566310,563332328494,1284095.84,ATM Withdrawal,2026-03-21T15:01:49Z
TXN_000746,554207453473,995564660275,1068335.8,Cash Deposit,2025-10-07T06:05:12Z
TXN_000747,274082594113,277071689955,754132.54,Hawala,2024-07-17T13:48:41Z
TXN_000748,635287718608,399808444886,2167366.21,Crypto Off-ramp,2025-06-18T10:22:47Z
TXN_000749,886605072969,451005816415,1954089.19,Cash Deposit,2025-12-22T16:29:02Z
TXN_000750,972231880929,409200346025,1708845.64,Wire Transfer,2024-05-22T01:04:44Z
TXN_000751,623694137781,436301446863,1325306.76,Wire Transfer,2024-10-26T22:02:19Z
TXN_000752,349044009729,337144616692,852695.33,Cash Deposit,2024-05-31T05:45:09Z
TXN_000753,159568893213,334823928130,21835.25,Cash Deposit,2026-01-02T12:13:20Z
TXN_000754,140899965934,597796423739,863237.13,Crypto Off-ramp,2023-03-13T07:49:20Z
TXN_000755,852065062614,991032224215,1030223.65,ATM Withdrawal,2023-04-06T14:15:03Z
TXN_000756,223339591625,819052631553,2368208.75,Crypto Off-ramp,2025-05-01T21:04:52Z
TXN_000757,227514957037,420438136850,140240.53,Wire Transfer,2026-07-04T05:06:02Z
TXN_000758,952604350668,541684933300,694742.65,Wire Transfer,2023-10-11T03:02:24Z
TXN_000759,633926905953,154728732297,910153.76,Crypto Off-ramp,2025-11-16T23:42:41Z
TXN_000760,513324968984,832951685502,2279887.55,Hawala,2025-07-04T17:21:06Z
TXN_000761,799031538638,250045809483,604521.3,Hawala,2024-10-26T14:05:57Z
TXN_000762,365261091783,321182085004,955124.05,Hawala,2024-04-09T17:01:00Z
TXN_000763,556799344325,948201731736,2191411.13,Wire Transfer,2023-02-14T18:46:28Z
TXN_000764,961463362356,302742170531,748713.47,ATM Withdrawal,2025-03-18T02:19:17Z
TXN_000765,576364901514,891761068049,975449.65,Crypto Off-ramp,2024-07-12T10:38:46Z
TXN_000766,784243799876,458465015203,1588561.53,Hawala,2023-02-01T23:51:13Z
TXN_000767,156975752858,660364004663,2167912.97,Hawala,2024-04-26T09:52:47Z
TXN_000768,832951685502,406710225626,943002.91,Wire Transfer,2024-08-03T15:53:02Z
TXN_000769,102719014181,597401325570,1126813.98,Hawala,2026-01-25T18:35:47Z
TXN_000770,771031557769,898779162240,656060.33,Cash Deposit,2025-09-17T12:39:16Z
TXN_000771,616195218108,886605072969,1043597.0,Hawala,2026-06-05T05:16:32Z
TXN_000772,669470170437,911560162315,206152.5,Hawala,2023-04-25T16:15:31Z
TXN_000773,169848466237,127008603057,1797478.92,ATM Withdrawal,2023-07-13T04:28:03Z
TXN_000774,968988148798,301959599224,546161.32,Crypto Off-ramp,2025-01-02T02:52:00Z
TXN_000775,184592112887,553508904470,70107.42,Wire Transfer,2024-11-24T01:18:15Z
TXN_000776,378329460257,116187961799,1505476.63,ATM Withdrawal,2023-05-27T02:58:52Z
TXN_000777,323526748585,662030167406,1382194.03,Crypto Off-ramp,2023-01-17T20:49:59Z
TXN_000778,967113311304,876432006248,2353912.63,ATM Withdrawal,2025-10-23T12:33:49Z
TXN_000779,751628603640,277071689955,2327698.38,Hawala,2023-05-18T08:33:55Z
TXN_000780,265109398641,926283603919,86034.79,ATM Withdrawal,2023-11-29T03:11:52Z
TXN_000781,627942210356,423950659705,169736.99,Hawala,2025-01-31T18:41:55Z
TXN_000782,784038745263,319639108224,1517878.52,Wire Transfer,2023-06-17T21:35:05Z
TXN_000783,612460425385,942496994555,903035.66,Hawala,2025-07-14T17:43:14Z
TXN_000784,435390506495,174603445189,944623.37,ATM Withdrawal,2025-03-13T14:36:39Z
TXN_000785,628805382225,693172135835,1198742.19,Hawala,2025-03-11T10:03:09Z
TXN_000786,752367082425,451005816415,1483390.46,Hawala,2025-01-26T18:06:54Z
TXN_000787,722071947893,926569757851,1805538.33,Wire Transfer,2023-05-21T08:59:04Z
TXN_000788,861909976204,692551671655,1667051.04,Cash Deposit,2025-03-20T15:57:18Z
TXN_000789,980397733302,254171825253,1035958.39,Wire Transfer,2023-02-24T19:06:49Z
TXN_000790,261947364074,208787064499,2100644.07,Wire Transfer,2023-09-10T06:32:33Z
TXN_000791,600864536118,581414316443,2282544.74,ATM Withdrawal,2023-07-30T19:04:54Z
TXN_000792,569456188828,254058350402,2399730.83,Crypto Off-ramp,2023-04-05T01:08:17Z
TXN_000793,554117410676,607085066930,576642.09,Cash Deposit,2024-05-17T04:55:31Z
TXN_000794,896163552047,278432658583,888029.71,Cash Deposit,2023-05-28T19:43:48Z
TXN_000795,813759695021,745081748726,2064486.06,Crypto Off-ramp,2025-11-16T19:46:52Z
TXN_000796,126590170769,224145981787,755662.25,Crypto Off-ramp,2026-05-14T07:10:53Z
TXN_000797,991839124224,560237883698,743144.36,Hawala,2024-10-01T20:42:16Z
TXN_000798,362897298764,345866676491,1906643.35,Wire Transfer,2026-07-09T01:34:15Z
TXN_000799,595582391252,315062131691,221620.94,ATM Withdrawal,2023-03-04T13:21:54Z
TXN_000800,236793283295,519478963344,1612365.49,Crypto Off-ramp,2024-03-04T00:38:25Z
TXN_000801,937542986030,750675231453,2317997.2,ATM Withdrawal,2025-01-10T07:37:56Z
TXN_000802,598873928680,779421493691,1483637.71,Crypto Off-ramp,2024-02-18T01:56:00Z
TXN_000803,435883952703,880326884118,379458.61,Cash Deposit,2026-03-02T16:46:26Z
TXN_000804,188618091706,620049183853,1110658.05,ATM Withdrawal,2023-04-20T00:26:09Z
TXN_000805,135480063042,154728732297,1941349.32,Crypto Off-ramp,2023-09-29T17:05:38Z
TXN_000806,844736758938,814959613916,863440.28,Hawala,2023-11-20T16:39:23Z
TXN_000807,364480952071,529407098278,2388309.85,Hawala,2024-04-22T12:22:53Z
TXN_000808,165446332423,324804416487,1521673.6,ATM Withdrawal,2023-04-05T00:34:14Z
TXN_000809,300377597244,568068690614,2310908.22,Hawala,2024-01-25T12:46:11Z
TXN_000810,342644074665,128288496979,2284741.35,Wire Transfer,2026-06-02T08:18:11Z
TXN_000811,452167379163,942551441965,1158156.74,Wire Transfer,2024-08-27T11:20:08Z
TXN_000812,175066921907,203015443892,936228.26,ATM Withdrawal,2024-07-29T11:30:00Z
TXN_000813,311024379137,791935869243,1183502.11,Cash Deposit,2023-06-22T17:06:26Z
TXN_000814,589033694632,127380905918,1831055.04,Cash Deposit,2025-02-17T16:44:27Z
TXN_000815,500873499512,576583505851,238195.82,Hawala,2026-05-11T04:16:17Z
TXN_000816,643006455836,505108428934,1924602.86,Hawala,2023-05-01T20:09:43Z
TXN_000817,121792337700,926145655053,1650130.82,Cash Deposit,2025-01-04T13:07:14Z
TXN_000818,572459533978,168806662718,2123915.66,Wire Transfer,2023-11-11T17:06:39Z
TXN_000819,591287149742,374689687716,281236.13,Wire Transfer,2025-09-06T13:50:37Z
TXN_000820,977051496663,528867543627,2433481.14,ATM Withdrawal,2025-11-04T05:59:08Z
TXN_000821,140449444491,628287250277,1500152.97,Wire Transfer,2025-09-10T01:42:02Z
TXN_000822,544860692989,366644302955,2183229.99,ATM Withdrawal,2025-12-04T13:00:33Z
TXN_000823,177114680095,961458188465,2200154.9,Cash Deposit,2023-05-15T12:55:38Z
TXN_000824,458465015203,763103240905,1615095.66,Cash Deposit,2023-01-05T22:51:01Z
TXN_000825,792429017371,821033444790,2184345.35,Hawala,2023-11-01T00:33:19Z
TXN_000826,118145484224,628805382225,1194105.55,Hawala,2025-03-09T10:05:26Z
TXN_000827,782293955465,418580135461,2103692.79,ATM Withdrawal,2025-04-29T03:58:30Z
TXN_000828,627073536838,239772489895,1243060.33,Cash Deposit,2025-08-13T09:59:38Z
TXN_000829,961805038891,154714692436,697840.85,Cash Deposit,2026-07-07T13:19:12Z
TXN_000830,852090325479,279230618842,2015830.24,Cash Deposit,2024-08-17T21:05:51Z
TXN_000831,239166522247,917816083126,647448.09,Crypto Off-ramp,2024-06-09T10:57:43Z
TXN_000832,399808444886,297882139006,627259.85,Wire Transfer,2023-01-23T11:14:32Z
TXN_000833,927123994306,904556841663,322137.02,Hawala,2026-01-22T08:41:43Z
TXN_000834,141207755049,643199244851,237738.3,ATM Withdrawal,2024-07-06T02:19:38Z
TXN_000835,563332328494,423950659705,185299.11,Hawala,2024-10-23T05:08:47Z
TXN_000836,117753190354,867715673235,1032385.55,Wire Transfer,2025-02-28T11:40:36Z
TXN_000837,731843864063,672195443540,584331.54,Hawala,2024-07-31T00:10:52Z
TXN_000838,350265095151,972922333083,619766.17,ATM Withdrawal,2024-05-25T13:59:50Z
TXN_000839,773165086983,863257610248,810102.35,Cash Deposit,2025-06-12T19:34:48Z
TXN_000840,860363757868,817241660443,1126722.27,Hawala,2023-05-05T05:24:25Z
TXN_000841,905048074940,525942291846,1366902.29,Wire Transfer,2023-03-28T20:59:09Z
TXN_000842,769926325174,188618091706,2077457.02,Cash Deposit,2024-12-30T20:18:37Z
TXN_000843,727540389329,917816083126,474112.39,ATM Withdrawal,2023-06-03T16:00:58Z
TXN_000844,770469446328,288549081524,697109.87,Hawala,2024-11-12T20:48:08Z
TXN_000845,844736758938,758759696106,2375234.66,Cash Deposit,2025-11-23T07:20:21Z
TXN_000846,593183597777,269452154032,2158899.07,Wire Transfer,2024-11-16T23:43:39Z
TXN_000847,434864719590,194363632422,17629.11,Crypto Off-ramp,2024-06-10T03:26:09Z
TXN_000848,457933131256,933209869080,1141616.57,Cash Deposit,2024-11-28T01:16:44Z
TXN_000849,944224837430,338754551365,2396229.59,Cash Deposit,2026-02-18T08:52:24Z
TXN_000850,168806662718,870733496857,1054655.82,Cash Deposit,2024-06-05T14:08:40Z
TXN_000851,398935539836,368707366587,366896.73,ATM Withdrawal,2024-08-24T00:20:06Z
TXN_000852,787984883121,470816096138,195967.93,Hawala,2024-11-05T11:07:17Z
TXN_000853,513324968984,592945005798,1203022.99,Wire Transfer,2024-04-17T06:16:58Z
TXN_000854,537907453529,687552642739,2200453.58,Hawala,2026-06-21T01:03:59Z
TXN_000855,126203150933,590756335141,829938.32,Wire Transfer,2025-05-26T12:13:21Z
TXN_000856,144804544956,356359218189,207948.57,Cash Deposit,2026-05-16T04:44:03Z
TXN_000857,361140269616,683112336001,1370356.39,Wire Transfer,2026-04-29T12:49:23Z
TXN_000858,162327312864,721398574914,2140007.79,Wire Transfer,2025-03-17T06:31:17Z
TXN_000859,763991581013,491020653298,1296731.75,Wire Transfer,2025-10-29T15:39:10Z
TXN_000860,784458615763,719127142940,52425.86,Crypto Off-ramp,2026-03-28T01:37:20Z
TXN_000861,175066921907,895966888756,1741666.52,ATM Withdrawal,2023-02-27T22:30:14Z
TXN_000862,707791823618,748302533039,1985020.36,Crypto Off-ramp,2024-05-26T07:17:34Z
TXN_000863,365261091783,810753718623,569267.39,Wire Transfer,2025-05-13T16:44:16Z
TXN_000864,608943389366,128288496979,2441304.53,ATM Withdrawal,2024-12-14T10:33:43Z
TXN_000865,104024825971,916707106505,837065.96,Cash Deposit,2025-12-14T05:22:01Z
TXN_000866,563396478651,999499066965,1058567.38,Crypto Off-ramp,2023-04-15T14:38:25Z
TXN_000867,754937671430,926283603919,1086764.48,Wire Transfer,2025-11-15T08:56:35Z
TXN_000868,968658495736,779421493691,2248969.07,Crypto Off-ramp,2025-02-03T16:50:41Z
TXN_000869,165446332423,547964316461,827995.76,Crypto Off-ramp,2025-05-05T00:58:29Z
TXN_000870,722071947893,651215462593,507260.72,ATM Withdrawal,2026-07-12T14:06:14Z
TXN_000871,926569757851,624400037611,1638588.56,Cash Deposit,2024-12-28T04:18:14Z
TXN_000872,424666491554,652418351277,169638.86,Cash Deposit,2024-03-24T02:11:40Z
TXN_000873,322227525769,473845789219,2350729.63,Crypto Off-ramp,2025-03-09T18:34:49Z
TXN_000874,332604838756,168005180900,853128.02,Wire Transfer,2025-04-23T20:35:17Z
TXN_000875,223339591625,111035185213,205794.97,Crypto Off-ramp,2025-04-11T05:32:36Z
TXN_000876,218070197541,864324181290,683230.25,Wire Transfer,2025-05-19T03:31:22Z
TXN_000877,926283603919,138636041735,1745727.38,ATM Withdrawal,2024-09-19T05:53:55Z
TXN_000878,747201971892,247649916530,939396.08,Wire Transfer,2025-12-16T22:18:15Z
TXN_000879,639787699126,323526748585,794574.23,Wire Transfer,2023-08-07T09:46:01Z
TXN_000880,886605072969,812755989046,2469405.26,Hawala,2026-03-27T19:09:47Z
TXN_000881,567224239240,456687581199,1717471.3,ATM Withdrawal,2023-11-02T01:20:49Z
TXN_000882,855791246324,322628866753,1157419.23,Hawala,2026-06-17T05:06:50Z
TXN_000883,156252185989,440133403657,59654.74,Wire Transfer,2024-10-18T05:23:17Z
TXN_000884,528065999920,793468696662,872366.17,Hawala,2023-09-19T12:51:11Z
TXN_000885,843180961540,820652046614,439496.22,ATM Withdrawal,2026-03-27T00:14:22Z
TXN_000886,281726931149,254058350402,1537329.31,Hawala,2023-03-10T17:24:20Z
TXN_000887,750675231453,298099898903,292647.06,Cash Deposit,2026-02-08T18:05:54Z
TXN_000888,792429017371,882666446589,2368844.39,Wire Transfer,2024-03-03T02:54:51Z
TXN_000889,488651099520,409200346025,993339.02,Hawala,2026-02-19T15:21:28Z
TXN_000890,659535848106,991649259877,2261299.68,Hawala,2023-08-22T23:34:11Z
TXN_000891,324772526488,399808444886,1960746.57,Cash Deposit,2023-11-12T09:57:39Z
TXN_000892,318227898860,566805926240,424536.87,Wire Transfer,2026-01-30T02:38:44Z
TXN_000893,648156021620,228753738683,2141866.38,Hawala,2023-10-09T13:28:36Z
TXN_000894,281726931149,915417528951,1101306.33,Hawala,2026-05-23T15:01:31Z
TXN_000895,923073535610,591287149742,995267.53,Cash Deposit,2024-03-01T22:32:00Z
TXN_000896,242582798168,826407349874,912720.88,ATM Withdrawal,2025-02-12T06:03:50Z
TXN_000897,349969704933,261742492357,605061.98,Cash Deposit,2025-10-31T19:27:56Z
TXN_000898,971458386900,276378107365,1939331.11,Cash Deposit,2026-05-09T16:48:53Z
TXN_000899,549821150470,979314113745,1921110.53,ATM Withdrawal,2023-11-13T12:12:39Z
TXN_000900,743535240210,992839453531,1404006.56,Hawala,2025-05-25T15:04:47Z
TXN_000901,255906701507,628051534073,311926.68,Crypto Off-ramp,2023-03-22T03:26:55Z
TXN_000902,498650067049,866338583768,1724309.59,Crypto Off-ramp,2023-08-20T09:48:30Z
TXN_000903,275669129509,277071689955,343386.55,ATM Withdrawal,2026-04-03T03:46:39Z
TXN_000904,175193781324,508757943796,2342718.76,Crypto Off-ramp,2023-11-26T16:09:40Z
TXN_000905,290932531321,983132644129,1952507.41,Wire Transfer,2023-02-25T11:33:04Z
TXN_000906,612460425385,392493759560,369675.2,Hawala,2025-12-12T05:47:24Z
TXN_000907,944224837430,189336915729,1393923.29,Hawala,2023-11-28T18:29:46Z
TXN_000908,351611550322,153105431702,1408443.11,Crypto Off-ramp,2023-01-05T04:50:33Z
TXN_000909,342169934180,592736594684,1192847.45,Wire Transfer,2024-05-05T21:31:46Z
TXN_000910,743126921056,481498187599,1716870.55,Cash Deposit,2024-03-16T15:00:19Z
TXN_000911,271577885068,916436170997,115851.54,Hawala,2025-08-22T02:55:32Z
TXN_000912,109691407062,436659952875,2029069.05,Wire Transfer,2023-02-03T14:58:51Z
TXN_000913,188618091706,718787062692,1182018.68,Cash Deposit,2026-06-22T22:29:50Z
TXN_000914,556799344325,456687581199,2497486.9,Cash Deposit,2026-07-02T10:06:05Z
TXN_000915,723590446661,916396785219,1244791.1,ATM Withdrawal,2025-03-10T21:47:48Z
TXN_000916,675929464367,617942734581,1731100.31,ATM Withdrawal,2023-07-09T10:39:19Z
TXN_000917,851034410882,549821150470,596756.27,Cash Deposit,2023-10-20T03:54:03Z
TXN_000918,761923001204,225835850989,266071.8,ATM Withdrawal,2026-04-30T10:37:36Z
TXN_000919,807872656453,436659952875,2203792.46,Cash Deposit,2026-03-06T00:03:10Z
TXN_000920,927802801931,837237186326,67151.27,ATM Withdrawal,2023-07-25T02:02:26Z
TXN_000921,361694492375,844736758938,1715441.03,ATM Withdrawal,2025-04-26T00:39:23Z
TXN_000922,304313400834,204631543545,925074.97,ATM Withdrawal,2023-05-31T09:34:16Z
TXN_000923,423438519866,844318281380,1268120.9,Cash Deposit,2024-10-08T16:39:07Z
TXN_000924,124911242572,600950801588,1369166.33,Hawala,2023-09-23T05:05:35Z
TXN_000925,870972911723,933133430849,1978292.14,Crypto Off-ramp,2024-01-30T12:36:48Z
TXN_000926,773165086983,470900838824,25756.74,Crypto Off-ramp,2024-03-08T21:11:32Z
TXN_000927,211337349422,655462276652,2329506.8,Crypto Off-ramp,2024-03-30T16:48:07Z
TXN_000928,912398993234,174923256230,907740.41,ATM Withdrawal,2025-04-26T09:25:13Z
TXN_000929,277071689955,236793283295,2419348.96,Crypto Off-ramp,2024-11-07T11:41:29Z
TXN_000930,691594197944,920485750127,678374.37,Wire Transfer,2023-05-10T13:49:19Z
TXN_000931,212201969817,189538395298,1672717.96,Wire Transfer,2023-09-01T20:13:54Z
TXN_000932,941525914044,843883977052,2085556.39,Wire Transfer,2023-06-07T06:07:18Z
TXN_000933,503898503537,513324968984,1143473.26,Hawala,2026-02-23T18:47:13Z
TXN_000934,350265095151,651215462593,1463253.72,Crypto Off-ramp,2025-08-06T06:01:40Z
TXN_000935,152735418295,192606739113,1835846.66,Wire Transfer,2024-08-08T02:30:27Z
TXN_000936,117753190354,121843130183,1175086.4,Wire Transfer,2023-09-01T01:45:13Z
TXN_000937,562086572781,569456188828,491322.77,Cash Deposit,2023-04-16T06:25:41Z
TXN_000938,692806548927,519923177633,706686.71,Hawala,2023-10-10T17:52:00Z
TXN_000939,332604838756,868896035917,1868867.67,Cash Deposit,2023-01-07T13:32:59Z
TXN_000940,322628866753,767619120197,2147001.85,Crypto Off-ramp,2024-03-19T08:04:16Z
TXN_000941,899656882928,337144616692,2022129.91,Wire Transfer,2026-01-04T19:32:12Z
TXN_000942,805050638808,672195443540,1918629.18,Crypto Off-ramp,2026-04-28T18:19:22Z
TXN_000943,939536452900,347417963064,1688998.46,Wire Transfer,2025-03-26T06:11:32Z
TXN_000944,323965001607,616928866255,1229578.89,Crypto Off-ramp,2023-03-15T21:58:25Z
TXN_000945,576801285370,127672389870,976310.43,Wire Transfer,2023-11-24T10:13:57Z
TXN_000946,275732237306,980397733302,2328090.35,Cash Deposit,2025-01-08T17:01:47Z
TXN_000947,870733496857,901852651047,1563439.31,Crypto Off-ramp,2025-11-21T22:58:32Z
TXN_000948,985961406865,373599874217,707519.98,Hawala,2025-08-31T22:22:08Z
TXN_000949,141207755049,852065062614,365752.71,Wire Transfer,2023-06-04T04:44:11Z
TXN_000950,590407241407,578038183346,1161562.73,ATM Withdrawal,2026-04-16T09:53:28Z
TXN_000951,740859208642,154714692436,2414249.69,Crypto Off-ramp,2026-06-29T21:24:20Z
TXN_000952,173469759984,913849523641,2065584.16,Wire Transfer,2025-02-07T08:34:54Z
TXN_000953,597892152478,760186576622,1296450.33,Hawala,2025-05-25T16:59:16Z
TXN_000954,782508577611,672195443540,1158424.83,Hawala,2026-02-03T16:24:03Z
TXN_000955,333246355079,482316249551,747617.19,Wire Transfer,2024-10-08T08:48:41Z
TXN_000956,255749522616,457534054609,338582.91,Hawala,2024-05-03T15:48:11Z
TXN_000957,281726931149,311237897638,1055800.34,Cash Deposit,2023-03-18T23:47:53Z
TXN_000958,523084216424,844318281380,2126430.68,ATM Withdrawal,2024-07-13T07:34:19Z
TXN_000959,152735418295,723590446661,297416.61,Hawala,2025-09-16T19:20:33Z
TXN_000960,419204969826,278432658583,1075167.79,Crypto Off-ramp,2024-09-04T23:06:59Z
TXN_000961,293083311536,427840064087,203348.68,ATM Withdrawal,2023-03-07T06:59:36Z
TXN_000962,620049183853,224231733594,1831595.55,Wire Transfer,2024-08-22T02:33:54Z
TXN_000963,978620847134,592921055446,887900.14,Crypto Off-ramp,2024-07-08T02:24:13Z
TXN_000964,351611550322,345866676491,1550918.23,ATM Withdrawal,2024-12-27T08:32:35Z
TXN_000965,241150224141,554207453473,1154152.96,Crypto Off-ramp,2024-03-11T10:59:08Z
TXN_000966,545223117643,600342453983,1242604.94,Crypto Off-ramp,2024-11-16T07:59:09Z
TXN_000967,790468289425,771031557769,1787487.62,Hawala,2024-04-15T06:04:49Z
TXN_000968,997814425058,937542986030,985536.95,ATM Withdrawal,2026-04-02T11:11:07Z
TXN_000969,590407241407,375924112559,535201.35,Cash Deposit,2026-04-24T18:04:57Z
TXN_000970,692905200466,782293955465,280964.73,Cash Deposit,2026-02-28T01:31:09Z
TXN_000971,156252185989,864324181290,1755845.31,Cash Deposit,2026-01-25T17:57:51Z
TXN_000972,500873499512,203015443892,304387.49,Crypto Off-ramp,2023-05-28T17:01:43Z
TXN_000973,952232726388,261742492357,713715.38,ATM Withdrawal,2023-10-25T17:11:31Z
TXN_000974,896033951248,338254370338,2092419.79,Cash Deposit,2025-02-19T03:42:01Z
TXN_000975,457157165192,117753190354,483795.08,Cash Deposit,2023-04-28T08:37:47Z
TXN_000976,770469446328,741092105305,1455234.49,Cash Deposit,2025-07-13T20:56:04Z
TXN_000977,380223819448,391948851849,2267136.26,Crypto Off-ramp,2024-10-03T03:59:40Z
TXN_000978,156252185989,261947364074,1550513.88,ATM Withdrawal,2026-03-13T19:00:57Z
TXN_000979,578695534285,904693237725,805413.85,ATM Withdrawal,2023-12-03T12:37:19Z
TXN_000980,790468289425,111035185213,47481.42,Wire Transfer,2025-02-12T12:28:27Z
TXN_000981,844736758938,797063242206,2421521.1,ATM Withdrawal,2024-05-30T14:11:12Z
TXN_000982,521329089468,871264469609,2497379.67,Cash Deposit,2024-08-01T12:21:30Z
TXN_000983,939866188036,279230618842,2277333.07,Cash Deposit,2023-02-28T01:07:36Z
TXN_000984,126203150933,306483901814,442270.06,Hawala,2025-12-05T10:23:54Z
TXN_000985,150128451571,117753190354,834860.37,Cash Deposit,2023-01-05T00:10:37Z
TXN_000986,184592112887,288058626828,366539.26,Wire Transfer,2024-07-13T01:10:16Z
TXN_000987,993737484275,109691407062,895180.7,ATM Withdrawal,2026-02-24T10:06:50Z
TXN_000988,791415492242,855984816312,1939489.55,Cash Deposit,2023-04-19T21:50:14Z
TXN_000989,124911242572,428950721942,1086270.75,Cash Deposit,2024-05-16T05:22:47Z
TXN_000990,684051680589,474951570420,2026249.83,Wire Transfer,2025-04-27T23:58:57Z
TXN_000991,350160744044,160565223285,1616497.8,Wire Transfer,2023-11-14T20:58:23Z
TXN_000992,915417528951,553508904470,115353.54,Hawala,2023-08-23T19:21:19Z
TXN_000993,229728052480,445896736997,1345551.16,Crypto Off-ramp,2023-04-20T23:40:10Z
TXN_000994,500873499512,127672389870,2438473.47,ATM Withdrawal,2023-07-08T03:34:45Z
TXN_000995,199627496988,597156755523,394371.13,Wire Transfer,2025-10-13T11:00:38Z
TXN_000996,229593833277,347807964046,187779.83,ATM Withdrawal,2023-07-07T10:23:41Z
TXN_000997,290006412542,273189253774,2161639.72,Cash Deposit,2024-09-26T10:59:38Z
TXN_000998,223339591625,151823313151,2376101.12,Crypto Off-ramp,2023-06-29T10:21:42Z
TXN_000999,201212222063,423438519866,590186.49,Wire Transfer,2023-09-26T18:09:53Z
TXN_001000,733084476154,975714555153,526401.75,Cash Deposit,2024-06-27T20:30:12Z
TXN_001001,385919817423,261947364074,909495.31,ATM Withdrawal,2025-07-19T06:33:56Z
TXN_001002,701280476832,366508502832,563019.52,Hawala,2025-10-28T18:47:15Z
TXN_001003,895966888756,109975200621,297482.96,Wire Transfer,2026-01-27T05:56:44Z
TXN_001004,390489285547,122324194131,498694.41,Crypto Off-ramp,2024-08-12T15:32:37Z
TXN_001005,865009561335,340174048328,2071264.33,Wire Transfer,2023-11-09T18:04:27Z
TXN_001006,328153282163,519478963344,200281.77,Hawala,2025-07-09T09:00:35Z
TXN_001007,857122137563,600950801588,41095.18,Crypto Off-ramp,2023-01-04T10:27:55Z
TXN_001008,380823115237,894610375744,1050631.09,Wire Transfer,2025-12-16T12:00:05Z
TXN_001009,654802816141,810115598369,861308.14,ATM Withdrawal,2024-03-03T13:05:03Z
TXN_001010,551847051700,980397733302,648177.9,Crypto Off-ramp,2024-08-01T07:25:46Z
TXN_001011,949886719545,373599874217,1067021.85,Wire Transfer,2023-02-13T06:07:06Z
TXN_001012,374689687716,168122042206,1291721.24,Hawala,2025-11-30T11:32:06Z
TXN_001013,635614187759,252787846279,592735.9,Hawala,2024-10-27T20:28:32Z
TXN_001014,684624250184,290006412542,2178213.56,Cash Deposit,2023-06-22T12:27:16Z
TXN_001015,725997986456,761923001204,1685724.06,Crypto Off-ramp,2025-10-27T05:34:26Z
TXN_001016,891942885285,957598637179,921963.33,Hawala,2024-06-06T02:54:11Z
TXN_001017,952400424450,239166522247,1279096.94,Hawala,2025-02-25T10:56:14Z
TXN_001018,566805926240,409841938029,1866372.48,Crypto Off-ramp,2023-05-18T01:03:53Z
TXN_001019,460888192010,503649256469,2230095.6,Cash Deposit,2026-04-06T22:23:37Z
TXN_001020,628805382225,988171703415,1526394.46,Cash Deposit,2023-01-08T00:57:40Z
TXN_001021,710520890797,574554414664,109570.63,ATM Withdrawal,2023-04-07T01:25:42Z
TXN_001022,427840064087,353095832148,1416225.93,ATM Withdrawal,2024-05-02T09:46:43Z
TXN_001023,957598637179,451005816415,969949.38,Crypto Off-ramp,2024-11-17T14:12:54Z
TXN_001024,194363632422,435923206753,2282330.39,Hawala,2026-03-20T23:51:47Z
TXN_001025,554207453473,519478963344,1726173.7,Crypto Off-ramp,2024-01-19T18:22:32Z
TXN_001026,261947364074,880519032210,1445496.45,Cash Deposit,2024-04-23T01:29:22Z
TXN_001027,968409093281,651215462593,299250.52,Wire Transfer,2023-10-10T01:54:19Z
TXN_001028,788906274127,567224239240,496160.49,Cash Deposit,2025-08-02T08:00:50Z
TXN_001029,690815363068,590208135304,1427238.14,Hawala,2024-11-22T04:25:03Z
TXN_001030,583872825612,597449585302,2067463.55,Hawala,2026-05-19T19:51:56Z
TXN_001031,423950659705,381662081479,305403.42,Cash Deposit,2024-10-09T06:44:41Z
TXN_001032,473845789219,210680394106,39278.49,Wire Transfer,2023-09-30T20:51:33Z
TXN_001033,323965001607,211635217585,707581.76,Crypto Off-ramp,2024-12-23T00:30:07Z
TXN_001034,615825200638,472584342257,705049.45,Wire Transfer,2023-11-16T10:39:34Z
TXN_001035,555310459741,938013614029,1251411.35,Hawala,2025-08-17T20:56:19Z
TXN_001036,834853886616,721398574914,2163299.1,Cash Deposit,2023-07-23T00:31:13Z
TXN_001037,434864719590,763991581013,1937608.56,Crypto Off-ramp,2025-04-28T15:34:39Z
TXN_001038,924337720185,173469759984,542119.55,ATM Withdrawal,2024-01-20T21:55:08Z
TXN_001039,704123605871,417998590455,71141.96,Hawala,2024-10-17T23:34:39Z
TXN_001040,557151808811,694449194985,1760148.86,Hawala,2025-08-21T10:12:50Z
TXN_001041,582623107798,939536452900,1465253.27,Crypto Off-ramp,2025-12-20T18:46:29Z
TXN_001042,469317232018,311024379137,700132.72,Cash Deposit,2026-06-04T00:42:34Z
TXN_001043,627073536838,629963016478,1792976.89,Wire Transfer,2023-10-26T10:09:52Z
TXN_001044,956965006114,694449194985,1031415.83,Crypto Off-ramp,2024-07-14T03:55:23Z
TXN_001045,596763052570,133508884937,1189668.2,ATM Withdrawal,2024-04-27T10:54:04Z
TXN_001046,628051534073,351119549747,2050235.76,Hawala,2025-07-30T13:35:01Z
TXN_001047,200231975010,453849045211,808766.11,Cash Deposit,2025-03-18T07:24:12Z
TXN_001048,582955381736,607685288185,1241194.07,ATM Withdrawal,2026-02-12T21:58:37Z
TXN_001049,334823928130,834500536139,2379474.99,Wire Transfer,2025-08-26T22:11:59Z
TXN_001050,723590446661,554117410676,2072238.89,Hawala,2024-09-12T05:37:34Z
TXN_001051,869612379088,122324194131,1699710.27,Crypto Off-ramp,2023-09-07T18:38:32Z
TXN_001052,351611550322,169487396129,302811.57,ATM Withdrawal,2024-03-16T04:17:07Z
TXN_001053,122324194131,957657137173,1836030.05,Wire Transfer,2026-05-23T15:18:51Z
TXN_001054,790468289425,762264135789,1949541.31,Wire Transfer,2025-05-14T15:13:19Z
TXN_001055,342644074665,448900404767,224629.81,ATM Withdrawal,2026-05-05T17:56:51Z
TXN_001056,328153282163,180529890376,1182093.05,Hawala,2024-07-02T04:22:27Z
TXN_001057,597449585302,974355229003,338187.99,ATM Withdrawal,2024-02-06T10:53:19Z
TXN_001058,457933131256,918368477996,2382174.19,Wire Transfer,2025-09-19T20:20:00Z
TXN_001059,751628603640,565157647710,665258.21,Cash Deposit,2025-08-08T10:19:04Z
TXN_001060,224145981787,661095667521,2316041.58,ATM Withdrawal,2025-05-28T08:17:51Z
TXN_001061,672926992893,683392599504,407142.96,Crypto Off-ramp,2024-04-20T01:07:58Z
TXN_001062,795227432123,153913968659,2324673.56,Crypto Off-ramp,2026-03-11T19:50:01Z
TXN_001063,646774666704,430900922106,858025.85,ATM Withdrawal,2023-12-05T04:13:30Z
TXN_001064,905048074940,537020157057,761140.38,Wire Transfer,2026-01-06T13:58:18Z
TXN_001065,454197380790,247732945307,2159147.38,Wire Transfer,2025-10-15T22:09:13Z
TXN_001066,152735418295,154728732297,61441.07,ATM Withdrawal,2023-10-15T17:07:22Z
TXN_001067,428950721942,939536452900,23431.24,Hawala,2024-07-25T20:50:21Z
TXN_001068,685032160775,310423116808,1952446.46,ATM Withdrawal,2025-09-05T02:23:31Z
TXN_001069,406814827519,626359302200,211992.88,Crypto Off-ramp,2025-09-11T20:51:46Z
TXN_001070,336333326697,824686854563,938944.19,Cash Deposit,2023-02-18T14:50:21Z
TXN_001071,927522764700,716050113700,1268529.79,Crypto Off-ramp,2023-09-27T21:57:22Z
TXN_001072,659111498693,506295527057,1490403.58,ATM Withdrawal,2025-11-01T13:06:14Z
TXN_001073,689585771657,835694897979,2418551.38,Cash Deposit,2023-09-01T04:59:47Z
TXN_001074,213920747469,239772489895,1530416.76,Crypto Off-ramp,2026-05-07T02:38:05Z
TXN_001075,233315116783,336333326697,915615.55,ATM Withdrawal,2026-05-17T05:35:23Z
TXN_001076,917117510773,156551327248,891060.44,Cash Deposit,2024-05-03T07:40:08Z
TXN_001077,707020264365,404789066223,398578.13,Wire Transfer,2024-05-14T06:43:31Z
TXN_001078,328634319398,469317232018,1814138.15,Crypto Off-ramp,2023-10-04T04:28:21Z
TXN_001079,464588900070,554117410676,468606.65,ATM Withdrawal,2025-10-17T09:05:51Z
TXN_001080,168806662718,525942291846,1122591.42,Hawala,2025-10-09T18:23:36Z
TXN_001081,927522764700,227514957037,1142593.07,Crypto Off-ramp,2026-03-05T10:48:26Z
TXN_001082,167027944355,730724401929,519220.08,Wire Transfer,2025-08-31T02:23:05Z
TXN_001083,127008603057,483346987022,218348.09,Cash Deposit,2024-07-07T02:59:08Z
TXN_001084,985961406865,280193090820,476360.99,ATM Withdrawal,2024-08-04T06:52:18Z
TXN_001085,727442023806,207872783185,2134888.02,Hawala,2023-04-20T14:56:20Z
TXN_001086,608356359224,156975752858,1590089.86,Crypto Off-ramp,2024-02-24T08:25:33Z
TXN_001087,168005180900,693604183092,516823.68,Cash Deposit,2026-06-22T12:12:47Z
TXN_001088,805050638808,925887091241,595731.13,Wire Transfer,2023-11-27T06:02:51Z
TXN_001089,417289641770,765490890695,612137.41,ATM Withdrawal,2024-10-26T00:59:54Z
TXN_001090,727540389329,564557788508,968019.0,ATM Withdrawal,2024-12-07T19:20:33Z
TXN_001091,510222040245,985305458961,837262.01,ATM Withdrawal,2024-02-05T13:08:06Z
TXN_001092,610376749064,176995658533,569818.04,Wire Transfer,2025-04-05T13:05:37Z
TXN_001093,917117510773,348536595188,833341.17,Cash Deposit,2023-10-11T11:53:27Z
TXN_001094,198168548632,751628603640,1288024.12,Crypto Off-ramp,2024-08-29T06:11:23Z
TXN_001095,569536065326,961805038891,396436.44,Cash Deposit,2024-10-10T06:29:23Z
TXN_001096,538849564747,925433275044,618534.51,Cash Deposit,2023-05-20T14:46:52Z
TXN_001097,932138782905,220207332442,2164740.58,ATM Withdrawal,2023-09-26T02:16:45Z
TXN_001098,138834942383,362561190526,74990.65,Hawala,2024-08-02T11:07:55Z
TXN_001099,738926552621,985961406865,220602.7,ATM Withdrawal,2024-02-23T05:57:52Z
TXN_001100,125592084557,281726931149,648710.53,Wire Transfer,2023-02-01T12:44:24Z
TXN_001101,985961406865,825988056608,1070966.26,Cash Deposit,2023-03-20T05:26:57Z
TXN_001102,965361455055,461194404586,1602137.7,Cash Deposit,2023-12-22T08:13:30Z
TXN_001103,891761068049,229593833277,270410.93,Cash Deposit,2024-05-25T11:27:58Z
TXN_001104,278338984641,208787064499,2087059.3,Cash Deposit,2025-09-04T20:17:21Z
TXN_001105,623045427426,939536452900,2369307.94,ATM Withdrawal,2026-06-08T18:55:10Z
TXN_001106,456687581199,727540389329,288300.92,ATM Withdrawal,2023-04-10T04:10:25Z
TXN_001107,843883977052,646774666704,2311907.37,ATM Withdrawal,2025-10-09T22:31:11Z
TXN_001108,637224769598,716242661715,480475.62,Wire Transfer,2026-04-08T16:36:24Z
TXN_001109,519836034687,630946659683,1590679.51,Wire Transfer,2024-07-01T09:08:16Z
TXN_001110,353095832148,243944686612,2212954.33,Hawala,2024-02-13T09:25:45Z
TXN_001111,807173387409,926145655053,2079701.12,ATM Withdrawal,2025-05-27T07:21:34Z
TXN_001112,659535848106,565157647710,1719872.29,Crypto Off-ramp,2026-05-04T00:37:43Z
TXN_001113,497557374662,436659952875,1223153.34,Crypto Off-ramp,2024-08-18T04:26:24Z
TXN_001114,584831082628,375924112559,1644905.15,ATM Withdrawal,2023-04-06T14:12:38Z
TXN_001115,366644302955,436545066867,1072840.29,Cash Deposit,2026-01-18T16:04:00Z
TXN_001116,778729562887,629963016478,727962.67,Cash Deposit,2023-05-29T08:09:18Z
TXN_001117,327894680376,926367383437,576634.98,ATM Withdrawal,2026-02-08T01:24:19Z
TXN_001118,708002717560,128288496979,2070144.04,Wire Transfer,2025-10-21T08:54:11Z
TXN_001119,100393358576,971599312244,106553.58,ATM Withdrawal,2023-02-01T12:05:50Z
TXN_001120,784458615763,349044009729,2281026.5,ATM Withdrawal,2026-03-18T09:37:48Z
TXN_001121,760186576622,680169798747,566677.77,Crypto Off-ramp,2023-10-23T09:17:37Z
TXN_001122,730724401929,361140269616,1085951.62,Cash Deposit,2025-11-06T02:35:12Z
TXN_001123,844736758938,229326348518,391944.49,Wire Transfer,2023-04-14T15:33:44Z
TXN_001124,451005816415,255906701507,201911.39,ATM Withdrawal,2026-07-03T11:30:24Z
TXN_001125,488302786766,560237883698,1039944.95,ATM Withdrawal,2025-05-29T18:06:33Z
TXN_001126,203015443892,472584342257,927944.96,Hawala,2024-05-24T10:35:53Z
TXN_001127,576583505851,381613218102,603462.88,Hawala,2026-02-01T23:02:02Z
TXN_001128,814959613916,917447846195,1367704.48,Crypto Off-ramp,2023-02-11T18:50:52Z
TXN_001129,503898503537,721398574914,815982.54,Crypto Off-ramp,2025-03-04T09:18:10Z
TXN_001130,593183597777,124911242572,133838.67,ATM Withdrawal,2023-12-01T08:07:58Z
TXN_001131,834500536139,975714555153,1231657.28,ATM Withdrawal,2024-10-28T08:30:57Z
TXN_001132,233216812597,648156021620,263849.02,Hawala,2025-07-12T07:59:39Z
TXN_001133,220502665328,523676147636,2047696.67,ATM Withdrawal,2024-02-01T03:08:37Z
TXN_001134,720915169858,850807134230,1159923.11,ATM Withdrawal,2024-04-24T22:03:13Z
TXN_001135,446854951322,679342953237,2144635.51,ATM Withdrawal,2024-02-12T08:42:31Z
TXN_001136,421894146373,201723564789,1839208.92,Hawala,2026-06-10T20:27:40Z
TXN_001137,208295423543,468636468787,1203383.23,Crypto Off-ramp,2023-06-27T21:33:42Z
TXN_001138,617076660349,204842759146,2061324.16,Wire Transfer,2025-10-12T07:58:44Z
TXN_001139,827459100907,404724248906,1057691.5,Wire Transfer,2023-04-29T11:02:20Z
TXN_001140,933209869080,162896081661,1114218.05,ATM Withdrawal,2023-04-15T14:21:14Z
TXN_001141,842472346346,997814425058,186405.72,ATM Withdrawal,2026-01-10T19:30:21Z
TXN_001142,823926902828,311237897638,1739207.39,Hawala,2025-01-04T10:19:38Z
TXN_001143,138834942383,926145655053,285783.81,Wire Transfer,2024-03-18T13:18:27Z
TXN_001144,535088657361,807691942767,1274066.4,Cash Deposit,2024-03-06T13:09:56Z
TXN_001145,119474557561,726071779657,793233.34,Hawala,2026-04-18T10:11:31Z
TXN_001146,104364311538,439404690412,1017820.89,Hawala,2023-05-19T20:36:50Z
TXN_001147,323470969897,669763033502,1702326.59,Cash Deposit,2023-04-28T20:17:03Z
TXN_001148,769926325174,454707694263,1422821.7,Cash Deposit,2026-02-02T11:44:54Z
TXN_001149,913849523641,525942291846,887230.95,ATM Withdrawal,2025-09-20T19:19:59Z
TXN_001150,452167379163,552545519156,1019465.16,Cash Deposit,2023-05-18T11:49:16Z
TXN_001151,481498187599,519836034687,435695.07,Wire Transfer,2023-01-01T05:52:57Z
TXN_001152,304574075460,831433811484,2499566.96,ATM Withdrawal,2026-03-09T00:45:17Z
TXN_001153,628805382225,977966859699,1607171.64,Cash Deposit,2026-03-02T22:04:02Z
TXN_001154,217140779211,795227432123,603703.78,Crypto Off-ramp,2023-09-15T04:37:48Z
TXN_001155,687552642739,807783122457,1270146.38,Cash Deposit,2024-10-29T09:13:13Z
TXN_001156,597156755523,118566111883,200066.27,Cash Deposit,2025-05-25T15:53:36Z
TXN_001157,434864719590,229728052480,721915.41,ATM Withdrawal,2023-04-22T14:45:06Z
TXN_001158,329382103465,473027171465,506044.84,Crypto Off-ramp,2024-10-08T12:40:56Z
TXN_001159,461194404586,301959599224,595927.0,Crypto Off-ramp,2024-12-02T01:56:26Z
TXN_001160,506369708658,738926552621,248035.7,Hawala,2026-06-24T21:13:30Z
TXN_001161,353022454173,911560162315,1957459.86,Cash Deposit,2025-06-20T19:43:08Z
TXN_001162,295738775171,446117981702,828844.34,ATM Withdrawal,2024-05-02T07:02:33Z
TXN_001163,843883977052,909902871942,1669641.88,Cash Deposit,2025-06-11T14:43:58Z
TXN_001164,418580135461,898764459927,1662465.65,Crypto Off-ramp,2024-02-16T08:37:04Z
TXN_001165,405889038053,965361455055,340200.04,ATM Withdrawal,2024-12-12T15:23:00Z
TXN_001166,491199657717,211031647240,2432126.86,Wire Transfer,2025-03-26T05:25:38Z
TXN_001167,211680906360,991649259877,245161.92,Wire Transfer,2024-11-13T07:45:45Z
TXN_001168,180232057210,881401340548,813783.08,ATM Withdrawal,2024-07-18T15:33:23Z
TXN_001169,974357501234,457707017893,1647410.62,Crypto Off-ramp,2026-04-11T15:27:08Z
TXN_001170,244556628194,762480563971,364522.21,Hawala,2025-12-11T10:25:05Z
TXN_001171,758759696106,656483238381,1018690.65,Crypto Off-ramp,2025-01-13T08:12:40Z
TXN_001172,162896081661,654802816141,2100951.11,Cash Deposit,2025-07-01T18:11:07Z
TXN_001173,882666446589,210680394106,80108.45,Crypto Off-ramp,2026-05-04T03:19:30Z
TXN_001174,454707694263,378469771979,1371844.19,Crypto Off-ramp,2023-11-30T12:58:08Z
TXN_001175,232607723559,353095832148,527184.67,Wire Transfer,2024-07-14T10:30:52Z
TXN_001176,282139591375,138636041735,2439693.5,Wire Transfer,2024-09-18T02:54:28Z
TXN_001177,767619120197,562154826730,1509488.13,Crypto Off-ramp,2025-03-22T14:39:52Z
TXN_001178,918741534001,461946293714,575987.46,Hawala,2025-03-24T07:16:31Z
TXN_001179,362453078327,521329089468,1636041.51,Cash Deposit,2023-09-22T07:00:02Z
TXN_001180,701280476832,144998273972,814863.27,Cash Deposit,2024-03-27T10:12:06Z
TXN_001181,506706826069,807691942767,1578057.35,Crypto Off-ramp,2025-02-25T08:03:23Z
TXN_001182,352306355987,331469113742,832871.05,ATM Withdrawal,2025-07-29T10:18:39Z
TXN_001183,821033444790,624400037611,180438.96,Wire Transfer,2025-11-08T17:47:58Z
TXN_001184,646774666704,635614187759,1835740.85,Cash Deposit,2024-04-06T21:42:44Z
TXN_001185,177114680095,652166425786,1198526.57,Cash Deposit,2023-11-23T13:31:59Z
TXN_001186,416283947099,137842223732,1948465.73,Crypto Off-ramp,2024-01-27T02:18:36Z
TXN_001187,891942885285,750261270391,711619.3,Crypto Off-ramp,2023-09-19T12:55:13Z
TXN_001188,600950801588,578038183346,2141925.33,Cash Deposit,2025-11-30T02:20:48Z
TXN_001189,894610375744,169487396129,1014789.23,Hawala,2023-05-23T12:06:39Z
TXN_001190,495664914015,957598637179,1921121.59,Cash Deposit,2023-05-28T21:57:35Z
TXN_001191,615405040246,926145655053,137587.35,Hawala,2023-12-07T02:44:11Z
TXN_001192,483346987022,535761856470,646855.69,Crypto Off-ramp,2024-02-17T20:17:45Z
TXN_001193,262233765324,138636041735,336043.73,Wire Transfer,2024-10-23T06:44:07Z
TXN_001194,136394084004,413094617397,940389.83,ATM Withdrawal,2023-02-10T14:55:42Z
TXN_001195,457707017893,411402863936,1049859.38,Wire Transfer,2026-03-15T04:41:52Z
TXN_001196,276616372780,170994058601,1668293.13,Wire Transfer,2025-09-01T12:22:44Z
TXN_001197,330678874270,783615918438,1254498.67,ATM Withdrawal,2025-02-18T22:27:16Z
TXN_001198,905027059738,368707366587,2026307.55,Cash Deposit,2023-08-22T14:03:53Z
TXN_001199,820652046614,345866676491,827116.01,Wire Transfer,2026-03-18T22:51:56Z
TXN_001200,342169934180,406814827519,2178776.48,Hawala,2023-08-24T09:09:52Z
TXN_001201,474951570420,754937671430,1938263.66,Crypto Off-ramp,2024-11-22T06:33:28Z
TXN_001202,201016959945,838505041166,1550109.3,ATM Withdrawal,2025-12-17T20:26:35Z
TXN_001203,184625700815,820652046614,227869.37,Cash Deposit,2026-01-14T23:50:34Z
TXN_001204,797063242206,329382103465,1325402.38,ATM Withdrawal,2024-05-16T03:44:23Z
TXN_001205,121843130183,968658495736,173181.38,Cash Deposit,2025-12-07T12:49:53Z
TXN_001206,597796423739,763103240905,173480.76,Crypto Off-ramp,2026-05-08T16:15:12Z
TXN_001207,563396478651,839346014479,2398036.59,Hawala,2024-11-16T06:59:11Z
TXN_001208,972917243452,443680694402,358695.83,Wire Transfer,2025-01-20T11:59:03Z
TXN_001209,528758951461,649826008287,1050282.62,Wire Transfer,2025-10-31T10:35:52Z
TXN_001210,332604838756,400536410991,1265329.28,Crypto Off-ramp,2023-08-06T23:25:28Z
TXN_001211,210520978942,889773004736,1930583.86,Cash Deposit,2025-04-20T20:13:16Z
TXN_001212,896033951248,529356584845,1159196.15,Hawala,2023-12-06T20:10:00Z
TXN_001213,104364311538,411402863936,1387072.25,ATM Withdrawal,2025-12-30T14:31:36Z
TXN_001214,415771400787,881911556237,637873.09,Wire Transfer,2023-12-21T08:52:29Z
TXN_001215,105902392359,556799344325,762736.18,Hawala,2024-08-19T09:54:04Z
TXN_001216,692268016092,880326884118,1606414.86,Crypto Off-ramp,2025-05-30T23:21:07Z
TXN_001217,250423233662,162327312864,618147.95,ATM Withdrawal,2025-11-15T20:52:52Z
TXN_001218,555310459741,454707694263,862280.15,Wire Transfer,2025-04-17T08:09:57Z
TXN_001219,608943389366,797839583899,417394.73,Cash Deposit,2023-01-06T03:26:26Z
TXN_001220,971599312244,264223925737,948010.06,Wire Transfer,2026-07-27T20:30:45Z
TXN_001221,323000653492,692806548927,1089720.21,Wire Transfer,2025-06-08T15:18:30Z
TXN_001222,334823928130,933209869080,2143517.04,Crypto Off-ramp,2023-05-23T05:47:17Z
TXN_001223,512033049213,750675231453,1790566.79,ATM Withdrawal,2025-12-17T12:06:04Z
TXN_001224,748302533039,342263652742,813952.09,Crypto Off-ramp,2024-08-20T22:28:49Z
TXN_001225,176321164621,424666491554,894783.27,Wire Transfer,2025-05-09T17:08:59Z
TXN_001226,972922333083,342169934180,1201554.42,Cash Deposit,2023-03-30T10:12:31Z
TXN_001227,590208135304,440133403657,755528.52,Hawala,2024-08-20T17:41:52Z
TXN_001228,497557374662,342644074665,851701.19,Cash Deposit,2023-09-15T23:09:00Z
TXN_001229,174923256230,311237897638,2410538.85,ATM Withdrawal,2025-07-25T17:20:17Z
TXN_001230,445749571553,519923177633,782302.12,Cash Deposit,2026-06-19T06:59:17Z
TXN_001231,687552642739,104594937577,393125.51,ATM Withdrawal,2024-01-09T00:48:57Z
TXN_001232,866141809814,974355229003,1139383.71,Wire Transfer,2023-03-12T02:00:43Z
TXN_001233,957598637179,509424579955,1992218.01,Hawala,2026-06-22T19:01:40Z
TXN_001234,848752463095,383175827127,1507180.75,Cash Deposit,2024-12-17T05:54:32Z
TXN_001235,590208135304,140862197060,1857830.8,Crypto Off-ramp,2024-07-24T21:19:19Z
TXN_001236,767619120197,185926461741,1610390.09,Wire Transfer,2025-05-04T12:57:11Z
TXN_001237,963887282468,187601656984,349059.3,Crypto Off-ramp,2023-07-16T08:13:13Z
TXN_001238,808912330377,336042626187,1861937.08,Hawala,2025-02-08T09:21:53Z
TXN_001239,876432006248,587273968867,1463081.59,Wire Transfer,2023-10-28T07:42:53Z
TXN_001240,529441262209,651215462593,2336844.36,ATM Withdrawal,2024-01-31T06:32:17Z
TXN_001241,637940784336,358505791479,393684.09,Hawala,2026-07-02T05:03:10Z
TXN_001242,269452154032,633950487429,729429.86,ATM Withdrawal,2026-01-02T10:22:21Z
TXN_001243,790468289425,262233765324,426828.0,Cash Deposit,2023-04-21T10:28:46Z
TXN_001244,255580207446,111035185213,2232312.37,Crypto Off-ramp,2026-02-17T23:26:49Z
TXN_001245,750675231453,214310617088,881049.13,Cash Deposit,2025-03-31T01:56:04Z
TXN_001246,405889038053,769958759501,591809.9,Hawala,2025-10-10T12:08:11Z
TXN_001247,200930364898,600864536118,872727.96,Wire Transfer,2026-06-07T19:50:22Z
TXN_001248,590208135304,617942734581,199364.94,Hawala,2025-02-04T07:13:01Z
TXN_001249,435883952703,841728851745,1742804.57,Crypto Off-ramp,2024-12-30T03:30:56Z
TXN_001250,727540389329,351387626218,455121.97,Wire Transfer,2023-11-25T05:53:21Z
TXN_001251,654009995875,378469771979,1851405.39,Hawala,2023-04-29T16:38:43Z
TXN_001252,968988148798,916707106505,264086.2,ATM Withdrawal,2023-02-16T13:08:52Z
TXN_001253,583392419021,809764817410,544022.81,Wire Transfer,2025-02-27T04:11:53Z
TXN_001254,576985766548,563396478651,1427098.23,Hawala,2023-11-17T23:00:08Z
TXN_001255,416158496686,290006412542,474667.17,ATM Withdrawal,2023-05-09T02:15:55Z
TXN_001256,672823370623,659535848106,2055725.14,Wire Transfer,2023-09-09T05:27:03Z
TXN_001257,268554842725,752125509707,387362.63,ATM Withdrawal,2024-09-24T06:34:19Z
TXN_001258,979314113745,201212222063,1366273.97,Cash Deposit,2024-01-02T22:57:11Z
TXN_001259,815365440842,965333637017,2307507.94,ATM Withdrawal,2024-10-17T00:32:19Z
TXN_001260,365274491822,144998273972,624122.35,Cash Deposit,2025-02-24T05:59:31Z
TXN_001261,342169934180,791939043931,909042.96,ATM Withdrawal,2025-03-26T00:41:05Z
TXN_001262,290932531321,643006455836,1649183.64,ATM Withdrawal,2024-11-07T17:43:46Z
TXN_001263,455892047104,904693237725,1145907.57,ATM Withdrawal,2025-02-07T20:31:35Z
TXN_001264,457534054609,132072153368,450082.15,Cash Deposit,2024-10-12T11:14:49Z
TXN_001265,561304365582,784458615763,400474.84,Hawala,2025-10-16T04:36:37Z
TXN_001266,457323121762,771031557769,1326463.61,Crypto Off-ramp,2024-02-27T05:08:41Z
TXN_001267,685032160775,784458615763,75495.46,ATM Withdrawal,2023-10-16T13:46:09Z
TXN_001268,381613218102,565157647710,2202371.97,ATM Withdrawal,2023-03-04T18:41:06Z
TXN_001269,470075403629,672926992893,642839.61,Hawala,2026-05-21T15:30:31Z
TXN_001270,784846251719,723590446661,1388286.37,ATM Withdrawal,2023-02-27T10:30:10Z
TXN_001271,338754551365,169412101082,1161772.64,ATM Withdrawal,2025-06-14T16:10:17Z
TXN_001272,378085326817,978620847134,2062973.49,Hawala,2025-10-02T18:33:48Z
TXN_001273,617942734581,675792551808,2239419.88,Crypto Off-ramp,2024-07-08T17:04:07Z
TXN_001274,729679831486,256745702997,1044367.09,ATM Withdrawal,2026-01-24T03:14:23Z
TXN_001275,217140779211,784458615763,139889.63,Hawala,2026-07-20T23:17:00Z
TXN_001276,121843130183,989400380840,2126512.41,Cash Deposit,2024-03-06T15:18:13Z
TXN_001277,321346766736,178267079906,1056347.25,ATM Withdrawal,2026-06-22T22:42:29Z
TXN_001278,519861247419,570155147817,2268200.58,Hawala,2023-12-05T09:28:21Z
TXN_001279,255906701507,457323121762,1707520.85,Wire Transfer,2025-02-26T06:46:01Z
TXN_001280,927123994306,972922333083,2304005.02,Cash Deposit,2026-07-16T21:49:32Z
TXN_001281,180232057210,415771400787,2013975.63,Cash Deposit,2024-04-20T05:03:06Z
TXN_001282,445259040790,597796423739,936031.1,Cash Deposit,2025-06-28T05:53:45Z
TXN_001283,521329089468,794742375049,1735648.06,Cash Deposit,2025-01-01T01:01:40Z
TXN_001284,528758951461,287680301350,1211069.21,Crypto Off-ramp,2023-06-30T18:12:55Z
TXN_001285,662530568731,523676147636,2172730.08,Hawala,2023-09-17T01:00:15Z
TXN_001286,349969704933,799031538638,2236346.18,ATM Withdrawal,2024-10-11T00:29:57Z
TXN_001287,905027059738,328153282163,2304614.15,ATM Withdrawal,2024-06-03T23:59:58Z
TXN_001288,778738835456,764567845862,448497.31,ATM Withdrawal,2026-04-29T05:36:37Z
TXN_001289,716050113700,942578781506,1490903.83,Cash Deposit,2024-03-24T11:37:56Z
TXN_001290,188618091706,679284344186,51358.06,Cash Deposit,2025-04-09T16:00:04Z
TXN_001291,158683487635,891761068049,1336879.99,Crypto Off-ramp,2026-01-23T07:57:07Z
TXN_001292,464375900541,831433811484,277816.91,Cash Deposit,2024-05-16T23:02:56Z
TXN_001293,518155956828,170753242751,1105766.99,ATM Withdrawal,2023-07-21T22:05:36Z
TXN_001294,591287149742,200930364898,1990743.08,ATM Withdrawal,2025-12-20T10:32:36Z
TXN_001295,375924112559,904693237725,2278744.6,ATM Withdrawal,2025-10-20T04:06:34Z
TXN_001296,889566853259,344350808753,1622617.02,Wire Transfer,2023-12-09T22:12:41Z
TXN_001297,445259040790,229728052480,2415556.98,Wire Transfer,2024-12-23T14:14:06Z
TXN_001298,656483238381,684624250184,1062321.26,Cash Deposit,2023-12-01T01:06:17Z
TXN_001299,863787984130,869612379088,2333040.8,ATM Withdrawal,2026-01-03T01:52:42Z
TXN_001300,985305458961,236793283295,804579.08,Cash Deposit,2026-05-11T08:36:49Z
TXN_001301,761923001204,180529890376,1738896.49,Hawala,2023-11-17T22:35:21Z
TXN_001302,404911227195,361140269616,2161287.83,Hawala,2026-03-05T09:28:33Z
TXN_001303,159190716367,199627496988,1814270.86,Crypto Off-ramp,2025-12-22T20:23:19Z
TXN_001304,193079706303,659535848106,1740248.66,Wire Transfer,2025-02-17T06:08:31Z
TXN_001305,979314113745,894938726113,589803.17,Cash Deposit,2023-02-01T10:54:15Z
TXN_001306,501751181123,430900922106,2236406.37,Wire Transfer,2023-07-10T01:28:20Z
TXN_001307,579442433310,943963062529,2112155.6,Hawala,2024-08-15T00:56:04Z
TXN_001308,942433066333,800125921897,524038.55,Wire Transfer,2023-03-13T10:26:28Z
TXN_001309,281726931149,938005546431,2121182.45,Cash Deposit,2024-12-30T15:12:17Z
TXN_001310,991032224215,685032160775,1720528.11,Cash Deposit,2024-10-12T13:57:45Z
TXN_001311,460888192010,881401340548,932590.63,Cash Deposit,2023-07-28T20:45:12Z
TXN_001312,105902392359,172659966808,230281.78,Crypto Off-ramp,2024-09-01T19:35:18Z
TXN_001313,997814425058,672195443540,1177413.77,Crypto Off-ramp,2023-12-19T09:50:54Z
TXN_001314,723053205254,118145484224,203550.87,ATM Withdrawal,2025-04-27T17:56:03Z
TXN_001315,745081748726,129703671966,1415235.19,Crypto Off-ramp,2026-01-28T01:31:42Z
TXN_001316,121792337700,857589551981,1376564.27,Wire Transfer,2026-06-30T08:21:30Z
TXN_001317,409053230634,146577624618,1160607.96,Cash Deposit,2026-05-14T06:22:25Z
TXN_001318,937542986030,194363632422,1876430.63,ATM Withdrawal,2024-02-25T09:25:34Z
TXN_001319,952604350668,213920747469,1851504.35,ATM Withdrawal,2026-04-02T03:18:19Z
TXN_001320,784038745263,157414983384,1040307.68,Hawala,2024-02-24T13:53:25Z
TXN_001321,279230618842,325614360495,1083243.96,Cash Deposit,2024-11-24T21:58:34Z
TXN_001322,403942159363,137842223732,1995651.41,ATM Withdrawal,2024-09-16T07:41:43Z
TXN_001323,298099898903,312893307017,796769.98,Cash Deposit,2025-01-04T00:37:32Z
TXN_001324,695159093902,479934056725,717462.09,Crypto Off-ramp,2023-06-22T12:00:38Z
TXN_001325,897175243274,762264135789,466705.49,Cash Deposit,2025-11-13T09:07:43Z
TXN_001326,888459237999,349044009729,314198.06,ATM Withdrawal,2025-04-18T18:00:05Z
TXN_001327,526537892598,318227898860,189891.76,Hawala,2023-10-23T09:35:05Z
TXN_001328,445259040790,275732237306,1284348.65,Hawala,2026-01-29T17:32:40Z
TXN_001329,617942734581,579442433310,889703.17,Hawala,2026-07-14T12:38:23Z
TXN_001330,295738775171,368707366587,616723.58,ATM Withdrawal,2024-12-02T19:38:43Z
TXN_001331,290932531321,525613326953,681390.09,Wire Transfer,2024-01-25T02:45:51Z
TXN_001332,861909976204,926367383437,1335741.72,Crypto Off-ramp,2023-05-11T04:02:22Z
TXN_001333,684051680589,136394084004,678698.66,Hawala,2024-01-14T08:05:29Z
TXN_001334,473845789219,362453078327,1881353.85,Wire Transfer,2024-09-11T00:32:26Z
TXN_001335,458788424042,564557788508,2225021.15,Crypto Off-ramp,2024-12-02T18:45:49Z
TXN_001336,926283603919,650347115415,2356488.85,ATM Withdrawal,2024-03-20T06:52:21Z
TXN_001337,237845139611,439690675628,710441.22,Wire Transfer,2026-06-05T01:16:13Z
TXN_001338,854329514569,901852651047,1218296.65,ATM Withdrawal,2025-03-15T18:45:01Z
TXN_001339,176995658533,535088657361,1021471.97,Wire Transfer,2023-04-18T07:25:11Z
TXN_001340,323526748585,310572218806,1792713.68,Crypto Off-ramp,2025-12-03T10:40:36Z
TXN_001341,318227898860,583392419021,515560.59,ATM Withdrawal,2025-05-29T13:45:24Z
TXN_001342,208687734442,423438519866,2309249.89,Hawala,2024-08-26T16:29:06Z
TXN_001343,881401340548,361694492375,1456023.74,ATM Withdrawal,2023-03-06T12:36:36Z
TXN_001344,438154023477,615405040246,1841272.93,ATM Withdrawal,2025-07-19T20:12:09Z
TXN_001345,133508884937,261742492357,1252184.94,ATM Withdrawal,2025-03-05T16:06:07Z
TXN_001346,642040369994,410467891291,1303225.26,Wire Transfer,2023-06-17T23:13:38Z
TXN_001347,930481160814,718787062692,2198902.65,Cash Deposit,2023-01-09T11:36:54Z
TXN_001348,751628603640,184592112887,208942.74,Cash Deposit,2026-05-12T14:13:34Z
TXN_001349,827459100907,545223117643,655571.94,Crypto Off-ramp,2025-01-18T10:47:03Z
TXN_001350,320678302110,255310733306,2315824.44,Crypto Off-ramp,2025-12-09T13:56:56Z
TXN_001351,911560162315,722071947893,365645.86,Cash Deposit,2023-02-04T21:33:49Z
TXN_001352,943305821081,445697998316,1623450.49,Crypto Off-ramp,2026-02-18T06:00:12Z
TXN_001353,986429197802,943963062529,2075444.74,Cash Deposit,2025-02-17T01:04:39Z
TXN_001354,833880851734,905027059738,1881314.18,Cash Deposit,2025-06-17T01:57:16Z
TXN_001355,893846554896,587273968867,1200479.04,Hawala,2023-01-12T11:07:19Z
TXN_001356,540965129473,564557788508,1335277.48,ATM Withdrawal,2026-02-16T18:11:10Z
TXN_001357,395852735525,640382414992,762928.82,Hawala,2025-10-25T02:38:06Z
TXN_001358,247649916530,812755989046,2421846.31,Hawala,2026-01-04T14:02:59Z
TXN_001359,921510577574,247732945307,1692112.06,ATM Withdrawal,2023-04-04T10:08:45Z
TXN_001360,528758951461,139636728813,2276304.51,Crypto Off-ramp,2023-10-04T16:43:04Z
TXN_001361,336042626187,436500483851,1340922.69,Cash Deposit,2026-07-08T11:16:19Z
TXN_001362,881401340548,323526748585,1010579.62,Crypto Off-ramp,2024-05-06T16:36:11Z
TXN_001363,805050638808,704123605871,1324616.94,Cash Deposit,2023-12-30T00:58:55Z
TXN_001364,792429017371,757653326842,2104685.84,Wire Transfer,2023-10-01T02:25:37Z
TXN_001365,137085456283,375924112559,1214517.92,Wire Transfer,2026-07-04T15:42:09Z
TXN_001366,965333637017,855984816312,1700584.76,Wire Transfer,2024-05-27T13:54:23Z
TXN_001367,366644302955,707754044012,447405.73,Hawala,2023-08-22T05:26:50Z
TXN_001368,612460425385,239367051012,1631567.39,Hawala,2023-09-20T03:43:00Z
TXN_001369,175193781324,529441262209,1955382.56,Hawala,2024-12-21T17:30:23Z
TXN_001370,183166824340,436301446863,153619.07,ATM Withdrawal,2024-04-24T16:33:26Z
TXN_001371,925433275044,192606739113,698008.39,Hawala,2025-06-08T02:40:19Z
TXN_001372,695159093902,398030335767,2387502.72,Cash Deposit,2024-05-22T09:10:15Z
TXN_001373,496888589631,898764459927,1099841.44,ATM Withdrawal,2023-10-21T09:07:29Z
TXN_001374,408249569141,454707694263,99656.7,ATM Withdrawal,2023-07-27T05:00:48Z
TXN_001375,340174048328,416283947099,672075.41,ATM Withdrawal,2023-07-08T05:05:11Z
TXN_001376,949886719545,898764459927,1572006.26,Wire Transfer,2023-01-01T05:25:36Z
TXN_001377,597449585302,731806075889,797785.57,Crypto Off-ramp,2023-03-27T00:44:20Z
TXN_001378,174603445189,297882139006,1449012.59,Crypto Off-ramp,2024-01-31T13:47:50Z
TXN_001379,309745910171,210680394106,688969.47,Wire Transfer,2024-08-04T23:05:44Z
TXN_001380,160565223285,740907432301,1275612.46,Hawala,2023-09-22T07:38:21Z
TXN_001381,567224239240,421337899597,564750.86,Hawala,2026-03-03T05:37:52Z
TXN_001382,901852651047,672926992893,159025.25,Wire Transfer,2023-07-17T12:24:04Z
TXN_001383,321182085004,807783122457,490777.82,Hawala,2026-01-25T09:19:07Z
TXN_001384,916019518291,720915169858,1424875.68,Hawala,2026-01-18T09:33:30Z
TXN_001385,926367383437,757653326842,2316512.23,ATM Withdrawal,2023-07-07T00:02:39Z
TXN_001386,129703671966,914060519667,1239799.73,Cash Deposit,2023-02-26T06:28:39Z
TXN_001387,570155147817,939536452900,254186.94,Cash Deposit,2026-04-29T02:38:26Z
TXN_001388,691594197944,882666446589,2121112.45,Wire Transfer,2025-12-08T12:56:34Z
TXN_001389,175193781324,275330503693,851956.05,Hawala,2023-05-23T15:44:48Z
TXN_001390,932138782905,446854951322,1528659.84,ATM Withdrawal,2025-09-23T13:54:11Z
TXN_001391,255749522616,807783122457,2033604.11,ATM Withdrawal,2023-05-18T22:46:34Z
TXN_001392,319639108224,506369708658,1591663.67,Wire Transfer,2026-01-10T13:57:40Z
TXN_001393,505790437758,733084476154,1563972.54,ATM Withdrawal,2024-12-28T12:22:06Z
TXN_001394,298099898903,769926325174,1216353.76,Hawala,2023-02-03T11:28:12Z
TXN_001395,977029968814,720301931247,274522.51,Cash Deposit,2026-05-30T15:17:27Z
TXN_001396,774614865670,351119549747,2035587.34,Crypto Off-ramp,2023-03-22T13:00:36Z
TXN_001397,671213975238,793468696662,278667.08,Wire Transfer,2024-04-13T14:10:49Z
TXN_001398,805676852121,491199657717,347254.62,Wire Transfer,2024-09-23T08:52:53Z
TXN_001399,457933131256,608356359224,954195.36,Hawala,2025-10-03T02:10:27Z
TXN_001400,761923001204,526537892598,1542306.79,Hawala,2025-09-08T14:05:05Z
TXN_001401,882118402127,139321366532,480213.09,Cash Deposit,2023-08-14T09:14:41Z
TXN_001402,168806662718,261947364074,1526703.9,Hawala,2024-08-02T19:46:59Z
TXN_001403,146577624618,132072153368,1859474.81,Cash Deposit,2024-08-11T08:15:56Z
TXN_001404,716242661715,759729331177,1720717.52,Crypto Off-ramp,2025-08-19T08:38:19Z
TXN_001405,372868678403,238591784094,1114469.55,Wire Transfer,2023-08-10T02:57:50Z
TXN_001406,440133403657,407302026538,2010737.06,Wire Transfer,2023-05-31T13:27:48Z
TXN_001407,637224769598,179603418555,873648.34,ATM Withdrawal,2024-11-30T21:21:26Z
TXN_001408,519923177633,680169798747,1995573.7,Hawala,2025-10-04T14:17:23Z
TXN_001409,773165086983,305926686392,1931909.73,ATM Withdrawal,2024-12-07T05:06:31Z
TXN_001410,150128451571,577667237814,1670777.88,Wire Transfer,2024-09-07T05:24:27Z
TXN_001411,833880851734,238591784094,2167238.35,ATM Withdrawal,2025-01-04T04:21:22Z
TXN_001412,373464964815,515251518984,2069510.84,ATM Withdrawal,2023-10-12T04:08:36Z
TXN_001413,549821150470,374222558529,2048986.96,Hawala,2025-04-23T16:47:03Z
TXN_001414,457323121762,193079706303,117526.43,Wire Transfer,2023-08-08T20:25:12Z
TXN_001415,624278042197,104261628430,1074272.13,Crypto Off-ramp,2026-05-05T10:23:22Z
TXN_001416,975186943779,790468289425,802635.74,Wire Transfer,2023-06-05T18:37:38Z
TXN_001417,353022454173,437890066202,1872437.98,Hawala,2023-09-15T19:33:24Z
TXN_001418,283949311860,563332328494,658436.96,Wire Transfer,2025-08-25T15:46:59Z
TXN_001419,268554842725,799029249819,37798.68,Cash Deposit,2026-07-11T06:04:04Z
TXN_001420,373993603748,485487570495,1767660.98,ATM Withdrawal,2023-04-11T22:42:00Z
TXN_001421,129703671966,991032224215,2440042.94,Cash Deposit,2025-10-28T02:05:36Z
TXN_001422,324505342081,169412101082,1533372.19,Crypto Off-ramp,2025-11-18T00:03:45Z
TXN_001423,662530568731,537907453529,368230.31,Wire Transfer,2023-09-22T11:30:10Z
TXN_001424,741092105305,168806662718,1285503.8,Cash Deposit,2026-07-03T09:32:08Z
TXN_001425,232117442989,704123605871,680192.04,Cash Deposit,2023-12-17T00:35:57Z
TXN_001426,886605072969,791935869243,747899.4,Hawala,2023-02-02T11:51:00Z
TXN_001427,560237883698,977051496663,1505392.82,ATM Withdrawal,2025-03-03T01:47:54Z
TXN_001428,312893307017,774614865670,299113.67,Hawala,2026-04-09T05:03:45Z
TXN_001429,635287718608,409053230634,855408.74,Hawala,2023-03-09T05:51:29Z
TXN_001430,506295527057,741092105305,650640.96,ATM Withdrawal,2025-03-24T09:01:57Z
TXN_001431,810115598369,930481160814,649258.54,Wire Transfer,2024-06-13T06:02:42Z
TXN_001432,298099898903,844736758938,1095601.39,ATM Withdrawal,2026-06-18T22:19:23Z
TXN_001433,908831295908,288549081524,1461903.47,Crypto Off-ramp,2026-03-06T06:03:11Z
TXN_001434,595582391252,232117442989,1941766.12,Cash Deposit,2023-02-23T23:01:07Z
TXN_001435,584133786322,185926461741,1882110.57,Cash Deposit,2025-12-30T12:37:49Z
TXN_001436,168806662718,435883952703,1888560.91,Wire Transfer,2025-07-10T03:01:19Z
TXN_001437,880326884118,844318281380,803838.08,Cash Deposit,2025-07-25T02:12:45Z
TXN_001438,769926325174,208787064499,1887287.27,Hawala,2023-04-23T09:41:43Z
TXN_001439,435923206753,247649916530,2222505.81,ATM Withdrawal,2024-03-18T13:35:41Z
TXN_001440,275669129509,100393358576,2259701.54,Hawala,2023-10-13T10:28:18Z
TXN_001441,649826008287,529441262209,355920.45,ATM Withdrawal,2024-06-04T11:43:53Z
TXN_001442,917447846195,535088657361,2474529.04,Cash Deposit,2023-08-30T05:25:26Z
TXN_001443,758759696106,763724020729,1854848.65,Wire Transfer,2024-03-08T05:44:23Z
TXN_001444,926283603919,319215689220,62990.02,Cash Deposit,2024-11-16T19:15:06Z
TXN_001445,936341387987,569456188828,1776850.01,Wire Transfer,2024-11-05T14:45:05Z
TXN_001446,312893307017,974355229003,1384816.24,Hawala,2025-02-25T10:03:10Z
TXN_001447,323000653492,952232726388,2493803.71,Cash Deposit,2026-01-23T05:11:21Z
TXN_001448,362453078327,847754399234,872610.77,Hawala,2023-06-12T15:38:29Z
TXN_001449,999499066965,476717445096,1479722.7,Cash Deposit,2024-08-15T02:01:44Z
TXN_001450,719127142940,321182085004,2458487.25,Wire Transfer,2024-11-05T07:09:19Z
TXN_001451,693604183092,252787846279,2072843.69,Cash Deposit,2024-08-29T03:29:15Z
TXN_001452,704123605871,566805926240,2170227.32,Wire Transfer,2023-03-17T03:05:33Z
TXN_001453,318259719323,911560162315,510261.21,ATM Withdrawal,2023-03-04T23:18:39Z
TXN_001454,288549081524,723757284548,994103.89,Cash Deposit,2023-01-20T17:29:54Z
TXN_001455,577667237814,540578654853,2093335.76,Cash Deposit,2026-01-20T17:32:53Z
TXN_001456,624278042197,438154023477,717857.86,Wire Transfer,2024-02-16T02:22:53Z
TXN_001457,852090325479,275732237306,2493858.71,Cash Deposit,2025-08-19T15:02:30Z
TXN_001458,624400037611,211680906360,491955.19,ATM Withdrawal,2024-08-18T02:48:42Z
TXN_001459,610989253293,791415492242,1887836.28,Crypto Off-ramp,2024-02-12T01:54:37Z
TXN_001460,350265095151,207872783185,310765.43,Crypto Off-ramp,2026-06-25T19:25:30Z
TXN_001461,896163552047,967113311304,1720235.73,Cash Deposit,2024-12-20T07:17:22Z
TXN_001462,525942291846,617076660349,39019.23,Hawala,2024-01-14T10:39:53Z
TXN_001463,140286652786,863350696599,854071.41,Crypto Off-ramp,2023-06-27T23:08:48Z
TXN_001464,392493759560,683392599504,215161.99,Crypto Off-ramp,2025-06-05T00:29:26Z
TXN_001465,192606739113,352975736581,1429135.85,ATM Withdrawal,2023-12-17T06:16:52Z
TXN_001466,374730111102,971599312244,2229407.7,Crypto Off-ramp,2023-08-28T17:23:52Z
TXN_001467,700251415691,897175243274,712040.0,Crypto Off-ramp,2025-07-22T00:09:08Z
TXN_001468,570155147817,409053230634,2271810.29,Wire Transfer,2024-06-19T09:53:11Z
TXN_001469,824430779269,485487570495,1784470.4,Hawala,2025-02-10T11:56:06Z
TXN_001470,921510577574,383175827127,1121108.4,Cash Deposit,2023-04-18T12:09:47Z
TXN_001471,608943389366,167027944355,562349.12,Hawala,2024-10-06T05:29:43Z
TXN_001472,218671130355,683392599504,137788.26,Crypto Off-ramp,2025-04-15T09:41:53Z
TXN_001473,405244528227,461946293714,960836.99,Wire Transfer,2024-07-25T04:35:39Z
TXN_001474,188618091706,129703671966,1867545.22,Cash Deposit,2023-02-26T18:29:06Z
TXN_001475,403735228688,711526117093,2327560.79,Wire Transfer,2024-10-27T04:36:43Z
TXN_001476,154728732297,305926686392,1529360.49,ATM Withdrawal,2025-09-02T01:43:18Z
TXN_001477,407516430908,207872783185,277199.04,Cash Deposit,2024-08-16T12:52:21Z
TXN_001478,167572351889,514082636743,1972130.26,Crypto Off-ramp,2024-08-07T17:08:50Z
TXN_001479,330955033046,983132644129,1672897.64,Cash Deposit,2024-12-02T20:39:55Z
TXN_001480,430900922106,489514297576,1075602.04,Wire Transfer,2023-11-13T10:57:58Z
TXN_001481,363309652753,750675231453,1654766.12,Cash Deposit,2023-07-22T09:01:57Z
TXN_001482,298099898903,342263652742,1014825.8,Hawala,2025-02-14T16:10:45Z
TXN_001483,683112336001,692905200466,222524.71,Hawala,2024-09-29T01:42:33Z
TXN_001484,865684182938,993737484275,2449808.89,Crypto Off-ramp,2024-12-10T23:57:11Z
TXN_001485,434864719590,218671130355,947765.95,Wire Transfer,2025-01-28T23:36:53Z
TXN_001486,489745071244,330678874270,1703106.87,Hawala,2026-05-08T11:54:36Z
TXN_001487,863787984130,792570318101,936786.75,Crypto Off-ramp,2024-10-02T05:26:27Z
TXN_001488,497557374662,255580207446,1151544.86,Crypto Off-ramp,2024-09-30T20:12:01Z
TXN_001489,900502107417,905048074940,1573669.6,Crypto Off-ramp,2024-02-01T08:37:28Z
TXN_001490,523084216424,229326348518,398698.75,Wire Transfer,2026-01-13T04:39:05Z
TXN_001491,353095832148,582006281001,642220.14,ATM Withdrawal,2026-01-01T00:03:09Z
TXN_001492,726071779657,650347115415,1818870.51,Hawala,2024-02-19T06:01:43Z
TXN_001493,457933131256,916436170997,1141231.42,Cash Deposit,2025-04-15T18:44:23Z
TXN_001494,374730111102,659535848106,245430.53,ATM Withdrawal,2025-09-15T11:54:25Z
TXN_001495,423593328257,526537892598,1447824.21,Cash Deposit,2025-09-29T10:48:40Z
TXN_001496,898746927070,689585771657,2017671.31,ATM Withdrawal,2024-01-15T10:33:17Z
TXN_001497,815365440842,104024825971,1596324.62,Wire Transfer,2025-02-01T21:48:03Z
TXN_001498,845101911279,975993074466,1581847.33,Wire Transfer,2024-06-28T19:38:16Z
TXN_001499,501562887919,977051496663,2423747.28,Wire Transfer,2024-06-12T10:55:45Z
TXN_001500,911560162315,451005816415,1620193.59,Wire Transfer,2025-04-07T16:02:04Z
TXN_001501,711526117093,769926325174,1500458.15,Hawala,2025-04-23T15:47:54Z
TXN_001502,876432006248,597892152478,996304.21,Crypto Off-ramp,2025-12-07T10:34:55Z
TXN_001503,133508884937,927802801931,2485863.52,ATM Withdrawal,2025-07-28T15:21:49Z
TXN_001504,896163552047,425078911396,1854373.48,Wire Transfer,2023-04-09T16:05:45Z
TXN_001505,338254370338,366463090376,38566.2,ATM Withdrawal,2026-07-15T11:56:36Z
TXN_001506,483346987022,574582819955,1322155.13,Hawala,2025-05-12T15:12:12Z
TXN_001507,523084216424,598873928680,142205.14,Cash Deposit,2026-04-10T20:00:48Z
TXN_001508,291843276477,435923206753,2329725.31,Wire Transfer,2024-09-07T04:29:29Z
TXN_001509,310572218806,435923206753,507017.16,Wire Transfer,2024-09-09T07:06:44Z
TXN_001510,445896736997,952400424450,713819.54,Cash Deposit,2023-10-29T02:08:28Z
TXN_001511,109691407062,991839124224,224933.15,Wire Transfer,2024-03-27T15:45:54Z
TXN_001512,529450675009,610376749064,1289895.99,Wire Transfer,2024-05-03T12:45:03Z
TXN_001513,898746927070,587273968867,2488716.28,ATM Withdrawal,2025-03-23T02:45:38Z
TXN_001514,470075403629,627073536838,1327219.93,Cash Deposit,2026-04-29T19:56:54Z
TXN_001515,236793283295,800125921897,753770.5,ATM Withdrawal,2024-01-14T18:30:06Z
TXN_001516,283752473518,352975736581,171283.78,Hawala,2025-04-16T11:20:30Z
TXN_001517,678628829101,577667237814,1422356.62,Hawala,2024-06-09T13:41:40Z
TXN_001518,980397733302,325614360495,1717252.22,Cash Deposit,2026-05-08T05:54:40Z
TXN_001519,912904372103,651215462593,858099.4,Crypto Off-ramp,2026-06-15T23:10:54Z
TXN_001520,159427802084,820652046614,2404026.28,ATM Withdrawal,2026-03-05T19:34:10Z
TXN_001521,167764960103,913849523641,992552.83,Cash Deposit,2025-12-23T15:04:42Z
TXN_001522,900502107417,281726931149,1602005.72,Hawala,2026-07-13T08:31:55Z
TXN_001523,318259719323,473845789219,1834826.16,Crypto Off-ramp,2024-10-21T14:14:54Z
TXN_001524,637224769598,324505342081,539582.34,Cash Deposit,2023-06-21T16:06:26Z
TXN_001525,560237883698,924337720185,2291936.49,Crypto Off-ramp,2023-10-31T13:06:22Z
TXN_001526,371760369583,332604838756,1091429.28,Wire Transfer,2024-12-16T14:10:47Z
TXN_001527,458788424042,312893307017,1886696.22,Hawala,2025-05-19T17:54:15Z
TXN_001528,404714130413,834218912712,1379530.99,Hawala,2024-09-04T18:55:49Z
TXN_001529,254171825253,162327312864,1121262.88,Wire Transfer,2026-05-17T09:25:16Z
TXN_001530,843883977052,402605972002,1693277.08,Hawala,2024-02-25T03:49:44Z
TXN_001531,261947364074,727442023806,2487896.68,Crypto Off-ramp,2023-08-27T13:15:36Z
TXN_001532,342644074665,445896736997,1818704.0,Crypto Off-ramp,2023-10-14T03:02:04Z
TXN_001533,740907432301,791069205003,658398.17,Hawala,2024-01-07T17:42:06Z
TXN_001534,187601656984,762264135789,225647.35,Hawala,2023-01-26T18:18:01Z
TXN_001535,167764960103,503055106120,778688.78,Hawala,2026-06-28T00:32:05Z
TXN_001536,898100769028,204562043828,1601634.23,Crypto Off-ramp,2023-01-05T01:07:44Z
TXN_001537,797839583899,476717445096,471445.68,ATM Withdrawal,2024-12-01T08:21:23Z
TXN_001538,203015443892,381662081479,1125369.23,Hawala,2024-01-27T22:05:29Z
TXN_001539,187601656984,626025086862,777598.73,Cash Deposit,2026-03-31T22:33:50Z
TXN_001540,659111498693,727442023806,1690764.98,Wire Transfer,2024-12-31T18:23:20Z
TXN_001541,714677894531,563396478651,1755993.5,Crypto Off-ramp,2023-02-16T03:31:00Z
TXN_001542,826407349874,999750763740,967156.08,ATM Withdrawal,2025-06-10T17:42:44Z
TXN_001543,184625700815,398764754590,768521.8,Hawala,2025-09-27T23:46:25Z
TXN_001544,102719014181,201016959945,698000.91,Crypto Off-ramp,2023-04-21T07:24:44Z
TXN_001545,348536595188,176321164621,2350871.48,Cash Deposit,2025-10-07T05:01:17Z
TXN_001546,238591784094,841728851745,618482.15,Wire Transfer,2024-09-25T11:53:38Z
TXN_001547,324666768363,327022359985,1877124.43,Wire Transfer,2024-01-12T19:57:33Z
TXN_001548,454197380790,878151054804,178498.78,Hawala,2023-02-03T10:49:09Z
TXN_001549,570841541976,110268020228,1245020.71,Crypto Off-ramp,2025-02-21T12:54:24Z
TXN_001550,129703671966,625102096404,575788.22,Wire Transfer,2025-04-22T17:22:43Z
TXN_001551,350160744044,660364004663,1488642.68,Wire Transfer,2023-11-04T03:46:32Z
TXN_001552,283949311860,540965129473,522111.22,Cash Deposit,2023-07-18T17:44:57Z
TXN_001553,150128451571,741092105305,368778.12,ATM Withdrawal,2024-06-17T11:41:24Z
TXN_001554,352306355987,271832614784,690009.35,Cash Deposit,2025-05-11T08:26:58Z
TXN_001555,233216812597,288058626828,1573062.16,Crypto Off-ramp,2025-03-27T04:24:20Z
TXN_001556,409841938029,704123605871,1463881.48,Wire Transfer,2026-06-17T10:46:54Z
TXN_001557,972917243452,173469759984,1975223.55,Crypto Off-ramp,2025-02-08T19:53:58Z
TXN_001558,807872656453,302742170531,1322598.87,Hawala,2023-10-29T11:21:05Z
TXN_001559,703285605914,957598637179,949429.85,Crypto Off-ramp,2024-10-27T15:13:44Z
TXN_001560,110268020228,643199244851,326121.0,Hawala,2023-03-26T14:18:59Z
TXN_001561,295084874487,143325569312,525877.16,Wire Transfer,2024-01-08T22:08:45Z
TXN_001562,653918814375,247649916530,1988561.91,Cash Deposit,2024-11-02T21:40:07Z
TXN_001563,961463362356,692551671655,1271396.01,Cash Deposit,2023-01-27T04:35:50Z
TXN_001564,794742375049,204631543545,2131606.5,Cash Deposit,2025-11-10T12:02:55Z
TXN_001565,362561190526,503605679964,709781.18,Cash Deposit,2026-04-27T20:53:30Z
TXN_001566,723757284548,505108428934,413618.09,Hawala,2024-07-24T11:03:25Z
TXN_001567,597449585302,859652155913,2375885.15,Cash Deposit,2023-09-25T02:49:54Z
TXN_001568,311237897638,562086572781,1455612.24,Hawala,2025-04-24T23:32:33Z
TXN_001569,329382103465,723757284548,1941483.15,Crypto Off-ramp,2026-07-31T22:17:36Z
TXN_001570,824686854563,381662081479,1477212.66,Hawala,2023-01-11T05:54:13Z
TXN_001571,310423116808,628805382225,1902961.15,Crypto Off-ramp,2026-07-01T15:33:46Z
TXN_001572,825988056608,254058350402,76498.96,Crypto Off-ramp,2024-07-25T01:36:47Z
TXN_001573,949886719545,109691407062,577195.18,ATM Withdrawal,2025-05-08T05:12:16Z
TXN_001574,834544260113,363309652753,1131332.22,Crypto Off-ramp,2026-05-02T02:53:44Z
TXN_001575,271832614784,565157647710,2155045.57,Cash Deposit,2023-10-09T18:14:17Z
TXN_001576,710520890797,898779162240,1477001.82,Hawala,2025-07-24T14:38:41Z
TXN_001577,747201971892,675792551808,732757.03,ATM Withdrawal,2025-09-03T12:34:40Z
TXN_001578,563396478651,481498187599,1581642.57,Hawala,2026-04-30T03:40:21Z
TXN_001579,158683487635,747072492028,2287776.02,Cash Deposit,2023-12-04T05:59:07Z
TXN_001580,660364004663,154714692436,633178.36,Wire Transfer,2025-12-05T22:24:54Z
TXN_001581,865684182938,232607723559,1259479.2,Cash Deposit,2026-04-27T18:24:33Z
TXN_001582,383175827127,811780509695,159245.39,Cash Deposit,2024-01-24T22:33:43Z
TXN_001583,608356359224,654802816141,1466432.07,Cash Deposit,2025-03-10T12:15:09Z
TXN_001584,198168548632,587273968867,1452944.6,Cash Deposit,2025-04-28T18:21:26Z
TXN_001585,135480063042,409841938029,1123098.55,Cash Deposit,2025-06-07T06:43:44Z
TXN_001586,672195443540,589033694632,1628802.51,ATM Withdrawal,2023-11-11T11:35:30Z
TXN_001587,435923206753,898779162240,869683.79,Crypto Off-ramp,2024-08-27T01:13:53Z
TXN_001588,943963062529,116269710201,2019878.17,Cash Deposit,2026-06-01T05:07:11Z
TXN_001589,797839583899,806523043344,1376708.38,Cash Deposit,2023-05-09T13:44:14Z
TXN_001590,366644302955,167764960103,1834372.91,Wire Transfer,2024-02-09T01:14:13Z
TXN_001591,488302786766,151823313151,2251412.57,Crypto Off-ramp,2026-03-31T04:10:40Z
TXN_001592,173469759984,201212222063,79624.17,Crypto Off-ramp,2024-10-01T01:08:37Z
TXN_001593,366463090376,915417528951,1031851.73,Hawala,2024-03-05T15:38:41Z
TXN_001594,156975752858,293083311536,2330074.67,Wire Transfer,2023-10-07T23:40:20Z
TXN_001595,421115534909,597401325570,1359371.75,Crypto Off-ramp,2024-06-07T12:20:39Z
TXN_001596,913611993211,176239323225,1203977.2,Crypto Off-ramp,2024-10-13T00:40:01Z
TXN_001597,525226211418,612815827483,2254285.73,Crypto Off-ramp,2026-07-27T00:07:11Z
TXN_001598,523084216424,204562043828,2302698.41,Wire Transfer,2023-06-22T18:14:12Z
TXN_001599,938206903933,621327206939,807245.76,Crypto Off-ramp,2023-05-08T10:35:35Z
TXN_001600,844736758938,274211980525,1208821.25,ATM Withdrawal,2025-02-26T21:08:08Z
TXN_001601,277071689955,693172135835,1724921.44,Wire Transfer,2025-04-26T08:09:35Z
TXN_001602,608356359224,464375900541,1497115.26,Crypto Off-ramp,2025-03-07T10:41:42Z
TXN_001603,288960473204,951356393566,1204737.41,Crypto Off-ramp,2023-08-08T05:32:43Z
TXN_001604,831433811484,468636468787,1280061.09,Hawala,2025-01-23T09:02:13Z
TXN_001605,582623107798,276146162920,937416.61,Crypto Off-ramp,2023-01-18T11:49:17Z
TXN_001606,101288461054,737882406950,568540.25,ATM Withdrawal,2025-03-02T14:58:19Z
TXN_001607,525613326953,204990062756,1117030.48,Hawala,2023-08-25T15:35:22Z
TXN_001608,607085066930,491930859245,326595.91,Hawala,2025-12-21T12:22:11Z
TXN_001609,968409093281,241150224141,2400350.55,Wire Transfer,2023-06-09T09:56:05Z
TXN_001610,566805926240,104364311538,863113.93,Crypto Off-ramp,2026-03-02T14:00:45Z
TXN_001611,961805038891,852671745521,1261310.38,Wire Transfer,2023-07-04T21:03:48Z
TXN_001612,721398574914,743616512800,1106687.38,Wire Transfer,2024-08-19T06:24:36Z
TXN_001613,159427802084,510222040245,1721267.67,ATM Withdrawal,2023-11-05T03:30:31Z
TXN_001614,259610829349,327990144120,1486829.09,Crypto Off-ramp,2023-08-10T02:21:29Z
TXN_001615,211635217585,351387626218,1878733.38,Wire Transfer,2023-05-26T03:09:25Z
TXN_001616,204631543545,409200346025,168399.57,Hawala,2025-05-17T16:14:36Z
TXN_001617,695159093902,971599312244,1933271.38,Cash Deposit,2023-02-26T22:55:30Z
TXN_001618,519923177633,519836034687,1604601.35,Wire Transfer,2025-11-03T22:26:28Z
TXN_001619,689585771657,491020653298,835535.42,ATM Withdrawal,2026-02-12T08:30:38Z
TXN_001620,144998273972,628287250277,1164074.74,Hawala,2024-08-05T01:56:38Z
TXN_001621,349925371258,549821150470,2128889.46,ATM Withdrawal,2026-05-18T17:17:47Z
TXN_001622,896033951248,775379444078,728999.88,Wire Transfer,2024-04-10T07:49:39Z
TXN_001623,154728732297,584133786322,2309361.72,Hawala,2025-02-21T11:35:04Z
TXN_001624,232607723559,865009561335,2315511.25,Cash Deposit,2024-11-04T09:16:49Z
TXN_001625,961458188465,241150224141,572628.44,ATM Withdrawal,2024-09-27T20:54:39Z
TXN_001626,192606739113,398030335767,1294866.31,Cash Deposit,2024-06-16T02:06:22Z
TXN_001627,299042937881,582955381736,1682754.98,Wire Transfer,2026-05-21T06:52:52Z
TXN_001628,373599874217,750675231453,1223621.37,Hawala,2026-06-01T09:00:50Z
TXN_001629,672195443540,566871740130,1648662.5,Wire Transfer,2025-03-19T11:47:12Z
TXN_001630,169487396129,424666491554,778799.86,ATM Withdrawal,2025-06-05T07:58:55Z
TXN_001631,652418351277,624400037611,64622.17,Cash Deposit,2023-08-07T05:15:04Z
TXN_001632,584831082628,208295423543,894556.39,ATM Withdrawal,2023-06-19T13:22:21Z
TXN_001633,323526748585,564557788508,237213.02,Crypto Off-ramp,2025-11-03T18:04:31Z
TXN_001634,751628603640,927084502595,2043725.07,Cash Deposit,2025-12-30T18:23:17Z
TXN_001635,857122137563,643199244851,2068337.74,Hawala,2025-05-25T12:34:31Z
TXN_001636,265109398641,445749571553,2015132.27,Wire Transfer,2026-05-11T16:36:23Z
TXN_001637,645217485117,899656882928,1689101.2,ATM Withdrawal,2024-11-25T22:39:16Z
TXN_001638,276146162920,556799344325,304910.89,Wire Transfer,2024-08-08T03:17:47Z
TXN_001639,312647716134,320678302110,1069609.09,Cash Deposit,2023-08-25T10:03:22Z
TXN_001640,806523043344,146577624618,2179481.06,Cash Deposit,2024-09-21T21:58:45Z
TXN_001641,916549815537,255310733306,729619.53,Crypto Off-ramp,2024-10-06T10:32:50Z
TXN_001642,784846251719,239772489895,1809298.58,Wire Transfer,2024-10-20T09:59:07Z
TXN_001643,758013616340,763103240905,654687.61,Crypto Off-ramp,2025-09-25T11:57:42Z
TXN_001644,179912091749,232607723559,139417.69,Hawala,2024-11-15T02:38:52Z
TXN_001645,449355199558,518155956828,122265.41,Wire Transfer,2025-05-29T05:05:12Z
TXN_001646,975714555153,540578654853,1211530.5,Cash Deposit,2023-12-29T22:47:38Z
TXN_001647,933209869080,488999222257,2380576.31,Hawala,2024-06-16T07:35:41Z
TXN_001648,247649916530,323965001607,640991.86,Hawala,2024-12-13T22:15:05Z
TXN_001649,398935539836,720301931247,1191555.47,Wire Transfer,2025-11-16T13:32:13Z
TXN_001650,404724248906,763103240905,2135030.4,Crypto Off-ramp,2025-08-17T15:36:27Z
TXN_001651,217140779211,314161836654,1796008.18,Crypto Off-ramp,2026-07-31T21:35:17Z
TXN_001652,165446332423,834500536139,1255572.28,Crypto Off-ramp,2026-05-30T10:18:06Z
TXN_001653,446854951322,653918814375,1904451.73,Cash Deposit,2025-05-04T04:06:33Z
TXN_001654,727442023806,488999222257,1578259.79,Crypto Off-ramp,2023-08-04T22:31:00Z
TXN_001655,822586961665,902714479522,1168911.93,Cash Deposit,2023-03-30T14:14:59Z
TXN_001656,140449444491,707791823618,173831.91,Cash Deposit,2025-01-10T17:09:59Z
TXN_001657,288549081524,457323121762,2145776.58,Hawala,2026-03-29T01:25:49Z
TXN_001658,977029968814,810115598369,2382431.52,Wire Transfer,2024-02-06T08:18:50Z
TXN_001659,615405040246,212201969817,1973154.76,Cash Deposit,2023-03-11T05:17:01Z
TXN_001660,324505342081,711526117093,2239889.1,ATM Withdrawal,2024-06-10T22:31:42Z
TXN_001661,725018925608,926145655053,488256.11,Crypto Off-ramp,2023-01-07T10:07:43Z
TXN_001662,748302533039,425078911396,2485425.71,Wire Transfer,2024-04-15T01:20:56Z
TXN_001663,156975752858,902714479522,1474730.69,Wire Transfer,2023-08-09T04:03:40Z
TXN_001664,352975736581,319639108224,437484.09,Crypto Off-ramp,2026-05-21T18:04:29Z
TXN_001665,772551023964,366463090376,1118085.13,Crypto Off-ramp,2023-08-03T04:09:36Z
TXN_001666,541684933300,554117410676,1810611.02,Cash Deposit,2025-01-02T18:31:44Z
TXN_001667,743535240210,398935539836,2429059.23,Crypto Off-ramp,2025-11-30T17:54:49Z
TXN_001668,268554842725,654009995875,2208541.6,Hawala,2025-08-27T21:29:58Z
TXN_001669,585092446868,662030167406,972321.81,Hawala,2023-12-30T05:20:46Z
TXN_001670,692383280443,104364311538,135243.34,Wire Transfer,2023-12-27T13:29:08Z
TXN_001671,228401565519,907600837326,2172197.63,Cash Deposit,2026-01-16T06:25:08Z
TXN_001672,729679831486,378329460257,1095664.81,Wire Transfer,2023-08-17T17:13:11Z
TXN_001673,917447846195,501562887919,2499037.25,ATM Withdrawal,2023-06-20T05:04:39Z
TXN_001674,324666768363,373464964815,49496.5,Wire Transfer,2025-07-02T13:14:59Z
TXN_001675,525226211418,943963062529,1360402.94,Hawala,2024-07-20T13:37:40Z
TXN_001676,898100769028,760186576622,1851402.66,ATM Withdrawal,2023-10-18T00:06:24Z
TXN_001677,264223925737,162896081661,1247187.37,Cash Deposit,2024-11-24T19:11:02Z
TXN_001678,528867543627,983132644129,2154841.78,ATM Withdrawal,2023-08-08T19:40:52Z
TXN_001679,255749522616,893846554896,1715422.07,Wire Transfer,2025-08-02T05:50:08Z
TXN_001680,943963062529,273362959038,1336783.09,Hawala,2023-11-28T10:21:08Z
TXN_001681,836165785490,999499066965,1971332.59,Hawala,2023-11-04T02:19:22Z
TXN_001682,582955381736,324804416487,1299395.2,Hawala,2025-08-19T05:30:53Z
TXN_001683,133508884937,513959995856,802497.45,Wire Transfer,2026-04-21T06:40:31Z
TXN_001684,288960473204,246394927792,1183322.1,Cash Deposit,2024-05-10T09:20:48Z
TXN_001685,111270722874,980397733302,72073.67,Cash Deposit,2025-12-06T14:51:16Z
TXN_001686,255749522616,643006455836,810787.82,Hawala,2023-10-12T02:46:59Z
TXN_001687,318259719323,421337899597,2302811.44,Crypto Off-ramp,2026-07-19T16:37:52Z
TXN_001688,301959599224,985961406865,90358.57,Hawala,2026-01-30T22:29:27Z
TXN_001689,416283947099,275669129509,1537077.67,Wire Transfer,2024-03-06T23:00:25Z
TXN_001690,127373867504,845101911279,1726696.21,Wire Transfer,2025-01-03T04:26:45Z
TXN_001691,373464964815,535088657361,1287957.27,Crypto Off-ramp,2025-02-09T02:36:51Z
TXN_001692,894938726113,815365440842,1722719.73,Wire Transfer,2023-01-01T20:22:59Z
TXN_001693,857122137563,645217485117,1878400.38,Cash Deposit,2024-06-15T00:35:55Z
TXN_001694,273362959038,752367082425,353532.11,Cash Deposit,2023-12-24T15:57:47Z
TXN_001695,544307317250,188618091706,1139592.46,Hawala,2024-09-07T22:16:12Z
TXN_001696,968658495736,837237186326,506792.21,Hawala,2024-02-02T05:21:30Z
TXN_001697,173469759984,418580135461,1425681.68,Crypto Off-ramp,2026-01-29T02:46:28Z
TXN_001698,999499066965,675100229584,2293967.9,Crypto Off-ramp,2025-07-07T23:38:55Z
TXN_001699,757653326842,423593328257,728808.73,Hawala,2024-10-08T18:14:52Z
TXN_001700,774117152232,416158496686,155026.78,Wire Transfer,2026-04-21T06:44:21Z
TXN_001701,692268016092,302742170531,1797623.04,ATM Withdrawal,2024-08-03T14:05:48Z
TXN_001702,227514957037,633262369170,1862443.63,Wire Transfer,2023-07-28T19:30:25Z
TXN_001703,470075403629,436301446863,1272468.5,ATM Withdrawal,2024-07-04T21:41:43Z
TXN_001704,822586961665,933209869080,2488530.31,ATM Withdrawal,2025-01-03T11:39:03Z
TXN_001705,128288496979,656194107950,1660434.97,Wire Transfer,2023-04-30T00:06:55Z
TXN_001706,902714479522,361694492375,677442.52,ATM Withdrawal,2024-08-31T23:23:57Z
TXN_001707,608943389366,572459533978,2026816.93,Crypto Off-ramp,2026-07-23T15:47:03Z
TXN_001708,312590792484,179568939918,953713.44,Hawala,2024-02-13T09:40:47Z
TXN_001709,175066921907,898100769028,20679.77,ATM Withdrawal,2025-09-05T13:38:34Z
TXN_001710,232117442989,581414316443,1366693.87,Wire Transfer,2024-04-02T12:46:58Z
TXN_001711,481498187599,470075403629,1524753.93,Wire Transfer,2024-05-23T21:37:31Z
TXN_001712,479136933398,952400424450,1961685.31,Cash Deposit,2025-06-28T09:57:25Z
TXN_001713,784458615763,357171615268,1025810.93,Wire Transfer,2024-01-12T18:03:43Z
TXN_001714,233216812597,629963016478,1585653.27,Hawala,2024-12-17T14:33:36Z
TXN_001715,925433275044,136375278493,193187.23,Cash Deposit,2023-03-03T12:04:11Z
TXN_001716,468636468787,330251163902,1216219.27,Wire Transfer,2025-08-21T07:02:32Z
TXN_001717,278432658583,321182085004,1104882.64,ATM Withdrawal,2023-05-30T06:17:23Z
TXN_001718,366508502832,230439789310,2488886.03,Cash Deposit,2023-01-10T10:44:33Z
TXN_001719,551847051700,794742375049,782123.93,ATM Withdrawal,2024-11-16T17:11:31Z
TXN_001720,278432658583,866141809814,191890.5,Wire Transfer,2024-07-17T04:27:06Z
TXN_001721,508782562838,167764960103,2361463.51,Wire Transfer,2024-10-16T02:13:51Z
TXN_001722,424666491554,188618091706,1864953.78,ATM Withdrawal,2025-04-01T08:08:07Z
TXN_001723,519923177633,975186943779,1338711.09,Crypto Off-ramp,2026-05-12T00:40:13Z
TXN_001724,211337349422,309745910171,106128.02,Crypto Off-ramp,2024-01-27T16:41:41Z
TXN_001725,127373867504,536729747321,1372744.8,ATM Withdrawal,2026-05-04T12:27:31Z
TXN_001726,939536452900,536729747321,1719804.75,Crypto Off-ramp,2026-02-08T11:24:03Z
TXN_001727,900502107417,968409093281,2319601.29,ATM Withdrawal,2025-11-13T03:32:57Z
TXN_001728,748302533039,165446332423,1152287.13,Hawala,2025-09-11T16:56:58Z
TXN_001729,194363632422,783615918438,1718694.86,Cash Deposit,2025-12-13T12:55:27Z
TXN_001730,909902871942,644054724977,2072898.34,Crypto Off-ramp,2026-07-08T02:31:48Z
TXN_001731,812755989046,569456188828,795025.55,ATM Withdrawal,2024-01-27T17:28:28Z
TXN_001732,457157165192,557151808811,2090000.86,Wire Transfer,2026-02-11T17:58:02Z
TXN_001733,261947364074,847754399234,414424.18,Crypto Off-ramp,2024-03-30T01:54:30Z
TXN_001734,626025086862,722071947893,58686.71,Crypto Off-ramp,2025-01-28T06:09:33Z
TXN_001735,570155147817,725997986456,604792.25,Wire Transfer,2025-07-08T23:01:55Z
TXN_001736,349925371258,646992008730,1810297.58,Wire Transfer,2023-10-10T01:27:23Z
TXN_001737,409053230634,212810555137,1493803.22,Hawala,2026-01-26T08:00:41Z
TXN_001738,381662081479,330075863164,445719.85,Cash Deposit,2026-03-22T20:48:11Z
TXN_001739,916549815537,170994058601,141079.72,Wire Transfer,2024-06-22T05:58:30Z
TXN_001740,895966888756,782293955465,428549.31,Crypto Off-ramp,2024-05-04T23:33:16Z
TXN_001741,779421493691,589866681681,1751889.15,Crypto Off-ramp,2024-12-19T20:12:29Z
TXN_001742,576583505851,242582798168,2392862.76,Hawala,2024-06-19T20:39:48Z
TXN_001743,140862197060,643199244851,497000.46,Hawala,2024-10-07T07:04:44Z
TXN_001744,643199244851,895966888756,322973.58,Wire Transfer,2024-05-20T11:18:23Z
TXN_001745,949886719545,610989253293,2105669.33,Hawala,2024-10-23T04:01:04Z
TXN_001746,607458025169,301959599224,175848.22,Wire Transfer,2025-04-17T23:54:18Z
TXN_001747,895966888756,811020143735,2295002.57,Hawala,2023-01-26T17:54:07Z
TXN_001748,211351543888,299042937881,1314682.72,ATM Withdrawal,2025-10-18T06:26:34Z
TXN_001749,281462113811,916707106505,1575990.24,Hawala,2023-05-16T15:00:42Z
TXN_001750,404789066223,824686854563,1565735.68,Crypto Off-ramp,2024-06-27T23:13:49Z
TXN_001751,564557788508,652166425786,155152.15,Wire Transfer,2024-11-19T01:43:25Z
TXN_001752,336042626187,719866920847,450293.36,Wire Transfer,2026-01-31T21:24:28Z
TXN_001753,608356359224,925887091241,90908.15,ATM Withdrawal,2023-05-05T05:48:51Z
TXN_001754,104594937577,211337349422,296286.76,ATM Withdrawal,2023-02-13T16:43:02Z
TXN_001755,997814425058,832508598901,1571303.77,Wire Transfer,2025-12-13T16:20:39Z
TXN_001756,290006412542,102719014181,63008.29,Cash Deposit,2023-06-16T15:35:46Z
TXN_001757,929183045661,782293955465,1814876.07,Cash Deposit,2023-04-03T13:57:05Z
TXN_001758,883725380717,592945005798,2440925.31,ATM Withdrawal,2024-12-08T18:42:02Z
TXN_001759,893846554896,778729562887,2471434.47,Hawala,2024-09-06T01:05:03Z
TXN_001760,584831082628,385919817423,491818.53,Wire Transfer,2025-07-04T00:29:35Z
TXN_001761,514865691773,863484301797,1396500.93,Crypto Off-ramp,2025-08-15T15:46:49Z
TXN_001762,372868678403,921510577574,1514845.21,Hawala,2025-02-04T14:51:02Z
TXN_001763,617942734581,398935539836,83630.05,Cash Deposit,2023-06-22T04:01:00Z
TXN_001764,499064638607,733084476154,643272.6,ATM Withdrawal,2025-02-18T08:15:20Z
TXN_001765,916019518291,139321366532,798564.59,Crypto Off-ramp,2023-04-10T18:03:26Z
TXN_001766,369696988696,708896167202,876607.01,Hawala,2026-05-18T02:01:41Z
TXN_001767,616195218108,859652155913,1808366.55,Cash Deposit,2025-07-15T01:59:57Z
TXN_001768,972917243452,719127142940,1171587.86,Hawala,2024-10-09T19:54:08Z
TXN_001769,390489285547,169412101082,2309472.09,Crypto Off-ramp,2025-08-11T23:39:38Z
TXN_001770,218671130355,913566301631,462081.36,Hawala,2025-11-26T16:22:18Z
TXN_001771,911560162315,963887282468,1193801.75,Wire Transfer,2026-06-04T15:35:43Z
TXN_001772,999750763740,212201969817,2234835.74,ATM Withdrawal,2023-10-28T04:45:40Z
TXN_001773,894938726113,173028476003,482659.12,Crypto Off-ramp,2026-07-30T18:29:33Z
TXN_001774,941525914044,692806548927,2463958.16,Cash Deposit,2025-03-30T08:49:33Z
TXN_001775,626359302200,772551023964,1383814.38,Wire Transfer,2025-04-27T03:45:39Z
TXN_001776,832508598901,763103240905,1128264.99,Wire Transfer,2025-01-01T12:19:57Z
TXN_001777,651215462593,153105431702,2109843.42,Cash Deposit,2025-01-03T18:44:53Z
TXN_001778,566805926240,265109398641,2273936.44,Crypto Off-ramp,2023-04-21T18:55:28Z
TXN_001779,468636468787,852090325479,263016.25,Wire Transfer,2024-03-18T19:48:27Z
TXN_001780,863257610248,578695534285,628468.76,Crypto Off-ramp,2023-11-18T04:21:42Z
TXN_001781,439404690412,344350808753,1406791.43,ATM Withdrawal,2023-08-12T14:41:58Z
TXN_001782,917447846195,806523043344,808090.96,Crypto Off-ramp,2025-04-13T05:02:16Z
TXN_001783,413094617397,810115598369,1804275.46,ATM Withdrawal,2024-08-19T17:31:13Z
TXN_001784,510222040245,938878915271,1514319.66,Wire Transfer,2026-06-30T03:32:00Z
TXN_001785,943963062529,965333637017,617205.82,Crypto Off-ramp,2024-05-23T09:24:02Z
TXN_001786,757653326842,549821150470,1867422.39,Cash Deposit,2025-03-26T09:26:34Z
TXN_001787,273189253774,598873928680,751373.41,Cash Deposit,2024-01-04T03:09:54Z
TXN_001788,587273968867,971599312244,1029738.01,ATM Withdrawal,2023-09-19T04:50:39Z
TXN_001789,116269710201,427050537850,440506.88,Hawala,2025-07-16T04:52:44Z
TXN_001790,322628866753,662530568731,1464872.26,ATM Withdrawal,2023-06-17T01:21:47Z
TXN_001791,637224769598,183166824340,2201042.09,Hawala,2023-10-20T23:57:04Z
TXN_001792,174603445189,505790437758,2373498.46,Cash Deposit,2024-06-07T18:52:03Z
TXN_001793,478128340592,409200346025,1853527.9,ATM Withdrawal,2023-09-05T07:07:58Z
TXN_001794,612606730953,366508502832,1180117.71,Crypto Off-ramp,2023-05-19T06:38:20Z
TXN_001795,870972911723,252787846279,1335810.78,ATM Withdrawal,2026-07-08T17:30:34Z
TXN_001796,747201971892,968988148798,2293747.06,Crypto Off-ramp,2023-02-06T05:41:44Z
TXN_001797,468636468787,834500536139,516546.51,Wire Transfer,2024-01-12T17:05:50Z
TXN_001798,473027171465,283752473518,1114977.74,ATM Withdrawal,2025-01-02T12:29:34Z
TXN_001799,366508502832,794742375049,1604441.84,ATM Withdrawal,2023-09-15T08:10:50Z
TXN_001800,323526748585,178267079906,150791.25,Wire Transfer,2026-04-25T04:56:17Z
TXN_001801,362561190526,381613218102,356230.45,Cash Deposit,2025-05-10T22:46:16Z
TXN_001802,277071689955,607458025169,2040065.0,Wire Transfer,2025-07-30T13:13:49Z
TXN_001803,850807134230,311769150585,2360798.43,Cash Deposit,2023-02-10T07:31:26Z
TXN_001804,577207114932,159568893213,1023717.62,Crypto Off-ramp,2025-11-01T14:37:32Z
TXN_001805,136394084004,854329514569,839025.71,Wire Transfer,2024-10-08T15:55:54Z
TXN_001806,924337720185,438154023477,70631.62,Hawala,2026-06-19T06:09:09Z
TXN_001807,278432658583,187601656984,1836661.96,ATM Withdrawal,2025-03-20T04:01:11Z
TXN_001808,888459237999,737882406950,1152864.84,ATM Withdrawal,2024-02-14T01:32:24Z
TXN_001809,526537892598,318227898860,1649060.01,Cash Deposit,2023-06-28T17:05:39Z
TXN_001810,296419335163,611558223974,437527.52,Cash Deposit,2026-07-01T02:31:05Z
TXN_001811,916019518291,763724020729,2420027.7,Wire Transfer,2025-02-09T05:24:54Z
TXN_001812,610152175213,374222558529,481147.91,Crypto Off-ramp,2025-06-04T14:17:06Z
TXN_001813,592736594684,646774666704,85265.9,Wire Transfer,2024-05-25T12:45:10Z
TXN_001814,640382414992,404911227195,1901540.14,Wire Transfer,2025-11-14T21:49:48Z
TXN_001815,684103418323,411184697814,315168.21,ATM Withdrawal,2024-10-26T03:23:26Z
TXN_001816,752367082425,610152175213,53797.49,ATM Withdrawal,2024-08-01T23:46:10Z
TXN_001817,965333637017,970156420443,430577.73,Wire Transfer,2024-01-21T22:46:48Z
TXN_001818,649844796841,100393358576,1774968.56,Crypto Off-ramp,2023-07-06T19:37:06Z
TXN_001819,457323121762,232933587155,898618.77,Hawala,2026-06-29T05:54:44Z
TXN_001820,644054724977,330251163902,812061.54,Wire Transfer,2023-01-17T13:46:59Z
TXN_001821,414542408083,523676147636,1389078.31,Hawala,2025-03-04T06:12:51Z
TXN_001822,395852735525,184625700815,1347100.25,Wire Transfer,2023-05-08T04:50:31Z
TXN_001823,172963726945,840183762064,365424.22,Wire Transfer,2024-05-10T02:18:38Z
TXN_001824,172963726945,554207453473,2341451.29,Hawala,2023-03-16T13:52:58Z
TXN_001825,537907453529,238591784094,1714701.94,ATM Withdrawal,2024-07-20T21:58:28Z
TXN_001826,473027171465,645217485117,1699838.79,Wire Transfer,2026-02-08T00:51:33Z
TXN_001827,848752463095,265109398641,2213367.69,Crypto Off-ramp,2023-08-07T13:12:12Z
TXN_001828,926569757851,535761856470,2018438.65,Crypto Off-ramp,2025-07-13T18:11:42Z
TXN_001829,544307317250,321182085004,1062416.34,ATM Withdrawal,2024-11-27T09:30:41Z
TXN_001830,228984271283,239166522247,1475653.42,Hawala,2025-10-20T12:18:44Z
TXN_001831,813091219229,727442023806,1583368.2,Wire Transfer,2023-06-21T00:37:47Z
TXN_001832,747072492028,551847051700,200668.23,Crypto Off-ramp,2025-03-07T05:48:19Z
TXN_001833,529407098278,671213975238,2489914.32,Cash Deposit,2024-12-13T08:04:25Z
TXN_001834,552545519156,521329089468,1479597.26,Hawala,2025-12-11T16:19:23Z
TXN_001835,814959613916,405244528227,1799392.33,Crypto Off-ramp,2024-09-28T03:24:48Z
TXN_001836,834544260113,751628603640,2443378.59,Wire Transfer,2025-03-27T20:07:24Z
TXN_001837,752125509707,998462046182,2009639.74,Crypto Off-ramp,2023-02-03T09:09:33Z
TXN_001838,994970519121,889773004736,1626924.52,Crypto Off-ramp,2023-05-01T04:36:40Z
TXN_001839,913849523641,229728052480,856562.35,Wire Transfer,2024-12-01T05:00:17Z
TXN_001840,322628866753,563332328494,667719.4,Hawala,2025-08-04T17:05:16Z
TXN_001841,510222040245,428958815917,2391874.41,Hawala,2026-07-22T16:14:32Z
TXN_001842,991839124224,553649890891,2376076.11,ATM Withdrawal,2023-11-03T08:56:40Z
TXN_001843,938079352528,784458615763,770663.55,Cash Deposit,2023-04-06T10:10:36Z
TXN_001844,133508884937,835694897979,1307227.24,Cash Deposit,2025-07-11T02:23:30Z
TXN_001845,691594197944,531783835772,1280496.81,Crypto Off-ramp,2023-06-18T04:05:24Z
TXN_001846,208792130381,792812617551,2074095.98,Crypto Off-ramp,2026-02-04T13:02:05Z
TXN_001847,506369708658,645217485117,1227167.04,Wire Transfer,2023-10-30T09:58:15Z
TXN_001848,933209869080,630164411294,1349722.04,ATM Withdrawal,2023-11-10T14:52:12Z
TXN_001849,782293955465,549821150470,28803.37,Hawala,2025-05-09T21:39:40Z
TXN_001850,207872783185,446854951322,2220549.31,Hawala,2024-11-22T03:47:52Z
TXN_001851,807691942767,458124708283,310700.4,Crypto Off-ramp,2026-06-16T02:06:13Z
TXN_001852,332604838756,807783122457,1314968.49,Crypto Off-ramp,2025-10-03T21:29:43Z
TXN_001853,374222558529,659442187201,659130.93,Crypto Off-ramp,2024-09-24T23:58:35Z
TXN_001854,620049183853,204562043828,779182.58,ATM Withdrawal,2025-02-07T01:58:59Z
TXN_001855,512228633770,979872046284,113855.21,Hawala,2023-06-08T05:37:03Z
TXN_001856,128288496979,520115203970,2307118.07,Hawala,2024-02-10T13:21:20Z
TXN_001857,278432658583,737882406950,202945.22,Wire Transfer,2024-05-02T19:56:33Z
TXN_001858,473027171465,977029968814,1364744.26,Hawala,2026-04-14T07:59:54Z
TXN_001859,315078306992,675792551808,340461.54,Crypto Off-ramp,2023-07-01T15:47:21Z
TXN_001860,810115598369,180762006511,1327637.19,Crypto Off-ramp,2024-10-19T08:35:35Z
TXN_001861,184625700815,868896035917,2147984.25,Cash Deposit,2025-04-21T13:20:14Z
TXN_001862,421894146373,995564660275,712237.61,ATM Withdrawal,2023-05-11T07:05:50Z
TXN_001863,820652046614,675929464367,2064741.77,Cash Deposit,2025-06-24T19:32:28Z
TXN_001864,961458188465,194363632422,1063643.49,Cash Deposit,2024-10-06T16:41:58Z
TXN_001865,239367051012,870733496857,403167.15,Wire Transfer,2025-12-27T17:02:45Z
TXN_001866,889204983051,416283947099,1522384.85,Crypto Off-ramp,2024-11-03T00:00:32Z
TXN_001867,169412101082,497557374662,807149.47,Crypto Off-ramp,2026-07-11T22:43:03Z
TXN_001868,404789066223,297882139006,1697732.86,Wire Transfer,2025-12-16T09:18:00Z
TXN_001869,322227525769,754733506838,1458721.97,Crypto Off-ramp,2025-03-27T06:59:37Z
TXN_001870,971458386900,621361954789,426207.5,ATM Withdrawal,2023-09-06T06:49:48Z
TXN_001871,901852651047,961458188465,1085387.05,Hawala,2023-10-05T14:45:08Z
TXN_001872,261742492357,232607723559,2025686.34,Wire Transfer,2026-04-11T07:52:44Z
TXN_001873,380823115237,167027944355,2367049.78,Wire Transfer,2026-06-17T17:35:57Z
TXN_001874,590208135304,635614187759,1019961.35,ATM Withdrawal,2026-03-13T04:41:57Z
TXN_001875,567224239240,891761068049,1513900.22,Crypto Off-ramp,2025-05-20T18:13:47Z
TXN_001876,574554414664,725606211721,1191700.87,Cash Deposit,2024-04-05T09:39:35Z
TXN_001877,179568939918,784243799876,427179.36,Cash Deposit,2024-05-30T08:31:23Z
TXN_001878,961458188465,843883977052,2377121.94,ATM Withdrawal,2024-05-27T23:00:29Z
TXN_001879,943305821081,121843130183,1416260.2,Crypto Off-ramp,2025-04-18T22:57:39Z
TXN_001880,119474557561,676928066527,397521.51,Crypto Off-ramp,2025-12-03T02:28:34Z
TXN_001881,525942291846,369696988696,655051.38,Hawala,2025-04-24T05:28:46Z
TXN_001882,104261628430,898746927070,1252277.32,Crypto Off-ramp,2023-05-21T01:05:31Z
TXN_001883,136375278493,577207114932,1477049.56,Cash Deposit,2024-02-27T01:14:42Z
TXN_001884,617076660349,811020143735,1617259.39,ATM Withdrawal,2023-10-20T07:02:23Z
TXN_001885,228984271283,545223117643,536902.09,Hawala,2024-02-27T16:12:35Z
TXN_001886,597401325570,923073535610,2257996.11,Cash Deposit,2023-09-18T06:27:48Z
TXN_001887,563396478651,832508598901,2421752.36,Cash Deposit,2024-12-30T04:47:19Z
TXN_001888,535627069252,773165086983,128874.59,Crypto Off-ramp,2023-12-27T07:48:49Z
TXN_001889,327894680376,140286652786,1391163.08,ATM Withdrawal,2023-03-09T21:30:46Z
TXN_001890,639787699126,117753190354,457266.53,Hawala,2024-01-16T23:10:55Z
TXN_001891,991032224215,371760369583,982420.65,Crypto Off-ramp,2024-05-11T23:31:15Z
TXN_001892,529407098278,353095832148,2350898.75,ATM Withdrawal,2025-05-30T01:07:56Z
TXN_001893,211031647240,669470170437,1445947.44,ATM Withdrawal,2025-01-16T07:21:25Z
TXN_001894,867573972956,109691407062,132854.41,ATM Withdrawal,2025-04-02T10:35:27Z
TXN_001895,851482435008,138636041735,1461512.28,Cash Deposit,2025-03-07T12:07:04Z
TXN_001896,491930859245,708002717560,1046501.88,Cash Deposit,2025-11-26T10:36:55Z
TXN_001897,535627069252,104594937577,2169117.81,ATM Withdrawal,2023-01-07T05:43:50Z
TXN_001898,692551671655,938079352528,1006372.25,Wire Transfer,2025-12-26T19:04:43Z
TXN_001899,268554842725,659535848106,272146.19,Crypto Off-ramp,2025-07-24T02:26:38Z
TXN_001900,188618091706,823926902828,1984784.32,Crypto Off-ramp,2024-01-06T13:15:41Z
TXN_001901,381662081479,423593328257,78141.37,Crypto Off-ramp,2024-01-17T03:19:32Z
TXN_001902,273362959038,330075863164,2326072.54,Crypto Off-ramp,2023-09-19T01:52:01Z
TXN_001903,927123994306,672823370623,933391.66,ATM Withdrawal,2023-07-18T09:34:36Z
TXN_001904,667485216837,765490890695,166861.89,Hawala,2024-04-21T11:12:33Z
TXN_001905,118145484224,510411023304,708368.86,Cash Deposit,2025-08-08T05:39:17Z
TXN_001906,933209869080,255496026904,2475495.59,ATM Withdrawal,2023-02-01T12:11:33Z
TXN_001907,939866188036,676928066527,871302.83,Hawala,2026-06-28T16:06:27Z
TXN_001908,305926686392,281462113811,1747377.61,Wire Transfer,2023-04-23T02:42:11Z
TXN_001909,679342953237,927522764700,908612.36,Cash Deposit,2025-07-08T17:45:01Z
TXN_001910,849140396032,907713967538,1127486.33,Wire Transfer,2024-03-24T04:48:43Z
TXN_001911,655462276652,137085456283,2392816.53,Crypto Off-ramp,2023-02-07T03:02:40Z
TXN_001912,883725380717,834544260113,603130.83,ATM Withdrawal,2025-02-07T19:02:12Z
TXN_001913,577021855283,989400380840,600610.39,ATM Withdrawal,2023-09-19T15:15:55Z
TXN_001914,832951685502,470816096138,2059769.43,ATM Withdrawal,2025-11-10T01:52:24Z
TXN_001915,740907432301,291048960698,1641492.43,Crypto Off-ramp,2024-03-07T19:36:47Z
TXN_001916,244556628194,407516430908,1957980.77,Cash Deposit,2023-12-14T02:59:50Z
TXN_001917,172963726945,957598637179,415508.63,Cash Deposit,2023-11-26T06:52:03Z
TXN_001918,371413463057,500489474718,1652963.15,Crypto Off-ramp,2023-03-06T10:16:38Z
TXN_001919,878151054804,637940784336,945657.68,Hawala,2025-07-09T22:08:40Z
TXN_001920,838505041166,593183597777,2263201.48,Cash Deposit,2026-06-26T05:05:24Z
TXN_001921,427840064087,570155147817,2145225.24,Hawala,2024-10-20T08:32:14Z
TXN_001922,860363757868,428958815917,377342.31,Hawala,2025-09-23T19:17:34Z
TXN_001923,321182085004,295738775171,765196.66,Hawala,2023-09-04T08:51:25Z
TXN_001924,545223117643,843807849751,1934229.6,Hawala,2023-10-07T23:14:49Z
TXN_001925,404789066223,920485750127,1648011.05,Cash Deposit,2024-08-06T06:34:36Z
TXN_001926,457157165192,151823313151,1627834.82,Cash Deposit,2025-03-30T16:58:34Z
TXN_001927,349969704933,349925371258,1706048.73,Wire Transfer,2026-06-27T15:13:15Z
TXN_001928,985305458961,204562043828,68195.57,ATM Withdrawal,2026-05-30T12:37:06Z
TXN_001929,788906274127,697761680048,1880117.19,ATM Withdrawal,2026-01-07T10:22:20Z
TXN_001930,172963726945,193079706303,1830262.66,Hawala,2024-03-10T22:02:05Z
TXN_001931,582623107798,918368477996,1500900.59,Hawala,2024-07-07T08:10:37Z
TXN_001932,473027171465,654009995875,406564.07,ATM Withdrawal,2025-12-17T05:44:37Z
TXN_001933,118608398545,570841541976,376639.5,ATM Withdrawal,2023-12-09T08:08:02Z
TXN_001934,218070197541,587273968867,1546456.51,Wire Transfer,2026-06-24T04:03:25Z
TXN_001935,611558223974,378469771979,1529461.57,Crypto Off-ramp,2024-11-18T17:13:51Z
TXN_001936,368707366587,520115203970,922528.5,Wire Transfer,2024-03-04T02:42:57Z
TXN_001937,324772526488,510411023304,677737.65,ATM Withdrawal,2024-04-29T04:18:08Z
TXN_001938,590756335141,784458615763,1834265.59,Hawala,2026-05-04T13:29:08Z
TXN_001939,707791823618,312590792484,1225695.25,Crypto Off-ramp,2025-05-23T06:37:30Z
TXN_001940,519861247419,454197380790,1981376.35,Hawala,2026-05-29T08:44:49Z
TXN_001941,505108428934,831433811484,536930.01,Crypto Off-ramp,2025-11-12T02:48:31Z
TXN_001942,900502107417,880326884118,2472678.17,Crypto Off-ramp,2025-09-17T23:00:03Z
TXN_001943,204562043828,473027171465,1355727.09,Wire Transfer,2023-12-27T04:25:00Z
TXN_001944,367562689182,916707106505,272235.01,Crypto Off-ramp,2024-05-27T11:31:18Z
TXN_001945,167027944355,351119549747,366992.03,Crypto Off-ramp,2024-01-27T21:20:24Z
TXN_001946,219420001511,131574439021,1738253.12,ATM Withdrawal,2024-08-10T11:52:48Z
TXN_001947,406814827519,778738835456,2098963.4,Wire Transfer,2024-07-04T10:42:31Z
TXN_001948,461946293714,895966888756,2053616.7,Crypto Off-ramp,2023-05-26T09:55:58Z
TXN_001949,817241660443,769926325174,1632303.38,Hawala,2023-12-24T06:46:49Z
TXN_001950,733778244899,692551671655,918306.65,Hawala,2026-04-14T22:27:32Z
TXN_001951,880326884118,993737484275,47697.55,Hawala,2024-06-04T18:13:24Z
TXN_001952,373464964815,445697998316,287542.62,Wire Transfer,2026-01-03T06:45:46Z
TXN_001953,888903482463,255906701507,212494.59,Hawala,2024-11-16T05:54:56Z
TXN_001954,247732945307,912398993234,63950.31,Hawala,2023-07-25T12:25:01Z
TXN_001955,881401340548,322227525769,2440688.47,Crypto Off-ramp,2023-12-21T23:34:27Z
TXN_001956,926367383437,408249569141,2125776.44,Crypto Off-ramp,2026-04-18T09:23:48Z
TXN_001957,898764459927,304313400834,1349670.04,ATM Withdrawal,2025-12-16T18:13:58Z
TXN_001958,417289641770,994970519121,579755.82,Crypto Off-ramp,2023-01-26T14:54:43Z
TXN_001959,792570318101,590756335141,1362121.64,ATM Withdrawal,2024-09-25T02:27:29Z
TXN_001960,637224769598,729679831486,2138197.86,Cash Deposit,2024-10-28T17:52:51Z
TXN_001961,117753190354,683112336001,1442536.71,ATM Withdrawal,2025-06-03T09:06:24Z
TXN_001962,579442433310,409200346025,1954453.57,Wire Transfer,2023-05-15T05:40:10Z
TXN_001963,268554842725,585092446868,1547698.37,ATM Withdrawal,2024-04-19T02:25:24Z
TXN_001964,242582798168,942433066333,1317422.62,Hawala,2024-05-11T20:11:03Z
TXN_001965,316999294706,204612035295,615828.46,Crypto Off-ramp,2024-07-27T09:06:52Z
TXN_001966,870972911723,585092446868,1546140.61,Crypto Off-ramp,2025-07-31T07:50:04Z
TXN_001967,940981339838,917447846195,1862050.57,Hawala,2025-12-03T14:38:26Z
TXN_001968,126203150933,407516430908,1743553.2,Wire Transfer,2024-01-12T17:21:23Z
TXN_001969,357171615268,229439694020,2093038.67,Hawala,2023-11-10T02:45:30Z
TXN_001970,516787799520,541684933300,1503313.55,Crypto Off-ramp,2026-07-25T14:48:47Z
TXN_001971,927123994306,435923206753,1655105.6,Crypto Off-ramp,2024-08-13T13:30:16Z
TXN_001972,305926686392,428950721942,2452102.37,Cash Deposit,2023-05-25T16:33:05Z
TXN_001973,876432006248,319639108224,2073102.73,Cash Deposit,2024-10-03T07:58:33Z
TXN_001974,162327312864,916396785219,483730.0,Crypto Off-ramp,2026-04-21T23:50:55Z
TXN_001975,975714555153,276378107365,1405828.95,Crypto Off-ramp,2025-06-27T07:02:21Z
TXN_001976,615825200638,783615918438,1319978.49,Wire Transfer,2024-03-13T18:42:11Z
TXN_001977,888459237999,807691942767,501777.43,Hawala,2024-10-08T13:02:54Z
TXN_001978,923073535610,357171615268,2068772.34,ATM Withdrawal,2026-04-14T15:05:13Z
TXN_001979,936341387987,489514297576,2147775.51,Hawala,2025-05-24T21:49:13Z
TXN_001980,834500536139,351702656792,1736976.55,Cash Deposit,2025-08-20T13:32:09Z
TXN_001981,352975736581,615549385177,298652.77,Wire Transfer,2024-07-21T05:07:22Z
TXN_001982,299042937881,672823370623,1296790.71,ATM Withdrawal,2023-12-11T07:51:50Z
TXN_001983,755641749875,847754399234,1559777.79,Wire Transfer,2024-04-28T04:00:45Z
TXN_001984,494715241590,782293955465,1259683.4,Hawala,2024-01-06T00:19:56Z
TXN_001985,994970519121,889759925303,1081245.0,Wire Transfer,2023-02-02T09:45:53Z
TXN_001986,347417963064,899656882928,1866516.58,ATM Withdrawal,2025-08-27T00:33:28Z
TXN_001987,841728851745,936341387987,432688.09,Hawala,2026-03-06T07:19:17Z
TXN_001988,372868678403,898764459927,247940.36,Cash Deposit,2026-03-22T00:57:19Z
TXN_001989,273189253774,707754044012,2287374.69,Wire Transfer,2026-03-04T08:08:17Z
TXN_001990,218070197541,529450675009,759690.93,Crypto Off-ramp,2025-11-16T14:12:26Z
TXN_001991,295084874487,980397733302,2345877.23,Hawala,2025-12-22T20:26:08Z
TXN_001992,233315116783,242582798168,1096811.87,Crypto Off-ramp,2026-07-18T18:06:24Z
TXN_001993,144804544956,725606211721,1678392.66,Hawala,2023-06-09T07:38:30Z
TXN_001994,578695534285,327990144120,1510568.99,Cash Deposit,2024-06-02T23:11:23Z
TXN_001995,445896736997,380823115237,1494088.96,Cash Deposit,2023-08-05T21:02:42Z
TXN_001996,211057087126,188618091706,962220.62,Hawala,2023-09-13T10:31:56Z
TXN_001997,965361455055,445749571553,650064.73,Crypto Off-ramp,2026-04-19T19:09:39Z
TXN_001998,519478963344,302742170531,37338.86,Crypto Off-ramp,2026-06-14T03:24:08Z
TXN_001999,544860692989,367562689182,574324.75,Hawala,2026-04-22T14:38:08Z
TXN_002000,577667237814,904556841663,103626.73,Cash Deposit,2024-04-24T10:56:22Z
TXN_002001,529356584845,685032160775,559242.31,Crypto Off-ramp,2026-04-25T23:56:23Z
TXN_002002,860363757868,296419335163,2193033.21,Hawala,2024-10-06T23:16:33Z
TXN_002003,271832614784,870733496857,998596.53,Crypto Off-ramp,2026-01-15T10:58:09Z
TXN_002004,153386489713,512228633770,2365542.18,Crypto Off-ramp,2023-12-14T04:25:52Z
TXN_002005,568068690614,514865691773,504251.49,Hawala,2023-08-25T02:50:42Z
TXN_002006,170753242751,427840064087,933596.47,Cash Deposit,2025-04-04T07:41:09Z
TXN_002007,592921055446,662030167406,525308.56,Wire Transfer,2024-11-20T14:27:18Z
TXN_002008,995564660275,489668250756,2056823.84,ATM Withdrawal,2025-08-12T18:26:53Z
TXN_002009,168005180900,851034410882,259175.17,Hawala,2025-06-02T21:23:52Z
TXN_002010,395183768562,743616512800,1390192.66,Hawala,2023-09-27T05:17:05Z
TXN_002011,881911556237,692551671655,1695553.1,Cash Deposit,2025-04-02T23:30:37Z
TXN_002012,324984440084,374222558529,539767.43,Hawala,2025-10-16T22:45:30Z
TXN_002013,654802816141,570841541976,2061607.83,Hawala,2023-08-12T22:55:40Z
TXN_002014,977051496663,187746588954,194963.24,Wire Transfer,2024-02-06T15:06:01Z
TXN_002015,274211980525,907600837326,484795.91,Wire Transfer,2024-07-18T08:00:09Z
TXN_002016,131574439021,315078306992,1961320.0,Crypto Off-ramp,2024-12-03T03:34:07Z
TXN_002017,994970519121,845101911279,1821346.59,Crypto Off-ramp,2023-06-17T19:40:07Z
TXN_002018,137085456283,868896035917,2458841.75,Crypto Off-ramp,2024-02-05T22:02:00Z
TXN_002019,849140396032,187746588954,435328.02,Wire Transfer,2025-04-21T02:37:26Z
TXN_002020,897175243274,642040369994,2487278.46,ATM Withdrawal,2026-07-17T13:13:44Z
TXN_002021,597449585302,669763033502,2209221.83,ATM Withdrawal,2023-02-11T10:52:36Z
TXN_002022,271577885068,457157165192,1090997.59,Crypto Off-ramp,2024-02-10T21:25:53Z
TXN_002023,852090325479,437890066202,2367393.74,Wire Transfer,2026-04-04T08:58:57Z
TXN_002024,920485750127,882666446589,1663917.42,ATM Withdrawal,2025-01-08T14:40:42Z
TXN_002025,782508577611,170994058601,867155.84,Wire Transfer,2024-11-22T21:55:53Z
TXN_002026,445259040790,892955588347,290755.8,Cash Deposit,2025-02-02T17:03:29Z
TXN_002027,363309652753,917117510773,818353.19,ATM Withdrawal,2024-12-09T14:20:12Z
TXN_002028,232933587155,238591784094,758766.42,Crypto Off-ramp,2025-05-25T12:28:31Z
TXN_002029,299736267495,189538395298,922171.33,Wire Transfer,2023-10-12T06:03:11Z
TXN_002030,378085326817,687552642739,1185468.46,Crypto Off-ramp,2025-12-20T18:02:40Z
TXN_002031,869612379088,763724020729,1538226.43,Cash Deposit,2026-01-16T02:17:33Z
TXN_002032,880519032210,491930859245,833467.89,Cash Deposit,2026-06-02T01:13:36Z
TXN_002033,645217485117,140862197060,950720.65,Cash Deposit,2024-04-03T03:08:15Z
TXN_002034,800775827198,409841938029,2493410.65,Wire Transfer,2023-03-16T06:46:37Z
TXN_002035,160565223285,760186576622,1228460.46,Crypto Off-ramp,2025-03-05T22:05:19Z
TXN_002036,754733506838,716050113700,2314960.12,Hawala,2026-02-07T06:10:35Z
TXN_002037,986429197802,740859208642,590157.44,Hawala,2025-11-15T01:15:09Z
TXN_002038,824686854563,672195443540,2193596.13,Wire Transfer,2024-03-22T23:34:44Z
TXN_002039,629963016478,496888589631,572103.99,Cash Deposit,2023-09-04T01:03:49Z
TXN_002040,104594937577,473027171465,1592409.93,Cash Deposit,2026-06-12T00:04:14Z
TXN_002041,997224362940,211057087126,948056.53,Crypto Off-ramp,2024-12-07T02:55:17Z
TXN_002042,583392419021,807872656453,486284.96,Wire Transfer,2026-06-07T17:42:21Z
TXN_002043,621361954789,501751181123,1805048.64,Wire Transfer,2023-10-26T18:00:43Z
TXN_002044,725018925608,721398574914,481225.05,Wire Transfer,2026-05-13T12:46:52Z
TXN_002045,972231880929,627624597154,1413560.22,Wire Transfer,2026-01-27T00:38:08Z
TXN_002046,523084216424,745081748726,329779.17,Wire Transfer,2026-07-29T02:52:29Z
TXN_002047,834544260113,863787984130,455323.41,ATM Withdrawal,2025-04-23T22:38:34Z
TXN_002048,576801285370,820652046614,2140277.58,ATM Withdrawal,2024-06-10T08:41:56Z
TXN_002049,654009995875,934164257143,29459.29,Crypto Off-ramp,2026-07-19T04:40:44Z
TXN_002050,782293955465,972231880929,311244.7,Wire Transfer,2023-03-20T21:42:35Z
TXN_002051,366644302955,373599874217,181728.73,ATM Withdrawal,2024-07-22T23:32:24Z
TXN_002052,707020264365,708002717560,1865843.61,Wire Transfer,2024-11-01T22:02:45Z
TXN_002053,597796423739,649844796841,2231648.74,Crypto Off-ramp,2024-02-25T20:47:31Z
TXN_002054,189538395298,784038745263,1592761.52,Wire Transfer,2025-10-30T09:50:10Z
TXN_002055,173028476003,167764960103,161698.33,Cash Deposit,2023-05-13T15:18:12Z
TXN_002056,452167379163,982531551438,801442.18,Cash Deposit,2025-01-10T03:10:49Z
TXN_002057,312893307017,555928155661,97870.86,Hawala,2026-05-04T04:23:02Z
TXN_002058,852671745521,723053205254,302671.28,Hawala,2024-01-01T23:04:08Z
TXN_002059,827753912065,649844796841,1099073.19,ATM Withdrawal,2025-02-04T12:39:43Z
TXN_002060,563745861351,210520978942,20561.29,ATM Withdrawal,2024-06-13T21:05:55Z
TXN_002061,121843130183,302742170531,144738.19,ATM Withdrawal,2023-11-15T16:19:39Z
TXN_002062,867573972956,732468652114,999188.71,Hawala,2025-03-10T23:00:48Z
TXN_002063,138636041735,198168548632,489415.14,Cash Deposit,2026-07-15T10:41:32Z
TXN_002064,255749522616,194363632422,2423971.89,Hawala,2024-10-30T05:47:09Z
TXN_002065,416158496686,207872783185,390658.45,Hawala,2025-02-05T13:12:27Z
TXN_002066,669223780142,218671130355,327965.68,Wire Transfer,2025-09-05T14:34:08Z
TXN_002067,273362959038,881401340548,1116968.35,Crypto Off-ramp,2024-01-04T15:49:29Z
TXN_002068,834218912712,991839124224,2069107.13,Wire Transfer,2024-01-11T20:02:54Z
TXN_002069,338754551365,324505342081,2087029.5,Crypto Off-ramp,2024-11-07T08:54:14Z
TXN_002070,261742492357,367090301071,1788031.96,Wire Transfer,2024-02-22T04:36:02Z
TXN_002071,472584342257,405889038053,59405.9,Cash Deposit,2024-06-04T18:33:46Z
TXN_002072,529441262209,852671745521,1461881.33,Cash Deposit,2025-06-10T04:23:58Z
TXN_002073,519861247419,593183597777,674390.53,ATM Withdrawal,2023-04-15T21:20:32Z
TXN_002074,597796423739,589866681681,913156.85,Wire Transfer,2023-10-18T01:59:49Z
TXN_002075,170994058601,368707366587,1525719.31,ATM Withdrawal,2023-08-25T07:50:05Z
TXN_002076,425078911396,672195443540,352800.56,Cash Deposit,2024-06-06T11:04:31Z
TXN_002077,162327312864,202528643712,2221139.91,Wire Transfer,2025-08-21T02:09:54Z
TXN_002078,239166522247,416326328379,2493066.84,Wire Transfer,2025-03-20T21:01:15Z
TXN_002079,725018925608,519836034687,962669.06,Hawala,2024-10-07T14:07:49Z
TXN_002080,659111498693,553649890891,37943.04,Wire Transfer,2026-01-07T05:22:56Z
TXN_002081,639787699126,671213975238,2277328.36,ATM Withdrawal,2023-12-06T00:02:20Z
TXN_002082,569536065326,615549385177,2322704.4,Hawala,2024-01-21T21:41:03Z
TXN_002083,180232057210,445896736997,732249.66,Hawala,2025-04-09T16:22:38Z
TXN_002084,568068690614,961463362356,1666518.97,Hawala,2023-10-04T08:59:06Z
TXN_002085,957598637179,377509040433,697015.9,Cash Deposit,2026-05-02T08:29:37Z
TXN_002086,997814425058,633358403062,1016049.43,ATM Withdrawal,2024-02-29T16:08:39Z
TXN_002087,824430779269,662530568731,1977704.33,Hawala,2025-09-14T05:47:02Z
TXN_002088,476717445096,814959613916,1381182.19,Cash Deposit,2025-08-09T00:40:23Z
TXN_002089,160565223285,817241660443,1034640.59,Cash Deposit,2025-10-09T03:55:57Z
TXN_002090,105902392359,988171703415,1729090.52,ATM Withdrawal,2024-01-27T22:14:54Z
TXN_002091,254171825253,633358403062,1099980.73,ATM Withdrawal,2025-12-09T07:11:57Z
TXN_002092,565157647710,754937671430,45957.52,ATM Withdrawal,2023-06-04T01:10:10Z
TXN_002093,224231733594,322628866753,1101926.69,Wire Transfer,2024-09-02T08:52:59Z
TXN_002094,503605679964,169848466237,1741708.77,ATM Withdrawal,2026-01-26T07:07:58Z
TXN_002095,929183045661,214310617088,667528.61,ATM Withdrawal,2025-06-26T23:42:34Z
TXN_002096,371760369583,178964329214,783635.03,Wire Transfer,2024-09-28T12:15:10Z
TXN_002097,143325569312,324772526488,1523739.52,Cash Deposit,2023-02-21T03:20:29Z
TXN_002098,105902392359,615825200638,460497.28,Wire Transfer,2025-11-21T10:39:47Z
TXN_002099,457534054609,362561190526,1553178.14,Crypto Off-ramp,2024-04-16T08:42:05Z
TXN_002100,281726931149,304574075460,1630295.13,ATM Withdrawal,2024-09-28T08:23:54Z
TXN_002101,540965129473,646992008730,1011760.96,Crypto Off-ramp,2023-04-18T17:20:32Z
TXN_002102,692905200466,122324194131,1093868.56,Hawala,2024-05-31T02:45:23Z
TXN_002103,200231975010,242582798168,870317.19,Hawala,2024-07-31T09:58:41Z
TXN_002104,104594937577,600342453983,1981192.75,Hawala,2025-02-18T16:14:06Z
TXN_002105,761923001204,408249569141,958078.29,Wire Transfer,2026-05-07T03:46:56Z
TXN_002106,274211980525,807783122457,2296040.08,ATM Withdrawal,2025-10-26T17:13:06Z
TXN_002107,793468696662,378329460257,721080.79,ATM Withdrawal,2025-01-26T00:49:42Z
TXN_002108,628805382225,322628866753,2215819.41,Hawala,2024-10-17T22:16:43Z
TXN_002109,527168226754,870733496857,1519514.16,ATM Withdrawal,2023-02-03T23:33:10Z
TXN_002110,684624250184,707040726837,1835866.55,Hawala,2024-06-06T22:34:27Z
TXN_002111,378085326817,509424579955,2047565.56,Hawala,2026-05-08T06:46:58Z
TXN_002112,649844796841,667485216837,1528020.12,Crypto Off-ramp,2023-06-08T03:17:38Z
TXN_002113,670960591325,832951685502,268500.61,Wire Transfer,2023-10-08T11:37:47Z
TXN_002114,301959599224,219420001511,1307497.53,ATM Withdrawal,2024-03-28T13:44:47Z
TXN_002115,889773004736,429686382354,2495356.42,Crypto Off-ramp,2025-09-10T16:33:20Z
TXN_002116,743126921056,256745702997,1577270.94,Hawala,2023-05-22T01:45:30Z
TXN_002117,217215803376,167572351889,1464910.8,Crypto Off-ramp,2023-02-12T16:39:04Z
TXN_002118,544307317250,597449585302,177047.1,ATM Withdrawal,2023-09-06T17:09:52Z
TXN_002119,808912330377,340174048328,275645.12,ATM Withdrawal,2025-10-25T16:02:53Z
TXN_002120,822586961665,791935869243,2387738.03,Hawala,2023-07-28T01:15:58Z
TXN_002121,938206903933,293083311536,308464.24,Wire Transfer,2024-04-28T06:40:54Z
TXN_002122,811020143735,491020653298,202896.52,Cash Deposit,2024-04-27T19:26:51Z
TXN_002123,230439789310,242582798168,1730422.24,Wire Transfer,2024-02-05T03:28:04Z
TXN_002124,323526748585,520115203970,1657666.74,Hawala,2023-05-02T10:01:29Z
TXN_002125,833795013957,327022359985,950009.58,Wire Transfer,2024-05-03T00:03:11Z
TXN_002126,435390506495,228984271283,858453.84,Cash Deposit,2024-01-15T19:30:23Z
TXN_002127,809354406363,685032160775,695805.99,Wire Transfer,2023-07-22T02:00:00Z
TXN_002128,362453078327,774614865670,1341685.41,ATM Withdrawal,2025-03-03T22:21:34Z
TXN_002129,941525914044,349044009729,196354.5,Crypto Off-ramp,2024-03-30T13:14:06Z
TXN_002130,916026417623,291048960698,660588.37,ATM Withdrawal,2024-12-01T20:29:19Z
TXN_002131,311769150585,419204969826,450584.62,Hawala,2023-01-08T00:38:18Z
TXN_002132,330955033046,563396478651,421320.27,Wire Transfer,2025-04-08T05:20:12Z
TXN_002133,342169934180,643006455836,156778.89,Crypto Off-ramp,2025-09-16T13:51:52Z
TXN_002134,791935869243,312893307017,373689.8,ATM Withdrawal,2023-08-18T13:08:59Z
TXN_002135,159568893213,218671130355,203666.36,Crypto Off-ramp,2023-09-26T10:48:48Z
TXN_002136,752125509707,525613326953,224074.71,Crypto Off-ramp,2025-04-19T22:04:09Z
TXN_002137,840183762064,440133403657,608554.69,Hawala,2025-03-16T13:15:40Z
TXN_002138,328501765329,331469113742,1162041.35,Cash Deposit,2025-08-30T07:19:15Z
TXN_002139,881401340548,675282030063,1229480.44,Wire Transfer,2025-02-21T07:00:47Z
TXN_002140,404724248906,105902392359,1079970.09,Cash Deposit,2025-09-25T21:21:57Z
TXN_002141,218671130355,278338984641,1067083.89,Cash Deposit,2023-12-29T11:30:49Z
TXN_002142,174603445189,651215462593,130189.6,Hawala,2024-11-07T10:40:29Z
TXN_002143,597401325570,962510592818,1033049.98,Crypto Off-ramp,2023-07-29T09:50:57Z
TXN_002144,513959995856,281726931149,797189.43,ATM Withdrawal,2025-05-29T15:41:17Z
TXN_002145,626359302200,255580207446,2194679.28,Wire Transfer,2025-12-21T05:41:38Z
TXN_002146,927084502595,812755989046,2091477.03,ATM Withdrawal,2024-09-24T12:02:14Z
TXN_002147,835694897979,428950721942,2209889.87,Hawala,2025-10-09T20:43:18Z
TXN_002148,535627069252,751628603640,928420.35,Hawala,2025-05-30T03:50:51Z
TXN_002149,178267079906,132072153368,2337454.23,Cash Deposit,2025-11-16T04:23:43Z
TXN_002150,274211980525,383050727000,396151.02,ATM Withdrawal,2024-02-19T00:54:57Z
TXN_002151,669223780142,917117510773,1564216.67,Crypto Off-ramp,2025-09-04T09:32:18Z
TXN_002152,505030955723,799029249819,2056396.74,Wire Transfer,2023-06-30T22:57:02Z
TXN_002153,457707017893,904556841663,1161106.11,Wire Transfer,2023-05-26T07:23:59Z
TXN_002154,525613326953,109691407062,396400.88,Crypto Off-ramp,2023-12-25T17:06:22Z
TXN_002155,275732237306,917117510773,2285827.72,Crypto Off-ramp,2024-09-15T22:38:38Z
TXN_002156,395183768562,117063506144,1672781.24,Crypto Off-ramp,2023-06-29T02:29:52Z
TXN_002157,861909976204,893846554896,1208919.49,ATM Withdrawal,2023-03-08T12:46:46Z
TXN_002158,690815363068,693172135835,177630.18,Hawala,2025-04-28T19:30:48Z
TXN_002159,229593833277,792812617551,184165.2,Crypto Off-ramp,2025-02-10T07:28:08Z
TXN_002160,435390506495,345866676491,375843.09,Crypto Off-ramp,2023-09-22T13:46:10Z
TXN_002161,457323121762,540965129473,998795.79,Hawala,2024-06-18T19:41:21Z
TXN_002162,204562043828,916019518291,395323.79,Wire Transfer,2025-12-20T01:37:34Z
TXN_002163,171539595344,127008603057,1658338.49,Wire Transfer,2023-02-17T02:55:30Z
TXN_002164,857589551981,576583505851,1563594.47,ATM Withdrawal,2025-03-29T17:55:47Z
TXN_002165,336333326697,784458615763,1309342.85,Crypto Off-ramp,2023-05-26T23:19:20Z
TXN_002166,293083311536,322227525769,246838.6,Hawala,2024-05-21T21:44:03Z
TXN_002167,975186943779,295084874487,1139202.9,Wire Transfer,2023-03-30T00:44:13Z
TXN_002168,745081748726,938206903933,149379.07,Cash Deposit,2026-01-20T06:53:27Z
TXN_002169,740935847812,123930287429,577757.05,Crypto Off-ramp,2025-08-02T04:17:05Z
TXN_002170,627073536838,126590170769,568306.21,Cash Deposit,2024-05-15T13:22:00Z
TXN_002171,162896081661,411402863936,1815789.83,Crypto Off-ramp,2025-04-29T11:37:41Z
TXN_002172,592945005798,883236622438,963739.18,Hawala,2026-06-21T05:12:50Z
TXN_002173,562086572781,271832614784,480243.01,Crypto Off-ramp,2023-12-29T01:40:17Z
TXN_002174,525226211418,557151808811,1166551.67,Cash Deposit,2025-01-13T04:05:43Z
TXN_002175,797063242206,204631543545,179056.58,Wire Transfer,2025-12-15T09:14:30Z
TXN_002176,704562321344,845101911279,2351606.14,Crypto Off-ramp,2025-02-07T23:47:03Z
TXN_002177,563332328494,733778244899,539491.36,Crypto Off-ramp,2025-03-28T18:48:12Z
TXN_002178,811020143735,763724020729,164191.93,Cash Deposit,2024-09-07T23:30:44Z
TXN_002179,703285605914,229728052480,2406629.68,Crypto Off-ramp,2024-06-28T13:01:53Z
TXN_002180,669470170437,104594937577,158707.82,Wire Transfer,2023-07-31T03:32:18Z
TXN_002181,763724020729,927084502595,2387383.49,ATM Withdrawal,2025-12-30T21:22:45Z
TXN_002182,153913968659,617076660349,2121427.4,Hawala,2025-01-06T22:50:07Z
TXN_002183,353022454173,406814827519,2337494.21,Cash Deposit,2025-03-24T01:11:13Z
TXN_002184,314161836654,378469771979,2498192.26,Cash Deposit,2023-07-24T04:00:10Z
TXN_002185,435923206753,144804544956,866015.92,ATM Withdrawal,2026-06-26T19:14:33Z
TXN_002186,232607723559,399808444886,629095.11,Crypto Off-ramp,2024-01-26T16:47:45Z
TXN_002187,810115598369,806523043344,1668939.3,Cash Deposit,2025-05-06T10:34:28Z
TXN_002188,669223780142,883236622438,1318241.39,Cash Deposit,2025-06-16T08:02:39Z
TXN_002189,516787799520,406814827519,2006517.44,Cash Deposit,2024-02-02T20:51:06Z
TXN_002190,626359302200,800125921897,2180544.45,Hawala,2026-07-28T11:07:49Z
TXN_002191,395852735525,418580135461,77874.28,Hawala,2023-10-20T13:10:55Z
TXN_002192,995564660275,628805382225,1837855.86,Wire Transfer,2023-07-31T19:49:03Z
TXN_002193,889204983051,123930287429,708787.49,ATM Withdrawal,2024-11-14T12:56:43Z
TXN_002194,127373867504,420438136850,2457133.74,Wire Transfer,2023-03-16T03:26:52Z
TXN_002195,610989253293,506369708658,1431101.53,Wire Transfer,2024-04-24T09:31:05Z
TXN_002196,519923177633,218671130355,159005.39,ATM Withdrawal,2024-04-15T03:28:24Z
TXN_002197,923073535610,297882139006,1107399.01,Crypto Off-ramp,2026-07-06T16:31:16Z
TXN_002198,913329702317,311237897638,1420407.46,ATM Withdrawal,2023-11-11T18:21:37Z
TXN_002199,784038745263,616195218108,1417808.79,Wire Transfer,2023-06-23T16:53:26Z
TXN_002200,330955033046,725606211721,2216849.41,Crypto Off-ramp,2023-02-17T22:03:19Z
TXN_002201,342644074665,168122042206,1559157.57,Wire Transfer,2026-03-15T08:45:24Z
TXN_002202,456077746116,464588900070,2157858.77,Hawala,2026-05-19T11:49:27Z
TXN_002203,277071689955,513959995856,1610748.24,Crypto Off-ramp,2024-12-20T16:08:08Z
TXN_002204,456077746116,482316249551,1522092.21,Crypto Off-ramp,2024-02-29T00:12:34Z
TXN_002205,417998590455,625102096404,1518958.52,Wire Transfer,2025-12-15T11:47:40Z
TXN_002206,211337349422,243944686612,299222.88,Crypto Off-ramp,2025-05-11T12:27:43Z
TXN_002207,661095667521,870733496857,1621612.21,Hawala,2025-01-21T11:54:06Z
TXN_002208,523084216424,407516430908,1013918.64,ATM Withdrawal,2025-10-07T14:09:24Z
TXN_002209,119474557561,765490890695,730017.27,ATM Withdrawal,2025-02-15T02:18:15Z
TXN_002210,943976618396,169412101082,917547.06,Crypto Off-ramp,2024-08-24T05:47:47Z
TXN_002211,690815363068,943305821081,1284739.15,Crypto Off-ramp,2023-10-27T15:21:14Z
TXN_002212,589033694632,916436170997,218136.65,Hawala,2024-07-22T06:15:41Z
TXN_002213,411337155994,478128340592,787194.75,Crypto Off-ramp,2024-12-30T18:51:46Z
TXN_002214,418580135461,637940784336,1022380.53,Cash Deposit,2024-04-30T03:12:08Z
TXN_002215,640382414992,310423116808,517739.86,ATM Withdrawal,2023-06-21T13:25:29Z
TXN_002216,220207332442,204842759146,199030.17,Crypto Off-ramp,2025-02-15T20:09:22Z
TXN_002217,485487570495,295738775171,2196640.9,Hawala,2025-08-25T08:21:20Z
TXN_002218,840183762064,782508577611,2452055.94,Wire Transfer,2025-03-14T18:22:29Z
TXN_002219,770469446328,204842759146,1708751.13,Crypto Off-ramp,2024-04-06T23:42:50Z
TXN_002220,233315116783,199627496988,337560.55,ATM Withdrawal,2026-07-01T10:53:59Z
TXN_002221,970156420443,769958759501,1286821.15,ATM Withdrawal,2025-08-23T06:48:13Z
TXN_002222,230439789310,489668250756,1954313.59,Crypto Off-ramp,2025-07-28T18:05:16Z
TXN_002223,128288496979,563332328494,1997618.88,ATM Withdrawal,2023-05-07T07:19:45Z
TXN_002224,241312394717,687552642739,1228127.34,Wire Transfer,2023-04-23T08:44:23Z
TXN_002225,117063506144,774117152232,1236037.08,Wire Transfer,2024-12-24T13:26:07Z
TXN_002226,261947364074,238591784094,211633.89,Hawala,2023-10-19T00:37:26Z
TXN_002227,556799344325,595291608392,146384.01,Crypto Off-ramp,2026-07-30T19:32:50Z
TXN_002228,162896081661,152735418295,2099862.71,Hawala,2024-08-24T14:48:01Z
TXN_002229,570155147817,979314113745,2453726.26,ATM Withdrawal,2026-06-06T22:46:03Z
TXN_002230,985305458961,168806662718,1559382.39,Wire Transfer,2026-05-27T05:06:49Z
TXN_002231,403942159363,646992008730,534269.82,Crypto Off-ramp,2023-12-22T17:55:30Z
TXN_002232,179912091749,865684182938,229692.84,ATM Withdrawal,2025-12-29T19:33:36Z
TXN_002233,391318937123,633926905953,2245003.12,ATM Withdrawal,2024-11-13T22:38:52Z
TXN_002234,405889038053,758759696106,1313067.7,Crypto Off-ramp,2023-09-27T00:12:14Z
TXN_002235,982531551438,569456188828,1226719.87,Cash Deposit,2023-04-10T14:18:41Z
TXN_002236,265109398641,106046929533,438448.44,Cash Deposit,2025-06-20T21:36:08Z
TXN_002237,597401325570,576364901514,140554.86,Hawala,2023-09-09T00:43:08Z
TXN_002238,428950721942,331079463737,1132830.73,Hawala,2023-05-13T08:19:24Z
TXN_002239,819052631553,569536065326,1933565.08,Crypto Off-ramp,2025-10-08T00:05:27Z
TXN_002240,615825200638,662030167406,1887714.87,Crypto Off-ramp,2023-12-07T03:28:23Z
TXN_002241,160565223285,938878915271,1189761.55,Cash Deposit,2025-05-31T12:08:09Z
TXN_002242,827459100907,811780509695,2097863.37,Hawala,2024-11-01T01:02:38Z
TXN_002243,143325569312,975186943779,1038304.6,Wire Transfer,2026-07-04T22:19:49Z
TXN_002244,392493759560,455892047104,2111131.83,Wire Transfer,2024-05-18T09:18:52Z
TXN_002245,481498187599,748302533039,874715.75,Wire Transfer,2023-07-18T22:00:26Z
TXN_002246,327022359985,415771400787,269145.64,Crypto Off-ramp,2025-03-06T22:45:16Z
TXN_002247,889566853259,271577885068,1177418.71,Wire Transfer,2024-02-25T05:11:07Z
TXN_002248,707040726837,469317232018,1143297.65,Wire Transfer,2025-12-25T04:23:45Z
TXN_002249,465663385866,779421493691,1622004.67,ATM Withdrawal,2026-03-03T16:59:38Z
TXN_002250,126203150933,473027171465,1389147.54,Wire Transfer,2026-02-06T20:21:39Z
TXN_002251,501751181123,863350696599,1491809.27,Hawala,2023-11-30T19:51:42Z
TXN_002252,168806662718,669763033502,196348.93,Crypto Off-ramp,2026-01-29T21:38:35Z
TXN_002253,351611550322,349969704933,1052304.36,Crypto Off-ramp,2026-06-26T17:20:25Z
TXN_002254,553649890891,489745071244,298372.28,Wire Transfer,2023-05-06T08:16:41Z
TXN_002255,659442187201,525226211418,171048.54,Wire Transfer,2025-07-01T23:26:46Z
TXN_002256,464375900541,577021855283,1321008.26,Hawala,2025-01-14T10:13:29Z
TXN_002257,615405040246,896033951248,946996.24,Cash Deposit,2023-10-24T21:15:11Z
TXN_002258,628287250277,398030335767,1758601.14,Crypto Off-ramp,2024-10-26T15:58:24Z
TXN_002259,157414983384,637224769598,2344865.77,Hawala,2024-10-16T20:43:01Z
TXN_002260,610667701246,889204983051,1091973.32,Crypto Off-ramp,2026-04-13T05:33:28Z
TXN_002261,649844796841,153105431702,533228.4,Wire Transfer,2024-02-12T04:18:14Z
TXN_002262,203015443892,349044009729,854042.12,Hawala,2025-01-24T15:50:46Z
TXN_002263,291843276477,555310459741,710172.31,Crypto Off-ramp,2023-04-23T11:23:53Z
TXN_002264,310572218806,692905200466,1919622.0,Crypto Off-ramp,2024-09-14T17:16:37Z
TXN_002265,767619120197,529356584845,1204662.57,Cash Deposit,2025-03-21T11:43:13Z
TXN_002266,324505342081,523084216424,1603871.7,Crypto Off-ramp,2024-01-25T19:42:32Z
TXN_002267,467541033814,646774666704,203658.02,Wire Transfer,2024-09-14T16:18:58Z
TXN_002268,626025086862,765490890695,2279392.2,Wire Transfer,2026-01-29T23:55:06Z
TXN_002269,916549815537,239367051012,363118.0,Cash Deposit,2024-06-02T03:35:58Z
TXN_002270,968988148798,159427802084,2454215.91,Cash Deposit,2024-09-29T22:17:09Z
TXN_002271,135480063042,783615918438,195024.99,Cash Deposit,2026-05-21T05:16:47Z
TXN_002272,938005546431,316999294706,1008620.21,Wire Transfer,2023-04-01T22:46:50Z
TXN_002273,938878915271,934164257143,2164385.99,Cash Deposit,2025-12-02T14:36:13Z
TXN_002274,719078416015,815365440842,1605740.83,Hawala,2025-11-25T17:21:16Z
TXN_002275,916396785219,280193090820,433212.73,Hawala,2025-01-07T14:53:51Z
TXN_002276,167764960103,179603418555,841642.56,Cash Deposit,2023-11-22T12:51:02Z
TXN_002277,470816096138,390489285547,1801338.53,Wire Transfer,2023-09-03T23:44:56Z
TXN_002278,630956991762,398030335767,688876.8,Crypto Off-ramp,2025-12-25T10:37:48Z
TXN_002279,208787064499,156551327248,2144333.85,Crypto Off-ramp,2025-12-05T04:07:20Z
TXN_002280,924337720185,403735228688,2378937.52,Cash Deposit,2025-07-13T08:01:36Z
TXN_002281,255580207446,739462390627,1315696.95,Wire Transfer,2026-05-23T15:33:39Z
TXN_002282,991649259877,200930364898,1880951.95,Crypto Off-ramp,2025-09-18T13:03:22Z
TXN_002283,972917243452,957657137173,1875463.85,Crypto Off-ramp,2024-04-19T23:09:11Z
TXN_002284,576364901514,128288496979,1034471.24,Cash Deposit,2023-06-14T14:56:37Z
TXN_002285,672926992893,794742375049,965457.11,ATM Withdrawal,2024-05-09T07:52:27Z
TXN_002286,654802816141,500873499512,1814996.97,ATM Withdrawal,2025-02-08T15:02:18Z
TXN_002287,784458615763,273189253774,793572.76,Cash Deposit,2023-01-27T08:19:09Z
TXN_002288,702992006185,579442433310,1232220.52,Crypto Off-ramp,2024-02-06T21:07:02Z
TXN_002289,458465015203,464588900070,943649.83,Hawala,2026-04-20T10:31:18Z
TXN_002290,583392419021,133508884937,244155.55,ATM Withdrawal,2026-05-24T06:32:16Z
TXN_002291,310423116808,351226168645,988690.95,Hawala,2024-03-03T22:19:04Z
TXN_002292,201723564789,311538803488,1917051.05,Crypto Off-ramp,2024-07-22T07:39:19Z
TXN_002293,361140269616,630946659683,202702.27,Wire Transfer,2026-01-11T14:06:52Z
TXN_002294,566805926240,327990144120,130854.85,Hawala,2026-01-05T12:19:30Z
TXN_002295,331079463737,109975200621,1070406.15,Cash Deposit,2026-01-10T21:53:43Z
TXN_002296,600342453983,597401325570,2191757.23,ATM Withdrawal,2023-09-01T15:56:47Z
TXN_002297,690382249795,256745702997,340369.65,Hawala,2024-03-07T21:38:58Z
TXN_002298,311237897638,627624597154,1970327.42,Wire Transfer,2024-04-14T04:03:09Z
TXN_002299,895643876630,369696988696,1345293.09,Crypto Off-ramp,2024-07-14T03:06:21Z
TXN_002300,409841938029,210680394106,262842.4,Crypto Off-ramp,2025-08-10T04:23:15Z
TXN_002301,481640831538,510222040245,1731561.59,ATM Withdrawal,2023-12-12T08:54:10Z
TXN_002302,979872046284,704562321344,1163503.74,Cash Deposit,2025-01-13T22:58:51Z
TXN_002303,684624250184,620049183853,430195.61,Hawala,2026-01-14T08:20:57Z
TXN_002304,118608398545,644054724977,1074514.79,Wire Transfer,2025-11-19T16:39:59Z
TXN_002305,787984883121,670960591325,774230.98,Crypto Off-ramp,2026-06-01T09:57:58Z
TXN_002306,552545519156,989400380840,970676.07,Cash Deposit,2025-10-21T08:59:49Z
TXN_002307,323000653492,590208135304,2238859.53,Wire Transfer,2024-01-30T11:58:23Z
TXN_002308,372284668272,823926902828,135444.71,Crypto Off-ramp,2023-08-07T07:57:49Z
TXN_002309,943963062529,434864719590,796949.71,Cash Deposit,2025-09-12T10:53:37Z
TXN_002310,630956991762,755641749875,707821.37,Crypto Off-ramp,2023-02-19T01:20:00Z
TXN_002311,293083311536,788906274127,1490989.27,Hawala,2025-12-31T07:09:06Z
TXN_002312,323000653492,318159405731,841982.85,ATM Withdrawal,2026-06-21T04:18:34Z
TXN_002313,176239323225,646774666704,2374424.11,Hawala,2025-09-03T20:42:56Z
TXN_002314,211057087126,411337155994,302603.89,Crypto Off-ramp,2024-10-05T21:32:13Z
TXN_002315,662030167406,722071947893,2390213.38,Wire Transfer,2024-10-23T08:16:05Z
TXN_002316,262925187455,870615879892,983108.17,Wire Transfer,2026-03-14T21:11:10Z
TXN_002317,854329514569,481640831538,1289986.95,Cash Deposit,2026-05-20T12:47:11Z
TXN_002318,595291608392,630164411294,179316.66,Wire Transfer,2026-01-15T22:10:50Z
TXN_002319,274082594113,276616372780,76885.92,Cash Deposit,2023-02-22T09:35:31Z
TXN_002320,948201731736,363309652753,2194572.26,Cash Deposit,2024-07-27T22:20:35Z
TXN_002321,852065062614,137085456283,1161946.85,Crypto Off-ramp,2025-11-07T18:32:33Z
TXN_002322,111035185213,784458615763,166224.02,Wire Transfer,2024-04-29T01:06:07Z
TXN_002323,863350696599,374222558529,2183988.54,ATM Withdrawal,2025-01-02T18:57:26Z
TXN_002324,348536595188,508782562838,1829140.39,ATM Withdrawal,2025-03-04T15:32:58Z
TXN_002325,413094617397,300377597244,1771049.37,Cash Deposit,2025-08-27T09:30:05Z
TXN_002326,926283603919,239772489895,954750.62,Cash Deposit,2025-12-28T23:27:18Z
TXN_002327,160565223285,283752473518,2396760.26,Cash Deposit,2026-02-13T18:36:11Z
TXN_002328,472584342257,204990062756,2482696.17,Hawala,2025-01-25T09:03:00Z
TXN_002329,501751181123,170994058601,272850.98,Hawala,2023-09-18T03:59:24Z
TXN_002330,881911556237,383519667685,760841.82,ATM Withdrawal,2025-04-08T08:18:11Z
TXN_002331,310572218806,715561217596,1041231.52,ATM Withdrawal,2023-02-21T12:18:16Z
TXN_002332,408249569141,965333637017,922110.35,ATM Withdrawal,2024-06-17T12:03:24Z
TXN_002333,362453078327,762264135789,826466.63,Hawala,2024-10-01T22:44:14Z
TXN_002334,219420001511,774479575608,99882.65,Wire Transfer,2024-06-22T00:53:51Z
TXN_002335,763724020729,224231733594,1311846.14,Cash Deposit,2024-03-16T19:04:21Z
TXN_002336,247732945307,730724401929,1556198.33,Wire Transfer,2026-01-08T20:47:59Z
TXN_002337,912904372103,327894680376,1766930.27,Crypto Off-ramp,2023-03-09T09:40:07Z
TXN_002338,660364004663,722071947893,1539140.94,Hawala,2025-05-28T07:13:45Z
TXN_002339,870615879892,519836034687,233174.96,Crypto Off-ramp,2023-05-25T13:32:41Z
TXN_002340,321346766736,489668250756,26047.47,Wire Transfer,2023-11-13T06:40:07Z
TXN_002341,239367051012,600950801588,1570894.32,ATM Withdrawal,2025-12-01T16:28:55Z
TXN_002342,899656882928,832951685502,1996694.14,Wire Transfer,2025-08-20T10:31:07Z
TXN_002343,991839124224,153386489713,1947571.28,Wire Transfer,2023-03-18T09:07:59Z
TXN_002344,947321779307,479934056725,2110868.36,Cash Deposit,2024-11-25T18:34:46Z
TXN_002345,398935539836,716050113700,908467.19,Cash Deposit,2024-08-22T05:13:48Z
TXN_002346,560237883698,519861247419,1440164.44,Cash Deposit,2025-02-10T15:24:36Z
TXN_002347,967113311304,576801285370,2235074.85,ATM Withdrawal,2023-04-08T18:58:56Z
TXN_002348,752367082425,938013614029,1144137.99,Cash Deposit,2025-08-20T04:28:48Z
TXN_002349,304574075460,597156755523,844009.15,ATM Withdrawal,2026-02-02T11:29:09Z
TXN_002350,807872656453,565157647710,1468157.09,ATM Withdrawal,2025-08-19T14:15:31Z
TXN_002351,281462113811,844736758938,943369.18,Hawala,2026-06-30T00:54:44Z
TXN_002352,340174048328,852090325479,2100319.36,Crypto Off-ramp,2026-04-02T03:24:27Z
TXN_002353,104364311538,421115534909,1834334.39,Wire Transfer,2023-12-28T16:44:09Z
TXN_002354,589033694632,896163552047,2132604.46,Wire Transfer,2025-03-01T23:44:52Z
TXN_002355,140862197060,233315116783,600792.85,Wire Transfer,2023-09-10T00:11:22Z
TXN_002356,857122137563,763724020729,1212703.2,Crypto Off-ramp,2024-10-12T18:11:05Z
TXN_002357,690382249795,324804416487,1633258.66,Crypto Off-ramp,2026-02-10T19:49:46Z
TXN_002358,850807134230,405244528227,2348779.81,Wire Transfer,2023-03-29T23:21:01Z
TXN_002359,118608398545,236793283295,2459022.12,ATM Withdrawal,2025-10-23T23:24:38Z
TXN_002360,464375900541,454707694263,1177269.69,Hawala,2025-05-25T01:55:23Z
TXN_002361,519836034687,232607723559,431906.47,Cash Deposit,2026-04-10T23:40:05Z
TXN_002362,352306355987,934164257143,881443.54,Cash Deposit,2025-09-08T00:22:43Z
TXN_002363,610152175213,797063242206,2346918.53,Cash Deposit,2023-11-12T08:48:38Z
TXN_002364,129703671966,109691407062,236451.83,Wire Transfer,2025-10-28T11:15:52Z
TXN_002365,635287718608,513324968984,586943.95,Cash Deposit,2026-06-22T16:16:42Z
TXN_002366,473027171465,301959599224,839710.69,ATM Withdrawal,2023-12-19T13:10:22Z
TXN_002367,295738775171,963887282468,2094725.16,Cash Deposit,2024-01-15T12:59:25Z
TXN_002368,503055106120,921510577574,1229254.14,Wire Transfer,2024-10-29T09:27:26Z
TXN_002369,446117981702,525942291846,2249949.75,Cash Deposit,2023-11-21T01:59:09Z
TXN_002370,362453078327,374730111102,1270689.65,Hawala,2024-08-06T19:46:46Z
TXN_002371,596763052570,913611993211,633196.48,Wire Transfer,2023-04-10T03:26:32Z
TXN_002372,896163552047,667485216837,893375.37,Cash Deposit,2026-05-13T13:16:05Z
TXN_002373,350265095151,110268020228,887604.33,Wire Transfer,2024-11-01T06:42:17Z
TXN_002374,185926461741,871264469609,1766315.29,Wire Transfer,2024-06-20T08:20:00Z
TXN_002375,318259719323,549821150470,1879235.4,Crypto Off-ramp,2025-06-04T10:04:28Z
TXN_002376,238591784094,187601656984,254273.98,ATM Withdrawal,2023-08-07T18:23:12Z
TXN_002377,136375278493,551847051700,445232.12,Hawala,2024-06-10T15:39:39Z
TXN_002378,348536595188,863484301797,2292446.14,Hawala,2023-02-27T08:11:42Z
TXN_002379,820652046614,296419335163,2019419.5,Hawala,2025-11-25T05:29:52Z
TXN_002380,834853886616,590407241407,2154044.36,Wire Transfer,2023-05-22T21:57:23Z
TXN_002381,512228633770,991032224215,299964.88,Cash Deposit,2025-12-28T23:43:03Z
TXN_002382,886605072969,938878915271,2348723.97,Hawala,2023-06-24T23:48:44Z
TXN_002383,537907453529,361140269616,2364930.57,Wire Transfer,2023-06-11T20:37:04Z
TXN_002384,188913657952,913849523641,259982.34,ATM Withdrawal,2025-08-30T15:22:53Z
TXN_002385,489745071244,265109398641,1865705.05,Hawala,2024-10-14T04:19:19Z
TXN_002386,304574075460,464588900070,1471097.46,Wire Transfer,2024-12-31T05:19:27Z
TXN_002387,870972911723,731806075889,913069.04,Hawala,2023-05-26T13:44:04Z
TXN_002388,537020157057,787239562597,1577136.37,ATM Withdrawal,2025-04-16T14:35:48Z
TXN_002389,264223925737,912904372103,1303339.24,Crypto Off-ramp,2023-10-30T03:10:50Z
TXN_002390,719866920847,318259719323,255520.46,Hawala,2023-01-15T20:28:55Z
TXN_002391,276378107365,623694137781,950165.31,Crypto Off-ramp,2024-04-13T16:57:16Z
TXN_002392,420438136850,483005980701,1166426.79,Crypto Off-ramp,2023-02-26T00:04:53Z
TXN_002393,566871740130,505108428934,2488932.55,Hawala,2024-07-24T08:28:22Z
TXN_002394,417289641770,446117981702,1273122.09,Cash Deposit,2023-04-16T12:24:07Z
TXN_002395,679284344186,540965129473,2384022.79,Wire Transfer,2023-08-28T19:00:11Z
TXN_002396,323000653492,324666768363,753267.76,Hawala,2026-02-20T08:46:20Z
TXN_002397,760186576622,912904372103,2308599.76,Cash Deposit,2024-05-29T22:07:30Z
TXN_002398,708002717560,931053980604,615883.01,Crypto Off-ramp,2026-01-15T00:05:34Z
TXN_002399,159568893213,720301931247,859817.68,Crypto Off-ramp,2024-01-26T05:10:40Z
TXN_002400,133508884937,834853886616,913078.64,ATM Withdrawal,2023-08-05T08:44:23Z
TXN_002401,374222558529,378329460257,189633.27,ATM Withdrawal,2023-10-12T17:10:48Z
TXN_002402,810115598369,342212101136,760073.7,Wire Transfer,2025-11-08T01:17:49Z
TXN_002403,458124708283,100393358576,1686857.68,Crypto Off-ramp,2023-09-12T03:38:38Z
TXN_002404,615405040246,118608398545,2092110.9,Hawala,2025-09-17T10:40:35Z
TXN_002405,476717445096,320678302110,811217.49,ATM Withdrawal,2023-06-29T07:01:12Z
TXN_002406,773165086983,916026417623,1849809.02,Crypto Off-ramp,2024-11-05T00:52:35Z
TXN_002407,597892152478,612460425385,1742645.9,Wire Transfer,2026-02-20T11:15:43Z
TXN_002408,597156755523,168005180900,1463127.59,Hawala,2026-02-15T08:57:26Z
TXN_002409,156975752858,144998273972,1836680.82,Wire Transfer,2023-04-13T22:34:13Z
TXN_002410,199627496988,383050727000,195015.12,Cash Deposit,2025-12-14T04:19:02Z
TXN_002411,769926325174,831433811484,2154285.6,Crypto Off-ramp,2026-03-18T22:21:02Z
TXN_002412,129703671966,255580207446,1989639.2,Wire Transfer,2023-04-04T20:38:53Z
TXN_002413,965333637017,505108428934,1719487.75,Hawala,2025-09-24T19:45:57Z
TXN_002414,620049183853,889204983051,321977.18,Crypto Off-ramp,2024-04-09T16:50:59Z
TXN_002415,429686382354,485487570495,558027.99,Crypto Off-ramp,2023-09-14T17:07:34Z
TXN_002416,255749522616,795227432123,1947041.25,Cash Deposit,2023-02-23T02:34:58Z
TXN_002417,669470170437,140449444491,1447122.94,Hawala,2024-04-18T05:03:41Z
TXN_002418,427840064087,495664914015,1636102.99,ATM Withdrawal,2025-06-27T05:46:14Z
TXN_002419,926283603919,491930859245,1776701.88,Hawala,2023-08-23T23:06:37Z
TXN_002420,353022454173,864324181290,1821483.4,Crypto Off-ramp,2025-09-29T22:14:44Z
TXN_002421,168122042206,478128340592,398365.54,Crypto Off-ramp,2026-03-24T16:25:30Z
TXN_002422,318227898860,290006412542,953966.77,ATM Withdrawal,2024-02-01T22:43:39Z
TXN_002423,178267079906,322628866753,308963.29,Cash Deposit,2024-03-21T03:34:37Z
TXN_002424,554207453473,211057087126,977516.08,Cash Deposit,2024-06-16T12:23:16Z
TXN_002425,715561217596,409053230634,2375650.43,Cash Deposit,2024-06-27T09:32:22Z
TXN_002426,912904372103,455892047104,848688.86,ATM Withdrawal,2025-07-04T20:26:00Z
TXN_002427,683112336001,107892084516,1417647.92,Wire Transfer,2023-12-08T08:11:01Z
TXN_002428,291843276477,381613218102,1150758.24,Cash Deposit,2024-02-29T21:01:37Z
TXN_002429,999750763740,324772526488,1965098.78,ATM Withdrawal,2024-06-03T10:18:09Z
TXN_002430,871264469609,328501765329,313566.29,Wire Transfer,2023-12-13T14:03:23Z
TXN_002431,942496994555,831433811484,2051535.38,Hawala,2026-02-18T03:00:52Z
TXN_002432,957312586089,198168548632,266202.81,Crypto Off-ramp,2023-06-07T05:00:11Z
TXN_002433,800775827198,629963016478,352784.37,Wire Transfer,2026-03-26T05:20:01Z
TXN_002434,331469113742,282139591375,521254.44,Wire Transfer,2025-09-20T05:13:28Z
TXN_002435,623045427426,899656882928,1984833.65,ATM Withdrawal,2025-03-14T14:51:32Z
TXN_002436,451005816415,299708254154,2459164.25,Hawala,2024-11-09T23:05:46Z
TXN_002437,411402863936,907600837326,1634271.7,Wire Transfer,2023-01-03T15:28:54Z
TXN_002438,407516430908,406814827519,712164.49,ATM Withdrawal,2025-04-28T22:58:49Z
TXN_002439,775379444078,704562321344,1200535.96,Wire Transfer,2024-07-07T10:18:17Z
TXN_002440,790468289425,895643876630,732831.26,Cash Deposit,2026-05-01T19:15:28Z
TXN_002441,139636728813,833880851734,2198499.86,Wire Transfer,2025-04-21T14:47:08Z
TXN_002442,639787699126,192606739113,1029394.81,ATM Withdrawal,2025-10-15T13:35:10Z
TXN_002443,740859208642,757653326842,2121535.74,ATM Withdrawal,2024-01-21T10:54:06Z
TXN_002444,232933587155,169848466237,369277.07,Hawala,2026-04-12T01:51:12Z
TXN_002445,592921055446,813091219229,965509.68,Crypto Off-ramp,2025-06-09T03:21:10Z
TXN_002446,324772526488,127672389870,1420637.34,Cash Deposit,2024-10-31T10:48:28Z
TXN_002447,171539595344,168806662718,2262757.3,Hawala,2023-01-24T11:32:31Z
TXN_002448,154728732297,851482435008,1309909.87,ATM Withdrawal,2024-07-16T15:42:05Z
TXN_002449,132072153368,584831082628,2254863.05,Hawala,2024-07-26T00:06:04Z
TXN_002450,707791823618,172659966808,1024821.71,ATM Withdrawal,2025-11-25T08:40:09Z
TXN_002451,931053980604,917816083126,2249515.52,Hawala,2024-10-07T02:44:31Z
TXN_002452,585092446868,908831295908,470093.24,Hawala,2023-03-03T19:33:49Z
TXN_002453,391318937123,977051496663,370166.76,Hawala,2024-06-12T06:03:43Z
TXN_002454,233315116783,615405040246,33131.76,Hawala,2026-04-15T12:15:50Z
TXN_002455,237845139611,845101911279,2133959.41,Cash Deposit,2023-03-13T01:23:47Z
TXN_002456,676928066527,943305821081,2342345.88,ATM Withdrawal,2025-03-06T00:46:15Z
TXN_002457,847754399234,582955381736,368612.65,Hawala,2025-11-21T05:25:36Z
TXN_002458,173469759984,153386489713,805473.9,ATM Withdrawal,2023-12-14T17:01:30Z
TXN_002459,290006412542,139321366532,1287514.5,Cash Deposit,2025-02-23T14:05:46Z
TXN_002460,311024379137,653918814375,2057054.75,Crypto Off-ramp,2023-11-15T20:10:55Z
TXN_002461,784458615763,513324968984,2495795.07,Hawala,2025-04-18T23:51:05Z
TXN_002462,834218912712,710520890797,2475334.64,Crypto Off-ramp,2024-11-13T07:02:50Z
TXN_002463,282139591375,375924112559,1691136.42,Crypto Off-ramp,2025-09-04T21:16:54Z
TXN_002464,118566111883,318227898860,1416329.0,Crypto Off-ramp,2025-01-08T17:18:01Z
TXN_002465,907600837326,323965001607,2076665.5,Hawala,2024-09-26T23:27:25Z
TXN_002466,275732237306,733084476154,1774531.89,ATM Withdrawal,2025-06-14T21:50:30Z
TXN_002467,693895542835,787984883121,1712433.66,Cash Deposit,2026-07-07T01:25:30Z
TXN_002468,578695534285,327894680376,469821.59,Cash Deposit,2025-01-20T12:25:42Z
TXN_002469,779421493691,624400037611,2393641.09,Hawala,2025-09-20T23:09:57Z
TXN_002470,159568893213,366508502832,2338453.08,ATM Withdrawal,2023-12-09T00:16:52Z
TXN_002471,489514297576,607458025169,1089616.5,Crypto Off-ramp,2023-08-07T16:18:12Z
TXN_002472,791415492242,434864719590,994141.32,Cash Deposit,2023-04-24T18:36:25Z
TXN_002473,121843130183,989400380840,2135628.85,Crypto Off-ramp,2024-11-14T18:49:58Z
TXN_002474,319639108224,934164257143,1427345.03,ATM Withdrawal,2024-03-04T02:45:48Z
TXN_002475,297882139006,725997986456,1342930.82,Crypto Off-ramp,2025-03-11T15:22:56Z
TXN_002476,850807134230,748302533039,1452388.11,ATM Withdrawal,2025-03-25T00:56:25Z
TXN_002477,201723564789,911560162315,419655.63,Crypto Off-ramp,2025-07-18T14:24:21Z
TXN_002478,852090325479,707020264365,734484.63,ATM Withdrawal,2026-04-04T04:43:41Z
TXN_002479,972917243452,676928066527,2079406.6,Cash Deposit,2023-07-21T07:05:55Z
TXN_002480,675792551808,435390506495,1503823.68,Wire Transfer,2025-08-31T02:32:28Z
TXN_002481,208787064499,834382633307,807233.1,Cash Deposit,2023-02-13T18:44:13Z
TXN_002482,276146162920,247732945307,131711.35,ATM Withdrawal,2025-12-06T05:12:03Z
TXN_002483,544307317250,962934003446,2419191.41,Crypto Off-ramp,2024-09-28T07:33:40Z
TXN_002484,327990144120,576583505851,1178617.53,ATM Withdrawal,2025-01-06T06:42:53Z
TXN_002485,218671130355,448900404767,2403621.69,Hawala,2023-07-26T23:43:14Z
TXN_002486,592945005798,934164257143,2187873.06,ATM Withdrawal,2026-04-15T23:39:18Z
TXN_002487,774614865670,718787062692,524510.07,Hawala,2026-01-02T10:12:29Z
TXN_002488,126203150933,381662081479,2061644.94,ATM Withdrawal,2026-02-15T05:43:15Z
TXN_002489,938878915271,792429017371,2444640.83,Hawala,2025-09-04T10:11:52Z
TXN_002490,472584342257,942578781506,733504.96,ATM Withdrawal,2025-04-04T16:48:50Z
TXN_002491,943963062529,642040369994,607103.33,Hawala,2026-02-16T23:05:39Z
TXN_002492,775379444078,351119549747,2331642.41,Crypto Off-ramp,2026-02-11T13:50:44Z
TXN_002493,372373943499,135480063042,1086223.97,Wire Transfer,2025-12-04T05:29:56Z
TXN_002494,100393358576,211635217585,2442126.02,Wire Transfer,2025-04-10T03:20:27Z
TXN_002495,381662081479,924337720185,36774.12,Crypto Off-ramp,2025-11-12T06:36:07Z
TXN_002496,837237186326,461194404586,2116240.4,Hawala,2023-05-11T21:29:10Z
TXN_002497,332604838756,956965006114,2215210.8,Cash Deposit,2023-09-11T18:34:06Z
TXN_002498,978640416301,348536595188,1122871.46,Hawala,2026-04-24T13:23:16Z
TXN_002499,439690675628,358419275360,635964.79,ATM Withdrawal,2026-02-04T03:35:13Z
TXN_002500,597796423739,261947364074,1348777.38,Crypto Off-ramp,2024-04-05T13:48:30Z
TXN_002501,597796423739,916707106505,156729.29,Crypto Off-ramp,2025-05-02T01:39:47Z
TXN_002502,330251163902,516787799520,1131418.11,ATM Withdrawal,2024-02-04T07:18:18Z
TXN_002503,733084476154,311024379137,1064275.24,Cash Deposit,2025-03-06T22:34:15Z
TXN_002504,731843864063,559038521281,330599.93,ATM Withdrawal,2023-04-12T02:34:47Z
TXN_002505,503898503537,383050727000,1209028.58,Cash Deposit,2025-08-28T18:09:36Z
TXN_002506,755641749875,707020264365,2388527.3,Wire Transfer,2025-03-21T13:20:33Z
TXN_002507,506295527057,967113311304,2117697.93,Hawala,2024-01-03T23:44:31Z
TXN_002508,826773767749,137842223732,2104919.62,Hawala,2023-06-20T16:17:43Z
TXN_002509,626025086862,151823313151,453133.74,Wire Transfer,2023-02-24T01:31:02Z
TXN_002510,642040369994,800775827198,355608.64,Cash Deposit,2025-09-23T23:16:07Z
TXN_002511,805050638808,521329089468,1848849.12,ATM Withdrawal,2025-10-26T21:43:10Z
TXN_002512,852065062614,274082594113,1815011.87,Cash Deposit,2023-05-15T02:31:15Z
TXN_002513,582006281001,124760229468,1223683.7,Cash Deposit,2024-07-24T07:41:24Z
TXN_002514,916396785219,840183762064,1588860.62,Hawala,2024-06-28T19:21:47Z
TXN_002515,800125921897,525613326953,2391096.82,Crypto Off-ramp,2025-10-01T10:36:36Z
TXN_002516,854193371907,324804416487,495051.01,Hawala,2026-07-07T16:26:11Z
TXN_002517,834853886616,824430779269,609087.42,Wire Transfer,2023-11-16T15:59:19Z
TXN_002518,727540389329,364480952071,1264561.41,Hawala,2025-08-31T07:40:34Z
TXN_002519,364480952071,464375900541,2102204.17,Crypto Off-ramp,2026-05-07T06:04:28Z
TXN_002520,913329702317,214310617088,1819837.43,Cash Deposit,2026-04-25T15:39:33Z
TXN_002521,180762006511,755641749875,370533.2,Cash Deposit,2025-09-30T20:13:16Z
TXN_002522,208792130381,457707017893,1660688.83,Wire Transfer,2025-12-15T05:16:19Z
TXN_002523,929183045661,635614187759,478761.62,Wire Transfer,2025-11-29T17:51:08Z
TXN_002524,173028476003,565157647710,2065844.47,Wire Transfer,2025-04-17T20:24:51Z
TXN_002525,390489285547,880326884118,1009696.07,Wire Transfer,2023-05-16T17:45:17Z
TXN_002526,782508577611,179603418555,2147801.54,Wire Transfer,2024-06-27T06:17:09Z
TXN_002527,279230618842,635287718608,2483339.22,Wire Transfer,2026-06-09T12:34:20Z
TXN_002528,129703671966,407516430908,405535.21,Crypto Off-ramp,2023-04-23T00:12:17Z
TXN_002529,479934056725,774479575608,1366866.01,Wire Transfer,2023-09-20T02:30:13Z
TXN_002530,689585771657,162896081661,617240.35,Hawala,2024-03-04T04:39:46Z
TXN_002531,921846864118,523676147636,348148.05,Hawala,2026-03-23T15:11:02Z
TXN_002532,902714479522,589866681681,1870715.06,Crypto Off-ramp,2025-03-13T22:53:54Z
TXN_002533,582623107798,865009561335,448342.33,Wire Transfer,2026-02-06T04:01:05Z
TXN_002534,418580135461,687552642739,1190426.49,Cash Deposit,2025-10-08T23:27:12Z
TXN_002535,437890066202,934164257143,1097759.16,Wire Transfer,2025-01-12T03:53:37Z
TXN_002536,445259040790,318159405731,173559.23,Cash Deposit,2023-07-07T11:40:01Z
TXN_002537,758988607003,299708254154,2163220.78,Wire Transfer,2025-11-19T19:20:43Z
TXN_002538,912398993234,323470969897,713089.57,Wire Transfer,2023-02-05T10:50:52Z
TXN_002539,328153282163,999499066965,309419.87,Cash Deposit,2023-04-18T14:20:33Z
TXN_002540,416158496686,852090325479,2395967.27,Cash Deposit,2024-06-08T03:23:48Z
TXN_002541,409053230634,198168548632,21309.35,ATM Withdrawal,2024-01-31T16:30:47Z
TXN_002542,323470969897,353095832148,1967664.08,Cash Deposit,2024-07-12T05:14:09Z
TXN_002543,832951685502,256745702997,246577.45,ATM Withdrawal,2024-04-22T07:31:11Z
TXN_002544,799029249819,719866920847,622334.62,Crypto Off-ramp,2023-01-04T19:04:26Z
TXN_002545,481640831538,293083311536,1865057.3,Crypto Off-ramp,2025-08-02T13:43:00Z
TXN_002546,204631543545,642040369994,2010867.36,Hawala,2025-08-29T05:42:08Z
TXN_002547,704123605871,213920747469,1883461.8,Hawala,2026-01-10T17:42:16Z
TXN_002548,639787699126,625102096404,1101453.32,Wire Transfer,2025-07-17T06:12:22Z
TXN_002549,373464964815,836165785490,2050380.77,Hawala,2024-04-08T03:55:04Z
TXN_002550,243944686612,819052631553,1734617.72,Wire Transfer,2025-02-09T21:33:09Z
TXN_002551,778729562887,956965006114,484414.59,Cash Deposit,2025-02-16T15:28:54Z
TXN_002552,520115203970,111035185213,1697485.34,Wire Transfer,2024-08-03T01:17:53Z
TXN_002553,269452154032,763103240905,2490824.69,Cash Deposit,2025-05-18T16:16:19Z
TXN_002554,693895542835,162896081661,2153229.08,ATM Withdrawal,2025-01-04T01:13:48Z
TXN_002555,569536065326,815365440842,37762.14,Wire Transfer,2024-09-19T23:31:09Z
TXN_002556,224145981787,833880851734,1309339.97,Wire Transfer,2024-04-24T13:43:46Z
TXN_002557,630164411294,488302786766,1758713.42,Hawala,2023-04-12T17:53:21Z
TXN_002558,519923177633,136375278493,310886.64,ATM Withdrawal,2025-11-07T12:43:32Z
TXN_002559,330075863164,405244528227,1726008.23,Wire Transfer,2026-01-03T17:17:17Z
TXN_002560,667485216837,323526748585,1944885.41,Crypto Off-ramp,2025-01-02T15:23:37Z
TXN_002561,127672389870,229593833277,2151022.81,ATM Withdrawal,2024-12-30T13:51:44Z
TXN_002562,368707366587,351387626218,67967.36,Cash Deposit,2025-06-06T14:32:49Z
TXN_002563,404911227195,328501765329,1092225.41,Hawala,2026-01-26T06:25:33Z
TXN_002564,675929464367,595291608392,1361781.63,Cash Deposit,2024-07-18T07:51:26Z
TXN_002565,743616512800,633262369170,1442626.27,ATM Withdrawal,2024-06-14T16:37:57Z
TXN_002566,518155956828,416283947099,2466407.72,Crypto Off-ramp,2023-05-10T12:32:43Z
TXN_002567,607085066930,153105431702,272490.91,Cash Deposit,2024-09-28T19:59:56Z
TXN_002568,782508577611,491199657717,1440250.58,Crypto Off-ramp,2024-01-28T13:57:42Z
TXN_002569,227514957037,544860692989,381899.64,Cash Deposit,2026-04-25T12:42:27Z
TXN_002570,882666446589,957598637179,585631.0,ATM Withdrawal,2025-09-12T09:51:56Z
TXN_002571,755641749875,907713967538,2301302.74,ATM Withdrawal,2025-08-10T05:30:28Z
TXN_002572,179912091749,309745910171,1468151.07,Hawala,2025-12-28T13:48:19Z
TXN_002573,719127142940,692383280443,509501.47,Hawala,2023-03-22T19:38:10Z
TXN_002574,827459100907,342263652742,397898.23,Cash Deposit,2025-03-06T23:53:44Z
TXN_002575,577021855283,762480563971,54824.61,Cash Deposit,2023-08-14T17:11:41Z
TXN_002576,212201969817,247720270584,1919020.78,ATM Withdrawal,2023-06-21T08:40:13Z
TXN_002577,327990144120,889773004736,1648443.49,ATM Withdrawal,2024-11-21T19:15:00Z
TXN_002578,791069205003,574554414664,1737414.52,Hawala,2024-03-18T07:07:24Z
TXN_002579,345866676491,683112336001,858990.44,Hawala,2024-06-14T15:59:36Z
TXN_002580,572459533978,332604838756,1541150.86,ATM Withdrawal,2025-12-24T03:25:35Z
TXN_002581,427050537850,997224362940,2199844.69,Hawala,2025-08-12T16:52:08Z
TXN_002582,652418351277,118566111883,262353.04,Crypto Off-ramp,2025-06-02T20:28:40Z
TXN_002583,202528643712,882118402127,2098060.31,Wire Transfer,2025-04-18T00:33:35Z
TXN_002584,752125509707,187601656984,1612737.2,ATM Withdrawal,2024-01-24T22:54:56Z
TXN_002585,237845139611,513959995856,608290.87,Cash Deposit,2023-12-22T12:48:38Z
TXN_002586,962510592818,323526748585,55951.37,ATM Withdrawal,2024-07-04T21:32:37Z
TXN_002587,610152175213,866141809814,693994.54,ATM Withdrawal,2026-03-21T23:17:58Z
TXN_002588,187744036474,656194107950,1770259.16,Cash Deposit,2025-11-29T18:52:25Z
TXN_002589,378085326817,991032224215,156619.29,Cash Deposit,2026-01-16T17:07:30Z
TXN_002590,500873499512,481640831538,2224261.41,Hawala,2025-10-24T12:31:40Z
TXN_002591,597401325570,898779162240,1552976.46,Cash Deposit,2024-08-04T09:37:18Z
TXN_002592,676928066527,888459237999,2193848.68,Hawala,2023-02-24T00:59:06Z
TXN_002593,562086572781,680169798747,1738582.99,Crypto Off-ramp,2026-04-23T17:48:29Z
TXN_002594,809764817410,794742375049,1802759.85,ATM Withdrawal,2023-03-23T01:53:15Z
TXN_002595,811780509695,693895542835,1083185.01,Hawala,2024-05-01T23:11:10Z
TXN_002596,139636728813,880519032210,444715.8,Wire Transfer,2025-04-17T23:19:35Z
TXN_002597,515858975663,774479575608,1035627.62,Wire Transfer,2023-09-12T07:36:16Z
TXN_002598,323526748585,961463362356,2310520.24,Cash Deposit,2026-02-07T07:28:49Z
TXN_002599,380823115237,793686866832,928745.6,Wire Transfer,2025-08-14T08:33:38Z
TXN_002600,617942734581,827459100907,1757934.98,Wire Transfer,2026-06-04T09:59:42Z
TXN_002601,406814827519,194363632422,2238707.05,Crypto Off-ramp,2023-10-05T11:33:42Z
TXN_002602,132072153368,503898503537,1615715.13,Hawala,2025-02-10T13:15:21Z
TXN_002603,262233765324,598873928680,2393716.42,Cash Deposit,2024-12-06T15:38:15Z
TXN_002604,375924112559,628287250277,1455800.25,Crypto Off-ramp,2025-01-01T00:29:12Z
TXN_002605,913329702317,908831295908,38730.28,Wire Transfer,2024-11-01T16:58:49Z
TXN_002606,501751181123,913611993211,1479170.02,Cash Deposit,2023-07-26T17:49:13Z
TXN_002607,679284344186,334823928130,1687289.45,Cash Deposit,2024-05-31T13:22:56Z
TXN_002608,383175827127,934164257143,2331282.79,Crypto Off-ramp,2025-10-29T09:53:10Z
TXN_002609,158683487635,528758951461,281662.06,Wire Transfer,2023-02-26T07:51:50Z
TXN_002610,863350696599,991839124224,2100196.29,Cash Deposit,2024-06-21T09:31:29Z
TXN_002611,232117442989,607458025169,1875276.18,Cash Deposit,2023-02-01T16:51:23Z
TXN_002612,576985766548,498650067049,502028.19,ATM Withdrawal,2023-11-13T20:13:23Z
TXN_002613,643199244851,970119270952,398880.43,Crypto Off-ramp,2023-01-15T23:39:25Z
TXN_002614,997224362940,817241660443,1516958.04,Hawala,2023-12-19T23:44:43Z
TXN_002615,778738835456,378469771979,718606.69,Hawala,2025-05-17T16:50:40Z
TXN_002616,416283947099,787984883121,1387607.11,Hawala,2024-01-19T13:19:46Z
TXN_002617,318159405731,880519032210,1476302.76,Wire Transfer,2026-03-01T14:27:56Z
TXN_002618,977966859699,314161836654,96532.2,Hawala,2025-01-26T04:44:42Z
TXN_002619,528867543627,274873186981,1724873.08,Wire Transfer,2025-04-27T09:51:16Z
TXN_002620,405889038053,986429197802,2025683.78,Hawala,2025-04-24T09:29:00Z
TXN_002621,195914308219,508757943796,1714644.76,Cash Deposit,2026-04-09T22:04:25Z
TXN_002622,255906701507,184592112887,696295.74,Cash Deposit,2026-04-14T20:43:02Z
TXN_002623,378329460257,383519667685,338434.51,ATM Withdrawal,2024-03-18T11:08:50Z
TXN_002624,407516430908,293083311536,1895992.33,Cash Deposit,2026-03-17T14:14:40Z
TXN_002625,820652046614,473845789219,1383918.14,ATM Withdrawal,2024-12-21T16:08:56Z
TXN_002626,135480063042,762480563971,2172478.28,Wire Transfer,2025-05-31T10:03:39Z
TXN_002627,503649256469,351119549747,1369756.92,Crypto Off-ramp,2023-12-07T11:07:17Z
TXN_002628,915417528951,659111498693,1850882.38,Cash Deposit,2023-06-08T05:43:45Z
TXN_002629,438154023477,446854951322,134394.52,Crypto Off-ramp,2023-08-07T03:09:31Z
TXN_002630,930481160814,863484301797,765221.42,Wire Transfer,2025-11-14T15:44:44Z
TXN_002631,896163552047,628287250277,1902143.11,Hawala,2025-05-08T23:50:20Z
TXN_002632,791935869243,642040369994,611432.21,Hawala,2023-11-23T06:50:24Z
TXN_002633,202528643712,628805382225,1219204.74,Hawala,2024-05-22T03:39:32Z
TXN_002634,859415578520,521329089468,819113.84,ATM Withdrawal,2023-09-09T00:48:11Z
TXN_002635,577207114932,643199244851,1507723.82,Cash Deposit,2025-06-02T02:48:43Z
TXN_002636,140449444491,889773004736,711412.52,ATM Withdrawal,2025-04-13T00:56:10Z
TXN_002637,375924112559,630946659683,2362187.37,Cash Deposit,2023-04-14T21:47:25Z
TXN_002638,891942885285,188913657952,1029285.08,Cash Deposit,2024-09-18T14:38:32Z
TXN_002639,169412101082,659442187201,2114901.7,Hawala,2024-12-19T15:05:21Z
TXN_002640,448900404767,124760229468,97808.57,Hawala,2024-08-31T03:23:23Z
TXN_002641,319639108224,707791823618,100198.1,ATM Withdrawal,2025-01-13T21:15:03Z
TXN_002642,778729562887,100393358576,2087599.93,ATM Withdrawal,2025-08-30T16:13:53Z
TXN_002643,329382103465,121843130183,2317618.45,ATM Withdrawal,2025-08-04T17:10:54Z
TXN_002644,769958759501,460888192010,1553233.63,Cash Deposit,2024-11-19T01:07:17Z
TXN_002645,600342453983,188618091706,493038.12,Crypto Off-ramp,2025-01-29T00:18:54Z
TXN_002646,583392419021,555310459741,1278225.15,Cash Deposit,2026-04-26T08:56:56Z
TXN_002647,296379685166,301959599224,288109.63,Wire Transfer,2023-11-06T11:17:05Z
TXN_002648,702992006185,280193090820,2153075.59,Cash Deposit,2025-07-08T19:54:58Z
TXN_002649,769958759501,435923206753,1844723.84,ATM Withdrawal,2025-05-27T18:48:00Z
TXN_002650,140862197060,413094617397,1965856.39,Crypto Off-ramp,2025-06-19T07:53:42Z
TXN_002651,610152175213,684051680589,253735.56,ATM Withdrawal,2023-03-23T02:07:28Z
TXN_002652,672195443540,143325569312,1860128.44,Hawala,2024-10-17T19:11:22Z
TXN_002653,938206903933,336333326697,2266842.97,Cash Deposit,2025-01-25T05:35:02Z
TXN_002654,938005546431,311538803488,184241.05,ATM Withdrawal,2023-01-15T09:02:26Z
TXN_002655,483005980701,610989253293,325279.12,Wire Transfer,2023-07-01T13:33:38Z
TXN_002656,131976488719,751628603640,1272848.1,ATM Withdrawal,2025-09-22T06:07:30Z
TXN_002657,769055387583,827753912065,1015021.49,Wire Transfer,2025-01-03T15:17:43Z
TXN_002658,316999294706,795227432123,204130.95,ATM Withdrawal,2024-05-14T23:13:10Z
TXN_002659,239367051012,719127142940,1922156.74,Wire Transfer,2024-09-30T12:11:36Z
TXN_002660,168005180900,867573972956,1856236.97,Cash Deposit,2024-06-28T05:38:28Z
TXN_002661,881911556237,852090325479,1418554.58,ATM Withdrawal,2025-10-23T21:41:25Z
TXN_002662,141207755049,509424579955,2429534.18,Cash Deposit,2023-11-07T02:49:37Z
TXN_002663,305926686392,810115598369,912324.31,Cash Deposit,2025-02-10T21:38:44Z
TXN_002664,320678302110,351226168645,460824.58,Hawala,2023-03-06T14:55:42Z
TXN_002665,823926902828,464375900541,1923431.75,Crypto Off-ramp,2026-01-31T11:49:39Z
TXN_002666,429686382354,692551671655,679357.0,Crypto Off-ramp,2024-07-09T14:39:37Z
TXN_002667,972922333083,640382414992,1476461.25,Wire Transfer,2026-07-25T16:16:26Z
TXN_002668,905048074940,839346014479,973533.26,Cash Deposit,2025-10-28T12:54:26Z
TXN_002669,167764960103,483005980701,1831679.2,ATM Withdrawal,2024-08-06T04:55:31Z
TXN_002670,276616372780,356359218189,1819880.48,ATM Withdrawal,2025-05-27T18:17:44Z
TXN_002671,671213975238,483346987022,2178629.26,Wire Transfer,2025-10-11T22:00:28Z
TXN_002672,208787064499,917816083126,250574.83,Hawala,2023-08-04T23:53:41Z
TXN_002673,800775827198,642040369994,1206962.56,Hawala,2026-02-08T18:45:50Z
TXN_002674,224231733594,417289641770,502962.93,ATM Withdrawal,2024-10-17T19:47:57Z
TXN_002675,581414316443,140862197060,280003.68,ATM Withdrawal,2023-04-09T06:55:14Z
TXN_002676,247732945307,775379444078,2086417.08,Cash Deposit,2025-03-27T09:02:46Z
TXN_002677,488302786766,473027171465,1269719.06,Wire Transfer,2026-04-23T21:05:36Z
TXN_002678,117063506144,916549815537,748727.0,Cash Deposit,2023-01-20T07:52:42Z
TXN_002679,784243799876,852953344838,1136845.27,ATM Withdrawal,2023-11-25T17:29:40Z
TXN_002680,496888589631,407302026538,448967.78,Wire Transfer,2025-12-30T11:47:41Z
TXN_002681,373599874217,347807964046,1186235.15,Crypto Off-ramp,2023-05-23T09:09:57Z
TXN_002682,617076660349,587273968867,745410.07,Wire Transfer,2024-05-25T19:37:24Z
TXN_002683,633926905953,508757943796,1424637.57,ATM Withdrawal,2025-05-02T05:54:11Z
TXN_002684,499064638607,131976488719,211555.35,Cash Deposit,2023-09-24T06:19:33Z
TXN_002685,152735418295,514865691773,1778576.31,ATM Withdrawal,2023-05-11T23:13:39Z
TXN_002686,180529890376,357171615268,1698157.85,Cash Deposit,2024-11-06T12:13:54Z
TXN_002687,716242661715,319215689220,2344052.11,Crypto Off-ramp,2024-07-27T23:32:18Z
TXN_002688,529441262209,810115598369,452848.08,Wire Transfer,2023-02-09T15:02:35Z
TXN_002689,754937671430,298099898903,1873696.89,Cash Deposit,2025-10-09T06:37:58Z
TXN_002690,152735418295,635614187759,395404.31,Cash Deposit,2023-07-31T04:05:14Z
TXN_002691,128288496979,193079706303,403507.17,Cash Deposit,2024-12-23T05:32:09Z
TXN_002692,810115598369,561304365582,395515.05,Cash Deposit,2025-02-17T09:16:39Z
TXN_002693,170753242751,607458025169,2480422.88,Hawala,2024-09-18T18:37:36Z
TXN_002694,555928155661,331079463737,742779.05,Wire Transfer,2025-05-20T21:18:34Z
TXN_002695,541684933300,460888192010,1806914.8,Wire Transfer,2025-03-31T01:01:50Z
TXN_002696,356359218189,378085326817,1700881.37,Crypto Off-ramp,2024-05-16T19:52:58Z
TXN_002697,383050727000,852671745521,2201944.65,Hawala,2023-09-06T14:27:25Z
TXN_002698,140286652786,869612379088,695450.29,Crypto Off-ramp,2024-04-20T23:36:19Z
TXN_002699,295738775171,330251163902,53940.29,ATM Withdrawal,2023-06-30T07:28:08Z
TXN_002700,211057087126,210520978942,1412380.3,Crypto Off-ramp,2025-10-11T06:41:59Z
TXN_002701,740935847812,975186943779,539059.45,Cash Deposit,2025-02-04T18:13:33Z
TXN_002702,351119549747,199627496988,2225117.05,Crypto Off-ramp,2023-07-31T06:43:10Z
TXN_002703,357171615268,943963062529,1852562.06,Hawala,2024-12-11T00:36:10Z
TXN_002704,866338583768,901852651047,1239632.18,Hawala,2024-01-25T12:42:34Z
TXN_002705,404724248906,878151054804,439859.33,Cash Deposit,2025-03-18T05:40:43Z
TXN_002706,261742492357,473027171465,666562.59,Crypto Off-ramp,2025-02-20T01:23:04Z
TXN_002707,271832614784,727442023806,1121198.7,Wire Transfer,2023-05-29T01:39:00Z
TXN_002708,544307317250,461946293714,873645.11,Crypto Off-ramp,2024-06-24T06:18:16Z
TXN_002709,995564660275,131976488719,1613377.62,Crypto Off-ramp,2025-09-09T18:52:37Z
TXN_002710,529450675009,733084476154,897416.39,Hawala,2024-10-25T22:52:30Z
TXN_002711,264223925737,897175243274,1817508.06,ATM Withdrawal,2026-02-20T07:27:56Z
TXN_002712,883236622438,398030335767,21672.97,Hawala,2023-02-10T07:12:52Z
TXN_002713,615825200638,952987056804,1417718.23,ATM Withdrawal,2025-10-08T02:20:42Z
TXN_002714,956965006114,607685288185,1824556.08,Cash Deposit,2024-11-19T06:15:35Z
TXN_002715,310572218806,934164257143,2404843.84,Cash Deposit,2024-04-06T01:18:59Z
TXN_002716,193079706303,479136933398,1398811.0,ATM Withdrawal,2025-02-16T17:41:02Z
TXN_002717,176239323225,600864536118,496942.15,Crypto Off-ramp,2023-09-10T12:12:24Z
TXN_002718,889773004736,109691407062,516376.83,Cash Deposit,2023-05-23T17:13:28Z
TXN_002719,323965001607,436301446863,1302367.97,Cash Deposit,2025-05-16T02:15:57Z
TXN_002720,452167379163,415771400787,47747.47,Cash Deposit,2024-10-14T06:15:59Z
TXN_002721,436500483851,218671130355,2031112.65,ATM Withdrawal,2025-02-14T16:27:20Z
TXN_002722,692551671655,807872656453,765666.94,Hawala,2023-09-18T21:39:23Z
TXN_002723,288058626828,496888589631,1912763.41,Hawala,2026-05-11T00:10:31Z
TXN_002724,185926461741,448900404767,2455404.45,Crypto Off-ramp,2024-10-15T11:56:02Z
TXN_002725,140449444491,482316249551,1572924.61,Hawala,2026-07-01T22:28:06Z
TXN_002726,232117442989,751628603640,243262.26,Cash Deposit,2025-01-05T05:31:29Z
TXN_002727,610667701246,279230618842,1761357.34,ATM Withdrawal,2025-07-20T03:55:47Z
TXN_002728,894938726113,907713967538,2019937.62,Cash Deposit,2024-05-01T02:42:29Z
TXN_002729,849140396032,512033049213,576692.07,Wire Transfer,2024-11-07T15:36:55Z
TXN_002730,457323121762,220502665328,184429.14,ATM Withdrawal,2026-06-19T13:54:30Z
TXN_002731,623045427426,977966859699,1601772.97,Cash Deposit,2024-01-26T08:37:04Z
TXN_002732,451005816415,564557788508,1429905.41,ATM Withdrawal,2023-07-25T07:15:23Z
TXN_002733,488651099520,485487570495,2235203.91,Hawala,2023-10-16T06:16:49Z
TXN_002734,569536065326,991649259877,591187.8,Crypto Off-ramp,2025-10-17T01:10:23Z
TXN_002735,747072492028,163131301913,394478.71,Hawala,2025-03-27T00:32:24Z
TXN_002736,283752473518,554621158698,1521095.29,Crypto Off-ramp,2026-05-20T15:07:48Z
TXN_002737,563745861351,140899965934,2488641.77,Crypto Off-ramp,2023-02-17T02:58:21Z
TXN_002738,538849564747,404714130413,351664.5,Crypto Off-ramp,2026-03-27T20:25:29Z
TXN_002739,843883977052,503605679964,1888100.54,ATM Withdrawal,2024-03-22T05:10:29Z
TXN_002740,160565223285,646053895235,2024698.17,Crypto Off-ramp,2026-03-28T05:06:52Z
TXN_002741,429686382354,239367051012,1187468.56,Crypto Off-ramp,2024-06-07T21:20:38Z
TXN_002742,519861247419,224231733594,609355.62,Crypto Off-ramp,2023-10-25T18:51:32Z
TXN_002743,414542408083,342212101136,517830.89,Crypto Off-ramp,2026-02-09T19:58:28Z
TXN_002744,616195218108,501751181123,295223.02,ATM Withdrawal,2024-06-03T19:47:09Z
TXN_002745,977966859699,684103418323,2146710.83,ATM Withdrawal,2026-01-23T00:47:55Z
TXN_002746,334929470169,670960591325,1761951.22,Hawala,2024-09-07T03:56:17Z
TXN_002747,315062131691,124911242572,2414870.98,Cash Deposit,2026-07-17T19:50:39Z
TXN_002748,208687734442,866141809814,1388116.55,Wire Transfer,2026-03-24T03:02:12Z
TXN_002749,457707017893,767619120197,1508567.42,Wire Transfer,2025-06-22T00:31:18Z
TXN_002750,962510592818,895643876630,138646.2,ATM Withdrawal,2023-06-11T11:56:36Z
TXN_002751,512228633770,416283947099,801192.54,Hawala,2026-01-13T22:54:43Z
TXN_002752,942551441965,443680694402,1596994.98,Crypto Off-ramp,2023-01-16T04:03:52Z
TXN_002753,646053895235,584133786322,2323653.09,Wire Transfer,2023-09-27T04:31:27Z
TXN_002754,962934003446,204562043828,2116160.44,Hawala,2025-05-22T06:01:39Z
TXN_002755,232933587155,860363757868,2345832.64,Wire Transfer,2024-09-01T02:58:17Z
TXN_002756,126203150933,607085066930,1181365.56,Wire Transfer,2024-01-14T23:40:06Z
TXN_002757,536729747321,913611993211,1696161.76,Wire Transfer,2025-11-07T02:03:00Z
TXN_002758,500489474718,354436784355,1641450.84,ATM Withdrawal,2023-02-02T02:32:09Z
TXN_002759,232117442989,437890066202,1781260.06,Crypto Off-ramp,2023-04-28T02:27:25Z
TXN_002760,754937671430,527168226754,1300821.61,Crypto Off-ramp,2023-08-18T10:32:25Z
TXN_002761,217215803376,461194404586,1504014.39,Wire Transfer,2023-03-02T13:46:00Z
TXN_002762,322227525769,144998273972,874922.02,Cash Deposit,2024-02-26T20:03:50Z
TXN_002763,905027059738,975714555153,1895405.25,Cash Deposit,2024-03-21T00:31:47Z
TXN_002764,187744036474,643006455836,2176912.29,Hawala,2025-05-12T14:07:11Z
TXN_002765,380223819448,364480952071,248274.66,Cash Deposit,2025-01-21T04:39:10Z
TXN_002766,361140269616,128288496979,1991335.74,Crypto Off-ramp,2025-08-09T11:18:25Z
TXN_002767,208787064499,232117442989,360678.63,Cash Deposit,2023-11-12T03:44:52Z
TXN_002768,642040369994,537907453529,624853.34,Hawala,2023-11-05T19:43:46Z
TXN_002769,578038183346,626359302200,1900375.63,Crypto Off-ramp,2023-08-23T11:14:56Z
TXN_002770,635287718608,612606730953,420685.75,Crypto Off-ramp,2026-06-25T06:46:26Z
TXN_002771,458788424042,733084476154,2201863.21,Cash Deposit,2026-05-27T03:36:26Z
TXN_002772,917447846195,799031538638,437136.07,Wire Transfer,2025-03-20T10:48:37Z
TXN_002773,656194107950,692905200466,926781.74,ATM Withdrawal,2024-07-10T07:41:59Z
TXN_002774,852090325479,200930364898,1454570.06,ATM Withdrawal,2025-02-03T07:03:15Z
TXN_002775,752367082425,485487570495,338757.32,Hawala,2026-02-05T19:59:35Z
TXN_002776,793468696662,577207114932,148126.76,Hawala,2026-05-25T17:03:19Z
TXN_002777,852065062614,678628829101,968472.62,ATM Withdrawal,2026-04-19T01:22:15Z
TXN_002778,229326348518,503898503537,557993.63,Cash Deposit,2024-01-31T14:58:00Z
TXN_002779,416283947099,117753190354,529689.35,Cash Deposit,2023-06-23T05:02:28Z
TXN_002780,105902392359,654009995875,2490635.49,Cash Deposit,2025-10-15T13:24:28Z
TXN_002781,246394927792,852090325479,32140.64,ATM Withdrawal,2023-12-17T05:22:35Z
TXN_002782,978444906750,179568939918,1962932.3,Hawala,2025-05-06T08:23:58Z
TXN_002783,417998590455,378329460257,795824.0,Crypto Off-ramp,2024-09-19T20:23:41Z
TXN_002784,298099898903,537020157057,1974883.4,Hawala,2024-04-25T22:29:22Z
TXN_002785,934164257143,535088657361,2080748.01,Wire Transfer,2024-12-21T23:46:05Z
TXN_002786,328501765329,577667237814,1284472.94,Crypto Off-ramp,2024-06-30T05:31:42Z
TXN_002787,630946659683,237845139611,434076.56,Cash Deposit,2025-01-09T22:32:07Z
TXN_002788,104364311538,659442187201,508191.67,Cash Deposit,2024-10-02T05:18:25Z
TXN_002789,319639108224,470816096138,120081.88,Wire Transfer,2024-11-23T19:49:45Z
TXN_002790,136394084004,844736758938,2473798.37,ATM Withdrawal,2024-10-30T21:46:57Z
TXN_002791,136394084004,888459237999,875889.65,Wire Transfer,2025-12-09T01:43:22Z
TXN_002792,841728851745,416283947099,574012.67,Cash Deposit,2025-12-12T19:05:12Z
TXN_002793,121843130183,627624597154,2345071.7,Crypto Off-ramp,2026-07-20T14:00:35Z
TXN_002794,797839583899,743126921056,583558.72,ATM Withdrawal,2024-08-20T18:16:29Z
TXN_002795,415771400787,943976618396,1118912.23,Crypto Off-ramp,2023-07-05T22:22:48Z
TXN_002796,336333326697,850807134230,2099275.23,Cash Deposit,2025-08-24T10:18:59Z
TXN_002797,423438519866,364480952071,1935338.58,Crypto Off-ramp,2026-01-25T18:13:54Z
TXN_002798,220502665328,931053980604,635141.48,Cash Deposit,2026-06-06T21:28:39Z
TXN_002799,503605679964,834218912712,1972016.92,ATM Withdrawal,2023-09-16T20:35:10Z
TXN_002800,439404690412,589866681681,1874653.39,ATM Withdrawal,2025-10-31T20:15:58Z
TXN_002801,832951685502,769926325174,870616.36,Cash Deposit,2024-10-28T03:31:38Z
TXN_002802,510411023304,212810555137,1542893.25,Hawala,2024-12-08T00:32:29Z
TXN_002803,827753912065,832951685502,1577408.02,Crypto Off-ramp,2023-08-12T08:21:26Z
TXN_002804,598873928680,809764817410,31861.13,Cash Deposit,2024-11-04T08:38:31Z
TXN_002805,427840064087,905048074940,2298605.8,Hawala,2023-11-06T05:15:59Z
TXN_002806,833880851734,529441262209,1459792.9,Wire Transfer,2023-08-23T12:26:31Z
TXN_002807,627624597154,398030335767,969095.21,Hawala,2025-11-15T03:52:17Z
TXN_002808,876432006248,349044009729,2115959.22,Wire Transfer,2024-02-15T11:01:59Z
TXN_002809,315062131691,637224769598,795664.18,Wire Transfer,2023-10-27T18:49:43Z
TXN_002810,362561190526,259610829349,2433578.78,Cash Deposit,2023-05-07T10:06:32Z
TXN_002811,416283947099,552545519156,445692.66,Wire Transfer,2023-04-25T23:11:26Z
TXN_002812,242582798168,646053895235,965170.0,Crypto Off-ramp,2023-12-24T11:25:45Z
TXN_002813,977051496663,880519032210,801600.07,Hawala,2024-12-07T11:15:31Z
TXN_002814,122324194131,440133403657,1042048.99,Wire Transfer,2024-06-03T05:06:43Z
TXN_002815,188913657952,936341387987,1836933.98,ATM Withdrawal,2025-11-02T14:20:01Z
TXN_002816,461946293714,690815363068,1270597.27,Cash Deposit,2023-01-16T02:13:16Z
TXN_002817,807691942767,104024825971,282323.28,Wire Transfer,2024-07-07T18:18:39Z
TXN_002818,907600837326,111035185213,424027.94,Wire Transfer,2025-11-01T20:41:06Z
TXN_002819,428958815917,156975752858,1810165.2,Crypto Off-ramp,2025-03-23T05:09:22Z
TXN_002820,232933587155,350265095151,1536659.78,Crypto Off-ramp,2026-03-27T08:23:24Z
TXN_002821,131574439021,940981339838,886590.4,Hawala,2025-03-13T23:09:21Z
TXN_002822,864324181290,282139591375,571474.71,Wire Transfer,2023-03-12T23:59:57Z
TXN_002823,368707366587,167572351889,1097651.22,Wire Transfer,2023-10-27T23:35:26Z
TXN_002824,350160744044,898779162240,1176782.89,Crypto Off-ramp,2023-10-24T03:05:02Z
TXN_002825,926569757851,863484301797,593379.32,Crypto Off-ramp,2024-02-14T17:12:57Z
TXN_002826,445749571553,941525914044,2259854.66,Wire Transfer,2023-09-13T21:43:59Z
TXN_002827,917816083126,252787846279,1202246.87,ATM Withdrawal,2025-04-12T11:41:00Z
TXN_002828,536729747321,750261270391,442604.11,Hawala,2023-03-30T17:17:35Z
TXN_002829,312893307017,893846554896,414039.42,Cash Deposit,2023-04-22T14:16:54Z
TXN_002830,948201731736,874723239289,2386061.68,ATM Withdrawal,2024-12-05T21:00:20Z
TXN_002831,844736758938,867573972956,783964.17,Crypto Off-ramp,2025-02-13T12:51:16Z
TXN_002832,531783835772,925433275044,719069.76,Cash Deposit,2025-11-27T19:17:31Z
TXN_002833,479214286063,352975736581,113105.44,Wire Transfer,2023-07-26T06:10:18Z
TXN_002834,862538456066,334929470169,2460771.13,Crypto Off-ramp,2023-02-20T12:28:03Z
TXN_002835,760186576622,418580135461,253866.58,Wire Transfer,2024-08-31T18:37:13Z
TXN_002836,367562689182,989400380840,1049938.75,Wire Transfer,2023-05-22T10:40:55Z
TXN_002837,271832614784,246394927792,504126.06,Wire Transfer,2024-07-31T01:46:06Z
TXN_002838,366463090376,106598057563,1882404.03,Hawala,2026-05-07T08:53:41Z
TXN_002839,367090301071,404724248906,59661.32,Cash Deposit,2024-09-26T15:56:08Z
TXN_002840,237845139611,559038521281,1334283.15,Hawala,2026-05-06T13:23:23Z
TXN_002841,551847051700,411337155994,218474.76,Crypto Off-ramp,2023-08-06T22:17:14Z
TXN_002842,880519032210,633262369170,2028704.87,ATM Withdrawal,2024-02-11T07:51:40Z
TXN_002843,325614360495,368707366587,707543.36,ATM Withdrawal,2023-02-15T00:28:23Z
TXN_002844,171539595344,232607723559,1450412.86,Hawala,2023-09-18T23:53:49Z
TXN_002845,290006412542,144998273972,498416.68,Cash Deposit,2025-01-17T00:14:02Z
TXN_002846,406710225626,859652155913,2221167.15,Cash Deposit,2023-11-02T02:17:32Z
TXN_002847,512033049213,692551671655,478130.04,Crypto Off-ramp,2023-07-15T19:00:34Z
TXN_002848,127672389870,421337899597,1522639.73,Wire Transfer,2024-12-24T17:03:23Z
TXN_002849,827753912065,626025086862,590700.24,ATM Withdrawal,2025-10-07T06:39:34Z
TXN_002850,596763052570,365274491822,1159922.4,Crypto Off-ramp,2025-08-19T04:29:13Z
TXN_002851,170994058601,927522764700,1033908.47,Crypto Off-ramp,2026-01-27T13:51:03Z
TXN_002852,204612035295,472584342257,2217212.33,Crypto Off-ramp,2025-12-26T08:49:17Z
TXN_002853,159427802084,398764754590,1721971.88,ATM Withdrawal,2024-07-17T02:06:16Z
TXN_002854,140286652786,183166824340,1303995.29,Wire Transfer,2026-02-09T00:29:22Z
TXN_002855,572042480393,167764960103,1848613.14,ATM Withdrawal,2025-10-20T05:32:58Z
TXN_002856,415771400787,184625700815,875439.15,Wire Transfer,2024-08-14T16:27:11Z
TXN_002857,299708254154,595291608392,1316637.89,ATM Withdrawal,2026-06-24T09:46:00Z
TXN_002858,545223117643,961463362356,2498464.03,ATM Withdrawal,2023-02-06T23:38:59Z
TXN_002859,889759925303,132072153368,827822.28,Wire Transfer,2025-10-06T11:15:25Z
TXN_002860,398935539836,848752463095,714938.05,Hawala,2025-10-24T12:23:38Z
TXN_002861,256745702997,505790437758,313550.58,Wire Transfer,2023-09-01T20:02:13Z
TXN_002862,730724401929,327990144120,917459.15,Hawala,2024-05-15T07:54:51Z
TXN_002863,351611550322,102719014181,1591544.15,ATM Withdrawal,2025-03-23T19:32:40Z
TXN_002864,413094617397,831433811484,562285.7,Hawala,2024-08-07T17:13:32Z
TXN_002865,672195443540,392493759560,614529.86,ATM Withdrawal,2023-10-07T23:06:54Z
TXN_002866,743616512800,229439694020,2428263.18,Wire Transfer,2024-11-08T19:05:27Z
TXN_002867,282139591375,797063242206,997882.6,Cash Deposit,2023-01-07T22:07:36Z
TXN_002868,291048960698,977966859699,1825652.3,ATM Withdrawal,2023-09-18T14:19:29Z
TXN_002869,624278042197,683112336001,239921.36,ATM Withdrawal,2026-01-05T15:08:53Z
TXN_002870,281462113811,411402863936,2279297.5,Wire Transfer,2026-05-07T18:19:50Z
TXN_002871,693604183092,337144616692,1525574.64,Hawala,2024-01-16T17:35:01Z
TXN_002872,560237883698,366463090376,1080966.99,Hawala,2024-09-13T00:47:28Z
TXN_002873,421115534909,790468289425,1804894.45,Wire Transfer,2023-05-08T07:30:54Z
TXN_002874,669763033502,985961406865,539005.14,Wire Transfer,2023-05-20T10:54:12Z
TXN_002875,583872825612,942578781506,2112500.47,Hawala,2024-12-22T02:01:34Z
TXN_002876,800125921897,722071947893,288303.02,Hawala,2023-04-15T11:03:21Z
TXN_002877,208792130381,318259719323,1673943.93,Wire Transfer,2025-08-18T14:20:48Z
TXN_002878,704123605871,479214286063,1423886.63,Crypto Off-ramp,2024-01-12T19:23:17Z
TXN_002879,500489474718,838505041166,2268345.14,Wire Transfer,2025-07-30T13:08:24Z
TXN_002880,675792551808,989400380840,990592.62,Cash Deposit,2024-03-27T11:43:36Z
TXN_002881,515251518984,577207114932,467049.35,Hawala,2024-08-18T12:15:09Z
TXN_002882,324984440084,912398993234,648155.29,ATM Withdrawal,2026-02-04T02:13:02Z
TXN_002883,495664914015,693604183092,2049594.39,ATM Withdrawal,2023-01-27T16:26:31Z
TXN_002884,296379685166,621327206939,333332.87,Crypto Off-ramp,2024-10-19T07:27:53Z
TXN_002885,815365440842,813091219229,1256956.35,ATM Withdrawal,2023-05-11T16:38:47Z
TXN_002886,576583505851,899656882928,1321712.71,Wire Transfer,2023-01-15T10:34:18Z
TXN_002887,811020143735,312590792484,1607967.22,Wire Transfer,2025-09-09T07:47:35Z
TXN_002888,814959613916,413094617397,1562206.9,Hawala,2023-04-21T19:12:54Z
TXN_002889,320678302110,464375900541,1148363.64,Hawala,2025-12-08T10:39:21Z
TXN_002890,271577885068,417998590455,285818.87,Hawala,2025-07-03T13:25:00Z
TXN_002891,720915169858,349044009729,1370797.35,ATM Withdrawal,2025-07-07T03:19:49Z
TXN_002892,595582391252,510411023304,2493923.59,Cash Deposit,2025-11-03T06:39:17Z
TXN_002893,429686382354,743616512800,881430.24,Wire Transfer,2025-12-05T05:15:41Z
TXN_002894,993737484275,312647716134,606812.83,ATM Withdrawal,2025-11-24T05:28:46Z
TXN_002895,740935847812,117753190354,1439465.45,Hawala,2024-06-24T16:36:36Z
TXN_002896,413094617397,855791246324,1145239.61,Wire Transfer,2023-12-15T23:30:27Z
TXN_002897,692905200466,203015443892,2168287.59,Hawala,2024-11-30T18:10:50Z
TXN_002898,535761856470,597156755523,45299.73,Hawala,2023-06-12T11:56:48Z
TXN_002899,998462046182,576801285370,2322693.22,Cash Deposit,2024-03-28T23:40:17Z
TXN_002900,590208135304,436545066867,1757732.6,Cash Deposit,2025-11-16T01:06:09Z
TXN_002901,700251415691,217215803376,1447339.75,Cash Deposit,2025-05-20T17:07:23Z
TXN_002902,640382414992,930481160814,1732008.7,Crypto Off-ramp,2024-07-14T12:11:54Z
TXN_002903,898764459927,357171615268,299698.88,ATM Withdrawal,2023-04-20T15:27:06Z
TXN_002904,653918814375,795227432123,1632060.31,ATM Withdrawal,2025-08-09T12:54:26Z
TXN_002905,669470170437,865684182938,752647.98,ATM Withdrawal,2026-06-09T00:20:45Z
TXN_002906,820652046614,506369708658,2184711.82,Wire Transfer,2026-04-03T00:15:52Z
TXN_002907,597892152478,865684182938,1167040.9,ATM Withdrawal,2025-07-09T12:48:23Z
TXN_002908,769055387583,750675231453,713612.49,ATM Withdrawal,2026-02-19T13:01:36Z
TXN_002909,898764459927,979872046284,1571612.94,Wire Transfer,2024-08-19T10:02:08Z
TXN_002910,909902871942,834218912712,166124.47,Wire Transfer,2025-11-10T22:33:19Z
TXN_002911,597401325570,897175243274,1182494.27,Crypto Off-ramp,2025-01-23T10:27:27Z
TXN_002912,562154826730,871264469609,762896.87,Wire Transfer,2024-11-05T07:59:45Z
TXN_002913,859652155913,165446332423,2296844.33,Crypto Off-ramp,2025-02-09T17:57:20Z
TXN_002914,395852735525,427840064087,1938269.75,Cash Deposit,2025-09-21T21:32:06Z
TXN_002915,503649256469,553508904470,1047118.44,ATM Withdrawal,2025-07-13T14:31:50Z
TXN_002916,643006455836,407516430908,2466311.73,Hawala,2026-07-05T20:33:29Z
TXN_002917,416283947099,262233765324,260021.49,Wire Transfer,2026-02-03T18:45:28Z
TXN_002918,997814425058,261947364074,276094.23,ATM Withdrawal,2025-02-23T14:55:07Z
TXN_002919,577021855283,864324181290,1802988.92,ATM Withdrawal,2026-04-14T20:59:45Z
TXN_002920,880326884118,322840197258,2422460.13,Cash Deposit,2023-07-27T19:48:48Z
TXN_002921,565157647710,402605972002,1029885.77,ATM Withdrawal,2023-02-05T16:47:04Z
TXN_002922,985305458961,640382414992,2282077.42,Hawala,2024-09-07T03:50:23Z
TXN_002923,247720270584,356359218189,2403200.57,Cash Deposit,2023-10-02T03:01:22Z
TXN_002924,859652155913,454707694263,938715.76,Wire Transfer,2026-05-26T01:39:52Z
TXN_002925,404911227195,701280476832,300560.95,Wire Transfer,2024-02-22T11:29:20Z
TXN_002926,679284344186,525613326953,2065417.94,Cash Deposit,2023-06-19T08:08:53Z
TXN_002927,384734566310,651215462593,247522.94,ATM Withdrawal,2026-01-21T04:35:18Z
TXN_002928,740935847812,807691942767,120964.97,ATM Withdrawal,2026-03-04T21:23:24Z
TXN_002929,905048074940,213920747469,991206.9,Crypto Off-ramp,2023-08-11T17:43:25Z
TXN_002930,942551441965,505030955723,1047070.67,Crypto Off-ramp,2024-06-29T06:31:44Z
TXN_002931,582955381736,810115598369,906379.15,Hawala,2026-03-30T19:57:30Z
TXN_002932,162327312864,325614360495,200368.23,Crypto Off-ramp,2026-02-09T19:25:50Z
TXN_002933,299736267495,115517790068,1449919.86,Cash Deposit,2023-10-15T11:35:41Z
TXN_002934,762480563971,707791823618,2482440.3,Hawala,2025-10-06T20:17:49Z
TXN_002935,907713967538,563332328494,1472599.57,ATM Withdrawal,2025-06-21T18:19:14Z
TXN_002936,241150224141,347417963064,1886596.42,Crypto Off-ramp,2024-05-21T09:50:58Z
TXN_002937,315062131691,331469113742,1334115.32,Crypto Off-ramp,2025-11-24T07:32:43Z
TXN_002938,269452154032,545223117643,532072.86,Wire Transfer,2026-05-06T20:55:52Z
TXN_002939,834218912712,761923001204,1984448.51,Hawala,2025-09-25T18:55:47Z
TXN_002940,117753190354,811780509695,1281047.61,Cash Deposit,2025-11-08T09:29:46Z
TXN_002941,547964316461,583392419021,1211313.45,ATM Withdrawal,2024-04-15T14:51:38Z
TXN_002942,127373867504,361694492375,320349.87,Hawala,2025-12-10T14:25:16Z
TXN_002943,894938726113,659442187201,1300130.56,Hawala,2025-02-19T01:26:00Z
TXN_002944,925433275044,107892084516,405843.14,Hawala,2023-06-01T07:35:23Z
TXN_002945,173469759984,247732945307,2481397.6,Wire Transfer,2025-10-26T19:31:33Z
TXN_002946,481640831538,324772526488,376773.43,Wire Transfer,2025-10-11T17:00:51Z
TXN_002947,177114680095,771031557769,1886398.51,ATM Withdrawal,2025-08-27T00:25:19Z
TXN_002948,503605679964,940981339838,408451.22,Crypto Off-ramp,2025-06-10T12:23:38Z
TXN_002949,528065999920,244556628194,1357947.03,ATM Withdrawal,2023-09-27T02:35:41Z
TXN_002950,170753242751,529441262209,657368.9,Crypto Off-ramp,2025-10-17T10:07:58Z
TXN_002951,932138782905,577207114932,2386978.96,ATM Withdrawal,2026-03-08T20:00:02Z
TXN_002952,402605972002,372284668272,1887068.05,Wire Transfer,2024-08-18T04:01:11Z
TXN_002953,178964329214,483005980701,298896.0,Hawala,2023-07-08T03:22:05Z
TXN_002954,535088657361,527168226754,1337037.61,ATM Withdrawal,2026-01-20T14:47:38Z
TXN_002955,938005546431,350160744044,1089188.18,Hawala,2024-09-01T10:54:58Z
TXN_002956,659535848106,180762006511,1530425.87,Crypto Off-ramp,2024-02-22T03:52:45Z
TXN_002957,435883952703,684103418323,2199374.16,Hawala,2025-04-03T13:23:59Z
TXN_002958,567224239240,505790437758,2432073.14,Crypto Off-ramp,2023-04-17T06:38:55Z
TXN_002959,111035185213,607685288185,1421947.25,Cash Deposit,2024-04-13T23:18:19Z
TXN_002960,473845789219,577667237814,2042473.87,Wire Transfer,2024-11-16T05:02:03Z
TXN_002961,925433275044,453849045211,1542270.19,Cash Deposit,2025-09-26T20:11:54Z
TXN_002962,305926686392,552545519156,911691.86,Hawala,2024-08-22T20:51:41Z
TXN_002963,956965006114,377509040433,840599.94,Wire Transfer,2025-12-03T19:58:05Z
TXN_002964,748302533039,299708254154,189850.38,Hawala,2023-08-23T18:26:41Z
TXN_002965,372868678403,867715673235,278868.89,Crypto Off-ramp,2026-06-01T03:42:35Z
TXN_002966,644054724977,898779162240,757807.2,ATM Withdrawal,2023-06-11T11:05:08Z
TXN_002967,171539595344,765490890695,2088619.85,Wire Transfer,2023-04-01T15:30:32Z
TXN_002968,988171703415,564557788508,1082441.27,Crypto Off-ramp,2024-08-14T10:45:17Z
TXN_002969,153386489713,778738835456,181638.98,Cash Deposit,2026-03-01T11:02:15Z
TXN_002970,931053980604,405244528227,723417.58,Wire Transfer,2024-06-06T18:15:28Z
TXN_002971,373464964815,891761068049,2390764.19,Cash Deposit,2023-06-10T01:15:54Z
TXN_002972,211057087126,362595765001,2192740.65,Crypto Off-ramp,2026-04-28T21:58:07Z
TXN_002973,435883952703,561304365582,1984238.6,ATM Withdrawal,2025-08-22T18:57:47Z
TXN_002974,791935869243,274873186981,279815.44,Crypto Off-ramp,2024-11-02T21:35:53Z
TXN_002975,590756335141,676928066527,409906.18,Cash Deposit,2025-03-26T05:27:37Z
TXN_002976,863484301797,834853886616,792427.13,ATM Withdrawal,2024-05-14T15:47:26Z
TXN_002977,232607723559,481498187599,1749513.93,Cash Deposit,2025-08-23T23:58:24Z
TXN_002978,769958759501,204562043828,519265.34,Crypto Off-ramp,2024-06-30T08:03:54Z
TXN_002979,275330503693,351611550322,1930876.07,Hawala,2024-02-02T03:02:37Z
TXN_002980,465663385866,536729747321,471638.96,Hawala,2025-05-01T18:20:39Z
TXN_002981,831433811484,738926552621,1257781.37,Wire Transfer,2024-09-09T04:33:30Z
TXN_002982,220502665328,140286652786,1864716.34,Cash Deposit,2024-11-02T16:18:32Z
TXN_002983,262925187455,404789066223,1877204.83,Hawala,2024-04-26T11:34:43Z
TXN_002984,985305458961,348536595188,1300286.1,Crypto Off-ramp,2023-07-31T14:23:31Z
TXN_002985,411184697814,515858975663,1658029.25,Crypto Off-ramp,2024-07-07T17:29:49Z
TXN_002986,423593328257,118566111883,236967.29,Cash Deposit,2024-10-11T18:24:07Z
TXN_002987,784243799876,156975752858,1249214.63,Crypto Off-ramp,2023-08-23T19:46:02Z
TXN_002988,488302786766,436659952875,1715811.91,Wire Transfer,2024-11-04T03:12:34Z
TXN_002989,214310617088,707020264365,2053557.06,ATM Withdrawal,2024-03-04T03:29:00Z
TXN_002990,707040726837,398764754590,1570784.8,Hawala,2026-05-09T04:00:36Z
TXN_002991,151823313151,577021855283,781851.8,Cash Deposit,2025-11-02T00:18:51Z
TXN_002992,988171703415,852090325479,1500766.45,ATM Withdrawal,2025-04-09T22:39:55Z
TXN_002993,378329460257,420438136850,172998.82,ATM Withdrawal,2024-03-19T01:12:14Z
TXN_002994,488999222257,162896081661,1687836.28,Hawala,2024-09-09T11:12:02Z
TXN_002995,279230618842,708896167202,2042575.89,Crypto Off-ramp,2023-02-16T19:50:28Z
TXN_002996,178964329214,633262369170,2354725.79,Crypto Off-ramp,2023-06-25T23:43:23Z
TXN_002997,908831295908,464588900070,1435952.3,Crypto Off-ramp,2025-02-09T01:30:01Z
TXN_002998,274873186981,968658495736,650087.15,Cash Deposit,2024-05-25T00:02:44Z
TXN_002999,896163552047,207872783185,200968.41,Wire Transfer,2025-08-10T19:48:21Z
TXN_003000,679342953237,702992006185,2045527.24,Wire Transfer,2025-02-28T13:17:34Z
TXN_003001,980397733302,937542986030,2074359.9,Hawala,2024-08-13T23:33:27Z
TXN_003002,255310733306,565157647710,817375.1,Hawala,2024-07-16T08:59:49Z
TXN_003003,577021855283,975993074466,2107468.01,Hawala,2024-12-19T13:24:04Z
TXN_003004,144804544956,972231880929,480245.16,Wire Transfer,2024-05-20T18:19:32Z
TXN_003005,675282030063,478128340592,302415.1,Crypto Off-ramp,2024-03-09T10:36:19Z
TXN_003006,938013614029,217215803376,327868.85,Crypto Off-ramp,2023-05-24T07:45:25Z
TXN_003007,525942291846,916707106505,1174388.34,Cash Deposit,2025-06-08T16:38:42Z
TXN_003008,978640416301,669470170437,1599917.88,ATM Withdrawal,2024-03-07T18:32:54Z
TXN_003009,416326328379,152735418295,419437.44,ATM Withdrawal,2026-05-20T07:51:08Z
TXN_003010,288058626828,835694897979,2003846.48,Cash Deposit,2024-05-02T21:23:49Z
TXN_003011,824686854563,805050638808,131800.38,Crypto Off-ramp,2026-03-20T01:00:25Z
TXN_003012,116187961799,512033049213,1214230.6,Hawala,2026-05-31T19:42:03Z
TXN_003013,330075863164,784038745263,2027807.5,Crypto Off-ramp,2025-10-11T03:49:42Z
TXN_003014,127380905918,578038183346,2041901.35,Crypto Off-ramp,2025-10-02T20:18:25Z
TXN_003015,863484301797,913611993211,2299944.37,Cash Deposit,2023-03-16T10:38:28Z
TXN_003016,866338583768,800775827198,1023314.37,ATM Withdrawal,2023-09-08T02:17:05Z
TXN_003017,275732237306,589866681681,2315847.77,Hawala,2026-03-05T17:38:25Z
TXN_003018,551847051700,228753738683,444771.32,Crypto Off-ramp,2024-01-16T03:42:17Z
TXN_003019,528758951461,610376749064,1831397.1,Crypto Off-ramp,2026-03-16T19:53:33Z
TXN_003020,974355229003,282139591375,2269970.81,Cash Deposit,2024-04-10T17:17:01Z
TXN_003021,416158496686,592736594684,1234730.45,Cash Deposit,2025-04-17T07:02:41Z
TXN_003022,246394927792,870733496857,2402907.72,Crypto Off-ramp,2025-02-27T16:36:28Z
TXN_003023,109975200621,925433275044,700827.54,Hawala,2026-07-28T14:02:01Z
TXN_003024,862538456066,224145981787,341835.44,Crypto Off-ramp,2025-01-23T22:49:47Z
TXN_003025,293083311536,176321164621,1891923.73,Crypto Off-ramp,2024-04-04T20:56:01Z
TXN_003026,743126921056,427840064087,1342502.42,Cash Deposit,2023-10-22T02:25:10Z
TXN_003027,898746927070,880519032210,1703700.07,Crypto Off-ramp,2023-09-06T14:51:06Z
TXN_003028,938079352528,560237883698,1155774.79,ATM Withdrawal,2026-04-28T20:16:47Z
TXN_003029,834500536139,336042626187,67410.16,Crypto Off-ramp,2024-05-24T00:37:00Z
TXN_003030,597892152478,893846554896,1367321.95,ATM Withdrawal,2025-09-18T12:31:21Z
TXN_003031,187601656984,188618091706,273178.16,Cash Deposit,2024-11-16T08:59:16Z
TXN_003032,621361954789,220207332442,1529196.3,Cash Deposit,2025-05-04T05:46:46Z
TXN_003033,323965001607,544307317250,849255.23,Cash Deposit,2023-02-25T18:28:27Z
TXN_003034,230439789310,204681869195,454228.42,Cash Deposit,2024-06-19T18:42:59Z
TXN_003035,693604183092,373993603748,1281242.0,ATM Withdrawal,2024-01-01T08:12:59Z
TXN_003036,692268016092,560237883698,2107212.11,ATM Withdrawal,2023-04-12T08:01:05Z
TXN_003037,374689687716,916436170997,2093581.66,Wire Transfer,2025-05-02T06:30:35Z
TXN_003038,914060519667,482316249551,2340038.16,ATM Withdrawal,2023-07-05T23:50:25Z
TXN_003039,125592084557,291843276477,145005.52,Hawala,2024-02-04T00:29:38Z
TXN_003040,204612035295,211351543888,1146385.07,ATM Withdrawal,2026-05-16T02:10:00Z
TXN_003041,943976618396,195914308219,963067.39,ATM Withdrawal,2023-12-26T15:44:27Z
TXN_003042,868896035917,158683487635,1379554.36,Cash Deposit,2024-06-13T23:47:38Z
TXN_003043,593183597777,296419335163,85679.01,ATM Withdrawal,2024-09-29T03:25:29Z
TXN_003044,143325569312,528867543627,240404.71,ATM Withdrawal,2025-11-15T18:11:54Z
TXN_003045,460888192010,692551671655,1727314.64,Wire Transfer,2025-12-30T11:14:34Z
TXN_003046,330251163902,799029249819,2023954.93,Crypto Off-ramp,2026-04-21T19:25:56Z
TXN_003047,701280476832,419204969826,1132741.27,ATM Withdrawal,2026-02-24T16:30:31Z
TXN_003048,483005980701,410467891291,893487.63,Crypto Off-ramp,2024-01-18T12:01:36Z
TXN_003049,204631543545,187744036474,1679395.44,Hawala,2025-03-03T12:52:27Z
TXN_003050,773165086983,140899965934,1119143.73,Crypto Off-ramp,2025-11-20T03:41:08Z
TXN_003051,123930287429,381613218102,1250357.58,Crypto Off-ramp,2024-01-02T21:22:26Z
TXN_003052,578695534285,423950659705,2035826.32,Hawala,2025-06-18T11:40:05Z
TXN_003053,848752463095,645217485117,2270184.19,Crypto Off-ramp,2026-07-14T13:37:04Z
TXN_003054,371760369583,509424579955,1592692.8,Hawala,2024-11-02T19:12:42Z
TXN_003055,859652155913,159190716367,1681975.05,Cash Deposit,2024-10-18T17:23:38Z
TXN_003056,154714692436,174923256230,1670489.44,Hawala,2026-03-01T11:34:47Z
TXN_003057,334929470169,172659966808,2216496.08,Cash Deposit,2026-06-18T02:08:01Z
TXN_003058,424666491554,363309652753,182810.0,Wire Transfer,2024-02-02T14:58:02Z
TXN_003059,111035185213,661095667521,1601459.79,ATM Withdrawal,2025-10-11T08:18:15Z
TXN_003060,311769150585,358419275360,477251.4,ATM Withdrawal,2024-02-09T03:21:14Z
TXN_003061,916019518291,901852651047,2183283.67,ATM Withdrawal,2023-08-20T13:13:48Z
TXN_003062,406710225626,353022454173,1699701.99,Wire Transfer,2025-04-05T18:10:16Z
TXN_003063,893846554896,476717445096,143578.77,Hawala,2023-01-10T18:12:40Z
TXN_003064,140899965934,299042937881,234912.44,Hawala,2023-06-07T16:30:48Z
TXN_003065,974355229003,357171615268,1425590.92,Crypto Off-ramp,2023-04-19T11:50:04Z
TXN_003066,239772489895,122324194131,2311454.47,Hawala,2023-04-06T22:32:31Z
TXN_003067,939866188036,228753738683,1802297.59,Cash Deposit,2026-02-28T15:59:32Z
TXN_003068,154714692436,321346766736,1837136.83,ATM Withdrawal,2025-01-07T05:52:57Z
TXN_003069,640382414992,375924112559,1931421.45,ATM Withdrawal,2023-03-25T19:54:07Z
TXN_003070,814959613916,637940784336,1179755.38,Crypto Off-ramp,2023-10-20T20:54:21Z
TXN_003071,975186943779,621361954789,262997.1,Cash Deposit,2025-05-08T12:23:23Z
TXN_003072,610667701246,817241660443,1049116.01,Hawala,2025-11-27T01:30:05Z
TXN_003073,787984883121,302742170531,724009.3,Wire Transfer,2026-02-20T06:00:48Z
TXN_003074,171539595344,733778244899,1083149.72,Crypto Off-ramp,2024-05-23T06:55:48Z
TXN_003075,600342453983,979314113745,255115.1,Cash Deposit,2024-02-10T04:22:05Z
TXN_003076,791939043931,943963062529,2426706.13,Cash Deposit,2025-11-29T00:11:15Z
TXN_003077,299736267495,169487396129,1128348.28,Crypto Off-ramp,2023-10-10T14:24:52Z
TXN_003078,708896167202,515251518984,329648.49,Hawala,2025-06-17T09:12:55Z
TXN_003079,485487570495,700251415691,1807653.99,Cash Deposit,2026-03-06T11:17:55Z
TXN_003080,200231975010,917816083126,272294.99,Cash Deposit,2024-02-27T18:58:33Z
TXN_003081,425078911396,127008603057,1645895.3,Hawala,2023-08-06T23:38:25Z
TXN_003082,800775827198,869612379088,611768.14,Crypto Off-ramp,2024-09-04T14:57:05Z
TXN_003083,366644302955,961805038891,2121368.91,Cash Deposit,2025-09-06T11:40:36Z
TXN_003084,850807134230,357171615268,253327.06,ATM Withdrawal,2026-01-23T06:24:44Z
TXN_003085,481498187599,440133403657,1999128.93,Crypto Off-ramp,2024-08-22T02:37:41Z
TXN_003086,577207114932,943305821081,481707.94,ATM Withdrawal,2024-08-06T17:26:33Z
TXN_003087,537020157057,153913968659,2402089.84,Hawala,2024-03-01T03:30:58Z
TXN_003088,236793283295,378085326817,2479259.83,Crypto Off-ramp,2024-08-17T08:54:35Z
TXN_003089,574582819955,948201731736,2196807.81,Cash Deposit,2024-08-15T16:19:24Z
TXN_003090,833795013957,456687581199,1717213.82,Crypto Off-ramp,2023-07-14T03:48:09Z
TXN_003091,423950659705,563745861351,472821.85,ATM Withdrawal,2025-03-30T23:36:34Z
TXN_003092,927123994306,361140269616,1581247.69,Hawala,2024-12-09T19:18:13Z
TXN_003093,937542986030,652418351277,2256465.02,Cash Deposit,2025-09-25T14:36:44Z
TXN_003094,983132644129,208687734442,952709.19,ATM Withdrawal,2024-09-16T15:24:49Z
TXN_003095,797063242206,295084874487,1820537.21,Cash Deposit,2023-03-27T09:53:49Z
TXN_003096,352975736581,464588900070,1137813.05,Hawala,2023-09-07T23:53:10Z
TXN_003097,141207755049,282139591375,1268535.06,Crypto Off-ramp,2024-09-28T01:39:24Z
TXN_003098,361694492375,383175827127,2069975.0,ATM Withdrawal,2023-04-20T03:13:23Z
TXN_003099,351387626218,351611550322,2449069.63,Wire Transfer,2026-01-03T04:43:28Z
TXN_003100,178964329214,427050537850,511114.09,Crypto Off-ramp,2025-02-19T07:19:23Z
TXN_003101,159568893213,262233765324,2175827.67,Crypto Off-ramp,2024-01-11T00:08:12Z
TXN_003102,871264469609,337112821775,209666.92,ATM Withdrawal,2023-05-28T01:08:57Z
TXN_003103,849140396032,372373943499,855009.93,ATM Withdrawal,2026-03-18T09:51:17Z
TXN_003104,656194107950,896163552047,1145915.06,Crypto Off-ramp,2023-08-13T19:33:20Z
TXN_003105,378085326817,473027171465,2071416.22,Wire Transfer,2025-10-17T22:13:42Z
TXN_003106,476717445096,790468289425,1686814.67,Cash Deposit,2024-12-21T17:50:22Z
TXN_003107,797839583899,390489285547,2019270.05,Hawala,2025-03-02T05:21:41Z
TXN_003108,372284668272,312647716134,985604.18,Crypto Off-ramp,2023-04-01T00:36:59Z
TXN_003109,228401565519,971660983787,178857.52,Crypto Off-ramp,2024-12-19T01:28:03Z
TXN_003110,537907453529,172659966808,2197297.13,Crypto Off-ramp,2026-04-04T01:28:53Z
TXN_003111,590407241407,639916399797,1299824.29,Cash Deposit,2024-10-14T09:42:10Z
TXN_003112,783615918438,790468289425,2210406.73,ATM Withdrawal,2025-06-17T20:40:36Z
TXN_003113,916436170997,137085456283,1467126.79,Hawala,2024-10-28T18:13:28Z
TXN_003114,373599874217,501751181123,372078.93,Wire Transfer,2026-02-19T04:54:10Z
TXN_003115,371413463057,610152175213,1504330.3,ATM Withdrawal,2023-01-08T01:58:17Z
TXN_003116,423593328257,299042937881,1907198.81,Crypto Off-ramp,2023-08-23T09:10:29Z
TXN_003117,369696988696,978640416301,1087800.6,Hawala,2025-04-16T02:23:47Z
TXN_003118,600342453983,865684182938,1209623.29,Wire Transfer,2025-08-26T21:05:16Z
TXN_003119,342263652742,269452154032,528465.78,Crypto Off-ramp,2024-12-11T11:00:24Z
TXN_003120,300377597244,458788424042,2182294.92,Hawala,2025-01-17T03:57:05Z
TXN_003121,167572351889,380223819448,745798.16,ATM Withdrawal,2024-01-03T22:06:24Z
TXN_003122,153105431702,353022454173,2047761.1,Cash Deposit,2023-12-07T23:16:48Z
TXN_003123,750261270391,807872656453,2310773.89,Hawala,2023-11-27T08:00:41Z
TXN_003124,363309652753,372284668272,2262780.64,Cash Deposit,2024-10-29T01:58:57Z
TXN_003125,218070197541,939866188036,879375.27,Wire Transfer,2025-09-15T00:31:11Z
TXN_003126,823926902828,117753190354,1292967.62,Hawala,2025-01-28T03:24:20Z
TXN_003127,124760229468,592921055446,402184.56,Hawala,2024-04-05T20:23:12Z
TXN_003128,848752463095,323470969897,595482.52,Wire Transfer,2024-04-19T21:43:47Z
TXN_003129,863787984130,367090301071,672972.48,Cash Deposit,2024-11-28T13:45:15Z
TXN_003130,566871740130,184625700815,1943117.3,Hawala,2025-06-04T00:06:03Z
TXN_003131,723053205254,268554842725,1342636.68,ATM Withdrawal,2023-07-22T08:56:32Z
TXN_003132,364480952071,579442433310,2468718.16,Cash Deposit,2026-01-06T05:13:40Z
TXN_003133,943963062529,436500483851,1224327.69,Cash Deposit,2025-07-09T23:20:46Z
TXN_003134,723053205254,290932531321,1510940.54,Hawala,2024-12-22T05:48:20Z
TXN_003135,783615918438,322227525769,2411246.79,Hawala,2024-02-01T00:17:25Z
TXN_003136,256745702997,707791823618,890759.71,Cash Deposit,2025-01-22T00:32:00Z
TXN_003137,140286652786,902714479522,618880.78,Wire Transfer,2025-12-06T08:53:11Z
TXN_003138,972922333083,445896736997,801330.71,Crypto Off-ramp,2023-02-17T16:30:44Z
TXN_003139,731843864063,282139591375,2274135.09,Crypto Off-ramp,2024-05-01T17:01:48Z
TXN_003140,513324968984,138834942383,2016929.99,Wire Transfer,2024-12-27T15:10:50Z
TXN_003141,825988056608,815365440842,2006631.32,Crypto Off-ramp,2024-09-06T06:47:49Z
TXN_003142,769055387583,436659952875,821240.24,Cash Deposit,2023-08-26T03:57:05Z
TXN_003143,373464964815,720301931247,1072887.25,Cash Deposit,2024-05-26T20:47:52Z
TXN_003144,787239562597,813759695021,650950.14,Cash Deposit,2024-04-07T03:02:38Z
TXN_003145,774117152232,211635217585,338151.51,Cash Deposit,2025-09-20T12:32:35Z
TXN_003146,371760369583,302742170531,1900539.6,ATM Withdrawal,2026-07-23T03:02:17Z
TXN_003147,514082636743,392493759560,1576881.08,ATM Withdrawal,2025-12-05T13:06:11Z
TXN_003148,203015443892,854193371907,229095.3,ATM Withdrawal,2023-08-19T03:48:55Z
TXN_003149,251510202090,448900404767,2412702.73,ATM Withdrawal,2026-07-13T16:46:30Z
TXN_003150,562154826730,465663385866,1694768.05,ATM Withdrawal,2024-08-15T02:01:08Z
TXN_003151,554621158698,763724020729,2428459.48,Cash Deposit,2023-01-13T22:16:49Z
TXN_003152,569456188828,883236622438,68761.25,Wire Transfer,2024-09-16T12:29:47Z
TXN_003153,837237186326,993737484275,1317597.1,Crypto Off-ramp,2024-07-03T16:27:56Z
TXN_003154,372868678403,957312586089,868932.11,Wire Transfer,2024-01-05T11:40:12Z
TXN_003155,633950487429,896163552047,928072.86,Wire Transfer,2026-05-30T02:51:12Z
TXN_003156,813759695021,218671130355,1686021.19,Wire Transfer,2024-10-08T05:37:26Z
TXN_003157,116269710201,761923001204,891963.0,Crypto Off-ramp,2025-01-15T17:40:12Z
TXN_003158,485487570495,328501765329,473561.1,Crypto Off-ramp,2023-01-28T12:25:36Z
TXN_003159,923073535610,298099898903,1987577.24,Hawala,2025-04-18T18:25:55Z
TXN_003160,840183762064,646053895235,2261413.21,Crypto Off-ramp,2024-01-17T14:30:17Z
TXN_003161,344350808753,361694492375,1326391.94,Hawala,2024-10-17T09:16:55Z
TXN_003162,332604838756,351119549747,38484.75,ATM Withdrawal,2026-01-31T19:21:24Z
TXN_003163,378329460257,352306355987,1135004.15,Wire Transfer,2025-06-14T12:07:50Z
TXN_003164,273189253774,620063968917,498852.6,Wire Transfer,2025-12-04T23:03:19Z
TXN_003165,180529890376,437890066202,829528.2,Crypto Off-ramp,2025-04-24T09:42:31Z
TXN_003166,385919817423,568068690614,678155.22,Crypto Off-ramp,2023-10-13T23:05:24Z
TXN_003167,505030955723,870615879892,501720.59,Crypto Off-ramp,2025-10-31T12:16:31Z
TXN_003168,881401340548,525613326953,1534047.73,Cash Deposit,2025-03-01T01:54:11Z
TXN_003169,649844796841,291048960698,1214596.99,Wire Transfer,2023-10-17T05:18:33Z
TXN_003170,436545066867,124760229468,1652383.77,Cash Deposit,2024-05-23T21:55:18Z
TXN_003171,540578654853,316999294706,1633347.93,Wire Transfer,2026-03-10T12:12:32Z
TXN_003172,813759695021,362561190526,2357065.23,ATM Withdrawal,2023-01-19T08:41:32Z
TXN_003173,931053980604,763991581013,2326371.27,ATM Withdrawal,2025-07-29T22:59:20Z
TXN_003174,723590446661,991649259877,566080.65,Cash Deposit,2024-06-21T18:10:25Z
TXN_003175,333246355079,349044009729,1617412.18,Cash Deposit,2025-08-04T07:01:39Z
TXN_003176,933133430849,813091219229,439450.46,Wire Transfer,2023-09-26T20:13:22Z
TXN_003177,841930984619,448900404767,1989369.81,Hawala,2024-05-29T06:23:41Z
TXN_003178,697761680048,750675231453,619143.28,Wire Transfer,2023-12-05T17:10:47Z
TXN_003179,116269710201,423593328257,601016.46,Hawala,2025-02-02T05:56:57Z
TXN_003180,659535848106,911864350848,41590.7,Cash Deposit,2026-07-01T05:49:18Z
TXN_003181,537907453529,723590446661,748766.93,Hawala,2023-01-19T13:47:39Z
TXN_003182,649826008287,505030955723,306929.5,Wire Transfer,2026-07-28T11:25:59Z
TXN_003183,281726931149,404724248906,38274.55,ATM Withdrawal,2025-01-28T02:40:16Z
TXN_003184,991839124224,639787699126,1203820.77,Cash Deposit,2024-06-11T11:06:30Z
TXN_003185,826773767749,529407098278,729167.77,Hawala,2026-02-06T15:47:12Z
TXN_003186,458788424042,716242661715,1697061.42,Crypto Off-ramp,2025-03-06T21:25:07Z
TXN_003187,255749522616,204562043828,1141684.12,Wire Transfer,2025-11-20T13:51:28Z
TXN_003188,870733496857,933209869080,1900817.19,Wire Transfer,2023-11-06T10:55:37Z
TXN_003189,529407098278,427050537850,2169546.84,Hawala,2024-08-31T11:28:58Z
TXN_003190,299042937881,917816083126,1765251.11,Cash Deposit,2023-02-07T08:30:42Z
TXN_003191,173028476003,179603418555,785584.52,Hawala,2024-01-13T23:58:37Z
TXN_003192,269452154032,311237897638,2246370.93,Wire Transfer,2024-09-05T18:02:43Z
TXN_003193,822586961665,428958815917,1393157.64,Cash Deposit,2024-07-03T17:39:06Z
TXN_003194,362561190526,115517790068,1034198.62,Hawala,2024-06-29T13:23:06Z
TXN_003195,592921055446,357171615268,616308.11,Hawala,2026-06-07T13:16:14Z
TXN_003196,189538395298,854329514569,426202.81,Hawala,2023-10-17T19:02:42Z
TXN_003197,340174048328,626025086862,2223173.94,ATM Withdrawal,2023-07-22T21:06:18Z
TXN_003198,247720270584,577021855283,1593377.99,Crypto Off-ramp,2023-02-10T11:17:47Z
TXN_003199,582955381736,456687581199,1512610.2,Wire Transfer,2023-01-26T06:02:36Z
TXN_003200,774479575608,233216812597,207839.48,Wire Transfer,2023-01-06T17:31:51Z
TXN_003201,198168548632,204612035295,596511.6,Cash Deposit,2023-01-18T13:10:34Z
TXN_003202,771031557769,968658495736,1035091.35,Crypto Off-ramp,2024-12-27T18:45:23Z
TXN_003203,168005180900,836165785490,2297895.66,Crypto Off-ramp,2024-03-02T14:49:57Z
TXN_003204,431228206518,859415578520,1650031.24,Crypto Off-ramp,2023-04-10T12:05:16Z
TXN_003205,813091219229,479136933398,559408.46,ATM Withdrawal,2023-08-14T08:30:56Z
TXN_003206,117753190354,782508577611,748964.27,Hawala,2023-06-16T17:31:03Z
TXN_003207,866141809814,880519032210,734524.47,Hawala,2023-12-04T23:29:12Z
TXN_003208,564557788508,655462276652,1927670.89,Hawala,2026-04-03T16:01:17Z
TXN_003209,237845139611,281462113811,1618059.55,Cash Deposit,2026-02-11T02:30:20Z
TXN_003210,929183045661,626359302200,941576.3,Hawala,2023-02-14T21:00:35Z
TXN_003211,127380905918,448900404767,1707889.13,ATM Withdrawal,2024-06-09T06:43:17Z
TXN_003212,140449444491,179568939918,1607620.23,Wire Transfer,2023-09-21T18:27:51Z
TXN_003213,537020157057,247649916530,892094.37,Wire Transfer,2023-01-31T20:05:46Z
TXN_003214,570155147817,907713967538,896199.89,ATM Withdrawal,2023-11-26T04:10:06Z
TXN_003215,788906274127,351387626218,2468846.05,Wire Transfer,2024-11-06T23:32:09Z
TXN_003216,889204983051,704123605871,2040979.03,Wire Transfer,2024-02-17T17:05:43Z
TXN_003217,971458386900,867715673235,1202254.16,Cash Deposit,2023-12-25T20:32:15Z
TXN_003218,423438519866,615549385177,22451.16,Hawala,2024-07-01T01:20:06Z
TXN_003219,629963016478,913849523641,2359791.78,Crypto Off-ramp,2024-01-02T23:39:32Z
TXN_003220,316999294706,692806548927,1840614.46,Crypto Off-ramp,2024-08-16T08:15:24Z
TXN_003221,646774666704,198168548632,816639.66,Crypto Off-ramp,2025-10-17T10:04:21Z
TXN_003222,322840197258,518155956828,2260401.28,Crypto Off-ramp,2026-04-11T19:07:29Z
TXN_003223,598873928680,228753738683,1373070.94,Hawala,2025-06-17T02:35:24Z
TXN_003224,372868678403,418580135461,369943.74,Wire Transfer,2023-12-25T20:12:38Z
TXN_003225,151823313151,154728732297,1940172.37,ATM Withdrawal,2024-04-26T16:49:01Z
TXN_003226,314161836654,305926686392,624290.27,Cash Deposit,2023-02-15T01:56:29Z
TXN_003227,505030955723,642040369994,1475312.58,ATM Withdrawal,2025-01-02T17:17:31Z
TXN_003228,117753190354,576801285370,408583.08,ATM Withdrawal,2024-07-25T13:35:59Z
TXN_003229,592921055446,349044009729,1802912.06,Crypto Off-ramp,2023-06-10T11:34:32Z
TXN_003230,685032160775,790468289425,2219803.74,Hawala,2025-04-12T03:51:05Z
TXN_003231,752367082425,375924112559,1981276.12,ATM Withdrawal,2026-03-31T14:43:51Z
TXN_003232,979314113745,465663385866,1031918.46,Hawala,2025-02-18T09:18:18Z
TXN_003233,747072492028,133508884937,1648529.99,Cash Deposit,2023-08-19T19:15:35Z
TXN_003234,898100769028,481640831538,1899625.9,Wire Transfer,2026-07-04T20:33:44Z
TXN_003235,500873499512,338754551365,1013304.83,ATM Withdrawal,2025-12-23T09:21:46Z
TXN_003236,171539595344,398935539836,2153495.92,Cash Deposit,2024-06-30T17:47:47Z
TXN_003237,399808444886,144804544956,657881.83,Crypto Off-ramp,2026-07-09T08:49:43Z
TXN_003238,842472346346,519861247419,2175264.26,Hawala,2023-07-08T01:46:37Z
TXN_003239,572042480393,707791823618,42234.84,ATM Withdrawal,2024-07-24T06:51:21Z
TXN_003240,301959599224,553508904470,1955226.75,ATM Withdrawal,2025-04-30T12:52:11Z
TXN_003241,924337720185,174603445189,415824.07,Hawala,2025-11-02T21:20:28Z
TXN_003242,154728732297,333246355079,26898.64,Wire Transfer,2024-10-01T17:56:00Z
TXN_003243,968658495736,563332328494,1737039.86,Crypto Off-ramp,2025-05-07T04:27:02Z
TXN_003244,793686866832,590208135304,859550.55,Crypto Off-ramp,2023-11-13T23:04:29Z
TXN_003245,366644302955,730724401929,361345.46,Cash Deposit,2024-11-03T05:24:17Z
TXN_003246,374730111102,938878915271,837230.47,Crypto Off-ramp,2023-07-08T23:23:17Z
TXN_003247,540578654853,607085066930,1643722.72,Hawala,2026-06-28T07:13:55Z
TXN_003248,646774666704,347807964046,1649848.48,Wire Transfer,2025-01-15T07:13:32Z
TXN_003249,913849523641,366508502832,704975.96,ATM Withdrawal,2024-04-05T15:43:29Z
TXN_003250,888459237999,485487570495,1170624.36,Cash Deposit,2025-06-18T13:09:00Z
TXN_003251,693172135835,498650067049,947794.65,Crypto Off-ramp,2023-12-14T12:30:05Z
TXN_003252,896033951248,733778244899,1006611.6,Crypto Off-ramp,2026-01-02T07:24:28Z
TXN_003253,455892047104,500873499512,2360878.78,Crypto Off-ramp,2026-02-13T21:54:52Z
TXN_003254,488651099520,600342453983,1809993.85,Crypto Off-ramp,2024-04-22T09:55:50Z
TXN_003255,330075863164,290006412542,1710609.02,Crypto Off-ramp,2023-02-16T10:48:21Z
TXN_003256,916549815537,751628603640,1140747.61,Wire Transfer,2023-02-06T07:32:07Z
TXN_003257,392493759560,972917243452,273508.85,Crypto Off-ramp,2024-04-05T05:59:49Z
TXN_003258,971728405516,513324968984,2227663.63,Hawala,2026-04-21T06:15:52Z
TXN_003259,404911227195,383050727000,2367473.26,ATM Withdrawal,2024-09-08T13:41:37Z
TXN_003260,168806662718,752125509707,2342828.7,Wire Transfer,2026-04-16T14:56:54Z
TXN_003261,144998273972,457707017893,2337854.02,Wire Transfer,2024-03-18T03:57:15Z
TXN_003262,528867543627,851482435008,1354932.26,ATM Withdrawal,2024-04-27T20:41:56Z
TXN_003263,865684182938,446854951322,659052.68,Wire Transfer,2023-10-08T01:47:07Z
TXN_003264,621327206939,576583505851,2409965.82,ATM Withdrawal,2024-09-30T17:32:43Z
TXN_003265,563745861351,495664914015,1915957.0,Wire Transfer,2024-01-23T20:01:09Z
TXN_003266,404724248906,918741534001,1961460.52,Wire Transfer,2025-01-06T08:05:12Z
TXN_003267,951356393566,420438136850,2058863.71,Wire Transfer,2025-05-17T10:32:33Z
TXN_003268,759729331177,400536410991,1111238.12,Hawala,2023-11-26T03:40:43Z
TXN_003269,123930287429,348536595188,1210084.55,Crypto Off-ramp,2026-01-22T13:56:22Z
TXN_003270,679342953237,759729331177,1771828.7,ATM Withdrawal,2024-03-27T14:56:15Z
TXN_003271,404724248906,701280476832,564255.88,ATM Withdrawal,2025-01-03T17:51:01Z
TXN_003272,107892084516,324772526488,838575.2,Crypto Off-ramp,2023-06-20T16:07:37Z
TXN_003273,291048960698,491199657717,1552862.28,Crypto Off-ramp,2025-12-16T02:43:35Z
TXN_003274,654802816141,311538803488,1790998.27,Wire Transfer,2025-04-03T13:50:51Z
TXN_003275,153913968659,105902392359,2320261.55,Hawala,2023-12-05T02:41:18Z
TXN_003276,898746927070,298099898903,2097083.29,Cash Deposit,2024-11-21T23:38:41Z
TXN_003277,544860692989,759729331177,1920039.64,Crypto Off-ramp,2026-01-25T13:57:45Z
TXN_003278,871264469609,101288461054,2086548.27,ATM Withdrawal,2023-06-20T00:45:13Z
TXN_003279,344350808753,425078911396,168742.09,ATM Withdrawal,2023-12-12T04:06:12Z
TXN_003280,110268020228,795227432123,123233.63,Crypto Off-ramp,2023-07-27T05:14:12Z
TXN_003281,118145484224,378469771979,2368971.05,ATM Withdrawal,2023-08-29T05:21:26Z
TXN_003282,565157647710,630956991762,772098.87,ATM Withdrawal,2024-05-15T01:39:14Z
TXN_003283,758988607003,918741534001,1853863.79,Cash Deposit,2023-05-19T09:56:19Z
TXN_003284,139636728813,482316249551,702850.62,ATM Withdrawal,2026-02-12T12:10:30Z
TXN_003285,769958759501,127380905918,604143.38,Wire Transfer,2024-03-19T14:32:37Z
TXN_003286,788906274127,938079352528,427602.16,Cash Deposit,2025-03-19T17:44:37Z
TXN_003287,899656882928,283949311860,2126134.85,Cash Deposit,2026-04-21T17:26:29Z
TXN_003288,188913657952,968988148798,631328.03,Cash Deposit,2023-12-05T07:48:28Z
TXN_003289,748302533039,899656882928,866554.76,Wire Transfer,2025-03-29T23:47:44Z
TXN_003290,210680394106,177114680095,2444791.2,Cash Deposit,2023-04-18T11:42:02Z
TXN_003291,778729562887,911560162315,631720.73,Wire Transfer,2024-07-12T23:08:06Z
TXN_003292,723053205254,667485216837,1796497.99,ATM Withdrawal,2023-10-19T15:07:02Z
TXN_003293,311538803488,911864350848,712017.25,ATM Withdrawal,2024-01-19T13:39:17Z
TXN_003294,900502107417,193206004142,1109093.63,Crypto Off-ramp,2023-01-17T19:20:29Z
TXN_003295,961805038891,576985766548,1619308.81,Wire Transfer,2024-03-03T06:12:13Z
TXN_003296,428958815917,229439694020,732190.1,Hawala,2024-09-06T15:16:41Z
TXN_003297,217140779211,597401325570,2210620.38,Wire Transfer,2023-12-31T08:51:13Z
TXN_003298,276616372780,173469759984,437177.05,Hawala,2024-03-14T23:07:10Z
TXN_003299,793686866832,352975736581,2379470.73,Crypto Off-ramp,2025-07-01T05:52:58Z
TXN_003300,481640831538,810753718623,2396365.25,Wire Transfer,2024-12-12T09:25:06Z
TXN_003301,563745861351,797063242206,916014.09,Cash Deposit,2024-05-03T03:10:01Z
TXN_003302,765490890695,952232726388,1554994.78,Wire Transfer,2023-09-05T10:25:29Z
TXN_003303,381613218102,916019518291,1206082.74,Wire Transfer,2025-05-24T15:19:14Z
TXN_003304,189336915729,411337155994,2267627.97,Hawala,2024-11-21T22:42:39Z
TXN_003305,840183762064,771031557769,681306.17,Wire Transfer,2024-06-29T19:22:14Z
TXN_003306,583872825612,138636041735,235821.5,ATM Withdrawal,2026-06-20T19:26:46Z
TXN_003307,218070197541,528758951461,1183188.31,ATM Withdrawal,2026-06-19T10:23:44Z
TXN_003308,425078911396,133508884937,865830.47,Crypto Off-ramp,2025-12-15T19:46:05Z
TXN_003309,338754551365,473845789219,1021851.59,Crypto Off-ramp,2025-05-12T17:53:58Z
TXN_003310,694449194985,427050537850,685335.97,Crypto Off-ramp,2025-09-14T06:37:12Z
TXN_003311,347807964046,268554842725,714569.56,Cash Deposit,2024-08-06T13:48:12Z
TXN_003312,771031557769,174923256230,18129.79,Crypto Off-ramp,2023-09-06T13:44:09Z
TXN_003313,572042480393,763103240905,573331.0,Crypto Off-ramp,2026-06-27T23:54:17Z
TXN_003314,305926686392,583872825612,1398936.57,Wire Transfer,2025-04-01T03:15:59Z
TXN_003315,199627496988,916707106505,2026951.27,Wire Transfer,2026-06-20T13:25:35Z
TXN_003316,349044009729,660364004663,587363.24,Cash Deposit,2023-10-24T21:25:02Z
TXN_003317,968988148798,913611993211,612857.68,Wire Transfer,2023-05-24T04:24:14Z
TXN_003318,907600837326,774479575608,1864988.98,Crypto Off-ramp,2026-01-24T14:45:44Z
TXN_003319,320678302110,443680694402,777380.08,ATM Withdrawal,2026-05-11T02:35:31Z
TXN_003320,403735228688,254171825253,1865164.55,ATM Withdrawal,2026-07-26T12:58:54Z
TXN_003321,610376749064,838505041166,2122018.86,Crypto Off-ramp,2025-08-01T01:41:24Z
TXN_003322,315062131691,105902392359,601447.26,Hawala,2023-12-17T14:38:54Z
TXN_003323,732468652114,535627069252,1014543.69,ATM Withdrawal,2024-06-04T05:51:31Z
TXN_003324,309745910171,847754399234,1542143.05,Crypto Off-ramp,2024-11-13T02:19:13Z
TXN_003325,124760229468,264223925737,647158.76,Wire Transfer,2025-07-17T05:09:11Z
TXN_003326,279230618842,761923001204,1756400.86,Cash Deposit,2025-01-17T11:51:49Z
TXN_003327,592736594684,238591784094,2109509.99,Wire Transfer,2024-03-28T00:54:09Z
TXN_003328,845101911279,140286652786,1466748.5,Hawala,2024-08-31T15:09:09Z
TXN_003329,128288496979,150128451571,863873.14,Hawala,2025-05-16T17:53:13Z
TXN_003330,456077746116,675929464367,872383.18,Crypto Off-ramp,2024-03-12T04:40:51Z
TXN_003331,725018925608,168005180900,1261433.02,Cash Deposit,2023-06-16T00:34:35Z
TXN_003332,275732237306,927802801931,667510.47,Cash Deposit,2023-04-27T01:24:32Z
TXN_003333,410467891291,352306355987,2326882.95,Hawala,2024-05-05T20:58:49Z
TXN_003334,563332328494,140899965934,1798307.65,Cash Deposit,2024-06-17T08:10:53Z
TXN_003335,383050727000,882666446589,574029.75,Hawala,2024-01-17T02:24:30Z
TXN_003336,457707017893,521329089468,2475960.28,Crypto Off-ramp,2026-04-02T04:13:19Z
TXN_003337,457157165192,232607723559,1199530.55,ATM Withdrawal,2025-03-07T02:20:38Z
TXN_003338,362453078327,329382103465,709676.55,Hawala,2025-04-09T23:57:30Z
TXN_003339,769926325174,513324968984,30733.78,Hawala,2023-06-17T04:43:42Z
TXN_003340,488651099520,896033951248,2358228.45,Cash Deposit,2023-02-13T09:40:57Z
TXN_003341,211337349422,662030167406,315432.52,Wire Transfer,2025-11-08T13:56:30Z
TXN_003342,325614360495,685032160775,1075338.91,Crypto Off-ramp,2023-06-25T05:39:20Z
TXN_003343,519836034687,563745861351,1205626.61,Hawala,2023-12-17T02:22:20Z
TXN_003344,404724248906,730724401929,2000887.07,Wire Transfer,2025-07-21T08:31:24Z
TXN_003345,336333326697,236793283295,120117.16,Wire Transfer,2023-07-01T02:05:31Z
TXN_003346,838505041166,952604350668,1506288.35,Wire Transfer,2025-12-02T01:32:36Z
TXN_003347,210680394106,827753912065,875826.55,Wire Transfer,2025-06-10T14:57:12Z
TXN_003348,351387626218,174603445189,1159764.26,Hawala,2025-08-11T16:29:02Z
TXN_003349,943963062529,949886719545,1680896.97,Cash Deposit,2024-08-30T06:12:09Z
TXN_003350,600864536118,173028476003,1587679.87,Wire Transfer,2025-08-10T13:47:37Z
TXN_003351,354436784355,556799344325,556187.97,Hawala,2025-03-18T12:28:52Z
TXN_003352,834853886616,214310617088,1710259.12,Hawala,2025-05-08T13:24:07Z
TXN_003353,929183045661,133508884937,603035.14,Hawala,2024-12-13T00:04:36Z
TXN_003354,372373943499,411402863936,1699435.61,Hawala,2024-12-23T11:37:12Z
TXN_003355,237845139611,162327312864,1532404.29,Cash Deposit,2023-02-13T16:56:57Z
TXN_003356,852671745521,813759695021,2134251.62,ATM Withdrawal,2024-11-21T04:00:16Z
TXN_003357,109975200621,118145484224,1025954.79,Crypto Off-ramp,2024-07-13T03:52:24Z
TXN_003358,625102096404,947321779307,1018396.79,Crypto Off-ramp,2025-04-29T09:03:49Z
TXN_003359,211680906360,977966859699,311449.73,Wire Transfer,2025-03-06T23:01:30Z
TXN_003360,852065062614,362595765001,531212.23,Crypto Off-ramp,2023-07-23T14:34:03Z
TXN_003361,309745910171,898764459927,982583.68,Crypto Off-ramp,2023-11-27T10:55:56Z
TXN_003362,582955381736,470900838824,1071211.21,ATM Withdrawal,2025-04-20T03:49:19Z
TXN_003363,363309652753,913566301631,1101133.31,ATM Withdrawal,2026-04-15T12:55:48Z
TXN_003364,458788424042,992839453531,1166033.47,Wire Transfer,2024-11-01T08:50:36Z
TXN_003365,806523043344,438154023477,1753893.85,Crypto Off-ramp,2024-07-10T04:18:27Z
TXN_003366,747072492028,384734566310,548111.16,Wire Transfer,2026-06-15T02:43:18Z
TXN_003367,277071689955,218671130355,647157.23,ATM Withdrawal,2025-04-20T05:26:23Z
TXN_003368,488651099520,327894680376,887086.17,Hawala,2023-04-19T22:10:57Z
TXN_003369,156252185989,330955033046,30959.53,Cash Deposit,2025-12-13T11:43:42Z
TXN_003370,831433811484,952987056804,930293.23,Hawala,2024-04-14T21:32:55Z
TXN_003371,748302533039,680169798747,1633384.2,ATM Withdrawal,2024-03-31T16:09:53Z
TXN_003372,374730111102,233216812597,824275.99,Wire Transfer,2024-03-03T19:29:38Z
TXN_003373,290006412542,743616512800,2366483.63,Cash Deposit,2023-12-06T11:51:36Z
TXN_003374,961458188465,852090325479,75335.67,ATM Withdrawal,2026-03-02T11:53:35Z
TXN_003375,529407098278,914060519667,1948668.11,Crypto Off-ramp,2025-11-21T05:20:20Z
TXN_003376,855984816312,351387626218,2423934.21,Crypto Off-ramp,2025-07-15T10:52:38Z
TXN_003377,229728052480,154714692436,1613510.21,Cash Deposit,2023-08-21T03:39:49Z
TXN_003378,239166522247,971660983787,1902371.32,ATM Withdrawal,2023-10-23T09:06:52Z
TXN_003379,354436784355,132072153368,654358.51,Hawala,2024-05-24T15:05:00Z
TXN_003380,583392419021,242582798168,58208.07,Wire Transfer,2023-04-18T02:56:44Z
TXN_003381,971458386900,109691407062,1988695.6,ATM Withdrawal,2025-06-11T11:07:08Z
TXN_003382,729679831486,810753718623,1768595.86,ATM Withdrawal,2026-02-04T12:29:08Z
TXN_003383,361140269616,822586961665,1789425.92,Cash Deposit,2026-06-20T21:31:17Z
TXN_003384,927802801931,716050113700,1243290.52,Cash Deposit,2026-07-08T09:07:58Z
TXN_003385,344350808753,633262369170,1624682.38,Cash Deposit,2025-07-06T21:53:30Z
TXN_003386,431228206518,274873186981,398417.02,Hawala,2025-05-15T04:41:34Z
TXN_003387,662030167406,228984271283,837848.28,ATM Withdrawal,2026-04-01T20:44:10Z
TXN_003388,669470170437,725997986456,405336.02,Wire Transfer,2024-11-07T02:47:19Z
TXN_003389,470816096138,989400380840,957655.39,Cash Deposit,2023-07-30T16:12:25Z
TXN_003390,683112336001,338254370338,103961.77,Crypto Off-ramp,2023-12-15T01:18:38Z
TXN_003391,861909976204,995564660275,195593.35,Hawala,2026-02-12T04:56:11Z
TXN_003392,404714130413,211337349422,61818.46,Cash Deposit,2024-03-21T21:33:50Z
TXN_003393,691594197944,529356584845,1276853.82,Hawala,2024-03-09T18:23:01Z
TXN_003394,774614865670,105902392359,462246.12,Cash Deposit,2025-08-12T13:07:07Z
TXN_003395,321346766736,476717445096,1307823.9,Cash Deposit,2026-07-08T06:19:44Z
TXN_003396,411402863936,153913968659,526370.82,Hawala,2025-07-29T16:56:39Z
TXN_003397,208792130381,127672389870,424804.77,Crypto Off-ramp,2023-01-12T15:05:01Z
TXN_003398,813759695021,117063506144,890570.4,Hawala,2025-10-28T13:36:55Z
TXN_003399,765490890695,299736267495,1903463.28,Cash Deposit,2026-05-15T23:43:44Z
TXN_003400,582623107798,553649890891,1898814.46,Hawala,2026-04-16T03:38:07Z
TXN_003401,372373943499,720915169858,1975028.49,Cash Deposit,2025-07-13T18:16:35Z
TXN_003402,241312394717,799029249819,1507180.61,Wire Transfer,2024-12-23T05:17:15Z
TXN_003403,889204983051,316999294706,1180751.77,Hawala,2024-11-07T08:02:46Z
TXN_003404,643006455836,168005180900,2054565.43,ATM Withdrawal,2025-07-20T23:37:17Z
TXN_003405,288960473204,512228633770,488492.18,Hawala,2026-06-24T01:02:02Z
TXN_003406,449355199558,169487396129,865995.31,Hawala,2025-01-02T19:19:35Z
TXN_003407,230439789310,445896736997,1172987.65,ATM Withdrawal,2026-05-16T01:42:51Z
TXN_003408,398935539836,528758951461,1331189.94,Cash Deposit,2025-04-28T14:13:21Z
TXN_003409,362897298764,554621158698,1451664.41,Wire Transfer,2024-07-09T03:35:12Z
TXN_003410,920485750127,331469113742,256489.28,Cash Deposit,2024-03-25T14:39:06Z
TXN_003411,635287718608,457534054609,61460.47,Hawala,2024-06-15T09:39:58Z
TXN_003412,395183768562,187744036474,1145007.21,Hawala,2024-05-18T08:50:31Z
TXN_003413,627624597154,448900404767,2440701.2,Hawala,2023-02-04T12:34:35Z
TXN_003414,365274491822,229326348518,2163627.61,Wire Transfer,2023-12-26T17:08:48Z
TXN_003415,247649916530,139636728813,2327766.03,Cash Deposit,2024-04-13T08:03:27Z
TXN_003416,369696988696,943305821081,1602071.93,Hawala,2025-12-02T03:21:49Z
TXN_003417,220502665328,932138782905,2006913.4,Wire Transfer,2024-10-10T14:50:57Z
TXN_003418,498650067049,612815827483,1360038.01,Cash Deposit,2025-10-28T23:12:57Z
TXN_003419,549821150470,967113311304,2337305.05,ATM Withdrawal,2026-01-24T02:51:38Z
TXN_003420,715561217596,529407098278,1251227.89,ATM Withdrawal,2025-04-12T21:24:00Z
TXN_003421,639787699126,156252185989,1266894.88,Cash Deposit,2023-04-21T05:09:20Z
TXN_003422,413094617397,519923177633,1776532.78,Wire Transfer,2026-06-17T11:51:36Z
TXN_003423,193079706303,992839453531,809871.05,ATM Withdrawal,2023-06-13T18:56:43Z
TXN_003424,362453078327,574554414664,437638.46,Hawala,2023-02-04T08:24:22Z
TXN_003425,430900922106,178964329214,885654.29,Cash Deposit,2023-02-16T04:35:03Z
TXN_003426,810753718623,288549081524,1096950.56,ATM Withdrawal,2025-03-03T13:50:58Z
TXN_003427,318227898860,929977923698,787687.15,Cash Deposit,2024-12-25T00:41:23Z
TXN_003428,842472346346,905027059738,2153307.19,Crypto Off-ramp,2023-10-12T23:24:32Z
TXN_003429,784038745263,167764960103,2036463.27,Wire Transfer,2023-04-29T00:39:50Z
TXN_003430,961458188465,423438519866,835965.89,Wire Transfer,2024-12-23T03:19:34Z
TXN_003431,752367082425,165446332423,1614222.73,Wire Transfer,2025-07-21T06:12:00Z
TXN_003432,722071947893,448900404767,2118551.98,Hawala,2024-09-27T00:03:45Z
TXN_003433,327022359985,795227432123,1604938.92,Crypto Off-ramp,2023-01-28T20:20:45Z
TXN_003434,440133403657,615825200638,1051533.69,Wire Transfer,2026-02-03T21:23:03Z
TXN_003435,574582819955,597401325570,1543665.82,Cash Deposit,2023-07-18T19:59:17Z
TXN_003436,276378107365,574554414664,1446194.0,ATM Withdrawal,2024-01-18T16:08:07Z
TXN_003437,927123994306,633358403062,403255.3,Cash Deposit,2025-07-09T13:57:57Z
TXN_003438,140449444491,489745071244,352373.66,Wire Transfer,2025-03-11T15:36:26Z
TXN_003439,254058350402,367090301071,1977566.65,Wire Transfer,2024-11-01T20:01:09Z
TXN_003440,239772489895,894610375744,1712781.61,Cash Deposit,2024-06-18T03:05:16Z
TXN_003441,927123994306,834218912712,1522696.18,Crypto Off-ramp,2023-05-08T23:01:58Z
TXN_003442,675929464367,208792130381,41238.89,Cash Deposit,2023-02-15T23:14:54Z
TXN_003443,912904372103,980397733302,1516141.71,ATM Withdrawal,2024-05-17T02:21:50Z
TXN_003444,491020653298,956965006114,797766.98,Wire Transfer,2026-05-28T10:03:23Z
TXN_003445,912398993234,888459237999,1592115.95,Hawala,2025-05-24T21:00:40Z
TXN_003446,232117442989,683392599504,2143325.93,Wire Transfer,2025-11-28T01:15:30Z
TXN_003447,797839583899,404714130413,697136.04,ATM Withdrawal,2024-03-12T13:59:39Z
TXN_003448,823926902828,537020157057,1028513.04,Wire Transfer,2025-06-17T00:41:51Z
TXN_003449,170753242751,654802816141,1844922.1,Crypto Off-ramp,2025-08-10T20:04:17Z
TXN_003450,278338984641,455892047104,2344486.64,Crypto Off-ramp,2023-04-03T08:29:33Z
TXN_003451,367090301071,436500483851,887740.66,ATM Withdrawal,2023-10-23T04:35:39Z
TXN_003452,870972911723,295738775171,1971828.35,Wire Transfer,2023-08-19T14:03:22Z
TXN_003453,635287718608,977051496663,1927201.72,Hawala,2026-05-24T16:41:46Z
TXN_003454,678628829101,952232726388,806444.6,ATM Withdrawal,2024-03-14T22:43:57Z
TXN_003455,993737484275,889204983051,1391445.41,Hawala,2024-01-24T18:35:07Z
TXN_003456,337144616692,656483238381,1288622.18,Crypto Off-ramp,2024-05-10T04:25:37Z
TXN_003457,827459100907,228608548407,366304.69,Crypto Off-ramp,2023-05-14T07:35:52Z
TXN_003458,995564660275,279230618842,1377163.91,Wire Transfer,2023-07-04T16:51:47Z
TXN_003459,794742375049,669223780142,436949.21,Cash Deposit,2026-05-18T23:06:12Z
TXN_003460,957657137173,340174048328,933294.87,Cash Deposit,2023-04-13T06:02:20Z
TXN_003461,458788424042,562086572781,2200186.59,ATM Withdrawal,2025-08-22T11:24:51Z
TXN_003462,882666446589,863257610248,1524356.62,Hawala,2026-05-01T04:16:12Z
TXN_003463,799029249819,361140269616,1609028.7,Crypto Off-ramp,2026-04-01T06:51:53Z
TXN_003464,805050638808,261742492357,1189967.03,Hawala,2024-03-29T00:03:04Z
TXN_003465,808912330377,180232057210,440524.03,Cash Deposit,2024-07-12T04:15:55Z
TXN_003466,233216812597,374222558529,1215082.34,Cash Deposit,2023-08-27T00:12:40Z
TXN_003467,180529890376,110268020228,1426348.1,Wire Transfer,2025-06-26T11:26:35Z
TXN_003468,739462390627,514865691773,891383.77,ATM Withdrawal,2026-05-04T20:12:22Z
TXN_003469,505790437758,843883977052,1658941.98,Wire Transfer,2024-01-25T17:36:25Z
TXN_003470,167764960103,703285605914,2112083.22,Wire Transfer,2024-11-06T09:23:36Z
TXN_003471,313792447774,169412101082,1798501.86,Crypto Off-ramp,2025-03-28T07:15:52Z
TXN_003472,243944686612,851482435008,144882.19,ATM Withdrawal,2025-02-18T12:04:04Z
TXN_003473,983132644129,174923256230,1999167.66,Crypto Off-ramp,2023-04-25T15:40:25Z
TXN_003474,857589551981,138834942383,2171830.95,Crypto Off-ramp,2023-03-31T07:21:09Z
TXN_003475,952232726388,758759696106,677200.92,ATM Withdrawal,2025-08-01T06:21:11Z
TXN_003476,845101911279,952232726388,1041788.31,ATM Withdrawal,2023-03-03T06:31:08Z
TXN_003477,784846251719,995564660275,2284144.22,Wire Transfer,2024-08-03T06:31:04Z
TXN_003478,187601656984,437890066202,2251448.43,Crypto Off-ramp,2026-05-27T12:19:52Z
TXN_003479,356359218189,485487570495,292389.01,Crypto Off-ramp,2023-10-31T12:49:50Z
TXN_003480,926569757851,299736267495,1566455.69,Cash Deposit,2024-04-12T21:50:31Z
TXN_003481,229728052480,565157647710,1129217.08,Cash Deposit,2024-04-21T05:24:09Z
TXN_003482,985305458961,138834942383,2490019.77,ATM Withdrawal,2025-06-15T23:34:50Z
TXN_003483,311237897638,372373943499,1983639.66,ATM Withdrawal,2024-01-10T14:38:16Z
TXN_003484,457707017893,563396478651,1168431.01,Cash Deposit,2025-11-23T13:14:24Z
TXN_003485,968988148798,927802801931,337720.17,ATM Withdrawal,2023-02-02T16:46:54Z
TXN_003486,837206702374,616195218108,366869.59,Wire Transfer,2023-09-08T20:02:36Z
TXN_003487,719078416015,886605072969,2473654.81,Crypto Off-ramp,2026-02-28T17:23:43Z
TXN_003488,200930364898,792570318101,35358.63,Wire Transfer,2024-04-14T02:31:45Z
TXN_003489,313792447774,914060519667,2330713.69,Hawala,2024-01-15T10:24:28Z
TXN_003490,654802816141,160565223285,1897637.21,Hawala,2025-09-17T13:44:08Z
TXN_003491,854193371907,824686854563,1882487.31,Crypto Off-ramp,2025-07-02T21:23:10Z
TXN_003492,866141809814,583392419021,823430.74,ATM Withdrawal,2024-03-29T02:16:29Z
TXN_003493,886605072969,826407349874,2194038.4,Wire Transfer,2025-12-07T04:45:11Z
TXN_003494,997814425058,595291608392,1029151.72,Wire Transfer,2025-07-31T09:10:02Z
TXN_003495,526537892598,232117442989,1790633.47,Wire Transfer,2025-10-05T10:07:24Z
TXN_003496,612460425385,925887091241,1637137.2,Hawala,2023-12-28T09:31:43Z
TXN_003497,589033694632,754733506838,1425125.21,Crypto Off-ramp,2026-02-22T13:54:09Z
TXN_003498,556799344325,623694137781,1745610.62,Hawala,2026-02-09T21:16:44Z
TXN_003499,124760229468,247720270584,507694.74,Wire Transfer,2024-07-15T03:04:08Z
TXN_003500,669223780142,968409093281,2155957.71,Crypto Off-ramp,2025-11-28T00:20:42Z
TXN_003501,408249569141,849140396032,1259566.22,Crypto Off-ramp,2024-07-11T12:34:56Z
TXN_003502,137842223732,452167379163,1015640.9,Wire Transfer,2026-05-09T02:34:01Z
TXN_003503,169487396129,126590170769,2157073.01,ATM Withdrawal,2023-03-29T23:16:59Z
TXN_003504,635614187759,840183762064,2444560.11,Hawala,2025-03-24T13:26:29Z
TXN_003505,371760369583,275330503693,1905107.59,Cash Deposit,2023-09-02T21:23:50Z
TXN_003506,175066921907,195914308219,1688388.32,Cash Deposit,2023-01-12T21:10:02Z
TXN_003507,819052631553,453849045211,1891340.66,Cash Deposit,2024-08-01T15:10:01Z
TXN_003508,639916399797,719866920847,2097680.05,Crypto Off-ramp,2025-08-24T00:33:34Z
TXN_003509,938005546431,491020653298,2495787.39,Hawala,2023-10-19T02:34:57Z
TXN_003510,351611550322,461194404586,1756894.66,ATM Withdrawal,2023-04-15T00:22:39Z
TXN_003511,152735418295,751628603640,2190486.4,Wire Transfer,2025-08-03T08:58:07Z
TXN_003512,769055387583,362453078327,2498572.05,Crypto Off-ramp,2024-12-30T20:49:52Z
TXN_003513,540965129473,291048960698,1440573.61,ATM Withdrawal,2023-10-18T08:52:08Z
TXN_003514,503055106120,707791823618,1617701.81,Wire Transfer,2024-12-10T05:28:51Z
TXN_003515,861909976204,554207453473,1243358.33,Cash Deposit,2025-09-11T07:37:37Z
TXN_003516,117753190354,371760369583,2042708.16,Crypto Off-ramp,2023-07-10T21:24:45Z
TXN_003517,948201731736,291048960698,1779544.83,Crypto Off-ramp,2026-01-14T19:33:02Z
TXN_003518,129703671966,600950801588,779940.12,Cash Deposit,2026-07-26T00:33:11Z
TXN_003519,180232057210,627073536838,1127088.35,Hawala,2026-05-23T06:16:08Z
TXN_003520,427840064087,675792551808,2486424.77,ATM Withdrawal,2025-03-31T02:09:50Z
TXN_003521,374730111102,319639108224,2349710.88,Wire Transfer,2023-12-02T00:26:44Z
TXN_003522,501751181123,989400380840,1972144.09,Wire Transfer,2025-02-24T15:20:08Z
TXN_003523,750261270391,652166425786,2401570.35,ATM Withdrawal,2025-12-02T08:38:37Z
TXN_003524,927522764700,778738835456,1257535.65,Cash Deposit,2024-05-07T05:31:55Z
TXN_003525,392493759560,930481160814,815216.9,Crypto Off-ramp,2024-02-14T12:06:31Z
TXN_003526,692806548927,762264135789,274710.9,Cash Deposit,2025-09-01T07:39:30Z
TXN_003527,254171825253,788906274127,498092.38,Wire Transfer,2024-02-16T04:34:53Z
TXN_003528,405889038053,880326884118,362039.27,Cash Deposit,2023-03-28T00:46:05Z
TXN_003529,457933131256,623694137781,1082344.7,Cash Deposit,2024-03-10T16:30:23Z
TXN_003530,195914308219,178964329214,1585806.68,ATM Withdrawal,2023-03-29T05:31:00Z
TXN_003531,849140396032,138834942383,2035091.49,Crypto Off-ramp,2024-05-10T16:49:31Z
TXN_003532,273189253774,784846251719,1892962.35,Cash Deposit,2024-12-01T10:23:37Z
TXN_003533,811020143735,337144616692,1457711.3,Crypto Off-ramp,2026-04-12T10:08:17Z
TXN_003534,500489474718,863787984130,1126486.35,Wire Transfer,2025-07-19T14:24:46Z
TXN_003535,439404690412,297882139006,178279.7,ATM Withdrawal,2026-06-24T02:51:00Z
TXN_003536,322227525769,456687581199,2097489.37,Hawala,2024-11-14T15:23:34Z
TXN_003537,265109398641,330251163902,881050.12,Cash Deposit,2026-04-24T19:20:56Z
TXN_003538,137085456283,909902871942,1746628.49,Wire Transfer,2025-04-20T21:56:52Z
TXN_003539,991032224215,168122042206,2324717.73,Hawala,2024-01-06T14:15:45Z
TXN_003540,310423116808,398030335767,824245.64,Hawala,2023-05-16T23:39:25Z
TXN_003541,436659952875,933133430849,1559649.82,Cash Deposit,2025-02-01T14:22:30Z
TXN_003542,295084874487,373599874217,731907.86,Wire Transfer,2025-08-25T19:56:34Z
TXN_003543,153105431702,968988148798,1824645.44,ATM Withdrawal,2023-05-26T04:11:00Z
TXN_003544,291843276477,547964316461,926767.95,Hawala,2024-09-16T08:23:29Z
TXN_003545,501751181123,518155956828,2389809.75,Cash Deposit,2025-03-19T14:39:05Z
TXN_003546,977029968814,342169934180,1164171.2,Wire Transfer,2025-01-13T19:21:50Z
TXN_003547,324804416487,852953344838,341410.3,Crypto Off-ramp,2024-11-02T05:07:53Z
TXN_003548,361140269616,774117152232,2041389.47,ATM Withdrawal,2024-01-29T06:08:24Z
TXN_003549,315078306992,378085326817,796403.96,ATM Withdrawal,2023-08-26T18:44:23Z
TXN_003550,180762006511,806523043344,1221195.8,Cash Deposit,2025-12-01T23:00:47Z
TXN_003551,823926902828,427050537850,2081713.04,Hawala,2024-11-30T20:43:19Z
TXN_003552,156551327248,847754399234,1645512.62,Wire Transfer,2026-07-12T07:39:53Z
TXN_003553,513324968984,640382414992,1551771.99,Wire Transfer,2024-09-01T11:02:23Z
TXN_003554,297882139006,576364901514,349267.47,Wire Transfer,2023-06-18T05:19:08Z
TXN_003555,977029968814,350265095151,1227317.14,Cash Deposit,2023-02-01T17:59:47Z
TXN_003556,940981339838,947321779307,1362647.48,Crypto Off-ramp,2023-12-24T13:26:11Z
TXN_003557,676928066527,424666491554,1278531.48,Cash Deposit,2023-07-30T18:27:56Z
TXN_003558,467541033814,707791823618,1821888.99,Hawala,2023-03-14T05:23:41Z
TXN_003559,608943389366,971458386900,1414928.6,Crypto Off-ramp,2026-04-08T01:50:04Z
TXN_003560,531783835772,810753718623,1043516.71,Hawala,2023-07-13T14:31:18Z
TXN_003561,156975752858,915417528951,1449272.71,ATM Withdrawal,2023-04-12T13:57:37Z
TXN_003562,783615918438,961458188465,1199361.94,ATM Withdrawal,2024-09-06T12:04:45Z
TXN_003563,239367051012,324505342081,1227934.91,Cash Deposit,2023-04-13T23:50:48Z
TXN_003564,180762006511,472584342257,2477776.37,Wire Transfer,2024-09-21T07:54:52Z
TXN_003565,707040726837,553508904470,849014.99,ATM Withdrawal,2025-11-22T00:00:00Z
TXN_003566,259610829349,563332328494,1634941.26,Cash Deposit,2024-02-17T21:10:02Z
TXN_003567,404789066223,500873499512,856392.88,Cash Deposit,2026-02-13T00:20:43Z
TXN_003568,751628603640,381662081479,1013066.89,Cash Deposit,2023-12-12T02:12:36Z
TXN_003569,469317232018,156975752858,1399728.63,Cash Deposit,2024-05-06T03:50:04Z
TXN_003570,217140779211,570155147817,1045103.18,Hawala,2025-02-05T13:40:53Z
TXN_003571,824430779269,173028476003,2370070.52,Crypto Off-ramp,2024-01-04T19:32:02Z
TXN_003572,769958759501,106598057563,925283.84,Cash Deposit,2026-07-25T17:31:37Z
TXN_003573,938079352528,745081748726,1739544.93,ATM Withdrawal,2023-11-27T14:14:10Z
TXN_003574,208787064499,738926552621,201217.47,Crypto Off-ramp,2025-04-17T02:48:44Z
TXN_003575,160565223285,223339591625,1033823.56,Cash Deposit,2023-02-07T02:29:36Z
TXN_003576,525226211418,188618091706,749056.05,ATM Withdrawal,2025-11-15T09:22:02Z
TXN_003577,319215689220,425078911396,1867898.7,ATM Withdrawal,2025-02-02T15:47:31Z
TXN_003578,470075403629,290006412542,8228.99,Cash Deposit,2025-10-11T00:35:49Z
TXN_003579,126590170769,211680906360,2464283.27,ATM Withdrawal,2023-10-13T04:39:13Z
TXN_003580,324505342081,822586961665,760320.43,Cash Deposit,2023-10-11T22:28:29Z
TXN_003581,574554414664,171539595344,1542630.57,ATM Withdrawal,2025-03-18T16:26:11Z
TXN_003582,512228633770,905027059738,2278089.29,Cash Deposit,2023-07-30T19:56:45Z
TXN_003583,324772526488,646992008730,1991996.28,Crypto Off-ramp,2023-10-10T17:06:44Z
TXN_003584,889566853259,378469771979,822097.6,Crypto Off-ramp,2023-07-02T09:31:30Z
TXN_003585,979314113745,374730111102,250837.39,Cash Deposit,2023-01-17T04:27:04Z
TXN_003586,775379444078,784458615763,2413455.07,ATM Withdrawal,2024-12-26T19:58:57Z
TXN_003587,598873928680,834853886616,1035124.44,Cash Deposit,2025-09-08T22:18:35Z
TXN_003588,633262369170,584831082628,296423.44,Hawala,2023-04-17T13:08:15Z
TXN_003589,363309652753,126203150933,1183151.64,Crypto Off-ramp,2025-09-06T15:27:05Z
TXN_003590,760186576622,592921055446,2256282.72,Hawala,2023-02-21T09:21:21Z
TXN_003591,578038183346,690382249795,242436.69,ATM Withdrawal,2026-05-10T09:40:16Z
TXN_003592,228608548407,679284344186,1386486.33,Cash Deposit,2023-08-30T12:01:16Z
TXN_003593,905048074940,156551327248,2452294.95,ATM Withdrawal,2023-01-16T05:20:57Z
TXN_003594,839346014479,366463090376,581358.0,Cash Deposit,2023-09-06T12:57:59Z
TXN_003595,998462046182,353022454173,2161032.35,Cash Deposit,2025-11-24T19:59:07Z
TXN_003596,220207332442,265109398641,592767.22,ATM Withdrawal,2023-11-30T05:54:33Z
TXN_003597,187744036474,963887282468,981245.52,Crypto Off-ramp,2024-03-24T00:40:02Z
TXN_003598,429686382354,927123994306,985781.02,ATM Withdrawal,2025-03-22T05:44:28Z
TXN_003599,740907432301,372373943499,820594.59,Crypto Off-ramp,2023-06-08T08:04:57Z
TXN_003600,194363632422,264223925737,1882960.23,Wire Transfer,2026-05-18T15:37:58Z
TXN_003601,407302026538,276378107365,1616910.7,Wire Transfer,2025-09-11T10:46:59Z
TXN_003602,135480063042,508782562838,465772.66,Hawala,2024-05-12T18:12:15Z
TXN_003603,404724248906,913329702317,986506.01,ATM Withdrawal,2025-07-09T04:11:28Z
TXN_003604,296419335163,774614865670,504478.83,Cash Deposit,2025-01-10T18:43:03Z
TXN_003605,104261628430,610152175213,2314295.09,ATM Withdrawal,2026-05-01T01:09:12Z
TXN_003606,627073536838,886605072969,1271934.22,Cash Deposit,2025-07-05T23:47:08Z
TXN_003607,941525914044,128288496979,1310554.77,Cash Deposit,2026-02-25T08:11:13Z
TXN_003608,800775827198,211635217585,2431572.2,Crypto Off-ramp,2025-08-12T15:29:40Z
TXN_003609,247649916530,470816096138,1280253.13,ATM Withdrawal,2023-08-04T16:59:16Z
TXN_003610,837206702374,513959995856,1864037.27,Wire Transfer,2024-04-06T08:45:12Z
TXN_003611,932138782905,646053895235,2371039.33,Cash Deposit,2026-05-18T09:32:03Z
TXN_003612,126590170769,523676147636,136083.08,Crypto Off-ramp,2025-07-23T10:12:26Z
TXN_003613,748302533039,457157165192,2386521.28,Hawala,2024-11-02T03:44:11Z
TXN_003614,180529890376,559038521281,2443036.54,ATM Withdrawal,2024-06-07T15:36:31Z
TXN_003615,649844796841,510411023304,376382.71,Cash Deposit,2023-09-08T14:37:53Z
TXN_003616,843883977052,315078306992,734599.52,Hawala,2025-10-04T15:42:49Z
TXN_003617,840183762064,655462276652,281650.4,ATM Withdrawal,2023-03-20T06:41:24Z
TXN_003618,528867543627,839346014479,1935073.65,ATM Withdrawal,2024-05-21T10:10:01Z
TXN_003619,255310733306,262925187455,2349583.43,Cash Deposit,2023-07-27T13:23:55Z
TXN_003620,788906274127,957312586089,1628270.69,Wire Transfer,2026-06-06T12:13:12Z
TXN_003621,908831295908,693895542835,2217657.24,Crypto Off-ramp,2024-01-18T06:42:23Z
TXN_003622,519861247419,754733506838,1407299.9,Crypto Off-ramp,2025-06-03T09:53:04Z
TXN_003623,457707017893,255310733306,373032.66,Crypto Off-ramp,2025-07-10T06:29:22Z
TXN_003624,244556628194,350265095151,1170025.13,Wire Transfer,2024-08-06T04:57:51Z
TXN_003625,783615918438,411184697814,2343312.62,Hawala,2024-12-27T04:37:40Z
TXN_003626,281462113811,569536065326,1500566.81,Hawala,2024-08-12T00:09:41Z
TXN_003627,590208135304,895643876630,2016852.32,Crypto Off-ramp,2026-02-15T03:52:11Z
TXN_003628,650347115415,314161836654,2231741.94,Hawala,2024-09-25T18:30:06Z
TXN_003629,787984883121,280193090820,463690.98,Crypto Off-ramp,2026-01-12T16:22:51Z
TXN_003630,916026417623,407516430908,865367.36,Cash Deposit,2023-10-07T20:44:21Z
TXN_003631,127008603057,923073535610,1956977.36,Hawala,2024-09-06T11:28:07Z
TXN_003632,512228633770,832951685502,470864.07,Cash Deposit,2025-04-14T06:47:02Z
TXN_003633,274211980525,905027059738,741321.93,Crypto Off-ramp,2024-10-06T06:36:11Z
TXN_003634,468636468787,751628603640,2430519.8,Hawala,2026-06-13T10:46:56Z
TXN_003635,210520978942,371760369583,621063.09,Cash Deposit,2024-10-14T21:55:27Z
TXN_003636,449355199558,439690675628,1860714.22,ATM Withdrawal,2024-12-15T20:20:31Z
TXN_003637,852065062614,563745861351,1587776.96,Crypto Off-ramp,2026-05-10T10:36:53Z
TXN_003638,337112821775,187744036474,879461.03,Crypto Off-ramp,2024-02-24T01:56:25Z
TXN_003639,600950801588,481640831538,786122.6,Cash Deposit,2025-06-14T16:23:52Z
TXN_003640,695159093902,506369708658,637175.08,ATM Withdrawal,2024-08-14T22:43:30Z
TXN_003641,399808444886,353022454173,774251.42,ATM Withdrawal,2023-04-04T17:16:24Z
TXN_003642,850807134230,262233765324,446889.32,Wire Transfer,2025-10-30T13:42:51Z
TXN_003643,275732237306,600342453983,689756.97,Cash Deposit,2023-11-09T19:13:27Z
TXN_003644,898100769028,330678874270,2247403.25,Cash Deposit,2025-12-04T14:46:31Z
TXN_003645,347807964046,125592084557,1050203.57,Crypto Off-ramp,2024-02-15T09:05:58Z
TXN_003646,564557788508,204681869195,583197.6,Wire Transfer,2023-08-26T10:22:44Z
TXN_003647,106046929533,787239562597,722421.14,Hawala,2025-09-16T05:29:37Z
TXN_003648,342212101136,651215462593,606699.41,Cash Deposit,2023-10-18T09:33:43Z
TXN_003649,882666446589,425078911396,1284094.92,Crypto Off-ramp,2024-07-07T11:44:45Z
TXN_003650,637224769598,852671745521,960004.01,ATM Withdrawal,2023-06-11T02:50:32Z
TXN_003651,635614187759,325614360495,952584.02,ATM Withdrawal,2023-12-25T07:39:03Z
TXN_003652,115517790068,564557788508,1213374.84,Crypto Off-ramp,2026-06-22T11:43:10Z
TXN_003653,327894680376,693604183092,2398337.26,ATM Withdrawal,2025-02-18T16:27:45Z
TXN_003654,419204969826,259610829349,264689.09,Wire Transfer,2024-12-13T07:33:37Z
TXN_003655,109975200621,610989253293,848646.34,Hawala,2026-05-28T06:17:24Z
TXN_003656,763991581013,917816083126,765757.01,Wire Transfer,2024-06-26T15:28:52Z
TXN_003657,881911556237,365274491822,772594.19,Wire Transfer,2025-09-16T11:06:20Z
TXN_003658,328153282163,700251415691,1515372.93,Wire Transfer,2025-08-30T08:17:32Z
TXN_003659,859415578520,707754044012,1318735.81,Cash Deposit,2024-02-27T03:28:17Z
TXN_003660,570155147817,692806548927,1936039.51,Wire Transfer,2025-08-06T07:10:56Z
TXN_003661,162896081661,136394084004,137737.12,Crypto Off-ramp,2025-04-30T20:14:04Z
TXN_003662,583392419021,600950801588,1443805.84,Hawala,2024-06-10T02:21:23Z
TXN_003663,135480063042,982531551438,249521.85,Crypto Off-ramp,2024-12-04T22:10:26Z
TXN_003664,140899965934,403735228688,2241155.18,Hawala,2023-02-19T05:29:27Z
TXN_003665,282139591375,834382633307,185572.74,Hawala,2024-04-10T22:46:38Z
TXN_003666,170994058601,400536410991,852030.18,Crypto Off-ramp,2025-07-07T05:49:18Z
TXN_003667,758013616340,572459533978,285511.9,Hawala,2023-10-17T12:56:09Z
TXN_003668,549821150470,939536452900,412227.93,Wire Transfer,2023-06-03T21:24:57Z
TXN_003669,988171703415,312590792484,1698963.46,ATM Withdrawal,2023-05-09T18:10:22Z
TXN_003670,353022454173,313792447774,1896024.27,Cash Deposit,2023-11-21T17:29:26Z
TXN_003671,852671745521,482316249551,653472.21,Crypto Off-ramp,2025-01-28T21:12:02Z
TXN_003672,421894146373,810115598369,1751067.2,ATM Withdrawal,2024-03-24T07:59:30Z
TXN_003673,135480063042,851482435008,613987.9,ATM Withdrawal,2023-06-06T20:06:43Z
TXN_003674,707020264365,212201969817,296714.58,Cash Deposit,2025-04-01T09:42:22Z
TXN_003675,157414983384,640382414992,1051331.61,Wire Transfer,2024-10-02T08:08:54Z
TXN_003676,692551671655,703285605914,104795.47,Wire Transfer,2023-11-10T17:50:43Z
TXN_003677,904693237725,118145484224,876820.17,Hawala,2023-12-28T23:05:17Z
TXN_003678,648156021620,220207332442,519099.27,Crypto Off-ramp,2025-05-28T01:28:22Z
TXN_003679,351119549747,933209869080,430299.16,Hawala,2026-06-26T14:01:50Z
TXN_003680,569536065326,192606739113,1218168.19,Crypto Off-ramp,2023-08-01T20:02:50Z
TXN_003681,911864350848,406710225626,2439180.9,ATM Withdrawal,2023-04-12T17:30:14Z
TXN_003682,140862197060,162327312864,772820.28,Wire Transfer,2024-03-22T03:07:09Z
TXN_003683,453849045211,127380905918,1626056.54,Hawala,2023-12-08T02:33:21Z
TXN_003684,322628866753,169848466237,1666844.2,Cash Deposit,2024-09-21T22:40:15Z
TXN_003685,287680301350,460888192010,546816.47,Hawala,2024-04-12T11:53:02Z
TXN_003686,239367051012,458465015203,2299701.76,ATM Withdrawal,2025-01-15T16:42:34Z
TXN_003687,399808444886,452167379163,2382467.66,Wire Transfer,2025-05-05T17:17:22Z
TXN_003688,763103240905,819052631553,1843087.0,Hawala,2024-12-26T14:52:02Z
TXN_003689,942496994555,881911556237,1758349.35,ATM Withdrawal,2024-12-02T19:34:27Z
TXN_003690,513959995856,144998273972,2458504.16,Wire Transfer,2025-05-18T02:40:39Z
TXN_003691,362897298764,772551023964,1587066.5,Cash Deposit,2023-06-05T12:50:19Z
TXN_003692,633926905953,597449585302,2465618.8,Crypto Off-ramp,2025-08-16T20:02:37Z
TXN_003693,500489474718,167027944355,1091249.2,Hawala,2025-06-06T02:35:36Z
TXN_003694,169412101082,402605972002,2026182.57,Hawala,2023-02-16T07:58:01Z
TXN_003695,654802816141,132072153368,518813.55,Cash Deposit,2023-09-11T21:51:34Z
TXN_003696,297882139006,201723564789,759305.6,Wire Transfer,2023-07-04T05:44:32Z
TXN_003697,529356584845,883236622438,1324586.34,Wire Transfer,2024-01-12T13:15:55Z
TXN_003698,554621158698,590208135304,613355.77,Hawala,2025-03-24T09:05:03Z
TXN_003699,400536410991,448900404767,1715165.15,Cash Deposit,2025-06-11T22:34:38Z
TXN_003700,193206004142,675929464367,1982218.03,Hawala,2026-03-02T05:56:39Z
TXN_003701,590407241407,312893307017,1221682.43,Wire Transfer,2023-03-10T23:21:39Z
TXN_003702,590407241407,273189253774,1164742.59,Hawala,2026-06-05T15:59:46Z
TXN_003703,833880851734,771417679439,2095058.06,Wire Transfer,2023-01-10T23:07:57Z
TXN_003704,162896081661,135480063042,2343113.61,Wire Transfer,2024-10-01T16:00:52Z
TXN_003705,418580135461,385919817423,1848842.11,Wire Transfer,2023-12-20T21:19:51Z
TXN_003706,140862197060,741092105305,327839.95,Wire Transfer,2025-03-31T16:10:22Z
TXN_003707,833880851734,525613326953,1094659.52,Wire Transfer,2024-03-05T15:10:24Z
TXN_003708,322840197258,140449444491,1472205.39,Wire Transfer,2024-04-17T07:30:08Z
TXN_003709,153386489713,916396785219,179477.67,ATM Withdrawal,2026-06-12T08:40:25Z
TXN_003710,939866188036,213920747469,5198.22,Hawala,2026-06-16T07:30:20Z
TXN_003711,505108428934,567224239240,163991.45,Cash Deposit,2026-03-12T04:35:54Z
TXN_003712,250045809483,898100769028,1672415.25,Crypto Off-ramp,2026-04-26T17:38:46Z
TXN_003713,629963016478,782508577611,2442574.82,Wire Transfer,2024-06-12T01:59:22Z
TXN_003714,105902392359,473845789219,2357839.5,Cash Deposit,2024-08-22T09:06:51Z
TXN_003715,352306355987,769926325174,189587.11,Hawala,2024-01-28T13:16:08Z
TXN_003716,669470170437,380823115237,848849.09,Hawala,2025-07-22T18:31:46Z
TXN_003717,312590792484,812755989046,651683.26,Hawala,2025-07-28T01:57:19Z
TXN_003718,104364311538,835694897979,1617240.82,Hawala,2023-11-19T20:21:00Z
TXN_003719,465663385866,626025086862,609296.97,Crypto Off-ramp,2026-07-07T01:49:28Z
TXN_003720,371413463057,938878915271,419972.07,Cash Deposit,2026-07-24T07:50:39Z
TXN_003721,406814827519,403942159363,2239306.58,Hawala,2025-06-07T04:38:42Z
TXN_003722,372868678403,179912091749,798016.12,Hawala,2024-11-20T11:15:11Z
TXN_003723,318227898860,448900404767,18632.73,Crypto Off-ramp,2025-12-25T18:01:19Z
TXN_003724,577021855283,255310733306,2194442.52,Hawala,2024-09-07T04:00:19Z
TXN_003725,500873499512,528867543627,1878571.73,Wire Transfer,2023-01-20T06:15:52Z
TXN_003726,773165086983,229728052480,2059041.31,Cash Deposit,2023-01-15T07:13:09Z
TXN_003727,405889038053,612460425385,2255738.0,Crypto Off-ramp,2025-11-05T16:26:13Z
TXN_003728,978444906750,659535848106,917723.63,Wire Transfer,2025-02-03T06:30:00Z
TXN_003729,624400037611,414542408083,1859998.03,Cash Deposit,2026-03-19T10:37:44Z
TXN_003730,295738775171,436500483851,1447387.64,Hawala,2023-11-12T14:56:09Z
TXN_003731,620063968917,321346766736,1840893.41,Crypto Off-ramp,2024-03-30T16:05:08Z
TXN_003732,598873928680,769958759501,654759.2,Hawala,2023-01-07T20:28:52Z
TXN_003733,568068690614,639916399797,1842535.4,Cash Deposit,2025-08-16T08:07:54Z
TXN_003734,719078416015,299708254154,2320150.83,Hawala,2024-01-30T12:54:18Z
TXN_003735,845101911279,849140396032,122747.82,Hawala,2023-08-03T14:01:42Z
TXN_003736,751628603640,500489474718,1956415.55,Hawala,2024-08-22T21:51:40Z
TXN_003737,159568893213,851482435008,926912.24,Crypto Off-ramp,2023-11-08T06:47:13Z
TXN_003738,651215462593,329382103465,950265.11,ATM Withdrawal,2024-04-30T23:40:06Z
TXN_003739,228753738683,513324968984,2330278.75,Cash Deposit,2026-04-16T07:24:58Z
TXN_003740,843180961540,615825200638,2308865.03,Crypto Off-ramp,2026-07-26T06:39:30Z
TXN_003741,167572351889,897175243274,1023037.61,Cash Deposit,2023-04-14T11:27:05Z
TXN_003742,893846554896,707791823618,239580.84,ATM Withdrawal,2023-08-25T10:39:07Z
TXN_003743,434864719590,327990144120,36552.13,Hawala,2025-03-27T17:00:48Z
TXN_003744,409053230634,750675231453,2350211.82,Cash Deposit,2025-06-17T01:50:05Z
TXN_003745,177114680095,211031647240,670737.81,Cash Deposit,2024-05-30T06:06:00Z
TXN_003746,952400424450,576364901514,1190900.31,Hawala,2026-06-24T09:16:22Z
TXN_003747,529450675009,692905200466,2180366.14,Wire Transfer,2023-11-01T20:11:59Z
TXN_003748,143325569312,123930287429,1712321.36,Cash Deposit,2023-02-16T19:04:11Z
TXN_003749,124760229468,436545066867,166697.96,Cash Deposit,2024-11-04T06:14:47Z
TXN_003750,944224837430,901852651047,2331773.06,Crypto Off-ramp,2025-07-16T16:33:49Z
TXN_003751,327990144120,640382414992,2346774.87,Crypto Off-ramp,2026-07-14T22:18:34Z
TXN_003752,377509040433,126590170769,763103.35,Hawala,2025-11-06T01:01:35Z
TXN_003753,784846251719,250423233662,2059437.21,ATM Withdrawal,2024-09-23T16:47:37Z
TXN_003754,983132644129,213920747469,1739230.03,Crypto Off-ramp,2025-05-25T18:30:46Z
TXN_003755,988171703415,429686382354,2025503.82,ATM Withdrawal,2023-12-30T10:25:30Z
TXN_003756,319639108224,455892047104,2173624.55,Cash Deposit,2025-08-20T16:37:11Z
TXN_003757,591287149742,784243799876,2133813.91,Crypto Off-ramp,2023-07-14T13:23:40Z
TXN_003758,585092446868,864324181290,1813277.1,Cash Deposit,2023-07-16T18:22:55Z
TXN_003759,180762006511,233315116783,903600.42,Crypto Off-ramp,2025-07-11T02:30:07Z
TXN_003760,320678302110,528065999920,176513.06,Crypto Off-ramp,2024-05-10T12:21:34Z
TXN_003761,246394927792,727442023806,2487838.2,Wire Transfer,2023-05-01T03:17:00Z
TXN_003762,793809923417,610667701246,774478.93,Cash Deposit,2023-04-09T15:10:06Z
TXN_003763,365274491822,239166522247,2462564.28,Crypto Off-ramp,2024-01-01T04:28:20Z
TXN_003764,985961406865,351226168645,1744602.83,Cash Deposit,2025-03-04T19:56:15Z
TXN_003765,479136933398,931053980604,370972.95,Wire Transfer,2026-06-09T11:57:42Z
TXN_003766,704123605871,743126921056,2138008.65,ATM Withdrawal,2025-02-06T16:14:30Z
TXN_003767,132072153368,743616512800,2368442.26,ATM Withdrawal,2024-08-20T03:21:21Z
TXN_003768,889773004736,428958815917,1318966.03,Hawala,2026-05-23T11:35:49Z
TXN_003769,920485750127,203015443892,935812.71,Wire Transfer,2025-07-18T06:05:46Z
TXN_003770,403942159363,791415492242,1801858.05,Cash Deposit,2024-12-03T17:05:54Z
TXN_003771,646774666704,489745071244,448454.5,Hawala,2023-10-14T05:11:54Z
TXN_003772,458788424042,577021855283,1007535.03,Wire Transfer,2023-05-20T23:13:59Z
TXN_003773,978444906750,117063506144,718946.56,Crypto Off-ramp,2025-08-26T00:29:20Z
TXN_003774,643199244851,943963062529,1949480.72,Hawala,2023-09-17T13:36:09Z
TXN_003775,652418351277,331469113742,2064151.12,Wire Transfer,2023-07-31T08:08:48Z
TXN_003776,336042626187,395852735525,524646.11,ATM Withdrawal,2023-10-20T15:16:44Z
TXN_003777,479136933398,229593833277,201164.95,ATM Withdrawal,2024-02-25T12:19:42Z
TXN_003778,579442433310,144804544956,1739900.57,Crypto Off-ramp,2023-08-12T04:25:46Z
TXN_003779,758759696106,381662081479,878771.42,Hawala,2023-02-05T22:57:36Z
TXN_003780,104364311538,952987056804,1654629.51,ATM Withdrawal,2026-07-08T20:44:37Z
TXN_003781,361140269616,168005180900,731699.43,Crypto Off-ramp,2023-05-04T12:11:19Z
TXN_003782,961463362356,501562887919,1179619.77,Hawala,2025-09-28T19:08:46Z
TXN_003783,607458025169,470816096138,309671.65,Crypto Off-ramp,2023-03-03T15:36:06Z
TXN_003784,421337899597,986429197802,534878.67,Hawala,2025-01-24T16:30:19Z
TXN_003785,457933131256,600864536118,2274766.0,Hawala,2023-07-01T11:41:01Z
TXN_003786,515251518984,193079706303,1598513.47,Crypto Off-ramp,2026-05-25T03:25:55Z
TXN_003787,721398574914,971458386900,654494.7,ATM Withdrawal,2025-04-04T12:03:23Z
TXN_003788,180529890376,834544260113,2171716.16,Crypto Off-ramp,2025-10-09T07:54:28Z
TXN_003789,938878915271,832508598901,2437705.14,Cash Deposit,2023-04-05T12:13:18Z
TXN_003790,678628829101,589033694632,1281497.21,Cash Deposit,2024-06-13T06:06:44Z
TXN_003791,398030335767,912398993234,219478.8,Cash Deposit,2023-07-01T18:34:13Z
TXN_003792,540578654853,175193781324,1190891.04,Hawala,2025-03-05T19:17:16Z
TXN_003793,758988607003,738926552621,1381798.37,ATM Withdrawal,2023-02-12T02:35:25Z
TXN_003794,775379444078,891942885285,756261.83,Wire Transfer,2025-09-06T19:23:07Z
TXN_003795,704123605871,201723564789,490822.24,Cash Deposit,2023-12-11T18:01:46Z
TXN_003796,187601656984,167764960103,828368.82,ATM Withdrawal,2026-01-29T11:27:55Z
TXN_003797,834544260113,367562689182,1495680.21,Hawala,2023-01-18T04:13:26Z
TXN_003798,321346766736,417289641770,44502.64,Crypto Off-ramp,2026-01-05T17:58:29Z
TXN_003799,100393358576,435883952703,10580.84,Hawala,2023-08-09T19:18:59Z
TXN_003800,154728732297,399808444886,1232065.43,Hawala,2025-08-18T05:56:59Z
TXN_003801,311769150585,627624597154,2006680.61,Crypto Off-ramp,2026-06-01T16:36:50Z
TXN_003802,769926325174,338254370338,975938.13,Wire Transfer,2023-06-04T21:58:33Z
TXN_003803,589866681681,913611993211,1579628.74,Wire Transfer,2023-12-14T21:42:54Z
TXN_003804,404789066223,774117152232,531688.86,Hawala,2024-01-23T23:39:57Z
TXN_003805,431228206518,445697998316,563340.51,Crypto Off-ramp,2026-01-24T15:35:38Z
TXN_003806,529356584845,241312394717,523368.09,Crypto Off-ramp,2025-12-26T01:45:28Z
TXN_003807,176239323225,110268020228,98855.99,Hawala,2024-08-29T03:37:26Z
TXN_003808,997224362940,633262369170,2206241.77,Hawala,2023-05-06T12:06:52Z
TXN_003809,566871740130,131976488719,2413249.03,Hawala,2024-01-25T18:11:49Z
TXN_003810,852953344838,275669129509,2270515.72,Hawala,2023-09-18T11:47:38Z
TXN_003811,700251415691,503055106120,362056.94,ATM Withdrawal,2026-06-22T17:36:38Z
TXN_003812,457933131256,293083311536,1432505.76,Wire Transfer,2025-07-16T20:23:19Z
TXN_003813,797839583899,942496994555,1989644.58,ATM Withdrawal,2023-10-23T13:23:20Z
TXN_003814,123930287429,445749571553,15165.79,Wire Transfer,2024-07-02T16:09:30Z
TXN_003815,568068690614,352975736581,178986.58,Wire Transfer,2025-04-04T14:00:37Z
TXN_003816,740859208642,200231975010,1894905.73,Cash Deposit,2023-11-07T18:58:14Z
TXN_003817,740935847812,771031557769,1765644.19,ATM Withdrawal,2024-07-16T10:36:28Z
TXN_003818,290006412542,540578654853,1610217.19,Hawala,2025-08-29T11:30:31Z
TXN_003819,834853886616,201723564789,1787966.25,Hawala,2025-05-17T11:32:36Z
TXN_003820,637224769598,904556841663,597800.85,Hawala,2025-10-07T12:45:14Z
TXN_003821,684624250184,893846554896,27423.33,Wire Transfer,2024-05-10T22:08:45Z
TXN_003822,583872825612,423950659705,2403816.07,Wire Transfer,2026-02-03T17:56:36Z
TXN_003823,425078911396,325614360495,2092255.18,Crypto Off-ramp,2023-07-09T18:29:11Z
TXN_003824,792812617551,762264135789,1646779.9,ATM Withdrawal,2025-06-22T23:36:33Z
TXN_003825,871264469609,390489285547,673834.78,ATM Withdrawal,2025-10-10T03:08:06Z
TXN_003826,741092105305,553649890891,1514698.25,Hawala,2025-03-23T21:00:38Z
TXN_003827,265109398641,445896736997,1920518.42,ATM Withdrawal,2025-10-06T21:56:18Z
TXN_003828,669763033502,999750763740,1032027.21,Wire Transfer,2023-06-10T11:59:24Z
TXN_003829,390489285547,994970519121,946087.3,ATM Withdrawal,2023-10-27T06:43:31Z
TXN_003830,727540389329,854193371907,803954.52,Crypto Off-ramp,2024-09-17T18:25:57Z
TXN_003831,174603445189,839346014479,1849870.04,ATM Withdrawal,2024-02-27T12:58:08Z
TXN_003832,610667701246,692905200466,1856199.76,Hawala,2026-07-29T10:23:11Z
TXN_003833,926367383437,338754551365,2243921.66,Hawala,2023-08-29T03:08:57Z
TXN_003834,938013614029,278432658583,210523.57,Hawala,2024-08-06T06:47:24Z
TXN_003835,566871740130,806523043344,1213462.94,ATM Withdrawal,2023-10-10T16:30:07Z
TXN_003836,368707366587,436500483851,1516085.31,Hawala,2023-06-24T16:23:44Z
TXN_003837,821033444790,519836034687,1541222.11,Wire Transfer,2025-05-15T02:21:06Z
TXN_003838,506706826069,927084502595,53175.84,Hawala,2025-06-29T12:28:37Z
TXN_003839,525942291846,715561217596,189889.46,Cash Deposit,2023-03-16T13:18:42Z
TXN_003840,138636041735,478128340592,691263.69,Wire Transfer,2024-04-04T13:48:32Z
TXN_003841,436545066867,881911556237,783689.3,Wire Transfer,2025-01-15T15:34:25Z
TXN_003842,977051496663,743535240210,1663774.95,ATM Withdrawal,2025-01-28T07:03:49Z
TXN_003843,351119549747,962934003446,2293613.19,Crypto Off-ramp,2025-01-16T04:15:19Z
TXN_003844,684051680589,975186943779,949852.68,Wire Transfer,2024-02-11T15:06:30Z
TXN_003845,792429017371,503605679964,682930.56,Hawala,2023-03-09T07:03:27Z
TXN_003846,813759695021,754937671430,2004217.08,Cash Deposit,2025-02-05T19:22:33Z
TXN_003847,643199244851,758013616340,475473.59,ATM Withdrawal,2025-12-01T20:33:40Z
TXN_003848,721398574914,483005980701,39189.14,Wire Transfer,2026-05-20T23:14:50Z
TXN_003849,610989253293,915417528951,972150.86,Cash Deposit,2023-07-03T02:19:23Z
TXN_003850,321346766736,232117442989,1646785.37,Cash Deposit,2026-06-16T07:39:44Z
TXN_003851,529407098278,956965006114,1263540.02,Wire Transfer,2025-09-30T22:26:00Z
TXN_003852,909902871942,923073535610,1554156.99,Hawala,2023-08-16T17:41:14Z
TXN_003853,972917243452,348536595188,2162660.87,Cash Deposit,2025-08-22T12:55:57Z
TXN_003854,669470170437,764567845862,2156799.14,Cash Deposit,2023-01-14T12:45:29Z
TXN_003855,943963062529,453849045211,1588728.6,Crypto Off-ramp,2024-04-02T15:07:07Z
TXN_003856,409200346025,448900404767,1329318.79,Cash Deposit,2023-05-05T05:24:04Z
TXN_003857,971660983787,435883952703,2201236.41,Hawala,2024-05-12T15:53:50Z
TXN_003858,203015443892,752125509707,1251718.7,Cash Deposit,2023-02-09T22:21:43Z
TXN_003859,784038745263,616928866255,285246.65,Hawala,2023-11-24T08:52:12Z
TXN_003860,404789066223,109975200621,1198962.61,Wire Transfer,2023-11-18T13:24:00Z
TXN_003861,478128340592,569536065326,1408940.6,Crypto Off-ramp,2026-05-27T12:46:12Z
TXN_003862,255496026904,917447846195,1885215.7,Crypto Off-ramp,2024-02-05T18:30:34Z
TXN_003863,878151054804,597449585302,931445.98,Cash Deposit,2026-02-24T00:05:13Z
TXN_003864,290006412542,912398993234,1535311.19,ATM Withdrawal,2024-10-21T02:07:31Z
TXN_003865,624278042197,822586961665,2137714.83,ATM Withdrawal,2025-11-26T10:57:44Z
TXN_003866,623045427426,102719014181,1273688.8,Hawala,2026-05-29T23:18:07Z
TXN_003867,791939043931,961458188465,979712.09,Wire Transfer,2026-05-05T08:07:17Z
TXN_003868,168122042206,363309652753,504300.37,Cash Deposit,2023-02-05T20:25:21Z
TXN_003869,330678874270,991032224215,585375.1,Wire Transfer,2025-04-30T13:55:48Z
TXN_003870,211031647240,808912330377,2221460.26,Hawala,2024-12-27T20:06:29Z
TXN_003871,535088657361,817241660443,603674.27,Cash Deposit,2025-07-13T09:25:47Z
TXN_003872,377509040433,329382103465,1427269.86,Cash Deposit,2025-10-13T12:04:31Z
TXN_003873,232117442989,911560162315,2275579.06,Cash Deposit,2025-11-21T08:43:50Z
TXN_003874,943976618396,312893307017,2129166.99,Cash Deposit,2023-01-30T16:47:46Z
TXN_003875,765490890695,365261091783,1878316.83,Cash Deposit,2024-04-17T05:02:54Z
TXN_003876,410467891291,293083311536,1829676.26,ATM Withdrawal,2023-02-01T03:38:31Z
TXN_003877,684103418323,633950487429,2255247.11,Crypto Off-ramp,2026-03-07T16:14:43Z
TXN_003878,315062131691,378469771979,1185978.24,ATM Withdrawal,2023-01-08T10:13:45Z
TXN_003879,501562887919,180232057210,631541.57,Cash Deposit,2025-05-07T08:10:37Z
TXN_003880,540578654853,348536595188,2027382.83,ATM Withdrawal,2025-12-07T08:50:04Z
TXN_003881,126590170769,697761680048,1495894.87,Crypto Off-ramp,2026-03-09T08:26:52Z
TXN_003882,455892047104,739462390627,1789617.65,Wire Transfer,2023-08-18T00:41:00Z
TXN_003883,211351543888,513324968984,1851222.88,Wire Transfer,2025-03-30T08:47:13Z
TXN_003884,815365440842,994970519121,144685.05,Hawala,2026-05-26T12:14:17Z
TXN_003885,364480952071,375924112559,1966965.36,Cash Deposit,2024-06-07T05:14:13Z
TXN_003886,963887282468,868896035917,1026799.98,Cash Deposit,2023-06-11T10:35:45Z
TXN_003887,278338984641,336042626187,1564386.17,Cash Deposit,2023-10-01T06:36:17Z
TXN_003888,131976488719,704562321344,1048065.2,Cash Deposit,2024-05-04T09:49:50Z
TXN_003889,413094617397,445697998316,316756.24,ATM Withdrawal,2023-09-22T06:53:21Z
TXN_003890,169848466237,431228206518,1931502.26,Wire Transfer,2024-02-20T04:23:48Z
TXN_003891,854193371907,691594197944,1591610.11,Wire Transfer,2025-11-08T19:51:08Z
TXN_003892,297882139006,901852651047,67025.02,Wire Transfer,2025-10-28T13:53:47Z
TXN_003893,841930984619,963887282468,1834376.96,ATM Withdrawal,2023-06-08T01:47:55Z
TXN_003894,629963016478,445697998316,2383797.62,ATM Withdrawal,2025-12-04T18:19:31Z
TXN_003895,692806548927,527168226754,276978.58,Crypto Off-ramp,2025-12-23T19:47:00Z
TXN_003896,733778244899,893846554896,894534.01,ATM Withdrawal,2025-02-01T09:43:33Z
TXN_003897,172963726945,427050537850,480018.22,Cash Deposit,2024-07-08T22:57:16Z
TXN_003898,241312394717,967113311304,933018.61,ATM Withdrawal,2023-09-04T09:41:48Z
TXN_003899,508782562838,361694492375,1047100.82,Hawala,2025-12-08T07:39:50Z
TXN_003900,170753242751,183166824340,2142469.49,Cash Deposit,2025-07-04T07:13:02Z
TXN_003901,151823313151,203015443892,376811.47,Cash Deposit,2023-03-09T11:43:15Z
TXN_003902,916019518291,380223819448,961738.78,Wire Transfer,2023-08-06T10:15:42Z
TXN_003903,927084502595,204631543545,757875.92,ATM Withdrawal,2024-11-08T20:36:08Z
TXN_003904,676928066527,577667237814,2195371.88,Crypto Off-ramp,2026-02-25T05:35:47Z
TXN_003905,297882139006,508757943796,446031.25,Hawala,2025-06-18T12:10:50Z
TXN_003906,544307317250,626025086862,622909.9,Crypto Off-ramp,2024-06-14T08:57:11Z
TXN_003907,334823928130,358505791479,1660356.9,Crypto Off-ramp,2025-08-25T12:23:20Z
TXN_003908,255749522616,692551671655,263715.54,ATM Withdrawal,2023-10-22T06:47:32Z
TXN_003909,140286652786,210680394106,1114245.49,Wire Transfer,2023-05-23T06:51:30Z
TXN_003910,741092105305,101288461054,2022857.01,Hawala,2024-06-04T20:24:29Z
TXN_003911,807783122457,577021855283,2456303.31,Hawala,2026-03-31T21:57:23Z
TXN_003912,116187961799,175066921907,421384.16,ATM Withdrawal,2025-10-07T07:23:14Z
TXN_003913,324666768363,211031647240,1193444.01,ATM Withdrawal,2023-11-09T03:19:40Z
TXN_003914,157414983384,421115534909,1517785.76,Hawala,2025-08-29T16:19:21Z
TXN_003915,702992006185,654802816141,1198141.84,Wire Transfer,2023-12-03T13:38:08Z
TXN_003916,383519667685,255496026904,1302747.4,Crypto Off-ramp,2023-08-10T15:31:23Z
TXN_003917,651215462593,381613218102,185635.96,Hawala,2025-03-25T12:24:11Z
TXN_003918,916026417623,762480563971,1192567.84,Crypto Off-ramp,2025-11-06T05:49:18Z
TXN_003919,811780509695,861909976204,752131.69,Wire Transfer,2024-11-20T16:38:10Z
TXN_003920,332604838756,913329702317,2272710.4,Hawala,2025-08-13T15:19:34Z
TXN_003921,866141809814,593183597777,216448.25,Hawala,2023-12-06T03:12:08Z
TXN_003922,415771400787,416283947099,2058129.98,Hawala,2025-10-01T17:57:14Z
TXN_003923,373993603748,633950487429,127259.33,ATM Withdrawal,2024-09-11T22:20:01Z
TXN_003924,985305458961,169848466237,1801433.23,Wire Transfer,2024-09-09T02:53:46Z
TXN_003925,553649890891,607685288185,772499.4,Cash Deposit,2024-07-29T15:23:44Z
TXN_003926,261742492357,500489474718,1192042.21,Wire Transfer,2023-07-12T17:12:09Z
TXN_003927,503898503537,932138782905,810654.81,Crypto Off-ramp,2026-03-05T04:15:33Z
TXN_003928,957657137173,124769669530,2128997.99,ATM Withdrawal,2024-11-23T13:46:53Z
TXN_003929,290006412542,452167379163,584256.39,Hawala,2025-05-13T13:09:54Z
TXN_003930,515858975663,541684933300,907280.52,Crypto Off-ramp,2026-07-17T06:07:31Z
TXN_003931,862538456066,863350696599,1087448.52,Hawala,2025-08-26T18:09:40Z
TXN_003932,792570318101,334823928130,533990.12,ATM Withdrawal,2025-06-19T12:21:35Z
TXN_003933,281462113811,420438136850,713344.77,Wire Transfer,2025-02-10T13:14:59Z
TXN_003934,368707366587,505108428934,2198086.31,Wire Transfer,2024-10-18T15:54:19Z
TXN_003935,779421493691,659535848106,1222481.87,Cash Deposit,2025-03-27T07:24:54Z
TXN_003936,648156021620,506706826069,301885.89,Cash Deposit,2023-06-10T03:55:18Z
TXN_003937,591287149742,316999294706,48327.01,Wire Transfer,2024-01-31T16:08:04Z
TXN_003938,590756335141,815365440842,912484.37,ATM Withdrawal,2023-12-21T06:37:43Z
TXN_003939,510411023304,977029968814,9702.94,Crypto Off-ramp,2025-11-05T15:24:24Z
TXN_003940,311024379137,233315116783,1976829.11,Crypto Off-ramp,2025-09-01T12:49:38Z
TXN_003941,437890066202,578038183346,619617.16,Cash Deposit,2026-03-24T13:52:07Z
TXN_003942,496888589631,669470170437,53513.16,Crypto Off-ramp,2025-09-16T00:40:44Z
TXN_003943,930481160814,419204969826,223683.47,Hawala,2025-01-15T11:05:21Z
TXN_003944,857122137563,470816096138,1852311.31,Hawala,2025-04-14T20:20:51Z
TXN_003945,297882139006,139636728813,506025.3,Wire Transfer,2025-08-04T04:29:20Z
TXN_003946,168122042206,592921055446,1975276.35,ATM Withdrawal,2023-03-27T02:13:15Z
TXN_003947,310423116808,775379444078,2165372.03,ATM Withdrawal,2025-02-02T12:49:58Z
TXN_003948,778738835456,635614187759,1137574.68,Cash Deposit,2023-06-15T22:40:48Z
TXN_003949,833795013957,977051496663,49446.64,Hawala,2024-10-20T00:30:12Z
TXN_003950,124911242572,707040726837,859553.41,ATM Withdrawal,2024-08-22T13:12:01Z
TXN_003951,870733496857,986429197802,1426649.8,Cash Deposit,2023-07-23T01:21:59Z
TXN_003952,761923001204,140286652786,380487.44,Cash Deposit,2025-04-12T16:13:33Z
TXN_003953,547964316461,225835850989,1257652.28,Wire Transfer,2026-07-27T20:34:53Z
TXN_003954,847754399234,342169934180,362259.22,Hawala,2026-04-23T20:57:35Z
TXN_003955,324984440084,608356359224,1989035.08,Hawala,2023-08-29T20:16:01Z
TXN_003956,179603418555,792812617551,477610.52,ATM Withdrawal,2024-03-21T23:51:19Z
TXN_003957,259610829349,820652046614,587936.0,Hawala,2024-07-02T01:01:12Z
TXN_003958,489668250756,322628866753,1167809.43,Wire Transfer,2024-08-31T05:09:30Z
TXN_003959,314161836654,650347115415,1788411.34,Crypto Off-ramp,2024-12-11T03:55:14Z
TXN_003960,109975200621,118566111883,1495755.8,Cash Deposit,2024-04-17T03:12:21Z
TXN_003961,977029968814,165446332423,920869.14,Wire Transfer,2024-11-21T01:32:55Z
TXN_003962,212201969817,740859208642,522513.63,Hawala,2026-07-27T05:17:46Z
TXN_003963,416326328379,104594937577,654302.42,Hawala,2024-07-14T14:08:28Z
TXN_003964,361140269616,366508502832,1002275.77,ATM Withdrawal,2024-03-06T12:36:21Z
TXN_003965,391948851849,514082636743,1955376.05,Cash Deposit,2024-04-09T06:27:52Z
TXN_003966,577667237814,192606739113,449600.5,Crypto Off-ramp,2025-05-31T07:47:31Z
TXN_003967,154714692436,590756335141,1950291.57,Crypto Off-ramp,2025-01-22T10:52:53Z
TXN_003968,866141809814,282139591375,47383.2,Hawala,2023-06-18T16:24:55Z
TXN_003969,345866676491,851041885399,1988779.29,Crypto Off-ramp,2026-07-08T22:05:51Z
TXN_003970,529356584845,962934003446,350404.58,Crypto Off-ramp,2024-04-16T06:54:29Z
TXN_003971,788906274127,917816083126,403575.07,Hawala,2024-07-13T08:00:38Z
TXN_003972,154728732297,310423116808,735493.26,ATM Withdrawal,2026-06-11T05:38:07Z
TXN_003973,971728405516,711526117093,60592.26,ATM Withdrawal,2023-10-09T21:34:42Z
TXN_003974,332604838756,351226168645,2482976.07,ATM Withdrawal,2023-05-25T03:10:30Z
TXN_003975,436545066867,160565223285,144868.46,Crypto Off-ramp,2024-01-17T03:06:59Z
TXN_003976,228984271283,898764459927,37478.58,Wire Transfer,2025-07-24T00:33:51Z
TXN_003977,228984271283,623045427426,1123274.75,Hawala,2025-05-31T11:47:30Z
TXN_003978,494715241590,117753190354,1892789.47,Hawala,2024-04-19T04:47:09Z
TXN_003979,932138782905,299042937881,1503897.13,Crypto Off-ramp,2025-11-17T13:40:49Z
TXN_003980,874723239289,800775827198,1642780.12,Wire Transfer,2025-04-08T04:15:52Z
TXN_003981,211337349422,378469771979,2028918.88,ATM Withdrawal,2025-01-25T08:27:37Z
TXN_003982,621361954789,118566111883,653248.12,Wire Transfer,2025-11-16T09:08:19Z
TXN_003983,904556841663,851034410882,2365099.61,ATM Withdrawal,2026-02-19T20:54:09Z
TXN_003984,800125921897,957657137173,432736.05,Cash Deposit,2024-09-13T01:13:44Z
TXN_003985,921510577574,978620847134,1535301.47,Crypto Off-ramp,2024-03-27T07:05:14Z
TXN_003986,478128340592,610989253293,814321.09,Crypto Off-ramp,2025-07-10T23:41:59Z
TXN_003987,997814425058,217215803376,28878.95,Hawala,2023-06-12T00:09:40Z
TXN_003988,274211980525,680169798747,516192.64,Hawala,2026-06-01T09:49:27Z
TXN_003989,312893307017,998462046182,425504.92,Hawala,2026-01-21T05:29:53Z
TXN_003990,904693237725,630164411294,2110796.38,Hawala,2025-05-02T23:08:15Z
TXN_003991,366644302955,158683487635,1938459.67,Hawala,2024-09-09T03:15:02Z
TXN_003992,544307317250,672195443540,621044.52,Crypto Off-ramp,2023-06-06T00:03:41Z
TXN_003993,323000653492,891761068049,484072.58,Wire Transfer,2024-03-15T08:32:08Z
TXN_003994,179568939918,807173387409,973294.09,ATM Withdrawal,2024-11-26T07:15:47Z
TXN_003995,551847051700,373993603748,378659.96,Cash Deposit,2024-06-10T22:01:01Z
TXN_003996,774614865670,927123994306,2314535.46,Cash Deposit,2024-03-30T10:00:55Z
TXN_003997,963887282468,315078306992,1501191.88,Cash Deposit,2025-03-10T07:43:42Z
TXN_003998,952604350668,445896736997,843107.09,Hawala,2024-03-18T06:21:54Z
TXN_003999,208792130381,330251163902,2034851.89,Crypto Off-ramp,2025-05-09T07:41:00Z
TXN_004000,352306355987,468636468787,270511.47,Crypto Off-ramp,2024-12-11T23:10:07Z
